LocationID,LocationName,StateAbbr,StateDesc,TotalPopulation
12055,Highlands,FL,Florida,"107,614"
12085,Martin,FL,Florida,"163,315"
13047,Catoosa,GA,Georgia,"68,910"
13185,Lowndes,GA,Georgia,"120,712"
13287,Turner,GA,Georgia,"8,909"
13289,Twiggs,GA,Georgia,"7,691"
16035,Clearwater,ID,Idaho,"9,214"
18021,Clay,IN,Indiana,"26,460"
18081,Johnson,IN,Indiana,"167,819"
20085,Jackson,KS,Kansas,"13,368"
26009,Antrim,MI,Michigan,"24,409"
27089,Marshall,MN,Minnesota,"8,810"
31135,Perkins,NE,Nebraska,"2,795"
32021,Mineral,NV,Nevada,"4,528"
36097,Schuyler,NY,New York,"17,507"
37083,Halifax,NC,North Carolina,"47,298"
38095,Towner,ND,North Dakota,"2,030"
39097,Madison,OH,Ohio,"44,602"
40075,Kiowa,OK,Oklahoma,"8,398"
40101,Muskogee,OK,Oklahoma,"66,677"
40109,Oklahoma,OK,Oklahoma,"808,866"
47163,Sullivan,TN,Tennessee,"162,135"
48195,Hansford,TX,Texas,"5,071"
48327,Menard,TX,Texas,"1,958"
49055,Wayne,UT,Utah,"2,614"
51125,Nelson,VA,Virginia,"14,705"
51790,Staunton,VA,Virginia,"25,915"
54069,Ohio,WV,West Virginia,"41,194"
55055,Jefferson,WI,Wisconsin,"85,743"
55091,Pepin,WI,Wisconsin,"7,441"
55123,Vernon,WI,Wisconsin,"31,170"
5129,Searcy,AR,Arkansas,"7,806"
1053,Escambia,AL,Alabama,"36,558"
4017,Navajo,AZ,Arizona,"109,175"
1015,Calhoun,AL,Alabama,"116,429"
6033,Lake,CA,California,"67,878"
59,,US,United States,"334,914,895"
1133,Winston,AL,Alabama,"23,611"
2220,Sitka,AK,Alaska,"8,282"
2020,Anchorage,AK,Alaska,"286,075"
5149,Yell,AR,Arkansas,"20,044"
5023,Cleburne,AR,Arkansas,"25,445"
6065,Riverside,CA,California,"2,492,442"
1073,Jefferson,AL,Alabama,"662,895"
1039,Covington,AL,Alabama,"37,952"
6019,Fresno,CA,California,"1,017,162"
2013,Aleutians East,AK,Alaska,"3,461"
5025,Cleveland,AR,Arkansas,"7,378"
5003,Ashley,AR,Arkansas,"18,262"
2070,Dillingham,AK,Alaska,"4,607"
1095,Marshall,AL,Alabama,"100,756"
5047,Franklin,AR,Arkansas,"17,468"
6015,Del Norte,CA,California,"26,589"
1035,Conecuh,AL,Alabama,"11,174"
1103,Morgan,AL,Alabama,"125,133"
5009,Boone,AR,Arkansas,"38,530"
1019,Cherokee,AL,Alabama,"25,666"
6031,Kings,CA,California,"152,682"
6011,Colusa,CA,California,"22,037"
6061,Placer,CA,California,"423,561"
6067,Sacramento,CA,California,"1,584,288"
1109,Pike,AL,Alabama,"33,137"
1045,Dale,AL,Alabama,"49,871"
1031,Coffee,AL,Alabama,"55,643"
5147,Woodruff,AR,Arkansas,"5,964"
5039,Dallas,AR,Arkansas,"6,185"
5107,Phillips,AR,Arkansas,"14,961"
5109,Pike,AR,Arkansas,"10,208"
1033,Colbert,AL,Alabama,"58,361"
5041,Desha,AR,Arkansas,"10,479"
2105,Hoonah-Angoon,AK,Alaska,"2,262"
1013,Butler,AL,Alabama,"18,382"
5123,St. Francis,AR,Arkansas,"22,101"
6069,San Benito,CA,California,"68,175"
2110,Juneau,AK,Alaska,"31,555"
6027,Inyo,CA,California,"18,527"
2016,Aleutians West,AK,Alaska,"5,160"
2180,Nome,AK,Alaska,"9,763"
5133,Sevier,AR,Arkansas,"15,632"
6051,Mono,CA,California,"13,066"
2090,Fairbanks North Star,AK,Alaska,"94,840"
5103,Ouachita,AR,Arkansas,"21,793"
6063,Plumas,CA,California,"19,131"
5075,Lawrence,AR,Arkansas,"16,318"
1007,Bibb,AL,Alabama,"21,868"
5005,Baxter,AR,Arkansas,"42,875"
5089,Marion,AR,Arkansas,"17,514"
1119,Sumter,AL,Alabama,"11,727"
2150,Kodiak Island,AK,Alaska,"12,565"
1071,Jackson,AL,Alabama,"53,467"
5121,Randolph,AR,Arkansas,"18,907"
1043,Cullman,AL,Alabama,"92,016"
5031,Craighead,AR,Arkansas,"113,993"
5033,Crawford,AR,Arkansas,"61,891"
5061,Howard,AR,Arkansas,"12,533"
1055,Etowah,AL,Alabama,"103,241"
1113,Russell,AL,Alabama,"58,744"
1075,Lamar,AL,Alabama,"13,661"
1101,Montgomery,AL,Alabama,"224,980"
1081,Lee,AL,Alabama,"183,215"
5015,Carroll,AR,Arkansas,"28,814"
1099,Monroe,AL,Alabama,"19,229"
2063,Chugach,AK,Alaska,"6,769"
6025,Imperial,CA,California,"179,057"
5043,Drew,AR,Arkansas,"16,945"
1057,Fayette,AL,Alabama,"15,967"
1001,Autauga,AL,Alabama,"60,342"
5001,Arkansas,AR,Arkansas,"16,307"
1051,Elmore,AL,Alabama,"90,441"
1121,Talladega,AL,Alabama,"81,132"
1049,DeKalb,AL,Alabama,"72,569"
5093,Mississippi,AR,Arkansas,"38,663"
5029,Conway,AR,Arkansas,"21,077"
4003,Cochise,AZ,Arizona,"124,640"
6071,San Bernardino,CA,California,"2,195,611"
5055,Greene,AR,Arkansas,"46,743"
2240,Southeast Fairbanks,AK,Alaska,"7,077"
2282,Yakutat,AK,Alaska,687
5145,White,AR,Arkansas,"78,452"
1131,Wilcox,AL,Alabama,"9,944"
4019,Pima,AZ,Arizona,"1,063,162"
4007,Gila,AZ,Arizona,"54,003"
1089,Madison,AL,Alabama,"412,600"
5071,Johnson,AR,Arkansas,"26,129"
2230,Skagway,AK,Alaska,"1,095"
1083,Limestone,AL,Alabama,"114,654"
1047,Dallas,AL,Alabama,"36,165"
1009,Blount,AL,Alabama,"59,816"
1037,Coosa,AL,Alabama,"10,268"
6037,Los Angeles,CA,California,"9,663,345"
1025,Clarke,AL,Alabama,"22,337"
5115,Pope,AR,Arkansas,"64,593"
1117,Shelby,AL,Alabama,"233,000"
5099,Nevada,AR,Arkansas,"8,120"
5079,Lincoln,AR,Arkansas,"12,898"
1041,Crenshaw,AL,Alabama,"13,101"
6005,Amador,CA,California,"41,811"
6007,Butte,CA,California,"207,172"
1077,Lauderdale,AL,Alabama,"96,814"
5119,Pulaski,AR,Arkansas,"400,009"
5135,Sharp,AR,Arkansas,"17,968"
1029,Cleburne,AL,Alabama,"15,639"
6057,Nevada,CA,California,"102,037"
2275,Wrangell,AK,Alaska,"2,064"
5077,Lee,AR,Arkansas,"8,201"
5019,Clark,AR,Arkansas,"21,274"
2100,Haines,AK,Alaska,"2,070"
5057,Hempstead,AR,Arkansas,"19,343"
1021,Chilton,AL,Alabama,"46,431"
5011,Bradley,AR,Arkansas,"10,104"
1085,Lowndes,AL,Alabama,"9,717"
6035,Lassen,CA,California,"28,861"
1097,Mobile,AL,Alabama,"411,640"
1023,Choctaw,AL,Alabama,"12,252"
1005,Barbour,AL,Alabama,"24,585"
5037,Cross,AR,Arkansas,"16,420"
4011,Greenlee,AZ,Arizona,"9,369"
1059,Franklin,AL,Alabama,"31,802"
4015,Mohave,AZ,Arizona,"223,682"
5125,Saline,AR,Arkansas,"129,574"
5017,Chicot,AR,Arkansas,"9,538"
6013,Contra Costa,CA,California,"1,155,025"
6047,Merced,CA,California,"291,920"
5063,Independence,AR,Arkansas,"38,320"
1087,Macon,AL,Alabama,"18,370"
2164,Lake and Peninsula,AK,Alaska,"1,331"
5139,Union,AR,Arkansas,"37,397"
2188,Northwest Arctic,AK,Alaska,"7,361"
6039,Madera,CA,California,"162,858"
1067,Henry,AL,Alabama,"17,899"
1063,Greene,AL,Alabama,"7,341"
5131,Sebastian,AR,Arkansas,"129,098"
1061,Geneva,AL,Alabama,"26,988"
6001,Alameda,CA,California,"1,622,188"
5127,Scott,AR,Arkansas,"9,851"
6053,Monterey,CA,California,"430,723"
4023,Santa Cruz,AZ,Arizona,"49,158"
1129,Washington,AL,Alabama,"15,022"
5027,Columbia,AR,Arkansas,"22,150"
6023,Humboldt,CA,California,"133,985"
2066,Copper River,AK,Alaska,"2,674"
5083,Logan,AR,Arkansas,"21,400"
2122,Kenai Peninsula,AK,Alaska,"61,223"
5141,Van Buren,AR,Arkansas,"16,142"
1027,Clay,AL,Alabama,"14,111"
5021,Clay,AR,Arkansas,"14,201"
4013,Maricopa,AZ,Arizona,"4,585,871"
5069,Jefferson,AR,Arkansas,"63,661"
2050,Bethel,AK,Alaska,"18,224"
6043,Mariposa,CA,California,"16,919"
1017,Chambers,AL,Alabama,"34,079"
6009,Calaveras,CA,California,"46,565"
4025,Yavapai,AZ,Arizona,"249,081"
1011,Bullock,AL,Alabama,"9,897"
5049,Fulton,AR,Arkansas,"12,421"
5059,Hot Spring,AR,Arkansas,"33,258"
6021,Glenn,CA,California,"28,129"
2198,Prince of Wales-Hyder,AK,Alaska,"5,696"
4021,Pinal,AZ,Arizona,"484,239"
5007,Benton,AR,Arkansas,"311,013"
5091,Miller,AR,Arkansas,"42,415"
5087,Madison,AR,Arkansas,"17,775"
1127,Walker,AL,Alabama,"64,728"
4005,Coconino,AZ,Arizona,"144,472"
4001,Apache,AZ,Arizona,"65,036"
5065,Izard,AR,Arkansas,"14,169"
5053,Grant,AR,Arkansas,"18,383"
2068,Denali,AK,Alaska,"1,584"
1091,Marengo,AL,Alabama,"18,684"
2130,Ketchikan Gateway,AK,Alaska,"13,738"
2158,Kusilvak,AK,Alaska,"8,001"
5097,Montgomery,AR,Arkansas,"8,620"
5013,Calhoun,AR,Arkansas,"4,641"
2185,North Slope,AK,Alaska,"10,603"
5101,Newton,AR,Arkansas,"7,071"
5035,Crittenden,AR,Arkansas,"47,139"
1107,Pickens,AL,Alabama,"18,688"
5111,Poinsett,AR,Arkansas,"22,397"
1003,Baldwin,AL,Alabama,"253,507"
5051,Garland,AR,Arkansas,"99,784"
1105,Perry,AL,Alabama,"7,738"
1111,Randolph,AL,Alabama,"22,786"
1093,Marion,AL,Alabama,"29,244"
6059,Orange,CA,California,"3,135,755"
6055,Napa,CA,California,"133,216"
2170,Matanuska-Susitna,AK,Alaska,"115,239"
1125,Tuscaloosa,AL,Alabama,"237,373"
5105,Perry,AR,Arkansas,"10,184"
5081,Little River,AR,Arkansas,"11,805"
1065,Hale,AL,Alabama,"14,888"
6003,Alpine,CA,California,"1,141"
1115,St. Clair,AL,Alabama,"95,552"
6017,El Dorado,CA,California,"192,215"
5113,Polk,AR,Arkansas,"19,436"
6041,Marin,CA,California,"254,407"
5085,Lonoke,AR,Arkansas,"75,944"
2060,Bristol Bay,AK,Alaska,844
5143,Washington,AR,Arkansas,"261,549"
5117,Prairie,AR,Arkansas,"8,036"
2195,Petersburg,AK,Alaska,"3,427"
5045,Faulkner,AR,Arkansas,"129,951"
4009,Graham,AZ,Arizona,"39,525"
1069,Houston,AL,Alabama,"108,462"
2290,Yukon-Koyukuk,AK,Alaska,"5,129"
6045,Mendocino,CA,California,"89,108"
6049,Modoc,CA,California,"8,500"
1123,Tallapoosa,AL,Alabama,"40,677"
6029,Kern,CA,California,"913,820"
4027,Yuma,AZ,Arizona,"213,221"
1079,Lawrence,AL,Alabama,"33,502"
5073,Lafayette,AR,Arkansas,"6,095"
4012,La Paz,AZ,Arizona,"16,710"
5095,Monroe,AR,Arkansas,"6,512"
5137,Stone,AR,Arkansas,"12,671"
5067,Jackson,AR,Arkansas,"16,784"
13089,DeKalb,GA,Georgia,"762,992"
13071,Colquitt,GA,Georgia,"46,167"
8011,Bent,CO,Colorado,"5,681"
12049,Hardee,FL,Florida,"25,760"
6087,Santa Cruz,CA,California,"261,547"
13125,Glascock,GA,Georgia,"2,954"
6073,San Diego,CA,California,"3,269,973"
8107,Routt,CO,Colorado,"25,064"
12011,Broward,FL,Florida,"1,962,531"
8115,Sedgwick,CO,Colorado,"2,299"
12087,Monroe,FL,Florida,"80,614"
13157,Jackson,GA,Georgia,"88,615"
8013,Boulder,CO,Colorado,"326,831"
8035,Douglas,CO,Colorado,"383,906"
8109,Saguache,CO,Colorado,"6,688"
6113,Yolo,CA,California,"220,544"
13109,Evans,GA,Georgia,"10,754"
8111,San Juan,CO,Colorado,802
12091,Okaloosa,FL,Florida,"218,464"
12065,Jefferson,FL,Florida,"15,450"
9120,Greater Bridgeport,CT,Connecticut,"327,651"
8061,Kiowa,CO,Colorado,"1,384"
12117,Seminole,FL,Florida,"484,271"
13107,Emanuel,GA,Georgia,"23,119"
6109,Tuolumne,CA,California,"54,204"
8071,Las Animas,CO,Colorado,"14,348"
12073,Leon,FL,Florida,"296,913"
6091,Sierra,CA,California,"3,200"
13123,Gilmer,GA,Georgia,"32,860"
13103,Effingham,GA,Georgia,"71,541"
13165,Jenkins,GA,Georgia,"8,627"
13153,Houston,GA,Georgia,"171,974"
13159,Jasper,GA,Georgia,"16,455"
8079,Mineral,CO,Colorado,944
8003,Alamosa,CO,Colorado,"16,655"
6105,Trinity,CA,California,"15,670"
13087,Decatur,GA,Georgia,"29,087"
12109,St. Johns,FL,Florida,"320,110"
13049,Charlton,GA,Georgia,"12,934"
6107,Tulare,CA,California,"479,468"
9150,Northeastern Connecticut,CT,Connecticut,"96,692"
13065,Clinch,GA,Georgia,"6,746"
13161,Jeff Davis,GA,Georgia,"14,906"
9160,Northwest Hills,CT,Connecticut,"113,463"
13119,Franklin,GA,Georgia,"24,782"
8113,San Miguel,CO,Colorado,"7,868"
11001,District of Columbia,DC,District of Columbia,"678,972"
13075,Cook,GA,Georgia,"17,714"
13141,Hancock,GA,Georgia,"8,676"
9130,Lower Connecticut River Valley,CT,Connecticut,"176,215"
13045,Carroll,GA,Georgia,"127,098"
13015,Bartow,GA,Georgia,"115,041"
6081,San Mateo,CA,California,"726,353"
12069,Lake,FL,Florida,"424,462"
13029,Bryan,GA,Georgia,"49,739"
8091,Ouray,CO,Colorado,"5,176"
9190,Western Connecticut,CT,Connecticut,"623,907"
13155,Irwin,GA,Georgia,"9,120"
8031,Denver,CO,Colorado,"716,577"
13063,Clayton,GA,Georgia,"298,300"
8001,Adams,CO,Colorado,"533,365"
12097,Osceola,FL,Florida,"437,784"
12101,Pasco,FL,Florida,"632,996"
12133,Washington,FL,Florida,"25,602"
8014,Broomfield,CO,Colorado,"76,860"
8083,Montezuma,CO,Colorado,"26,531"
8037,Eagle,CO,Colorado,"54,381"
8069,Larimer,CO,Colorado,"370,771"
8045,Garfield,CO,Colorado,"62,707"
12081,Manatee,FL,Florida,"441,095"
8065,Lake,CO,Colorado,"7,365"
8121,Washington,CO,Colorado,"4,855"
13115,Floyd,GA,Georgia,"100,113"
12113,Santa Rosa,FL,Florida,"203,162"
8015,Chaffee,CO,Colorado,"20,617"
6075,San Francisco,CA,California,"808,988"
12063,Jackson,FL,Florida,"48,622"
8093,Park,CO,Colorado,"18,117"
8007,Archuleta,CO,Colorado,"14,189"
13031,Bulloch,GA,Georgia,"84,327"
12095,Orange,FL,Florida,"1,471,416"
12031,Duval,FL,Florida,"1,030,822"
13163,Jefferson,GA,Georgia,"15,183"
12127,Volusia,FL,Florida,"590,357"
12017,Citrus,FL,Florida,"166,696"
13091,Dodge,GA,Georgia,"19,776"
12019,Clay,FL,Florida,"232,439"
13085,Dawson,GA,Georgia,"31,732"
8105,Rio Grande,CO,Colorado,"11,188"
12051,Hendry,FL,Florida,"43,333"
12035,Flagler,FL,Florida,"131,439"
8055,Huerfano,CO,Colorado,"7,055"
13011,Banks,GA,Georgia,"19,789"
12013,Calhoun,FL,Florida,"13,470"
6115,Yuba,CA,California,"85,722"
8047,Gilpin,CO,Colorado,"5,926"
13121,Fulton,GA,Georgia,"1,079,105"
6083,Santa Barbara,CA,California,"441,257"
6111,Ventura,CA,California,"829,590"
13129,Gordon,GA,Georgia,"59,757"
6099,Stanislaus,CA,California,"551,430"
12107,Putnam,FL,Florida,"75,955"
13057,Cherokee,GA,Georgia,"286,602"
8087,Morgan,CO,Colorado,"29,524"
13037,Calhoun,GA,Georgia,"5,457"
13019,Berrien,GA,Georgia,"18,570"
13097,Douglas,GA,Georgia,"149,160"
13099,Early,GA,Georgia,"10,563"
13001,Appling,GA,Georgia,"18,457"
8041,El Paso,CO,Colorado,"744,215"
13061,Clay,GA,Georgia,"2,853"
13077,Coweta,GA,Georgia,"155,892"
6103,Tehama,CA,California,"64,896"
13149,Heard,GA,Georgia,"12,034"
13017,Ben Hill,GA,Georgia,"17,128"
12086,Miami-Dade,FL,Florida,"2,686,867"
9140,Naugatuck Valley,CT,Connecticut,"456,128"
12129,Wakulla,FL,Florida,"36,449"
6095,Solano,CA,California,"449,218"
8033,Dolores,CO,Colorado,"2,513"
12077,Liberty,FL,Florida,"7,706"
8049,Grand,CO,Colorado,"15,935"
13127,Glynn,GA,Georgia,"86,172"
13069,Coffee,GA,Georgia,"43,317"
6097,Sonoma,CA,California,"481,812"
6077,San Joaquin,CA,California,"800,965"
12105,Polk,FL,Florida,"818,330"
12039,Gadsden,FL,Florida,"43,833"
8019,Clear Creek,CO,Colorado,"9,147"
12047,Hamilton,FL,Florida,"13,471"
13067,Cobb,GA,Georgia,"776,743"
13033,Burke,GA,Georgia,"24,438"
12083,Marion,FL,Florida,"409,959"
13139,Hall,GA,Georgia,"217,267"
13003,Atkinson,GA,Georgia,"8,293"
8053,Hinsdale,CO,Colorado,765
10003,New Castle,DE,Delaware,"578,592"
13081,Crisp,GA,Georgia,"19,631"
12003,Baker,FL,Florida,"28,368"
13131,Grady,GA,Georgia,"26,066"
13105,Elbert,GA,Georgia,"20,013"
8029,Delta,CO,Colorado,"31,746"
8023,Costilla,CO,Colorado,"3,628"
13073,Columbia,GA,Georgia,"165,162"
8021,Conejos,CO,Colorado,"7,521"
8017,Cheyenne,CO,Colorado,"1,727"
13145,Harris,GA,Georgia,"36,654"
12057,Hillsborough,FL,Florida,"1,535,564"
8103,Rio Blanco,CO,Colorado,"6,569"
12093,Okeechobee,FL,Florida,"41,427"
9110,Capitol,CT,Connecticut,"975,328"
13023,Bleckley,GA,Georgia,"12,465"
9170,South Central Connecticut,CT,Connecticut,"568,158"
12099,Palm Beach,FL,Florida,"1,533,801"
8063,Kit Carson,CO,Colorado,"6,994"
13083,Dade,GA,Georgia,"16,165"
13051,Chatham,GA,Georgia,"303,655"
6101,Sutter,CA,California,"97,948"
12043,Glades,FL,Florida,"12,786"
13007,Baker,GA,Georgia,"2,743"
8119,Teller,CO,Colorado,"24,617"
12089,Nassau,FL,Florida,"101,501"
13135,Gwinnett,GA,Georgia,"983,526"
12045,Gulf,FL,Florida,"15,693"
13101,Echols,GA,Georgia,"3,709"
12059,Holmes,FL,Florida,"19,944"
6085,Santa Clara,CA,California,"1,877,592"
12119,Sumter,FL,Florida,"151,565"
12131,Walton,FL,Florida,"86,354"
13113,Fayette,GA,Georgia,"123,351"
12007,Bradford,FL,Florida,"27,858"
12071,Lee,FL,Florida,"834,573"
13027,Brooks,GA,Georgia,"16,245"
8099,Prowers,CO,Colorado,"11,751"
12033,Escambia,FL,Florida,"326,928"
12029,Dixie,FL,Florida,"17,465"
13005,Bacon,GA,Georgia,"11,124"
12015,Charlotte,FL,Florida,"206,134"
12075,Levy,FL,Florida,"46,545"
12125,Union,FL,Florida,"15,532"
8009,Baca,CO,Colorado,"3,344"
8067,La Plata,CO,Colorado,"56,407"
9180,Southeastern Connecticut,CT,Connecticut,"279,634"
10001,Kent,DE,Delaware,"189,789"
13137,Habersham,GA,Georgia,"48,757"
12079,Madison,FL,Florida,"18,519"
13093,Dooly,GA,Georgia,"10,981"
8101,Pueblo,CO,Colorado,"169,422"
12001,Alachua,FL,Florida,"285,994"
13043,Candler,GA,Georgia,"11,059"
12053,Hernando,FL,Florida,"212,807"
12103,Pinellas,FL,Florida,"961,596"
8075,Logan,CO,Colorado,"20,619"
13039,Camden,GA,Georgia,"58,118"
6089,Shasta,CA,California,"180,366"
13053,Chattahoochee,GA,Georgia,"8,661"
12067,Lafayette,FL,Florida,"8,078"
12121,Suwannee,FL,Florida,"46,130"
12123,Taylor,FL,Florida,"21,582"
8081,Moffat,CO,Colorado,"13,327"
8059,Jefferson,CO,Colorado,"576,366"
13151,Henry,GA,Georgia,"254,613"
13147,Hart,GA,Georgia,"27,556"
10005,Sussex,DE,Delaware,"263,509"
8097,Pitkin,CO,Colorado,"16,640"
12111,St. Lucie,FL,Florida,"373,586"
8051,Gunnison,CO,Colorado,"17,321"
13021,Bibb,GA,Georgia,"156,512"
8025,Crowley,CO,Colorado,"5,636"
13111,Fannin,GA,Georgia,"25,955"
13095,Dougherty,GA,Georgia,"82,645"
8043,Fremont,CO,Colorado,"50,318"
8077,Mesa,CO,Colorado,"159,681"
8039,Elbert,CO,Colorado,"28,806"
8005,Arapahoe,CO,Colorado,"656,061"
8089,Otero,CO,Colorado,"18,136"
13133,Greene,GA,Georgia,"20,722"
12041,Gilchrist,FL,Florida,"19,587"
13059,Clarke,GA,Georgia,"129,933"
12115,Sarasota,FL,Florida,"469,013"
6093,Siskiyou,CA,California,"42,905"
12037,Franklin,FL,Florida,"12,594"
8117,Summit,CO,Colorado,"30,465"
8073,Lincoln,CO,Colorado,"5,480"
12023,Columbia,FL,Florida,"73,063"
8085,Montrose,CO,Colorado,"44,156"
8095,Phillips,CO,Colorado,"4,476"
6079,San Luis Obispo,CA,California,"281,639"
12009,Brevard,FL,Florida,"643,979"
13013,Barrow,GA,Georgia,"92,792"
12061,Indian River,FL,Florida,"169,795"
13117,Forsyth,GA,Georgia,"272,887"
8125,Yuma,CO,Colorado,"9,862"
13143,Haralson,GA,Georgia,"32,038"
12005,Bay,FL,Florida,"190,769"
8057,Jackson,CO,Colorado,"1,309"
13035,Butts,GA,Georgia,"26,887"
12021,Collier,FL,Florida,"404,310"
13079,Crawford,GA,Georgia,"12,277"
13025,Brantley,GA,Georgia,"18,401"
12027,DeSoto,FL,Florida,"35,979"
13055,Chattooga,GA,Georgia,"25,222"
8027,Custer,CO,Colorado,"5,534"
8123,Weld,CO,Colorado,"359,442"
13009,Baldwin,GA,Georgia,"43,396"
17103,Lee,IL,Illinois,"33,654"
13223,Paulding,GA,Georgia,"183,164"
16051,Jefferson,ID,Idaho,"34,198"
13183,Long,GA,Georgia,"19,594"
17157,Randolph,IL,Illinois,"29,815"
13167,Johnson,GA,Georgia,"9,282"
13303,Washington,GA,Georgia,"19,820"
16021,Boundary,ID,Idaho,"13,557"
13309,Wheeler,GA,Georgia,"7,081"
17123,Marshall,IL,Illinois,"11,683"
16085,Valley,ID,Idaho,"12,644"
17189,Washington,IL,Illinois,"13,536"
13243,Randolph,GA,Georgia,"6,078"
13209,Montgomery,GA,Georgia,"8,761"
17143,Peoria,IL,Illinois,"177,513"
13305,Wayne,GA,Georgia,"31,373"
16087,Washington,ID,Idaho,"11,425"
16065,Madison,ID,Idaho,"54,547"
13321,Worth,GA,Georgia,"20,273"
13265,Taliaferro,GA,Georgia,"1,609"
17021,Christian,IL,Illinois,"33,228"
17139,Moultrie,IL,Illinois,"14,342"
13205,Mitchell,GA,Georgia,"21,114"
13273,Terrell,GA,Georgia,"8,718"
16071,Oneida,ID,Idaho,"4,953"
13187,Lumpkin,GA,Georgia,"35,258"
17155,Putnam,IL,Illinois,"5,561"
17135,Montgomery,IL,Illinois,"27,663"
17197,Will,IL,Illinois,"700,728"
17185,Wabash,IL,Illinois,"10,942"
17191,Wayne,IL,Illinois,"15,761"
13279,Toombs,GA,Georgia,"27,040"
13215,Muscogee,GA,Georgia,"201,877"
13199,Meriwether,GA,Georgia,"20,931"
17121,Marion,IL,Illinois,"36,673"
17013,Calhoun,IL,Illinois,"4,317"
17081,Jefferson,IL,Illinois,"36,320"
17083,Jersey,IL,Illinois,"21,091"
13201,Miller,GA,Georgia,"5,747"
17015,Carroll,IL,Illinois,"15,526"
15005,Kalawao,HI,Hawaii,81
13181,Lincoln,GA,Georgia,"7,879"
17097,Lake,IL,Illinois,"708,760"
17193,White,IL,Illinois,"13,401"
15007,Kauai,HI,Hawaii,"73,851"
17151,Pope,IL,Illinois,"3,707"
13307,Webster,GA,Georgia,"2,337"
16011,Bingham,ID,Idaho,"50,395"
17107,Logan,IL,Illinois,"27,590"
17175,Stark,IL,Illinois,"5,218"
15001,Hawaii,HI,Hawaii,"207,615"
17077,Jackson,IL,Illinois,"52,141"
17187,Warren,IL,Illinois,"16,185"
17049,Effingham,IL,Illinois,"34,331"
13175,Laurens,GA,Georgia,"49,941"
16067,Minidoka,ID,Idaho,"22,480"
17063,Grundy,IL,Illinois,"53,578"
16003,Adams,ID,Idaho,"4,903"
13241,Rabun,GA,Georgia,"17,442"
17095,Knox,IL,Illinois,"48,411"
13213,Murray,GA,Georgia,"41,035"
17005,Bond,IL,Illinois,"16,450"
17007,Boone,IL,Illinois,"53,202"
17035,Cumberland,IL,Illinois,"10,261"
13225,Peach,GA,Georgia,"28,805"
13283,Treutlen,GA,Georgia,"6,341"
13245,Richmond,GA,Georgia,"205,414"
13271,Telfair,GA,Georgia,"10,920"
13251,Screven,GA,Georgia,"14,174"
16077,Power,ID,Idaho,"8,253"
13269,Taylor,GA,Georgia,"7,758"
13315,Wilcox,GA,Georgia,"8,779"
17149,Pike,IL,Illinois,"14,342"
17017,Cass,IL,Illinois,"12,596"
13227,Pickens,GA,Georgia,"35,969"
13169,Jones,GA,Georgia,"28,969"
16063,Lincoln,ID,Idaho,"5,450"
13221,Oglethorpe,GA,Georgia,"15,754"
13291,Union,GA,Georgia,"27,124"
13219,Oconee,GA,Georgia,"44,182"
17065,Hamilton,IL,Illinois,"7,911"
17003,Alexander,IL,Illinois,"4,695"
17195,Whiteside,IL,Illinois,"54,498"
17029,Coles,IL,Illinois,"46,060"
16025,Camas,ID,Idaho,"1,232"
16029,Caribou,ID,Idaho,"7,219"
17117,Macoupin,IL,Illinois,"44,018"
13301,Warren,GA,Georgia,"5,106"
16053,Jerome,ID,Idaho,"25,479"
16039,Elmore,ID,Idaho,"29,724"
13259,Stewart,GA,Georgia,"4,674"
17045,Edgar,IL,Illinois,"16,334"
16023,Butte,ID,Idaho,"2,758"
13253,Seminole,GA,Georgia,"9,092"
13217,Newton,GA,Georgia,"120,135"
13177,Lee,GA,Georgia,"33,872"
13207,Monroe,GA,Georgia,"30,625"
17161,Rock Island,IL,Illinois,"141,236"
13193,Macon,GA,Georgia,"11,817"
17089,Kane,IL,Illinois,"514,982"
17073,Henry,IL,Illinois,"48,448"
17053,Ford,IL,Illinois,"13,250"
13211,Morgan,GA,Georgia,"21,460"
17129,Menard,IL,Illinois,"11,954"
17131,Mercer,IL,Illinois,"15,487"
13247,Rockdale,GA,Georgia,"95,987"
17093,Kendall,IL,Illinois,"139,976"
17109,McDonough,IL,Illinois,"26,839"
13197,Marion,GA,Georgia,"7,440"
17181,Union,IL,Illinois,"16,667"
16027,Canyon,ID,Idaho,"257,674"
17051,Fayette,IL,Illinois,"21,164"
16081,Teton,ID,Idaho,"12,549"
15003,Honolulu,HI,Hawaii,"989,408"
17031,Cook,IL,Illinois,"5,087,072"
13189,McDuffie,GA,Georgia,"21,799"
16073,Owyhee,ID,Idaho,"12,722"
13255,Spalding,GA,Georgia,"69,946"
17159,Richland,IL,Illinois,"15,488"
13267,Tattnall,GA,Georgia,"24,296"
13191,McIntosh,GA,Georgia,"11,501"
13173,Lanier,GA,Georgia,"10,452"
17011,Bureau,IL,Illinois,"32,729"
16043,Fremont,ID,Idaho,"14,196"
13229,Pierce,GA,Georgia,"20,425"
16049,Idaho,ID,Idaho,"17,890"
17099,LaSalle,IL,Illinois,"108,309"
17067,Hancock,IL,Illinois,"17,186"
16079,Shoshone,ID,Idaho,"14,026"
17137,Morgan,IL,Illinois,"32,140"
17171,Scott,IL,Illinois,"4,710"
17037,DeKalb,IL,Illinois,"100,288"
13257,Stephens,GA,Georgia,"27,228"
16007,Bear Lake,ID,Idaho,"6,766"
17113,McLean,IL,Illinois,"170,441"
16015,Boise,ID,Idaho,"8,517"
17163,St. Clair,IL,Illinois,"251,018"
13237,Putnam,GA,Georgia,"23,129"
13233,Polk,GA,Georgia,"44,223"
17105,Livingston,IL,Illinois,"35,320"
13231,Pike,GA,Georgia,"20,461"
17125,Mason,IL,Illinois,"12,523"
17101,Lawrence,IL,Illinois,"14,813"
17177,Stephenson,IL,Illinois,"43,105"
16057,Latah,ID,Idaho,"41,301"
16083,Twin Falls,ID,Idaho,"95,156"
13299,Ware,GA,Georgia,"36,243"
17147,Piatt,IL,Illinois,"16,714"
13317,Wilkes,GA,Georgia,"9,518"
17057,Fulton,IL,Illinois,"32,541"
15009,Maui,HI,Hawaii,"164,183"
17115,Macon,IL,Illinois,"100,591"
13195,Madison,GA,Georgia,"32,191"
16047,Gooding,ID,Idaho,"16,061"
17043,DuPage,IL,Illinois,"921,213"
13311,White,GA,Georgia,"29,026"
17119,Madison,IL,Illinois,"262,752"
17167,Sangamon,IL,Illinois,"193,491"
17133,Monroe,IL,Illinois,"34,957"
16059,Lemhi,ID,Idaho,"8,441"
13179,Liberty,GA,Georgia,"69,210"
17023,Clark,IL,Illinois,"15,088"
17033,Crawford,IL,Illinois,"18,300"
17145,Perry,IL,Illinois,"20,503"
16019,Bonneville,ID,Idaho,"131,366"
16055,Kootenai,ID,Idaho,"185,010"
16069,Nez Perce,ID,Idaho,"42,987"
17061,Greene,IL,Illinois,"11,543"
13297,Walton,GA,Georgia,"106,702"
16037,Custer,ID,Idaho,"4,523"
16033,Clark,ID,Idaho,801
17039,De Witt,IL,Illinois,"15,365"
17027,Clinton,IL,Illinois,"36,785"
13319,Wilkinson,GA,Georgia,"8,725"
16001,Ada,ID,Idaho,"524,673"
16005,Bannock,ID,Idaho,"90,400"
17169,Schuyler,IL,Illinois,"6,733"
17071,Henderson,IL,Illinois,"6,088"
16075,Payette,ID,Idaho,"27,279"
17001,Adams,IL,Illinois,"64,441"
16013,Blaine,ID,Idaho,"25,041"
17075,Iroquois,IL,Illinois,"26,136"
17009,Brown,IL,Illinois,"6,294"
13277,Tift,GA,Georgia,"41,554"
17085,Jo Daviess,IL,Illinois,"21,756"
13171,Lamar,GA,Georgia,"20,401"
17025,Clay,IL,Illinois,"12,999"
13275,Thomas,GA,Georgia,"45,649"
13281,Towns,GA,Georgia,"13,035"
13263,Talbot,GA,Georgia,"5,718"
17183,Vermilion,IL,Illinois,"71,652"
17179,Tazewell,IL,Illinois,"129,541"
16009,Benewah,ID,Idaho,"10,369"
13295,Walker,GA,Georgia,"69,489"
17079,Jasper,IL,Illinois,"9,144"
17055,Franklin,IL,Illinois,"37,138"
13235,Pulaski,GA,Georgia,"10,095"
17127,Massac,IL,Illinois,"13,661"
13285,Troup,GA,Georgia,"70,742"
17141,Ogle,IL,Illinois,"51,265"
17087,Johnson,IL,Illinois,"13,326"
17165,Saline,IL,Illinois,"22,873"
17059,Gallatin,IL,Illinois,"4,670"
13313,Whitfield,GA,Georgia,"103,687"
17091,Kankakee,IL,Illinois,"105,940"
16017,Bonner,ID,Idaho,"52,547"
17019,Champaign,IL,Illinois,"205,644"
16041,Franklin,ID,Idaho,"15,494"
13239,Quitman,GA,Georgia,"2,280"
16031,Cassia,ID,Idaho,"25,696"
17173,Shelby,IL,Illinois,"20,568"
13293,Upson,GA,Georgia,"28,263"
17153,Pulaski,IL,Illinois,"4,911"
16061,Lewis,ID,Idaho,"3,739"
13249,Schley,GA,Georgia,"4,526"
17047,Edwards,IL,Illinois,"5,968"
16045,Gem,ID,Idaho,"21,071"
13261,Sumter,GA,Georgia,"28,890"
17069,Hardin,IL,Illinois,"3,569"
17111,McHenry,IL,Illinois,"312,800"
17041,Douglas,IL,Illinois,"19,629"
19159,Ringgold,IA,Iowa,"4,642"
20023,Cheyenne,KS,Kansas,"2,636"
18017,Cass,IN,Indiana,"37,666"
19081,Hancock,IA,Iowa,"10,615"
20017,Chase,KS,Kansas,"2,579"
20009,Barton,KS,Kansas,"24,899"
18139,Rush,IN,Indiana,"16,847"
19107,Keokuk,IA,Iowa,"9,914"
19133,Monona,IA,Iowa,"8,493"
19011,Benton,IA,Iowa,"25,796"
19151,Pocahontas,IA,Iowa,"6,976"
19023,Butler,IA,Iowa,"14,172"
18027,Daviess,IN,Indiana,"33,656"
18137,Ripley,IN,Indiana,"29,227"
18019,Clark,IN,Indiana,"125,467"
19059,Dickinson,IA,Iowa,"18,056"
18065,Henry,IN,Indiana,"48,929"
18177,Wayne,IN,Indiana,"66,127"
20031,Coffey,KS,Kansas,"8,251"
19181,Warren,IA,Iowa,"55,205"
18059,Hancock,IN,Indiana,"86,166"
19137,Montgomery,IA,Iowa,"10,139"
20007,Barber,KS,Kansas,"4,071"
19141,O'Brien,IA,Iowa,"14,012"
18099,Marshall,IN,Indiana,"46,352"
18033,DeKalb,IN,Indiana,"44,198"
19025,Calhoun,IA,Iowa,"9,763"
20013,Brown,KS,Kansas,"9,250"
18055,Greene,IN,Indiana,"31,196"
19033,Cerro Gordo,IA,Iowa,"42,406"
19189,Winnebago,IA,Iowa,"10,571"
20021,Cherokee,KS,Kansas,"19,054"
18107,Montgomery,IN,Indiana,"38,573"
19005,Allamakee,IA,Iowa,"14,074"
19135,Monroe,IA,Iowa,"7,504"
18093,Lawrence,IN,Indiana,"45,084"
18129,Posey,IN,Indiana,"25,040"
19097,Jackson,IA,Iowa,"19,342"
18037,Dubois,IN,Indiana,"43,546"
19161,Sac,IA,Iowa,"9,686"
20029,Cloud,KS,Kansas,"8,854"
18047,Franklin,IN,Indiana,"23,096"
18165,Vermillion,IN,Indiana,"15,417"
19041,Clay,IA,Iowa,"16,511"
19179,Wapello,IA,Iowa,"35,166"
20003,Anderson,KS,Kansas,"7,838"
19015,Boone,IA,Iowa,"26,590"
18121,Parke,IN,Indiana,"16,484"
19071,Fremont,IA,Iowa,"6,458"
19047,Crawford,IA,Iowa,"16,013"
20027,Clay,KS,Kansas,"8,007"
20063,Gove,KS,Kansas,"2,735"
18097,Marion,IN,Indiana,"968,460"
18141,St. Joseph,IN,Indiana,"272,848"
19139,Muscatine,IA,Iowa,"42,218"
18175,Washington,IN,Indiana,"28,205"
19019,Buchanan,IA,Iowa,"20,691"
19065,Fayette,IA,Iowa,"19,210"
18063,Hendricks,IN,Indiana,"186,387"
17201,Winnebago,IL,Illinois,"280,922"
19127,Marshall,IA,Iowa,"40,014"
19123,Mahaska,IA,Iowa,"21,874"
18023,Clinton,IN,Indiana,"32,730"
18051,Gibson,IN,Indiana,"32,904"
19007,Appanoose,IA,Iowa,"12,119"
20035,Cowley,KS,Kansas,"34,157"
18105,Monroe,IN,Indiana,"139,342"
19153,Polk,IA,Iowa,"505,255"
19055,Delaware,IA,Iowa,"17,600"
20045,Douglas,KS,Kansas,"120,553"
19191,Winneshiek,IA,Iowa,"19,815"
18013,Brown,IN,Indiana,"15,653"
19057,Des Moines,IA,Iowa,"38,253"
20001,Allen,KS,Kansas,"12,412"
19075,Grundy,IA,Iowa,"12,384"
18053,Grant,IN,Indiana,"66,200"
18069,Huntington,IN,Indiana,"36,781"
18115,Ohio,IN,Indiana,"6,004"
19125,Marion,IA,Iowa,"33,770"
20061,Geary,KS,Kansas,"35,047"
20039,Decatur,KS,Kansas,"2,712"
18031,Decatur,IN,Indiana,"26,399"
18123,Perry,IN,Indiana,"19,209"
19013,Black Hawk,IA,Iowa,"130,471"
20005,Atchison,KS,Kansas,"16,016"
18157,Tippecanoe,IN,Indiana,"188,792"
19145,Page,IA,Iowa,"15,014"
19017,Bremer,IA,Iowa,"25,307"
19195,Worth,IA,Iowa,"7,297"
19157,Poweshiek,IA,Iowa,"18,453"
19089,Howard,IA,Iowa,"9,376"
18045,Fountain,IN,Indiana,"16,731"
18125,Pike,IN,Indiana,"12,106"
19175,Union,IA,Iowa,"11,906"
18101,Martin,IN,Indiana,"9,897"
19095,Iowa,IA,Iowa,"16,381"
19051,Davis,IA,Iowa,"9,169"
18169,Wabash,IN,Indiana,"30,670"
20055,Finney,KS,Kansas,"37,466"
18095,Madison,IN,Indiana,"132,504"
19119,Lyon,IA,Iowa,"12,324"
19183,Washington,IA,Iowa,"22,560"
19113,Linn,IA,Iowa,"228,972"
18089,Lake,IN,Indiana,"500,598"
18161,Union,IN,Indiana,"6,973"
18085,Kosciusko,IN,Indiana,"80,364"
19039,Clarke,IA,Iowa,"9,588"
18143,Scott,IN,Indiana,"24,657"
19073,Greene,IA,Iowa,"8,584"
18079,Jennings,IN,Indiana,"27,622"
19171,Tama,IA,Iowa,"16,833"
20049,Elk,KS,Kansas,"2,467"
19053,Decatur,IA,Iowa,"7,665"
19035,Cherokee,IA,Iowa,"11,605"
19197,Wright,IA,Iowa,"12,656"
18015,Carroll,IN,Indiana,"20,525"
18127,Porter,IN,Indiana,"175,335"
20043,Doniphan,KS,Kansas,"7,493"
19079,Hamilton,IA,Iowa,"14,729"
18087,LaGrange,IN,Indiana,"40,907"
18009,Blackford,IN,Indiana,"11,893"
19001,Adair,IA,Iowa,"7,389"
18171,Warren,IN,Indiana,"8,518"
20033,Comanche,KS,Kansas,"1,655"
20047,Edwards,KS,Kansas,"2,733"
19063,Emmet,IA,Iowa,"9,229"
18039,Elkhart,IN,Indiana,"206,409"
19165,Shelby,IA,Iowa,"11,806"
19029,Cass,IA,Iowa,"13,130"
19121,Madison,IA,Iowa,"16,971"
19103,Johnson,IA,Iowa,"157,528"
18135,Randolph,IN,Indiana,"24,216"
18007,Benton,IN,Indiana,"8,729"
19009,Audubon,IA,Iowa,"5,534"
18041,Fayette,IN,Indiana,"23,362"
19083,Hardin,IA,Iowa,"16,463"
19037,Chickasaw,IA,Iowa,"11,658"
18043,Floyd,IN,Indiana,"80,809"
18005,Bartholomew,IN,Indiana,"84,003"
18149,Starke,IN,Indiana,"23,206"
18145,Shelby,IN,Indiana,"45,231"
17203,Woodford,IL,Illinois,"38,285"
18057,Hamilton,IN,Indiana,"371,645"
19143,Osceola,IA,Iowa,"5,978"
18155,Switzerland,IN,Indiana,"10,019"
19109,Kossuth,IA,Iowa,"14,396"
19027,Carroll,IA,Iowa,"20,522"
20015,Butler,KS,Kansas,"68,632"
18111,Newton,IN,Indiana,"13,960"
19093,Ida,IA,Iowa,"6,833"
19101,Jefferson,IA,Iowa,"15,440"
19169,Story,IA,Iowa,"98,566"
18083,Knox,IN,Indiana,"36,070"
19085,Harrison,IA,Iowa,"14,670"
18119,Owen,IN,Indiana,"21,532"
18159,Tipton,IN,Indiana,"15,256"
18113,Noble,IN,Indiana,"47,430"
18167,Vigo,IN,Indiana,"106,153"
18011,Boone,IN,Indiana,"76,120"
19031,Cedar,IA,Iowa,"18,302"
18179,Wells,IN,Indiana,"28,555"
18133,Putnam,IN,Indiana,"37,567"
19131,Mitchell,IA,Iowa,"10,518"
19155,Pottawattamie,IA,Iowa,"93,179"
18153,Sullivan,IN,Indiana,"20,757"
19177,Van Buren,IA,Iowa,"7,266"
20059,Franklin,KS,Kansas,"26,125"
19067,Floyd,IA,Iowa,"15,326"
19105,Jones,IA,Iowa,"20,900"
20057,Ford,KS,Kansas,"33,980"
18117,Orange,IN,Indiana,"19,638"
19129,Mills,IA,Iowa,"14,633"
18073,Jasper,IN,Indiana,"33,535"
20019,Chautauqua,KS,Kansas,"3,347"
18003,Allen,IN,Indiana,"394,545"
20053,Ellsworth,KS,Kansas,"6,357"
18131,Pulaski,IN,Indiana,"12,385"
19077,Guthrie,IA,Iowa,"10,722"
18147,Spencer,IN,Indiana,"19,910"
19043,Clayton,IA,Iowa,"16,969"
19167,Sioux,IA,Iowa,"36,246"
19091,Humboldt,IA,Iowa,"9,500"
20011,Bourbon,KS,Kansas,"14,408"
19187,Webster,IA,Iowa,"36,485"
18103,Miami,IN,Indiana,"35,402"
19111,Lee,IA,Iowa,"32,565"
18071,Jackson,IN,Indiana,"46,460"
19021,Buena Vista,IA,Iowa,"20,567"
18049,Fulton,IN,Indiana,"20,358"
18183,Whitley,IN,Indiana,"34,742"
18067,Howard,IN,Indiana,"83,831"
18029,Dearborn,IN,Indiana,"51,215"
19185,Wayne,IA,Iowa,"6,557"
18173,Warrick,IN,Indiana,"65,867"
19147,Palo Alto,IA,Iowa,"8,810"
18001,Adams,IN,Indiana,"36,288"
18091,LaPorte,IN,Indiana,"111,706"
18061,Harrison,IN,Indiana,"40,006"
19049,Dallas,IA,Iowa,"111,092"
18075,Jay,IN,Indiana,"20,032"
20041,Dickinson,KS,Kansas,"18,445"
18163,Vanderburgh,IN,Indiana,"179,810"
19115,Louisa,IA,Iowa,"10,513"
19193,Woodbury,IA,Iowa,"105,951"
20037,Crawford,KS,Kansas,"38,764"
18035,Delaware,IN,Indiana,"112,321"
19087,Henry,IA,Iowa,"19,547"
19149,Plymouth,IA,Iowa,"25,722"
19003,Adams,IA,Iowa,"3,544"
19173,Taylor,IA,Iowa,"5,924"
19099,Jasper,IA,Iowa,"37,919"
20051,Ellis,KS,Kansas,"28,810"
18181,White,IN,Indiana,"24,917"
18109,Morgan,IN,Indiana,"73,227"
19045,Clinton,IA,Iowa,"46,158"
19163,Scott,IA,Iowa,"174,270"
17199,Williamson,IL,Illinois,"66,706"
18151,Steuben,IN,Indiana,"34,917"
19117,Lucas,IA,Iowa,"8,747"
18077,Jefferson,IN,Indiana,"33,056"
19069,Franklin,IA,Iowa,"9,875"
18025,Crawford,IN,Indiana,"10,438"
20025,Clark,KS,Kansas,"1,847"
19061,Dubuque,IA,Iowa,"98,887"
24021,Frederick,MD,Maryland,"293,391"
20119,Meade,KS,Kansas,"3,911"
22039,Evangeline,LA,Louisiana,"31,754"
20081,Haskell,KS,Kansas,"3,630"
25025,Suffolk,MA,Massachusetts,"768,425"
20065,Graham,KS,Kansas,"2,376"
20199,Wallace,KS,Kansas,"1,509"
22009,Avoyelles,LA,Louisiana,"38,408"
20205,Wilson,KS,Kansas,"8,382"
24041,Talbot,MD,Maryland,"37,823"
22073,Ouachita,LA,Louisiana,"157,568"
26029,Charlevoix,MI,Michigan,"26,159"
20139,Osage,KS,Kansas,"15,824"
20105,Lincoln,KS,Kansas,"2,920"
25011,Franklin,MA,Massachusetts,"70,836"
20201,Washington,KS,Kansas,"5,504"
22075,Plaquemines,LA,Louisiana,"22,386"
22053,Jefferson Davis,LA,Louisiana,"31,553"
21049,Clark,KY,Kentucky,"37,304"
20161,Riley,KS,Kansas,"71,402"
22097,St. Landry,LA,Louisiana,"81,464"
25007,Dukes,MA,Massachusetts,"20,819"
20101,Lane,KS,Kansas,"1,529"
20169,Saline,KS,Kansas,"53,098"
22059,LaSalle,LA,Louisiana,"14,800"
25023,Plymouth,MA,Massachusetts,"535,308"
25003,Berkshire,MA,Massachusetts,"126,818"
26025,Calhoun,MI,Michigan,"133,366"
26031,Cheboygan,MI,Michigan,"26,048"
20175,Seward,KS,Kansas,"21,067"
20111,Lyon,KS,Kansas,"32,172"
20097,Kiowa,KS,Kansas,"2,374"
24039,Somerset,MD,Maryland,"24,910"
22089,St. Charles,LA,Louisiana,"50,620"
23029,Washington,ME,Maine,"31,555"
23031,York,ME,Maine,"218,586"
20099,Labette,KS,Kansas,"19,728"
22091,St. Helena,LA,Louisiana,"10,774"
21109,Jackson,KY,Kentucky,"13,104"
20079,Harvey,KS,Kansas,"33,504"
24015,Cecil,MD,Maryland,"105,672"
26033,Chippewa,MI,Michigan,"36,264"
21113,Jessamine,KY,Kentucky,"55,017"
25019,Nantucket,MA,Massachusetts,"14,444"
20203,Wichita,KS,Kansas,"2,082"
21227,Warren,KY,Kentucky,"142,229"
24025,Harford,MD,Maryland,"264,644"
26015,Barry,MI,Michigan,"63,808"
21065,Estill,KY,Kentucky,"13,936"
23025,Somerset,ME,Maine,"51,302"
26027,Cass,MI,Michigan,"51,642"
22125,West Feliciana,LA,Louisiana,"15,371"
20073,Greenwood,KS,Kansas,"5,870"
22055,Lafayette,LA,Louisiana,"249,750"
23011,Kennebec,ME,Maine,"127,259"
20185,Stafford,KS,Kansas,"3,909"
21165,Menifee,KY,Kentucky,"6,286"
21103,Henry,KY,Kentucky,"15,973"
20137,Norton,KS,Kansas,"5,330"
24013,Carroll,MD,Maryland,"176,639"
20109,Logan,KS,Kansas,"2,665"
22081,Red River,LA,Louisiana,"7,356"
22083,Richland,LA,Louisiana,"19,712"
22111,Union,LA,Louisiana,"20,650"
20121,Miami,KS,Kansas,"35,320"
20179,Sheridan,KS,Kansas,"2,423"
20141,Osborne,KS,Kansas,"3,427"
20167,Russell,KS,Kansas,"6,723"
20147,Phillips,KS,Kansas,"4,761"
22065,Madison,LA,Louisiana,"9,246"
20165,Rush,KS,Kansas,"2,830"
21003,Allen,KY,Kentucky,"21,788"
25017,Middlesex,MA,Massachusetts,"1,623,952"
22093,St. James,LA,Louisiana,"19,191"
20123,Mitchell,KS,Kansas,"5,719"
20067,Grant,KS,Kansas,"7,147"
22051,Jefferson,LA,Louisiana,"421,777"
20117,Marshall,KS,Kansas,"9,933"
20187,Stanton,KS,Kansas,"1,901"
20115,Marion,KS,Kansas,"11,690"
23013,Knox,ME,Maine,"40,977"
22079,Rapides,LA,Louisiana,"126,260"
22023,Cameron,LA,Louisiana,"4,768"
26035,Clare,MI,Michigan,"31,316"
22105,Tangipahoa,LA,Louisiana,"138,064"
22013,Bienville,LA,Louisiana,"12,366"
21077,Gallatin,KY,Kentucky,"8,792"
22017,Caddo,LA,Louisiana,"226,386"
24035,Queen Anne's,MD,Maryland,"52,508"
20197,Wabaunsee,KS,Kansas,"7,057"
22041,Franklin,LA,Louisiana,"19,285"
22027,Claiborne,LA,Louisiana,"13,670"
20155,Reno,KS,Kansas,"61,497"
22121,West Baton Rouge,LA,Louisiana,"28,266"
22011,Beauregard,LA,Louisiana,"36,827"
20149,Pottawatomie,KS,Kansas,"26,382"
20113,McPherson,KS,Kansas,"30,091"
20075,Hamilton,KS,Kansas,"2,437"
20103,Leavenworth,KS,Kansas,"83,518"
26001,Alcona,MI,Michigan,"10,489"
20091,Johnson,KS,Kansas,"622,237"
24005,Baltimore,MD,Maryland,"844,703"
20183,Smith,KS,Kansas,"3,590"
23021,Piscataquis,ME,Maine,"17,486"
23001,Androscoggin,ME,Maine,"113,765"
20107,Linn,KS,Kansas,"9,860"
24047,Worcester,MD,Maryland,"54,171"
24510,Baltimore,MD,Maryland,"565,239"
21161,Mason,KY,Kentucky,"16,841"
20143,Ottawa,KS,Kansas,"5,818"
24011,Caroline,MD,Maryland,"33,593"
24027,Howard,MD,Maryland,"336,001"
20095,Kingman,KS,Kansas,"7,066"
26021,Berrien,MI,Michigan,"152,261"
22015,Bossier,LA,Louisiana,"129,795"
22127,Winn,LA,Louisiana,"13,216"
22069,Natchitoches,LA,Louisiana,"36,291"
21089,Greenup,KY,Kentucky,"35,221"
22107,Tensas,LA,Louisiana,"3,764"
20087,Jefferson,KS,Kansas,"18,327"
22061,Lincoln,LA,Louisiana,"47,962"
20151,Pratt,KS,Kansas,"9,082"
25027,Worcester,MA,Massachusetts,"866,866"
20163,Rooks,KS,Kansas,"4,778"
20089,Jewell,KS,Kansas,"2,847"
20071,Greeley,KS,Kansas,"1,181"
22087,St. Bernard,LA,Louisiana,"44,463"
22031,De Soto,LA,Louisiana,"27,114"
20125,Montgomery,KS,Kansas,"30,568"
22037,East Feliciana,LA,Louisiana,"19,229"
24017,Charles,MD,Maryland,"171,973"
23015,Lincoln,ME,Maine,"36,507"
22067,Morehouse,LA,Louisiana,"23,955"
25005,Bristol,MA,Massachusetts,"581,841"
26011,Arenac,MI,Michigan,"15,145"
22113,Vermilion,LA,Louisiana,"56,992"
20153,Rawlins,KS,Kansas,"2,463"
21203,Rockcastle,KY,Kentucky,"16,190"
24031,Montgomery,MD,Maryland,"1,058,474"
22003,Allen,LA,Louisiana,"22,112"
26003,Alger,MI,Michigan,"8,757"
21117,Kenton,KY,Kentucky,"171,321"
20133,Neosho,KS,Kansas,"15,420"
20129,Morton,KS,Kansas,"2,580"
21095,Harlan,KY,Kentucky,"25,324"
24023,Garrett,MD,Maryland,"28,423"
20127,Morris,KS,Kansas,"5,334"
24043,Washington,MD,Maryland,"155,813"
24019,Dorchester,MD,Maryland,"32,879"
26017,Bay,MI,Michigan,"102,500"
22045,Iberia,LA,Louisiana,"67,659"
20195,Trego,KS,Kansas,"2,731"
21055,Crittenden,KY,Kentucky,"8,974"
21195,Pike,KY,Kentucky,"55,973"
25015,Hampshire,MA,Massachusetts,"162,502"
21031,Butler,KY,Kentucky,"12,375"
23005,Cumberland,ME,Maine,"310,230"
21143,Lyon,KY,Kentucky,"9,187"
21201,Robertson,KY,Kentucky,"2,313"
24033,Prince George's,MD,Maryland,"947,430"
20093,Kearny,KS,Kansas,"3,823"
22071,Orleans,LA,Louisiana,"364,136"
22035,East Carroll,LA,Louisiana,"6,829"
22119,Webster,LA,Louisiana,"35,238"
20207,Woodson,KS,Kansas,"3,115"
24037,St. Mary's,MD,Maryland,"115,281"
26007,Alpena,MI,Michigan,"28,904"
21085,Grayson,KY,Kentucky,"26,825"
20083,Hodgeman,KS,Kansas,"1,655"
25001,Barnstable,MA,Massachusetts,"231,735"
22047,Iberville,LA,Louisiana,"29,617"
20077,Harper,KS,Kansas,"5,435"
22099,St. Martin,LA,Louisiana,"51,057"
22109,Terrebonne,LA,Louisiana,"103,616"
25013,Hampden,MA,Massachusetts,"460,291"
22007,Assumption,LA,Louisiana,"20,160"
22043,Grant,LA,Louisiana,"21,911"
22057,Lafourche,LA,Louisiana,"95,056"
21137,Lincoln,KY,Kentucky,"24,776"
23009,Hancock,ME,Maine,"56,526"
20193,Thomas,KS,Kansas,"7,865"
22025,Catahoula,LA,Louisiana,"8,414"
22021,Caldwell,LA,Louisiana,"9,389"
22115,Vernon,LA,Louisiana,"46,250"
22103,St. Tammany,LA,Louisiana,"275,583"
21043,Carter,KY,Kentucky,"26,366"
21149,McLean,KY,Kentucky,"9,054"
21189,Owsley,KY,Kentucky,"4,001"
21045,Casey,KY,Kentucky,"15,918"
23019,Penobscot,ME,Maine,"155,312"
22063,Livingston,LA,Louisiana,"150,145"
22077,Pointe Coupee,LA,Louisiana,"20,000"
21067,Fayette,KY,Kentucky,"320,154"
22001,Acadia,LA,Louisiana,"56,489"
23023,Sagadahoc,ME,Maine,"37,513"
22085,Sabine,LA,Louisiana,"21,906"
20173,Sedgwick,KS,Kansas,"528,469"
24001,Allegany,MD,Maryland,"67,273"
20069,Gray,KS,Kansas,"5,743"
22101,St. Mary,LA,Louisiana,"47,055"
21131,Leslie,KY,Kentucky,"9,864"
20171,Scott,KS,Kansas,"4,922"
21171,Monroe,KY,Kentucky,"11,306"
20177,Shawnee,KS,Kansas,"177,746"
20159,Rice,KS,Kansas,"9,260"
26023,Branch,MI,Michigan,"45,215"
26019,Benzie,MI,Michigan,"18,441"
21209,Scott,KY,Kentucky,"60,168"
20191,Sumner,KS,Kansas,"22,334"
21125,Laurel,KY,Kentucky,"63,296"
23027,Waldo,ME,Maine,"40,620"
23003,Aroostook,ME,Maine,"67,351"
20131,Nemaha,KS,Kansas,"10,114"
21075,Fulton,KY,Kentucky,"6,338"
24045,Wicomico,MD,Maryland,"104,800"
21155,Marion,KY,Kentucky,"19,834"
21071,Floyd,KY,Kentucky,"34,423"
20181,Sherman,KS,Kansas,"5,844"
25009,Essex,MA,Massachusetts,"810,089"
24003,Anne Arundel,MD,Maryland,"594,582"
26005,Allegan,MI,Michigan,"121,939"
23007,Franklin,ME,Maine,"30,828"
21119,Knott,KY,Kentucky,"13,659"
20209,Wyandotte,KS,Kansas,"165,281"
21097,Harrison,KY,Kentucky,"19,415"
24009,Calvert,MD,Maryland,"94,728"
22005,Ascension,LA,Louisiana,"131,632"
22095,St. John the Baptist,LA,Louisiana,"39,592"
22029,Concordia,LA,Louisiana,"17,688"
20135,Ness,KS,Kansas,"2,618"
22019,Calcasieu,LA,Louisiana,"203,761"
26013,Baraga,MI,Michigan,"8,310"
21037,Campbell,KY,Kentucky,"93,702"
20189,Stevens,KS,Kansas,"5,077"
21035,Calloway,KY,Kentucky,"38,280"
25021,Norfolk,MA,Massachusetts,"727,473"
22049,Jackson,LA,Louisiana,"14,746"
21091,Hancock,KY,Kentucky,"8,920"
21025,Breathitt,KY,Kentucky,"12,953"
21225,Union,KY,Kentucky,"13,106"
20145,Pawnee,KS,Kansas,"6,126"
22123,West Carroll,LA,Louisiana,"9,323"
21133,Letcher,KY,Kentucky,"20,423"
22033,East Baton Rouge,LA,Louisiana,"448,467"
21111,Jefferson,KY,Kentucky,"772,144"
20157,Republic,KS,Kansas,"4,627"
23017,Oxford,ME,Maine,"59,905"
21219,Todd,KY,Kentucky,"12,494"
21167,Mercer,KY,Kentucky,"23,097"
24029,Kent,MD,Maryland,"19,303"
21057,Cumberland,KY,Kentucky,"6,000"
21177,Muhlenberg,KY,Kentucky,"30,568"
21163,Meade,KY,Kentucky,"30,131"
21135,Lewis,KY,Kentucky,"12,973"
21079,Garrard,KY,Kentucky,"17,829"
21141,Logan,KY,Kentucky,"28,283"
21183,Ohio,KY,Kentucky,"23,626"
21207,Russell,KY,Kentucky,"18,279"
21027,Breckinridge,KY,Kentucky,"21,124"
21081,Grant,KY,Kentucky,"25,619"
21213,Simpson,KY,Kentucky,"20,195"
21019,Boyd,KY,Kentucky,"47,826"
21107,Hopkins,KY,Kentucky,"44,929"
22117,Washington,LA,Louisiana,"44,865"
21157,Marshall,KY,Kentucky,"31,744"
21033,Caldwell,KY,Kentucky,"12,551"
21015,Boone,KY,Kentucky,"140,496"
21013,Bell,KY,Kentucky,"23,317"
21129,Lee,KY,Kentucky,"7,293"
21173,Montgomery,KY,Kentucky,"28,527"
21023,Bracken,KY,Kentucky,"8,426"
21039,Carlisle,KY,Kentucky,"4,704"
21009,Barren,KY,Kentucky,"45,008"
21051,Clay,KY,Kentucky,"19,648"
21229,Washington,KY,Kentucky,"12,267"
21181,Nicholas,KY,Kentucky,"7,686"
21175,Morgan,KY,Kentucky,"14,283"
21029,Bullitt,KY,Kentucky,"84,863"
21233,Webster,KY,Kentucky,"12,726"
21041,Carroll,KY,Kentucky,"10,987"
21083,Graves,KY,Kentucky,"36,461"
21123,Larue,KY,Kentucky,"15,303"
21153,Magoffin,KY,Kentucky,"11,228"
21061,Edmonson,KY,Kentucky,"12,448"
21221,Trigg,KY,Kentucky,"14,369"
21147,McCreary,KY,Kentucky,"17,050"
21151,Madison,KY,Kentucky,"96,735"
21017,Bourbon,KY,Kentucky,"20,134"
21105,Hickman,KY,Kentucky,"4,447"
21187,Owen,KY,Kentucky,"11,313"
21217,Taylor,KY,Kentucky,"26,443"
21001,Adair,KY,Kentucky,"19,264"
21047,Christian,KY,Kentucky,"72,032"
21211,Shelby,KY,Kentucky,"49,515"
21115,Johnson,KY,Kentucky,"22,116"
21069,Fleming,KY,Kentucky,"15,442"
21059,Daviess,KY,Kentucky,"103,458"
21199,Pulaski,KY,Kentucky,"66,191"
21235,Whitley,KY,Kentucky,"36,825"
21197,Powell,KY,Kentucky,"12,972"
21063,Elliott,KY,Kentucky,"7,245"
21193,Perry,KY,Kentucky,"27,133"
21121,Knox,KY,Kentucky,"29,794"
21169,Metcalfe,KY,Kentucky,"10,482"
21101,Henderson,KY,Kentucky,"44,119"
21011,Bath,KY,Kentucky,"12,975"
21205,Rowan,KY,Kentucky,"24,409"
21053,Clinton,KY,Kentucky,"9,148"
21007,Ballard,KY,Kentucky,"7,582"
21239,Woodford,KY,Kentucky,"27,268"
21145,McCracken,KY,Kentucky,"67,428"
21093,Hardin,KY,Kentucky,"112,273"
21179,Nelson,KY,Kentucky,"47,730"
21159,Martin,KY,Kentucky,"10,928"
21215,Spencer,KY,Kentucky,"20,531"
21191,Pendleton,KY,Kentucky,"14,810"
21099,Hart,KY,Kentucky,"19,724"
21231,Wayne,KY,Kentucky,"19,580"
21127,Lawrence,KY,Kentucky,"16,000"
21223,Trimble,KY,Kentucky,"8,607"
21021,Boyle,KY,Kentucky,"30,988"
21185,Oldham,KY,Kentucky,"70,183"
21005,Anderson,KY,Kentucky,"24,613"
21139,Livingston,KY,Kentucky,"8,892"
21087,Green,KY,Kentucky,"11,468"
21073,Franklin,KY,Kentucky,"51,644"
21237,Wolfe,KY,Kentucky,"6,282"
28051,Holmes,MS,Mississippi,"15,777"
26089,Leelanau,MI,Michigan,"23,019"
27085,McLeod,MN,Minnesota,"36,785"
26051,Gladwin,MI,Michigan,"25,853"
28105,Oktibbeha,MS,Mississippi,"51,203"
26037,Clinton,MI,Michigan,"79,720"
27003,Anoka,MN,Minnesota,"372,441"
27053,Hennepin,MN,Minnesota,"1,258,713"
27011,Big Stone,MN,Minnesota,"5,105"
28069,Kemper,MS,Mississippi,"8,584"
27117,Pipestone,MN,Minnesota,"9,245"
28137,Tate,MS,Mississippi,"28,261"
26091,Lenawee,MI,Michigan,"97,520"
26111,Midland,MI,Michigan,"84,039"
27005,Becker,MN,Minnesota,"35,283"
26077,Kalamazoo,MI,Michigan,"262,215"
28089,Madison,MS,Mississippi,"112,511"
27007,Beltrami,MN,Minnesota,"46,718"
27119,Polk,MN,Minnesota,"30,412"
27097,Morrison,MN,Minnesota,"34,250"
27021,Cass,MN,Minnesota,"31,446"
26133,Osceola,MI,Michigan,"23,330"
27143,Sibley,MN,Minnesota,"15,084"
28087,Lowndes,MS,Mississippi,"57,283"
26073,Isabella,MI,Michigan,"64,118"
26141,Presque Isle,MI,Michigan,"13,285"
27105,Nobles,MN,Minnesota,"21,727"
26055,Grand Traverse,MI,Michigan,"96,421"
28101,Newton,MS,Mississippi,"21,019"
28081,Lee,MS,Mississippi,"82,799"
28133,Sunflower,MS,Mississippi,"24,468"
28139,Tippah,MS,Mississippi,"21,287"
26147,St. Clair,MI,Michigan,"159,874"
26083,Keweenaw,MI,Michigan,"2,172"
26069,Iosco,MI,Michigan,"25,373"
28067,Jones,MS,Mississippi,"66,250"
27135,Roseau,MN,Minnesota,"15,252"
28029,Copiah,MS,Mississippi,"27,664"
26071,Iron,MI,Michigan,"11,740"
27055,Houston,MN,Minnesota,"18,582"
27029,Clearwater,MN,Minnesota,"8,644"
28045,Hancock,MS,Mississippi,"46,159"
28141,Tishomingo,MS,Mississippi,"18,507"
28099,Neshoba,MS,Mississippi,"28,789"
27009,Benton,MN,Minnesota,"41,600"
27043,Faribault,MN,Minnesota,"13,873"
28053,Humphreys,MS,Mississippi,"7,216"
28121,Rankin,MS,Mississippi,"160,417"
27023,Chippewa,MN,Minnesota,"12,172"
28025,Clay,MS,Mississippi,"18,206"
27171,Wright,MN,Minnesota,"151,150"
26045,Eaton,MI,Michigan,"108,820"
27101,Murray,MN,Minnesota,"8,049"
28011,Bolivar,MS,Mississippi,"28,968"
26157,Tuscola,MI,Michigan,"52,826"
27035,Crow Wing,MN,Minnesota,"68,304"
26107,Mecosta,MI,Michigan,"41,099"
28041,Greene,MS,Mississippi,"13,601"
26081,Kent,MI,Michigan,"661,354"
27125,Red Lake,MN,Minnesota,"3,911"
27129,Renville,MN,Minnesota,"14,348"
27155,Traverse,MN,Minnesota,"3,136"
26093,Livingston,MI,Michigan,"196,757"
26149,St. Joseph,MI,Michigan,"60,878"
26137,Otsego,MI,Michigan,"25,747"
26119,Montmorency,MI,Michigan,"9,678"
27111,Otter Tail,MN,Minnesota,"60,626"
28055,Issaquena,MS,Mississippi,"1,256"
26135,Oscoda,MI,Michigan,"8,545"
27015,Brown,MN,Minnesota,"25,628"
28095,Monroe,MS,Mississippi,"33,609"
27139,Scott,MN,Minnesota,"155,814"
26087,Lapeer,MI,Michigan,"88,977"
26085,Lake,MI,Michigan,"12,734"
28013,Calhoun,MS,Mississippi,"12,685"
27123,Ramsey,MN,Minnesota,"536,075"
27069,Kittson,MN,Minnesota,"4,060"
27149,Stevens,MN,Minnesota,"9,728"
27059,Isanti,MN,Minnesota,"43,182"
27025,Chisago,MN,Minnesota,"58,535"
28071,Lafayette,MS,Mississippi,"58,467"
27061,Itasca,MN,Minnesota,"45,365"
28065,Jefferson Davis,MS,Mississippi,"10,969"
27071,Koochiching,MN,Minnesota,"11,751"
26127,Oceana,MI,Michigan,"26,981"
27167,Wilkin,MN,Minnesota,"6,306"
26079,Kalkaska,MI,Michigan,"18,490"
26121,Muskegon,MI,Michigan,"176,564"
26139,Ottawa,MI,Michigan,"303,372"
26047,Emmet,MI,Michigan,"34,123"
26075,Jackson,MI,Michigan,"159,424"
28107,Panola,MS,Mississippi,"32,669"
26063,Huron,MI,Michigan,"30,927"
27133,Rock,MN,Minnesota,"9,551"
28037,Franklin,MS,Mississippi,"7,610"
26043,Dickinson,MI,Michigan,"25,982"
26153,Schoolcraft,MI,Michigan,"8,149"
28019,Choctaw,MS,Mississippi,"8,088"
27173,Yellow Medicine,MN,Minnesota,"9,467"
28077,Lawrence,MS,Mississippi,"11,741"
27157,Wabasha,MN,Minnesota,"21,683"
26115,Monroe,MI,Michigan,"155,045"
28039,George,MS,Mississippi,"25,619"
28057,Itawamba,MS,Mississippi,"24,093"
26067,Ionia,MI,Michigan,"66,262"
28127,Simpson,MS,Mississippi,"25,715"
27151,Swift,MN,Minnesota,"9,719"
27115,Pine,MN,Minnesota,"30,197"
27027,Clay,MN,Minnesota,"66,258"
27153,Todd,MN,Minnesota,"25,667"
26057,Gratiot,MI,Michigan,"41,368"
26109,Menominee,MI,Michigan,"22,945"
27107,Norman,MN,Minnesota,"6,329"
26123,Newaygo,MI,Michigan,"51,108"
28049,Hinds,MS,Mississippi,"214,870"
26061,Houghton,MI,Michigan,"37,599"
26041,Delta,MI,Michigan,"36,790"
27131,Rice,MN,Minnesota,"67,948"
27077,Lake of the Woods,MN,Minnesota,"3,778"
26097,Mackinac,MI,Michigan,"10,851"
27081,Lincoln,MN,Minnesota,"5,521"
28047,Harrison,MS,Mississippi,"210,612"
28015,Carroll,MS,Mississippi,"9,535"
27113,Pennington,MN,Minnesota,"13,714"
28083,Leflore,MS,Mississippi,"26,378"
28117,Prentiss,MS,Mississippi,"25,135"
27159,Wadena,MN,Minnesota,"14,241"
26125,Oakland,MI,Michigan,"1,270,426"
27041,Douglas,MN,Minnesota,"39,953"
28059,Jackson,MS,Mississippi,"146,389"
28043,Grenada,MS,Mississippi,"21,065"
27047,Freeborn,MN,Minnesota,"30,515"
26131,Ontonagon,MI,Michigan,"5,906"
28109,Pearl River,MS,Mississippi,"57,978"
27137,St. Louis,MN,Minnesota,"200,514"
28085,Lincoln,MS,Mississippi,"34,702"
26105,Mason,MI,Michigan,"29,159"
26101,Manistee,MI,Michigan,"25,562"
26095,Luce,MI,Michigan,"6,435"
28125,Sharkey,MS,Mississippi,"3,336"
27091,Martin,MN,Minnesota,"19,657"
26099,Macomb,MI,Michigan,"875,101"
26165,Wexford,MI,Michigan,"34,122"
27121,Pope,MN,Minnesota,"11,400"
27039,Dodge,MN,Minnesota,"21,088"
27019,Carver,MN,Minnesota,"111,057"
28005,Amite,MS,Mississippi,"12,442"
26059,Hillsdale,MI,Michigan,"45,587"
27033,Cottonwood,MN,Minnesota,"11,319"
27127,Redwood,MN,Minnesota,"15,288"
28063,Jefferson,MS,Mississippi,"6,941"
28031,Covington,MS,Mississippi,"18,059"
26065,Ingham,MI,Michigan,"284,637"
28097,Montgomery,MS,Mississippi,"9,600"
27079,Le Sueur,MN,Minnesota,"29,255"
27163,Washington,MN,Minnesota,"278,936"
27013,Blue Earth,MN,Minnesota,"70,006"
28115,Pontotoc,MS,Mississippi,"31,535"
26049,Genesee,MI,Michigan,"401,522"
28093,Marshall,MS,Mississippi,"34,123"
27051,Grant,MN,Minnesota,"6,139"
27141,Sherburne,MN,Minnesota,"102,206"
28007,Attala,MS,Mississippi,"17,359"
26163,Wayne,MI,Michigan,"1,751,169"
27067,Kandiyohi,MN,Minnesota,"43,813"
27161,Waseca,MN,Minnesota,"18,981"
27057,Hubbard,MN,Minnesota,"22,132"
28009,Benton,MS,Mississippi,"7,438"
26159,Van Buren,MI,Michigan,"75,798"
28079,Leake,MS,Mississippi,"21,258"
27109,Olmsted,MN,Minnesota,"164,784"
28091,Marion,MS,Mississippi,"24,224"
27073,Lac qui Parle,MN,Minnesota,"6,630"
28073,Lamar,MS,Mississippi,"66,217"
26039,Crawford,MI,Michigan,"13,538"
28023,Clarke,MS,Mississippi,"15,228"
27087,Mahnomen,MN,Minnesota,"5,280"
26143,Roscommon,MI,Michigan,"23,863"
28021,Claiborne,MS,Mississippi,"8,617"
26053,Gogebic,MI,Michigan,"14,224"
28033,DeSoto,MS,Mississippi,"193,247"
27099,Mower,MN,Minnesota,"40,058"
28061,Jasper,MS,Mississippi,"16,013"
27103,Nicollet,MN,Minnesota,"34,242"
27145,Stearns,MN,Minnesota,"160,977"
27031,Cook,MN,Minnesota,"5,639"
27147,Steele,MN,Minnesota,"37,421"
27037,Dakota,MN,Minnesota,"447,440"
28131,Stone,MS,Mississippi,"18,756"
26161,Washtenaw,MI,Michigan,"365,536"
28111,Perry,MS,Mississippi,"11,315"
28027,Coahoma,MS,Mississippi,"20,077"
28003,Alcorn,MS,Mississippi,"34,135"
26117,Montcalm,MI,Michigan,"68,154"
26145,Saginaw,MI,Michigan,"187,782"
28135,Tallahatchie,MS,Mississippi,"11,837"
27095,Mille Lacs,MN,Minnesota,"27,427"
27001,Aitkin,MN,Minnesota,"16,102"
28123,Scott,MS,Mississippi,"27,507"
26155,Shiawassee,MI,Michigan,"68,025"
28113,Pike,MS,Mississippi,"39,394"
27075,Lake,MN,Minnesota,"10,855"
26151,Sanilac,MI,Michigan,"40,368"
28017,Chickasaw,MS,Mississippi,"16,866"
28001,Adams,MS,Mississippi,"28,746"
28075,Lauderdale,MS,Mississippi,"70,527"
27093,Meeker,MN,Minnesota,"23,490"
27063,Jackson,MN,Minnesota,"9,919"
27083,Lyon,MN,Minnesota,"25,427"
27169,Winona,MN,Minnesota,"49,721"
27065,Kanabec,MN,Minnesota,"16,602"
27049,Goodhue,MN,Minnesota,"48,035"
26129,Ogemaw,MI,Michigan,"20,990"
28035,Forrest,MS,Mississippi,"78,208"
28119,Quitman,MS,Mississippi,"5,546"
26113,Missaukee,MI,Michigan,"15,311"
28129,Smith,MS,Mississippi,"14,099"
28103,Noxubee,MS,Mississippi,"9,914"
26103,Marquette,MI,Michigan,"66,999"
27017,Carlton,MN,Minnesota,"36,825"
27165,Watonwan,MN,Minnesota,"11,077"
27045,Fillmore,MN,Minnesota,"21,522"
30097,Sweet Grass,MT,Montana,"3,763"
31047,Dawson,NE,Nebraska,"24,085"
28163,Yazoo,MS,Mississippi,"25,796"
30017,Custer,MT,Montana,"11,985"
31041,Custer,NE,Nebraska,"10,581"
31033,Cheyenne,NE,Nebraska,"9,541"
29123,Madison,MO,Missouri,"12,698"
30045,Judith Basin,MT,Montana,"2,093"
30071,Phillips,MT,Montana,"4,249"
29179,Reynolds,MO,Missouri,"5,950"
30089,Sanders,MT,Montana,"13,684"
29189,St. Louis,MO,Missouri,"987,059"
29011,Barton,MO,Missouri,"11,731"
29119,McDonald,MO,Missouri,"23,903"
29003,Andrew,MO,Missouri,"18,127"
29229,Wright,MO,Missouri,"19,403"
29047,Clay,MO,Missouri,"259,772"
29159,Pettis,MO,Missouri,"43,530"
31055,Douglas,NE,Nebraska,"589,540"
31007,Banner,NE,Nebraska,674
29043,Christian,MO,Missouri,"94,422"
30073,Pondera,MT,Montana,"6,125"
31031,Cherry,NE,Nebraska,"5,492"
30079,Prairie,MT,Montana,"1,112"
29083,Henry,MO,Missouri,"22,485"
29017,Bollinger,MO,Missouri,"10,544"
29195,Saline,MO,Missouri,"23,049"
31037,Colfax,NE,Nebraska,"10,566"
29039,Cedar,MO,Missouri,"14,672"
29203,Shannon,MO,Missouri,"7,238"
31015,Boyd,NE,Nebraska,"1,725"
31043,Dakota,NE,Nebraska,"21,268"
29091,Howell,MO,Missouri,"40,735"
29171,Putnam,MO,Missouri,"4,638"
29077,Greene,MO,Missouri,"304,611"
29113,Lincoln,MO,Missouri,"64,699"
30035,Glacier,MT,Montana,"13,609"
29021,Buchanan,MO,Missouri,"82,956"
30099,Teton,MT,Montana,"6,430"
31051,Dixon,NE,Nebraska,"5,491"
29029,Camden,MO,Missouri,"44,044"
29149,Oregon,MO,Missouri,"8,720"
29209,Stone,MO,Missouri,"32,658"
29075,Gentry,MO,Missouri,"6,287"
31005,Arthur,NE,Nebraska,412
31027,Cedar,NE,Nebraska,"8,262"
29183,St. Charles,MO,Missouri,"416,659"
29105,Laclede,MO,Missouri,"36,680"
30007,Broadwater,MT,Montana,"8,032"
30087,Rosebud,MT,Montana,"8,160"
29215,Texas,MO,Missouri,"25,619"
29079,Grundy,MO,Missouri,"9,815"
29125,Maries,MO,Missouri,"8,430"
30075,Powder River,MT,Montana,"1,743"
30077,Powell,MT,Montana,"7,133"
29186,Ste. Genevieve,MO,Missouri,"18,642"
30001,Beaverhead,MT,Montana,"9,885"
29045,Clark,MO,Missouri,"6,641"
28145,Union,MS,Mississippi,"28,284"
30065,Musselshell,MT,Montana,"5,308"
30059,Meagher,MT,Montana,"2,071"
29007,Audrain,MO,Missouri,"24,394"
29035,Carter,MO,Missouri,"5,303"
29175,Randolph,MO,Missouri,"24,109"
31059,Fillmore,NE,Nebraska,"5,548"
29089,Howard,MO,Missouri,"10,101"
30091,Sheridan,MT,Montana,"3,498"
29225,Webster,MO,Missouri,"41,472"
31069,Garden,NE,Nebraska,"1,794"
31017,Brown,NE,Nebraska,"2,853"
28161,Yalobusha,MS,Mississippi,"12,386"
29227,Worth,MO,Missouri,"1,907"
31025,Cass,NE,Nebraska,"27,446"
30013,Cascade,MT,Montana,"84,900"
29053,Cooper,MO,Missouri,"16,947"
29097,Jasper,MO,Missouri,"125,056"
30061,Mineral,MT,Montana,"5,090"
31085,Hayes,NE,Nebraska,846
31063,Frontier,NE,Nebraska,"2,585"
29013,Bates,MO,Missouri,"16,242"
29173,Ralls,MO,Missouri,"10,489"
29181,Ripley,MO,Missouri,"10,806"
31029,Chase,NE,Nebraska,"3,724"
29141,Morgan,MO,Missouri,"21,970"
30083,Richland,MT,Montana,"11,173"
29185,St. Clair,MO,Missouri,"9,752"
31021,Burt,NE,Nebraska,"6,727"
30093,Silver Bow,MT,Montana,"36,360"
30027,Fergus,MT,Montana,"11,772"
31053,Dodge,NE,Nebraska,"37,187"
29109,Lawrence,MO,Missouri,"38,872"
31001,Adams,NE,Nebraska,"30,899"
30031,Gallatin,MT,Montana,"126,409"
29221,Washington,MO,Missouri,"23,534"
29151,Osage,MO,Missouri,"13,468"
31077,Greeley,NE,Nebraska,"2,219"
30009,Carbon,MT,Montana,"11,419"
30057,Madison,MT,Montana,"9,521"
31009,Blaine,NE,Nebraska,436
30051,Liberty,MT,Montana,"1,974"
29073,Gasconade,MO,Missouri,"14,705"
29145,Newton,MO,Missouri,"60,677"
31049,Deuel,NE,Nebraska,"1,871"
29069,Dunklin,MO,Missouri,"27,032"
29217,Vernon,MO,Missouri,"19,710"
30111,Yellowstone,MT,Montana,"170,843"
29127,Marion,MO,Missouri,"28,336"
30011,Carter,MT,Montana,"1,418"
29063,DeKalb,MO,Missouri,"9,899"
30107,Wheatland,MT,Montana,"2,057"
31073,Gosper,NE,Nebraska,"1,847"
29223,Wayne,MO,Missouri,"10,811"
29037,Cass,MO,Missouri,"111,732"
29049,Clinton,MO,Missouri,"21,548"
31023,Butler,NE,Nebraska,"8,459"
29111,Lewis,MO,Missouri,"9,818"
31067,Gage,NE,Nebraska,"21,634"
29085,Hickory,MO,Missouri,"8,718"
30015,Chouteau,MT,Montana,"5,847"
28157,Wilkinson,MS,Mississippi,"8,058"
29169,Pulaski,MO,Missouri,"53,812"
29155,Pemiscot,MO,Missouri,"14,613"
31071,Garfield,NE,Nebraska,"1,763"
29023,Butler,MO,Missouri,"41,948"
31045,Dawes,NE,Nebraska,"8,133"
30103,Treasure,MT,Montana,772
29099,Jefferson,MO,Missouri,"231,230"
29199,Scotland,MO,Missouri,"4,676"
30041,Hill,MT,Montana,"16,276"
28155,Webster,MS,Mississippi,"9,988"
29177,Ray,MO,Missouri,"23,182"
30021,Dawson,MT,Montana,"8,810"
29207,Stoddard,MO,Missouri,"28,397"
29001,Adair,MO,Missouri,"25,122"
29027,Callaway,MO,Missouri,"44,731"
28153,Wayne,MS,Mississippi,"19,703"
30055,McCone,MT,Montana,"1,676"
29131,Miller,MO,Missouri,"25,590"
29129,Mercer,MO,Missouri,"3,469"
28147,Walthall,MS,Mississippi,"13,863"
29041,Chariton,MO,Missouri,"7,399"
29139,Montgomery,MO,Missouri,"11,459"
31065,Furnas,NE,Nebraska,"4,556"
30047,Lake,MT,Montana,"33,338"
29121,Macon,MO,Missouri,"15,161"
29153,Ozark,MO,Missouri,"8,970"
31039,Cuming,NE,Nebraska,"8,918"
29095,Jackson,MO,Missouri,"718,560"
30037,Golden Valley,MT,Montana,835
29067,Douglas,MO,Missouri,"12,228"
31079,Hall,NE,Nebraska,"62,197"
30033,Garfield,MT,Montana,"1,211"
29103,Knox,MO,Missouri,"3,723"
30063,Missoula,MT,Montana,"121,849"
28159,Winston,MS,Mississippi,"17,416"
29201,Scott,MO,Missouri,"37,889"
29163,Pike,MO,Missouri,"17,935"
29117,Livingston,MO,Missouri,"14,557"
30067,Park,MT,Montana,"17,903"
29137,Monroe,MO,Missouri,"8,698"
28143,Tunica,MS,Mississippi,"9,234"
31057,Dundy,NE,Nebraska,"1,561"
31003,Antelope,NE,Nebraska,"6,302"
31083,Harlan,NE,Nebraska,"3,045"
31013,Box Butte,NE,Nebraska,"10,692"
30005,Blaine,MT,Montana,"6,899"
31019,Buffalo,NE,Nebraska,"50,697"
30043,Jefferson,MT,Montana,"13,048"
29005,Atchison,MO,Missouri,"5,107"
29057,Dade,MO,Missouri,"7,716"
31081,Hamilton,NE,Nebraska,"9,537"
29205,Shelby,MO,Missouri,"5,931"
29019,Boone,MO,Missouri,"189,463"
29081,Harrison,MO,Missouri,"8,220"
28151,Washington,MS,Mississippi,"41,946"
29147,Nodaway,MO,Missouri,"20,695"
29033,Carroll,MO,Missouri,"8,391"
30023,Deer Lodge,MT,Montana,"9,673"
30019,Daniels,MT,Montana,"1,633"
29065,Dent,MO,Missouri,"14,647"
29213,Taney,MO,Missouri,"56,775"
30105,Valley,MT,Montana,"7,474"
30039,Granite,MT,Montana,"3,595"
31035,Clay,NE,Nebraska,"6,116"
29051,Cole,MO,Missouri,"77,278"
29087,Holt,MO,Missouri,"4,248"
30049,Lewis and Clark,MT,Montana,"75,011"
29055,Crawford,MO,Missouri,"22,719"
29187,St. Francois,MO,Missouri,"67,058"
29025,Caldwell,MO,Missouri,"8,955"
29167,Polk,MO,Missouri,"32,780"
30003,Big Horn,MT,Montana,"12,751"
30029,Flathead,MT,Montana,"113,679"
30109,Wibaux,MT,Montana,910
29107,Lafayette,MO,Missouri,"33,196"
29161,Phelps,MO,Missouri,"45,284"
29157,Perry,MO,Missouri,"18,950"
30085,Roosevelt,MT,Montana,"10,319"
29009,Barry,MO,Missouri,"35,265"
28149,Warren,MS,Mississippi,"42,298"
29015,Benton,MO,Missouri,"20,552"
31011,Boone,NE,Nebraska,"5,310"
29071,Franklin,MO,Missouri,"106,404"
29219,Warren,MO,Missouri,"37,806"
29059,Dallas,MO,Missouri,"17,768"
31061,Franklin,NE,Nebraska,"2,825"
30025,Fallon,MT,Montana,"2,994"
29197,Schuyler,MO,Missouri,"4,053"
29101,Johnson,MO,Missouri,"54,962"
30095,Stillwater,MT,Montana,"9,173"
29135,Moniteau,MO,Missouri,"15,256"
29031,Cape Girardeau,MO,Missouri,"82,984"
30069,Petroleum,MT,Montana,554
29165,Platte,MO,Missouri,"111,940"
29093,Iron,MO,Missouri,"9,440"
29143,New Madrid,MO,Missouri,"15,424"
29211,Sullivan,MO,Missouri,"5,797"
29133,Mississippi,MO,Missouri,"11,822"
29061,Daviess,MO,Missouri,"8,551"
30101,Toole,MT,Montana,"5,133"
30053,Lincoln,MT,Montana,"21,895"
31075,Grant,NE,Nebraska,565
29115,Linn,MO,Missouri,"11,791"
29510,St. Louis,MO,Missouri,"281,754"
30081,Ravalli,MT,Montana,"47,738"
36093,Schenectady,NY,New York,"159,902"
31139,Pierce,NE,Nebraska,"7,299"
35015,Eddy,NM,New Mexico,"60,275"
31101,Keith,NE,Nebraska,"8,113"
37023,Burke,NC,North Carolina,"88,338"
31087,Hitchcock,NE,Nebraska,"2,552"
32510,Carson City,NV,Nevada,"58,036"
34029,Ocean,NJ,New Jersey,"659,197"
33007,Coos,NH,New Hampshire,"31,372"
36111,Ulster,NY,New York,"182,333"
35047,San Miguel,NM,New Mexico,"26,668"
37055,Dare,NC,North Carolina,"38,110"
31161,Sheridan,NE,Nebraska,"4,928"
33001,Belknap,NH,New Hampshire,"65,027"
31127,Nemaha,NE,Nebraska,"7,076"
37007,Anson,NC,North Carolina,"21,897"
33003,Carroll,NH,New Hampshire,"52,448"
35049,Santa Fe,NM,New Mexico,"155,956"
35028,Los Alamos,NM,New Mexico,"19,444"
33017,Strafford,NH,New Hampshire,"133,243"
31181,Webster,NE,Nebraska,"3,351"
36009,Cattaraugus,NY,New York,"75,600"
37003,Alexander,NC,North Carolina,"36,473"
31123,Morrill,NE,Nebraska,"4,504"
32003,Clark,NV,Nevada,"2,336,573"
35033,Mora,NM,New Mexico,"4,123"
31105,Kimball,NE,Nebraska,"3,289"
37019,Brunswick,NC,North Carolina,"159,964"
36123,Yates,NY,New York,"24,472"
37051,Cumberland,NC,North Carolina,"337,890"
37057,Davidson,NC,North Carolina,"174,804"
32009,Esmeralda,NV,Nevada,736
31131,Otoe,NE,Nebraska,"16,335"
31119,Madison,NE,Nebraska,"35,627"
36109,Tompkins,NY,New York,"103,558"
36001,Albany,NY,New York,"316,659"
36069,Ontario,NY,New York,"112,494"
37053,Currituck,NC,North Carolina,"31,593"
36071,Orange,NY,New York,"407,470"
31121,Merrick,NE,Nebraska,"7,755"
34031,Passaic,NJ,New Jersey,"513,395"
36003,Allegany,NY,New York,"46,651"
34005,Burlington,NJ,New Jersey,"469,167"
36085,Richmond,NY,New York,"490,687"
37017,Bladen,NC,North Carolina,"29,484"
34019,Hunterdon,NJ,New Jersey,"130,183"
36095,Schoharie,NY,New York,"30,105"
37039,Cherokee,NC,North Carolina,"29,959"
33019,Sullivan,NH,New Hampshire,"43,969"
36067,Onondaga,NY,New York,"467,873"
36039,Greene,NY,New York,"47,062"
31093,Howard,NE,Nebraska,"6,527"
35031,McKinley,NM,New Mexico,"68,797"
36051,Livingston,NY,New York,"61,158"
32019,Lyon,NV,Nevada,"62,583"
34011,Cumberland,NJ,New Jersey,"152,326"
34003,Bergen,NJ,New Jersey,"957,736"
31157,Scotts Bluff,NE,Nebraska,"35,699"
36083,Rensselaer,NY,New York,"159,305"
35055,Taos,NM,New Mexico,"34,405"
35059,Union,NM,New Mexico,"3,964"
36023,Cortland,NY,New York,"45,752"
31143,Polk,NE,Nebraska,"5,228"
32013,Humboldt,NV,Nevada,"17,136"
32001,Churchill,NV,Nevada,"25,803"
31169,Thayer,NE,Nebraska,"4,829"
35041,Roosevelt,NM,New Mexico,"18,787"
31185,York,NE,Nebraska,"14,356"
33011,Hillsborough,NH,New Hampshire,"427,354"
37013,Beaufort,NC,North Carolina,"44,481"
36007,Broome,NY,New York,"196,077"
35027,Lincoln,NM,New Mexico,"20,029"
31137,Phelps,NE,Nebraska,"9,057"
33005,Cheshire,NH,New Hampshire,"77,703"
36055,Monroe,NY,New York,"748,482"
35053,Socorro,NM,New Mexico,"15,963"
35003,Catron,NM,New Mexico,"3,825"
36017,Chenango,NY,New York,"45,920"
34033,Salem,NJ,New Jersey,"65,338"
31125,Nance,NE,Nebraska,"3,274"
34001,Atlantic,NJ,New Jersey,"275,213"
34037,Sussex,NJ,New Jersey,"146,132"
36107,Tioga,NY,New York,"47,715"
32033,White Pine,NV,Nevada,"8,522"
35017,Grant,NM,New Mexico,"27,472"
35005,Chaves,NM,New Mexico,"63,561"
31177,Washington,NE,Nebraska,"21,152"
36035,Fulton,NY,New York,"52,234"
31129,Nuckolls,NE,Nebraska,"4,095"
31141,Platte,NE,Nebraska,"34,609"
31097,Johnson,NE,Nebraska,"5,198"
37025,Cabarrus,NC,North Carolina,"240,016"
31113,Logan,NE,Nebraska,655
36077,Otsego,NY,New York,"60,126"
32017,Lincoln,NV,Nevada,"4,452"
36061,New York,NY,New York,"1,597,451"
36041,Hamilton,NY,New York,"5,082"
36119,Westchester,NY,New York,"990,817"
36025,Delaware,NY,New York,"44,410"
31163,Sherman,NE,Nebraska,"2,983"
36081,Queens,NY,New York,"2,252,196"
36099,Seneca,NY,New York,"32,349"
31115,Loup,NE,Nebraska,592
37045,Cleveland,NC,North Carolina,"101,378"
35045,San Juan,NM,New Mexico,"120,675"
36019,Clinton,NY,New York,"78,115"
31107,Knox,NE,Nebraska,"8,298"
35035,Otero,NM,New Mexico,"68,835"
31171,Thomas,NE,Nebraska,677
36091,Saratoga,NY,New York,"238,711"
31111,Lincoln,NE,Nebraska,"33,365"
31091,Hooker,NE,Nebraska,679
35061,Valencia,NM,New Mexico,"79,141"
35007,Colfax,NM,New Mexico,"12,255"
31147,Richardson,NE,Nebraska,"7,689"
35013,DoÃ±a Ana,NM,New Mexico,"225,210"
36089,St. Lawrence,NY,New York,"106,940"
31133,Pawnee,NE,Nebraska,"2,512"
35043,Sandoval,NM,New Mexico,"155,936"
37001,Alamance,NC,North Carolina,"179,165"
37035,Catawba,NC,North Carolina,"164,645"
36027,Dutchess,NY,New York,"297,150"
31175,Valley,NE,Nebraska,"4,012"
34017,Hudson,NJ,New Jersey,"705,472"
36101,Steuben,NY,New York,"92,162"
34023,Middlesex,NJ,New Jersey,"863,623"
31117,McPherson,NE,Nebraska,383
37027,Caldwell,NC,North Carolina,"80,574"
36005,Bronx,NY,New York,"1,356,476"
31155,Saunders,NE,Nebraska,"23,463"
31149,Rock,NE,Nebraska,"1,271"
31145,Red Willow,NE,Nebraska,"10,457"
36113,Warren,NY,New York,"65,380"
31183,Wheeler,NE,Nebraska,775
37043,Clay,NC,North Carolina,"11,864"
35021,Harding,NM,New Mexico,624
36053,Madison,NY,New York,"66,921"
32031,Washoe,NV,Nevada,"498,022"
35051,Sierra,NM,New Mexico,"11,488"
34015,Gloucester,NJ,New Jersey,"308,423"
33015,Rockingham,NH,New Hampshire,"320,689"
36047,Kings,NY,New York,"2,561,225"
31109,Lancaster,NE,Nebraska,"326,716"
34009,Cape May,NJ,New Jersey,"94,610"
35057,Torrance,NM,New Mexico,"15,633"
36105,Sullivan,NY,New York,"79,920"
37015,Bertie,NC,North Carolina,"16,922"
35011,De Baca,NM,New Mexico,"1,657"
36031,Essex,NY,New York,"36,775"
33009,Grafton,NH,New Hampshire,"93,146"
37033,Caswell,NC,North Carolina,"22,807"
35023,Hidalgo,NM,New Mexico,"3,965"
31099,Kearney,NE,Nebraska,"6,770"
36011,Cayuga,NY,New York,"74,485"
36021,Columbia,NY,New York,"60,470"
37009,Ashe,NC,North Carolina,"27,063"
34027,Morris,NJ,New Jersey,"514,423"
35019,Guadalupe,NM,New Mexico,"4,292"
34007,Camden,NJ,New Jersey,"527,196"
36049,Lewis,NY,New York,"26,548"
32029,Storey,NV,Nevada,"4,177"
35001,Bernalillo,NM,New Mexico,"671,586"
36029,Erie,NY,New York,"946,147"
35029,Luna,NM,New Mexico,"25,316"
32023,Nye,NV,Nevada,"55,720"
34035,Somerset,NJ,New Jersey,"348,842"
36121,Wyoming,NY,New York,"39,532"
31165,Sioux,NE,Nebraska,"1,154"
35039,Rio Arriba,NM,New Mexico,"39,876"
36115,Washington,NY,New York,"60,047"
34021,Mercer,NJ,New Jersey,"381,671"
31167,Stanton,NE,Nebraska,"5,856"
36063,Niagara,NY,New York,"209,457"
32007,Elko,NV,Nevada,"54,293"
36073,Orleans,NY,New York,"39,124"
36103,Suffolk,NY,New York,"1,523,170"
36013,Chautauqua,NY,New York,"124,891"
36015,Chemung,NY,New York,"81,325"
34013,Essex,NJ,New Jersey,"851,117"
32011,Eureka,NV,Nevada,"1,917"
37005,Alleghany,NC,North Carolina,"11,342"
37049,Craven,NC,North Carolina,"102,391"
32027,Pershing,NV,Nevada,"6,364"
37031,Carteret,NC,North Carolina,"69,615"
37029,Camden,NC,North Carolina,"11,137"
31173,Thurston,NE,Nebraska,"6,557"
36045,Jefferson,NY,New York,"114,787"
36087,Rockland,NY,New York,"340,807"
31151,Saline,NE,Nebraska,"14,555"
31159,Seward,NE,Nebraska,"17,671"
37041,Chowan,NC,North Carolina,"13,891"
36065,Oneida,NY,New York,"227,555"
36075,Oswego,NY,New York,"118,162"
31103,Keya Paha,NE,Nebraska,805
35009,Curry,NM,New Mexico,"47,222"
36079,Putnam,NY,New York,"98,060"
31095,Jefferson,NE,Nebraska,"7,054"
35006,Cibola,NM,New Mexico,"26,780"
37059,Davie,NC,North Carolina,"44,599"
36059,Nassau,NY,New York,"1,381,715"
36043,Herkimer,NY,New York,"59,484"
36117,Wayne,NY,New York,"90,829"
37021,Buncombe,NC,North Carolina,"275,901"
36057,Montgomery,NY,New York,"49,368"
32005,Douglas,NV,Nevada,"49,545"
35025,Lea,NM,New Mexico,"72,101"
34039,Union,NJ,New Jersey,"572,726"
32015,Lander,NV,Nevada,"5,769"
36033,Franklin,NY,New York,"46,502"
36037,Genesee,NY,New York,"57,529"
37047,Columbus,NC,North Carolina,"50,121"
34041,Warren,NJ,New Jersey,"111,252"
33013,Merrimack,NH,New Hampshire,"157,103"
34025,Monmouth,NJ,New Jersey,"642,799"
31179,Wayne,NE,Nebraska,"9,874"
37037,Chatham,NC,North Carolina,"81,624"
35037,Quay,NM,New Mexico,"8,510"
37011,Avery,NC,North Carolina,"17,561"
31089,Holt,NE,Nebraska,"10,093"
31153,Sarpy,NE,Nebraska,"199,886"
39109,Miami,OH,Ohio,"110,876"
37113,Macon,NC,North Carolina,"38,412"
38075,Renville,ND,North Dakota,"2,279"
37075,Graham,NC,North Carolina,"8,052"
39163,Vinton,OH,Ohio,"12,474"
37061,Duplin,NC,North Carolina,"49,520"
37193,Wilkes,NC,North Carolina,"66,013"
38043,Kidder,ND,North Dakota,"2,342"
38001,Adams,ND,North Dakota,"2,163"
39127,Perry,OH,Ohio,"35,551"
39001,Adams,OH,Ohio,"27,521"
40019,Carter,OK,Oklahoma,"48,596"
37135,Orange,NC,North Carolina,"150,626"
37195,Wilson,NC,North Carolina,"78,970"
37101,Johnston,NC,North Carolina,"241,955"
39147,Seneca,OH,Ohio,"54,527"
37197,Yadkin,NC,North Carolina,"37,774"
39003,Allen,OH,Ohio,"100,838"
38087,Slope,ND,North Dakota,674
38011,Bowman,ND,North Dakota,"2,867"
37155,Robeson,NC,North Carolina,"117,365"
39025,Clermont,OH,Ohio,"211,972"
39145,Scioto,OH,Ohio,"71,969"
37097,Iredell,NC,North Carolina,"199,710"
37165,Scotland,NC,North Carolina,"34,376"
37079,Greene,NC,North Carolina,"20,530"
39159,Union,OH,Ohio,"69,637"
39139,Richland,OH,Ohio,"125,064"
40015,Caddo,OK,Oklahoma,"26,214"
40021,Cherokee,OK,Oklahoma,"48,185"
37171,Surry,NC,North Carolina,"71,462"
37105,Lee,NC,North Carolina,"67,059"
37093,Hoke,NC,North Carolina,"54,446"
39125,Paulding,OH,Ohio,"18,706"
39019,Carroll,OH,Ohio,"26,758"
39087,Lawrence,OH,Ohio,"56,118"
40017,Canadian,OK,Oklahoma,"175,829"
37095,Hyde,NC,North Carolina,"4,607"
38045,LaMoure,ND,North Dakota,"4,096"
38019,Cavalier,ND,North Dakota,"3,596"
39101,Marion,OH,Ohio,"64,851"
37157,Rockingham,NC,North Carolina,"92,518"
40023,Choctaw,OK,Oklahoma,"14,276"
39157,Tuscarawas,OH,Ohio,"91,874"
37199,Yancey,NC,North Carolina,"18,938"
38033,Golden Valley,ND,North Dakota,"1,743"
39111,Monroe,OH,Ohio,"13,153"
40003,Alfalfa,OK,Oklahoma,"5,673"
38013,Burke,ND,North Dakota,"2,134"
39083,Knox,OH,Ohio,"63,320"
39055,Geauga,OH,Ohio,"95,407"
37069,Franklin,NC,North Carolina,"77,001"
38091,Steele,ND,North Dakota,"1,782"
39067,Harrison,OH,Ohio,"14,159"
37179,Union,NC,North Carolina,"256,452"
38025,Dunn,ND,North Dakota,"4,019"
39069,Henry,OH,Ohio,"27,520"
38017,Cass,ND,North Dakota,"196,362"
37131,Northampton,NC,North Carolina,"16,715"
39099,Mahoning,OH,Ohio,"225,596"
39009,Athens,OH,Ohio,"62,706"
39013,Belmont,OH,Ohio,"64,918"
39039,Defiance,OH,Ohio,"38,315"
37117,Martin,NC,North Carolina,"21,447"
37173,Swain,NC,North Carolina,"13,916"
37161,Rutherford,NC,North Carolina,"65,507"
37143,Perquimans,NC,North Carolina,"13,377"
38101,Ward,ND,North Dakota,"68,332"
39113,Montgomery,OH,Ohio,"533,796"
37159,Rowan,NC,North Carolina,"151,661"
38005,Benson,ND,North Dakota,"5,745"
39153,Summit,OH,Ohio,"535,733"
39023,Clark,OH,Ohio,"134,610"
38085,Sioux,ND,North Dakota,"3,643"
37111,McDowell,NC,North Carolina,"44,893"
37181,Vance,NC,North Carolina,"42,301"
37109,Lincoln,NC,North Carolina,"95,675"
39071,Highland,OH,Ohio,"43,614"
39007,Ashtabula,OH,Ohio,"96,845"
38059,Morton,ND,North Dakota,"33,895"
39033,Crawford,OH,Ohio,"41,529"
38049,McHenry,ND,North Dakota,"5,131"
37099,Jackson,NC,North Carolina,"44,574"
38015,Burleigh,ND,North Dakota,"100,012"
39129,Pickaway,OH,Ohio,"61,086"
38051,McIntosh,ND,North Dakota,"2,488"
39123,Ottawa,OH,Ohio,"39,803"
38061,Mountrail,ND,North Dakota,"9,383"
37151,Randolph,NC,North Carolina,"147,458"
39051,Fulton,OH,Ohio,"42,007"
37103,Jones,NC,North Carolina,"9,401"
37115,Madison,NC,North Carolina,"22,071"
37163,Sampson,NC,North Carolina,"59,601"
37071,Gaston,NC,North Carolina,"237,242"
39165,Warren,OH,Ohio,"252,148"
37087,Haywood,NC,North Carolina,"62,969"
39017,Butler,OH,Ohio,"393,043"
39095,Lucas,OH,Ohio,"425,484"
37067,Forsyth,NC,North Carolina,"392,921"
37177,Tyrrell,NC,North Carolina,"3,461"
39077,Huron,OH,Ohio,"58,199"
39057,Greene,OH,Ohio,"169,691"
39135,Preble,OH,Ohio,"40,556"
39041,Delaware,OH,Ohio,"231,636"
37139,Pasquotank,NC,North Carolina,"41,444"
39115,Morgan,OH,Ohio,"13,646"
37089,Henderson,NC,North Carolina,"119,230"
40009,Beckham,OK,Oklahoma,"22,042"
38105,Williams,ND,North Dakota,"39,113"
39035,Cuyahoga,OH,Ohio,"1,233,088"
37081,Guilford,NC,North Carolina,"549,866"
37133,Onslow,NC,North Carolina,"213,676"
38097,Traill,ND,North Dakota,"7,908"
37145,Person,NC,North Carolina,"39,737"
39107,Mercer,OH,Ohio,"42,439"
37085,Harnett,NC,North Carolina,"141,477"
37065,Edgecombe,NC,North Carolina,"48,832"
39015,Brown,OH,Ohio,"43,777"
38067,Pembina,ND,North Dakota,"6,661"
37121,Mitchell,NC,North Carolina,"14,999"
38071,Ramsey,ND,North Dakota,"11,463"
39105,Meigs,OH,Ohio,"21,767"
37107,Lenoir,NC,North Carolina,"54,895"
38103,Wells,ND,North Dakota,"3,876"
39141,Ross,OH,Ohio,"76,501"
39175,Wyandot,OH,Ohio,"21,457"
39043,Erie,OH,Ohio,"74,035"
37149,Polk,NC,North Carolina,"20,060"
38031,Foster,ND,North Dakota,"3,309"
39117,Morrow,OH,Ohio,"35,595"
38037,Grant,ND,North Dakota,"2,215"
37091,Hertford,NC,North Carolina,"19,453"
39167,Washington,OH,Ohio,"58,577"
39021,Champaign,OH,Ohio,"38,845"
39143,Sandusky,OH,Ohio,"58,709"
37129,New Hanover,NC,North Carolina,"238,852"
37123,Montgomery,NC,North Carolina,"26,085"
37119,Mecklenburg,NC,North Carolina,"1,163,701"
40007,Beaver,OK,Oklahoma,"5,018"
38081,Sargent,ND,North Dakota,"3,776"
37189,Watauga,NC,North Carolina,"54,748"
39005,Ashland,OH,Ohio,"52,190"
38029,Emmons,ND,North Dakota,"3,224"
38009,Bottineau,ND,North Dakota,"6,349"
39063,Hancock,OH,Ohio,"74,704"
38023,Divide,ND,North Dakota,"2,135"
39011,Auglaize,OH,Ohio,"46,050"
39121,Noble,OH,Ohio,"14,311"
39089,Licking,OH,Ohio,"183,201"
39155,Trumbull,OH,Ohio,"200,373"
38069,Pierce,ND,North Dakota,"3,902"
39047,Fayette,OH,Ohio,"28,817"
38003,Barnes,ND,North Dakota,"10,726"
39173,Wood,OH,Ohio,"132,650"
37073,Gates,NC,North Carolina,"10,343"
39027,Clinton,OH,Ohio,"41,938"
39037,Darke,OH,Ohio,"51,415"
39151,Stark,OH,Ohio,"372,716"
38041,Hettinger,ND,North Dakota,"2,415"
38077,Richland,ND,North Dakota,"16,558"
39065,Hardin,OH,Ohio,"30,368"
37187,Washington,NC,North Carolina,"10,713"
38057,Mercer,ND,North Dakota,"8,309"
39045,Fairfield,OH,Ohio,"165,360"
38047,Logan,ND,North Dakota,"1,869"
37183,Wake,NC,North Carolina,"1,190,275"
39137,Putnam,OH,Ohio,"34,199"
38099,Walsh,ND,North Dakota,"10,305"
39149,Shelby,OH,Ohio,"47,765"
38063,Nelson,ND,North Dakota,"2,991"
39131,Pike,OH,Ohio,"27,001"
37141,Pender,NC,North Carolina,"68,521"
39079,Jackson,OH,Ohio,"32,606"
37167,Stanly,NC,North Carolina,"65,699"
37077,Granville,NC,North Carolina,"62,192"
38089,Stark,ND,North Dakota,"33,001"
39119,Muskingum,OH,Ohio,"86,305"
38093,Stutsman,ND,North Dakota,"21,392"
39029,Columbiana,OH,Ohio,"100,182"
38021,Dickey,ND,North Dakota,"4,900"
39031,Coshocton,OH,Ohio,"36,869"
38079,Rolette,ND,North Dakota,"11,728"
38027,Eddy,ND,North Dakota,"2,263"
40013,Bryan,OK,Oklahoma,"48,967"
37185,Warren,NC,North Carolina,"18,836"
39169,Wayne,OH,Ohio,"116,510"
37147,Pitt,NC,North Carolina,"175,119"
39085,Lake,OH,Ohio,"231,640"
39061,Hamilton,OH,Ohio,"827,058"
39103,Medina,OH,Ohio,"184,042"
37125,Moore,NC,North Carolina,"106,898"
37169,Stokes,NC,North Carolina,"45,532"
37137,Pamlico,NC,North Carolina,"12,423"
37191,Wayne,NC,North Carolina,"118,686"
40005,Atoka,OK,Oklahoma,"14,525"
39081,Jefferson,OH,Ohio,"64,026"
39091,Logan,OH,Ohio,"46,057"
39171,Williams,OH,Ohio,"36,591"
38065,Oliver,ND,North Dakota,"1,879"
37175,Transylvania,NC,North Carolina,"33,549"
39075,Holmes,OH,Ohio,"44,386"
39059,Guernsey,OH,Ohio,"38,089"
39133,Portage,OH,Ohio,"162,665"
39161,Van Wert,OH,Ohio,"28,704"
39073,Hocking,OH,Ohio,"27,540"
38083,Sheridan,ND,North Dakota,"1,266"
38053,McKenzie,ND,North Dakota,"14,252"
38073,Ransom,ND,North Dakota,"5,603"
39053,Gallia,OH,Ohio,"28,986"
38055,McLean,ND,North Dakota,"9,832"
38039,Griggs,ND,North Dakota,"2,248"
37153,Richmond,NC,North Carolina,"42,324"
39093,Lorain,OH,Ohio,"317,910"
40001,Adair,OK,Oklahoma,"19,627"
40011,Blaine,OK,Oklahoma,"8,539"
37063,Durham,NC,North Carolina,"336,892"
37127,Nash,NC,North Carolina,"96,551"
38007,Billings,ND,North Dakota,"1,034"
38035,Grand Forks,ND,North Dakota,"72,708"
39049,Franklin,OH,Ohio,"1,326,063"
46059,Hand,SD,South Dakota,"3,107"
40077,Latimer,OK,Oklahoma,"9,526"
44009,Washington,RI,Rhode Island,"129,982"
40039,Custer,OK,Oklahoma,"28,266"
46125,Turner,SD,South Dakota,"9,027"
40025,Cimarron,OK,Oklahoma,"2,191"
41005,Clackamas,OR,Oregon,"423,173"
41065,Wasco,OR,Oregon,"26,333"
41013,Crook,OR,Oregon,"26,952"
46083,Lincoln,SD,South Dakota,"73,238"
45031,Darlington,SC,South Carolina,"62,416"
47029,Cocke,TN,Tennessee,"37,404"
40079,Le Flore,OK,Oklahoma,"49,596"
40099,Murray,OK,Oklahoma,"13,754"
41007,Clatsop,OR,Oregon,"41,102"
40065,Jackson,OK,Oklahoma,"24,669"
46103,Pennington,SD,South Dakota,"115,903"
41009,Columbia,OR,Oregon,"53,880"
45033,Dillon,SC,South Carolina,"27,698"
45011,Barnwell,SC,South Carolina,"20,447"
41027,Hood River,OR,Oregon,"23,745"
40121,Pittsburg,OK,Oklahoma,"43,479"
45057,Lancaster,SC,South Carolina,"108,215"
46102,Oglala Lakota,SD,South Dakota,"13,434"
40061,Haskell,OK,Oklahoma,"11,832"
40129,Roger Mills,OK,Oklahoma,"3,295"
45019,Charleston,SC,South Carolina,"424,367"
40043,Dewey,OK,Oklahoma,"4,286"
46121,Todd,SD,South Dakota,"9,199"
46097,Miner,SD,South Dakota,"2,280"
47025,Claiborne,TN,Tennessee,"32,654"
47033,Crockett,TN,Tennessee,"13,982"
40135,Sequoyah,OK,Oklahoma,"40,291"
40071,Kay,OK,Oklahoma,"43,641"
40057,Harmon,OK,Oklahoma,"2,392"
46079,Lake,SD,South Dakota,"11,031"
45049,Hampton,SC,South Carolina,"18,122"
46031,Corson,SD,South Dakota,"3,782"
46033,Custer,SD,South Dakota,"9,117"
40059,Harper,OK,Oklahoma,"3,190"
41067,Washington,OR,Oregon,"598,865"
41035,Klamath,OR,Oregon,"70,003"
46051,Grant,SD,South Dakota,"7,553"
41037,Lake,OR,Oregon,"8,293"
46117,Stanley,SD,South Dakota,"3,043"
41011,Coos,OR,Oregon,"64,212"
41053,Polk,OR,Oregon,"89,805"
46063,Harding,SD,South Dakota,"1,324"
47011,Bradley,TN,Tennessee,"111,579"
41029,Jackson,OR,Oregon,"220,768"
46029,Codington,SD,South Dakota,"28,971"
45085,Sumter,SC,South Carolina,"104,165"
40033,Cotton,OK,Oklahoma,"5,427"
45015,Berkeley,SC,South Carolina,"255,217"
46009,Bon Homme,SD,South Dakota,"7,065"
40145,Wagoner,OK,Oklahoma,"89,280"
41045,Malheur,OR,Oregon,"32,044"
46011,Brookings,SD,South Dakota,"35,980"
40095,Marshall,OK,Oklahoma,"15,970"
46049,Faulk,SD,South Dakota,"2,151"
40069,Johnston,OK,Oklahoma,"10,216"
45041,Florence,SC,South Carolina,"137,214"
45043,Georgetown,SC,South Carolina,"65,731"
45069,Marlboro,SC,South Carolina,"25,704"
40081,Lincoln,OK,Oklahoma,"34,562"
40139,Texas,OK,Oklahoma,"20,371"
40127,Pushmataha,OK,Oklahoma,"10,800"
40107,Okfuskee,OK,Oklahoma,"11,300"
45025,Chesterfield,SC,South Carolina,"44,031"
40123,Pontotoc,OK,Oklahoma,"38,396"
41019,Douglas,OR,Oregon,"112,435"
46111,Sanborn,SD,South Dakota,"2,399"
45053,Jasper,SC,South Carolina,"33,544"
40083,Logan,OK,Oklahoma,"53,029"
40027,Cleveland,OK,Oklahoma,"301,193"
40147,Washington,OK,Oklahoma,"53,706"
46013,Brown,SD,South Dakota,"37,733"
45039,Fairfield,SC,South Carolina,"20,422"
42077,Lehigh,PA,Pennsylvania,"377,754"
47035,Cumberland,TN,Tennessee,"64,760"
45063,Lexington,SC,South Carolina,"309,528"
41071,Yamhill,OR,Oregon,"108,644"
41031,Jefferson,OR,Oregon,"25,454"
42021,Cambria,PA,Pennsylvania,"130,668"
46077,Kingsbury,SD,South Dakota,"5,276"
41003,Benton,OR,Oregon,"97,713"
45001,Abbeville,SC,South Carolina,"24,434"
42103,Pike,PA,Pennsylvania,"61,247"
40115,Ottawa,OK,Oklahoma,"30,287"
45081,Saluda,SC,South Carolina,"19,123"
40067,Jefferson,OK,Oklahoma,"5,347"
40073,Kingfisher,OK,Oklahoma,"15,481"
40035,Craig,OK,Oklahoma,"14,494"
40063,Hughes,OK,Oklahoma,"13,436"
46129,Walworth,SD,South Dakota,"5,269"
40051,Grady,OK,Oklahoma,"57,375"
46041,Dewey,SD,South Dakota,"5,208"
40141,Tillman,OK,Oklahoma,"6,869"
46021,Campbell,SD,South Dakota,"1,340"
45089,Williamsburg,SC,South Carolina,"29,891"
46091,Marshall,SD,South Dakota,"4,390"
45071,Newberry,SC,South Carolina,"38,825"
41043,Linn,OR,Oregon,"131,496"
40103,Noble,OK,Oklahoma,"10,832"
46045,Edmunds,SD,South Dakota,"4,057"
46067,Hutchinson,SD,South Dakota,"7,394"
40055,Greer,OK,Oklahoma,"5,466"
47019,Carter,TN,Tennessee,"57,022"
42017,Bucks,PA,Pennsylvania,"645,984"
45065,McCormick,SC,South Carolina,"9,941"
45087,Union,SC,South Carolina,"26,629"
45029,Colleton,SC,South Carolina,"38,874"
41033,Josephine,OR,Oregon,"87,821"
45067,Marion,SC,South Carolina,"28,508"
40047,Garfield,OK,Oklahoma,"62,023"
40097,Mayes,OK,Oklahoma,"39,889"
45021,Cherokee,SC,South Carolina,"56,714"
40111,Okmulgee,OK,Oklahoma,"37,035"
46057,Hamlin,SD,South Dakota,"6,451"
40049,Garvin,OK,Oklahoma,"25,865"
40029,Coal,OK,Oklahoma,"5,266"
47037,Davidson,TN,Tennessee,"712,334"
45045,Greenville,SC,South Carolina,"558,036"
44001,Bristol,RI,Rhode Island,"50,255"
40085,Love,OK,Oklahoma,"10,296"
44007,Providence,RI,Rhode Island,"660,615"
46055,Haakon,SD,South Dakota,"1,851"
46015,Brule,SD,South Dakota,"5,311"
46127,Union,SD,South Dakota,"17,183"
45027,Clarendon,SC,South Carolina,"31,004"
46099,Minnehaha,SD,South Dakota,"206,930"
47007,Bledsoe,TN,Tennessee,"15,060"
45073,Oconee,SC,South Carolina,"81,221"
40113,Osage,OK,Oklahoma,"46,130"
41049,Morrow,OR,Oregon,"12,302"
46071,Jackson,SD,South Dakota,"2,776"
41059,Umatilla,OR,Oregon,"80,053"
46135,Yankton,SD,South Dakota,"23,517"
46101,Moody,SD,South Dakota,"6,450"
40093,Major,OK,Oklahoma,"7,581"
40089,McCurtain,OK,Oklahoma,"30,660"
46061,Hanson,SD,South Dakota,"3,471"
40087,McClain,OK,Oklahoma,"47,072"
46085,Lyman,SD,South Dakota,"3,705"
47015,Cannon,TN,Tennessee,"15,063"
45005,Allendale,SC,South Carolina,"7,369"
40153,Woodward,OK,Oklahoma,"19,947"
40125,Pottawatomie,OK,Oklahoma,"73,791"
45035,Dorchester,SC,South Carolina,"169,833"
41023,Grant,OR,Oregon,"7,215"
46003,Aurora,SD,South Dakota,"2,782"
41041,Lincoln,OR,Oregon,"50,821"
46073,Jerauld,SD,South Dakota,"1,660"
46035,Davison,SD,South Dakota,"19,922"
40053,Grant,OK,Oklahoma,"4,083"
44003,Kent,RI,Rhode Island,"171,278"
45077,Pickens,SC,South Carolina,"135,495"
41015,Curry,OR,Oregon,"23,296"
47003,Bedford,TN,Tennessee,"53,055"
44005,Newport,RI,Rhode Island,"83,832"
46095,Mellette,SD,South Dakota,"1,851"
40037,Creek,OK,Oklahoma,"73,332"
45059,Laurens,SC,South Carolina,"68,873"
46107,Potter,SD,South Dakota,"2,413"
41063,Wallowa,OR,Oregon,"7,674"
45003,Aiken,SC,South Carolina,"177,130"
45017,Calhoun,SC,South Carolina,"14,186"
41039,Lane,OR,Oregon,"381,181"
46007,Bennett,SD,South Dakota,"3,305"
42099,Perry,PA,Pennsylvania,"46,083"
42063,Indiana,PA,Pennsylvania,"83,094"
45075,Orangeburg,SC,South Carolina,"82,820"
46065,Hughes,SD,South Dakota,"17,624"
45047,Greenwood,SC,South Carolina,"69,460"
42003,Allegheny,PA,Pennsylvania,"1,224,825"
46093,Meade,SD,South Dakota,"30,954"
41025,Harney,OR,Oregon,"7,440"
42083,McKean,PA,Pennsylvania,"39,519"
41047,Marion,OR,Oregon,"346,741"
47005,Benton,TN,Tennessee,"16,103"
41069,Wheeler,OR,Oregon,"1,436"
45023,Chester,SC,South Carolina,"32,226"
45037,Edgefield,SC,South Carolina,"27,607"
42109,Snyder,PA,Pennsylvania,"39,717"
46087,McCook,SD,South Dakota,"5,809"
42069,Lackawanna,PA,Pennsylvania,"216,123"
41001,Baker,OR,Oregon,"16,912"
41057,Tillamook,OR,Oregon,"27,417"
46025,Clark,SD,South Dakota,"3,948"
40133,Seminole,OK,Oklahoma,"23,565"
46023,Charles Mix,SD,South Dakota,"9,240"
40041,Delaware,OK,Oklahoma,"41,703"
46037,Day,SD,South Dakota,"5,451"
45013,Beaufort,SC,South Carolina,"198,979"
45061,Lee,SC,South Carolina,"15,967"
40131,Rogers,OK,Oklahoma,"100,248"
46027,Clay,SD,South Dakota,"15,431"
40137,Stephens,OK,Oklahoma,"44,014"
40119,Payne,OK,Oklahoma,"83,352"
47023,Chester,TN,Tennessee,"17,606"
47017,Carroll,TN,Tennessee,"28,860"
41051,Multnomah,OR,Oregon,"789,698"
42011,Berks,PA,Pennsylvania,"432,821"
40151,Woods,OK,Oklahoma,"8,564"
45051,Horry,SC,South Carolina,"397,478"
45091,York,SC,South Carolina,"298,320"
46053,Gregory,SD,South Dakota,"4,018"
40091,McIntosh,OK,Oklahoma,"19,603"
46105,Perkins,SD,South Dakota,"2,834"
40105,Nowata,OK,Oklahoma,"9,438"
47027,Clay,TN,Tennessee,"7,714"
45009,Bamberg,SC,South Carolina,"12,974"
47013,Campbell,TN,Tennessee,"40,223"
46081,Lawrence,SD,South Dakota,"28,053"
40143,Tulsa,OK,Oklahoma,"682,868"
46039,Deuel,SD,South Dakota,"4,354"
47001,Anderson,TN,Tennessee,"80,234"
46005,Beadle,SD,South Dakota,"19,591"
41017,Deschutes,OR,Oregon,"208,513"
46075,Jones,SD,South Dakota,855
46043,Douglas,SD,South Dakota,"2,838"
41061,Union,OR,Oregon,"25,944"
45055,Kershaw,SC,South Carolina,"69,905"
40045,Ellis,OK,Oklahoma,"3,648"
42117,Tioga,PA,Pennsylvania,"40,840"
46019,Butte,SD,South Dakota,"10,863"
46089,McPherson,SD,South Dakota,"2,334"
46123,Tripp,SD,South Dakota,"5,621"
45007,Anderson,SC,South Carolina,"213,076"
42039,Crawford,PA,Pennsylvania,"82,001"
47031,Coffee,TN,Tennessee,"60,633"
47009,Blount,TN,Tennessee,"141,456"
40149,Washita,OK,Oklahoma,"10,736"
46047,Fall River,SD,South Dakota,"7,393"
40031,Comanche,OK,Oklahoma,"121,574"
42091,Montgomery,PA,Pennsylvania,"868,742"
46119,Sully,SD,South Dakota,"1,494"
45083,Spartanburg,SC,South Carolina,"356,698"
47021,Cheatham,TN,Tennessee,"42,254"
42045,Delaware,PA,Pennsylvania,"576,720"
42041,Cumberland,PA,Pennsylvania,"270,738"
46137,Ziebach,SD,South Dakota,"2,322"
40117,Pawnee,OK,Oklahoma,"15,864"
42075,Lebanon,PA,Pennsylvania,"144,252"
46017,Buffalo,SD,South Dakota,"1,884"
42023,Cameron,PA,Pennsylvania,"4,380"
46069,Hyde,SD,South Dakota,"1,186"
42057,Fulton,PA,Pennsylvania,"14,468"
42095,Northampton,PA,Pennsylvania,"319,091"
46115,Spink,SD,South Dakota,"6,166"
42073,Lawrence,PA,Pennsylvania,"84,472"
46109,Roberts,SD,South Dakota,"10,206"
42051,Fayette,PA,Pennsylvania,"123,915"
41021,Gilliam,OR,Oregon,"2,026"
42131,Wyoming,PA,Pennsylvania,"25,902"
42029,Chester,PA,Pennsylvania,"549,784"
42115,Susquehanna,PA,Pennsylvania,"38,109"
42087,Mifflin,PA,Pennsylvania,"45,922"
42035,Clinton,PA,Pennsylvania,"37,607"
45079,Richland,SC,South Carolina,"425,138"
41055,Sherman,OR,Oregon,"1,951"
42081,Lycoming,PA,Pennsylvania,"112,724"
42047,Elk,PA,Pennsylvania,"30,198"
42101,Philadelphia,PA,Pennsylvania,"1,550,542"
42127,Wayne,PA,Pennsylvania,"51,262"
42019,Butler,PA,Pennsylvania,"198,413"
42071,Lancaster,PA,Pennsylvania,"558,589"
42037,Columbia,PA,Pennsylvania,"65,439"
42059,Greene,PA,Pennsylvania,"34,357"
42097,Northumberland,PA,Pennsylvania,"90,120"
42031,Clarion,PA,Pennsylvania,"36,970"
42015,Bradford,PA,Pennsylvania,"59,695"
42049,Erie,PA,Pennsylvania,"267,571"
42107,Schuylkill,PA,Pennsylvania,"143,786"
42025,Carbon,PA,Pennsylvania,"65,458"
42043,Dauphin,PA,Pennsylvania,"289,234"
42129,Westmoreland,PA,Pennsylvania,"351,163"
42055,Franklin,PA,Pennsylvania,"157,854"
42009,Bedford,PA,Pennsylvania,"47,350"
42105,Potter,PA,Pennsylvania,"15,999"
42089,Monroe,PA,Pennsylvania,"166,053"
42005,Armstrong,PA,Pennsylvania,"64,074"
42111,Somerset,PA,Pennsylvania,"72,197"
42065,Jefferson,PA,Pennsylvania,"43,612"
42053,Forest,PA,Pennsylvania,"6,449"
42123,Warren,PA,Pennsylvania,"37,572"
42027,Centre,PA,Pennsylvania,"157,795"
42125,Washington,PA,Pennsylvania,"210,232"
42079,Luzerne,PA,Pennsylvania,"327,388"
42133,York,PA,Pennsylvania,"464,640"
42007,Beaver,PA,Pennsylvania,"165,631"
42119,Union,PA,Pennsylvania,"42,042"
42001,Adams,PA,Pennsylvania,"106,748"
42061,Huntingdon,PA,Pennsylvania,"43,514"
42113,Sullivan,PA,Pennsylvania,"5,834"
42067,Juniata,PA,Pennsylvania,"23,243"
42085,Mercer,PA,Pennsylvania,"108,503"
42121,Venango,PA,Pennsylvania,"49,431"
42093,Montour,PA,Pennsylvania,"17,860"
42013,Blair,PA,Pennsylvania,"120,273"
42033,Clearfield,PA,Pennsylvania,"77,090"
48279,Lamb,TX,Texas,"12,711"
47103,Lincoln,TN,Tennessee,"36,169"
48109,Culberson,TX,Texas,"2,196"
47057,Grainger,TN,Tennessee,"24,681"
48343,Morris,TX,Texas,"12,066"
47039,Decatur,TN,Tennessee,"11,656"
48011,Armstrong,TX,Texas,"1,832"
48071,Chambers,TX,Texas,"53,876"
48019,Bandera,TX,Texas,"22,637"
48301,Loving,TX,Texas,43
48149,Fayette,TX,Texas,"25,474"
48383,Reagan,TX,Texas,"3,141"
47105,Loudon,TN,Tennessee,"60,591"
47129,Morgan,TN,Tennessee,"21,573"
48013,Atascosa,TX,Texas,"51,784"
47087,Jackson,TN,Tennessee,"12,363"
48325,Medina,TX,Texas,"54,797"
48015,Austin,TX,Texas,"31,677"
48151,Fisher,TX,Texas,"3,612"
48125,Dickens,TX,Texas,"1,711"
48031,Blanco,TX,Texas,"13,048"
47155,Sevier,TN,Tennessee,"99,415"
48179,Gray,TX,Texas,"20,916"
48321,Matagorda,TX,Texas,"36,359"
47083,Houston,TN,Tennessee,"8,393"
47165,Sumner,TN,Tennessee,"207,994"
48133,Eastland,TX,Texas,"18,037"
47063,Hamblen,TN,Tennessee,"66,216"
48341,Moore,TX,Texas,"21,190"
48401,Rusk,TX,Texas,"53,079"
48317,Martin,TX,Texas,"5,216"
48391,Refugio,TX,Texas,"6,666"
48379,Rains,TX,Texas,"12,986"
48385,Real,TX,Texas,"2,854"
47173,Union,TN,Tennessee,"20,741"
47095,Lake,TN,Tennessee,"6,347"
48377,Presidio,TX,Texas,"5,795"
47079,Henry,TN,Tennessee,"32,554"
48299,Llano,TX,Texas,"22,875"
48169,Garza,TX,Texas,"4,517"
48251,Johnson,TX,Texas,"202,906"
48253,Jones,TX,Texas,"20,381"
47081,Hickman,TN,Tennessee,"25,826"
48073,Cherokee,TX,Texas,"52,217"
48171,Gillespie,TX,Texas,"27,733"
48041,Brazos,TX,Texas,"244,703"
48271,Kinney,TX,Texas,"3,148"
48387,Red River,TX,Texas,"11,678"
48337,Montague,TX,Texas,"21,598"
48017,Bailey,TX,Texas,"6,672"
48059,Callahan,TX,Texas,"14,374"
48283,La Salle,TX,Texas,"6,537"
48363,Palo Pinto,TX,Texas,"29,747"
48035,Bosque,TX,Texas,"18,996"
48247,Jim Hogg,TX,Texas,"4,720"
48213,Henderson,TX,Texas,"86,158"
47049,Fentress,TN,Tennessee,"19,696"
48129,Donley,TX,Texas,"3,214"
48229,Hudspeth,TX,Texas,"3,451"
47185,White,TN,Tennessee,"28,692"
48049,Brown,TX,Texas,"38,709"
47125,Montgomery,TN,Tennessee,"239,872"
48267,Kimble,TX,Texas,"4,442"
47093,Knox,TN,Tennessee,"500,669"
48159,Franklin,TX,Texas,"10,735"
48161,Freestone,TX,Texas,"20,441"
47107,McMinn,TN,Tennessee,"55,678"
47177,Warren,TN,Tennessee,"42,638"
47131,Obion,TN,Tennessee,"30,411"
47161,Stewart,TN,Tennessee,"14,222"
47139,Polk,TN,Tennessee,"18,033"
48141,El Paso,TX,Texas,"869,880"
47159,Smith,TN,Tennessee,"20,538"
48025,Bee,TX,Texas,"30,850"
48333,Mills,TX,Texas,"4,548"
48175,Goliad,TX,Texas,"7,144"
47109,McNairy,TN,Tennessee,"26,163"
47041,DeKalb,TN,Tennessee,"21,225"
48123,DeWitt,TX,Texas,"19,929"
47101,Lewis,TN,Tennessee,"13,066"
47187,Williamson,TN,Tennessee,"264,460"
47099,Lawrence,TN,Tennessee,"46,114"
48233,Hutchinson,TX,Texas,"20,033"
48155,Foard,TX,Texas,"1,079"
48089,Colorado,TX,Texas,"21,117"
48389,Reeves,TX,Texas,"11,770"
48187,Guadalupe,TX,Texas,"188,454"
48077,Clay,TX,Texas,"10,738"
48037,Bowie,TX,Texas,"91,687"
48303,Lubbock,TX,Texas,"320,940"
48081,Coke,TX,Texas,"3,352"
48397,Rockwall,TX,Texas,"131,307"
48297,Live Oak,TX,Texas,"11,584"
48009,Archer,TX,Texas,"9,029"
48111,Dallam,TX,Texas,"7,237"
48093,Comanche,TX,Texas,"14,050"
47149,Rutherford,TN,Tennessee,"367,101"
48207,Haskell,TX,Texas,"5,385"
47091,Johnson,TN,Tennessee,"18,375"
47141,Putnam,TN,Tennessee,"83,844"
47097,Lauderdale,TN,Tennessee,"24,610"
48339,Montgomery,TX,Texas,"711,354"
47053,Gibson,TN,Tennessee,"51,045"
47085,Humphreys,TN,Tennessee,"19,209"
48347,Nacogdoches,TX,Texas,"65,375"
47071,Hardin,TN,Tennessee,"27,229"
48261,Kenedy,TX,Texas,343
47181,Wayne,TN,Tennessee,"16,066"
48241,Jasper,TX,Texas,"32,694"
48163,Frio,TX,Texas,"17,987"
48217,Hill,TX,Texas,"38,101"
47089,Jefferson,TN,Tennessee,"57,838"
48309,McLennan,TX,Texas,"268,583"
48311,McMullen,TX,Texas,568
48197,Hardeman,TX,Texas,"3,490"
47133,Overton,TN,Tennessee,"23,327"
48265,Kerr,TX,Texas,"53,915"
48157,Fort Bend,TX,Texas,"916,778"
48285,Lavaca,TX,Texas,"20,571"
47075,Haywood,TN,Tennessee,"17,328"
48371,Pecos,TX,Texas,"14,623"
48215,Hidalgo,TX,Texas,"898,471"
48145,Falls,TX,Texas,"17,286"
48191,Hall,TX,Texas,"2,818"
47065,Hamilton,TN,Tennessee,"379,864"
47127,Moore,TN,Tennessee,"6,748"
48135,Ector,TX,Texas,"164,494"
47143,Rhea,TN,Tennessee,"33,924"
48345,Motley,TX,Texas,"1,020"
48277,Lamar,TX,Texas,"51,127"
47047,Fayette,TN,Tennessee,"44,175"
47069,Hardeman,TN,Tennessee,"25,567"
47045,Dyer,TN,Tennessee,"36,498"
48165,Gaines,TX,Texas,"22,523"
48099,Coryell,TX,Texas,"84,878"
47113,Madison,TN,Tennessee,"99,193"
48105,Crockett,TX,Texas,"2,858"
48395,Robertson,TX,Texas,"17,267"
48273,Kleberg,TX,Texas,"30,069"
48143,Erath,TX,Texas,"44,195"
48319,Mason,TX,Texas,"3,931"
48359,Oldham,TX,Texas,"1,783"
48199,Hardin,TX,Texas,"58,261"
47147,Robertson,TN,Tennessee,"76,776"
48055,Caldwell,TX,Texas,"49,859"
48289,Leon,TX,Texas,"16,538"
48269,King,TX,Texas,217
48063,Camp,TX,Texas,"13,000"
47077,Henderson,TN,Tennessee,"28,070"
48351,Newton,TX,Texas,"12,039"
48173,Glasscock,TX,Texas,"1,141"
48043,Brewster,TX,Texas,"9,513"
47121,Meigs,TN,Tennessee,"13,691"
47117,Marshall,TN,Tennessee,"36,961"
48039,Brazoria,TX,Texas,"398,938"
48281,Lampasas,TX,Texas,"23,262"
47111,Macon,TN,Tennessee,"26,793"
47157,Shelby,TN,Tennessee,"910,042"
48275,Knox,TX,Texas,"3,302"
48367,Parker,TX,Texas,"173,494"
48115,Dawson,TX,Texas,"12,004"
48231,Hunt,TX,Texas,"113,347"
47115,Marion,TN,Tennessee,"29,382"
48005,Angelina,TX,Texas,"87,319"
48033,Borden,TX,Texas,572
48153,Floyd,TX,Texas,"5,090"
48029,Bexar,TX,Texas,"2,087,679"
48223,Hopkins,TX,Texas,"38,172"
48393,Roberts,TX,Texas,840
47067,Hancock,TN,Tennessee,"6,956"
48047,Brooks,TX,Texas,"6,848"
48349,Navarro,TX,Texas,"55,635"
48293,Limestone,TX,Texas,"22,250"
47073,Hawkins,TN,Tennessee,"58,600"
48147,Fannin,TX,Texas,"37,571"
48335,Mitchell,TX,Texas,"9,075"
48103,Crane,TX,Texas,"4,574"
48203,Harrison,TX,Texas,"70,895"
48021,Bastrop,TX,Texas,"110,778"
48357,Ochiltree,TX,Texas,"9,704"
47061,Grundy,TN,Tennessee,"13,955"
48315,Marion,TX,Texas,"9,571"
48117,Deaf Smith,TX,Texas,"18,347"
47055,Giles,TN,Tennessee,"30,721"
48181,Grayson,TX,Texas,"146,907"
48193,Hamilton,TX,Texas,"8,619"
48329,Midland,TX,Texas,"177,108"
48069,Castro,TX,Texas,"7,227"
48113,Dallas,TX,Texas,"2,606,358"
48177,Gonzales,TX,Texas,"19,930"
48045,Briscoe,TX,Texas,"1,445"
48227,Howard,TX,Texas,"30,554"
48403,Sabine,TX,Texas,"10,106"
48003,Andrews,TX,Texas,"18,664"
48087,Collingsworth,TX,Texas,"2,563"
48201,Harris,TX,Texas,"4,835,125"
48127,Dimmit,TX,Texas,"8,257"
48313,Madison,TX,Texas,"13,742"
47135,Perry,TN,Tennessee,"8,891"
48091,Comal,TX,Texas,"193,928"
48053,Burnet,TX,Texas,"53,991"
48139,Ellis,TX,Texas,"222,829"
48239,Jackson,TX,Texas,"15,221"
48075,Childress,TX,Texas,"6,788"
48137,Edwards,TX,Texas,"1,393"
48305,Lynn,TX,Texas,"5,761"
48243,Jeff Davis,TX,Texas,"1,856"
47169,Trousdale,TN,Tennessee,"12,271"
47059,Greene,TN,Tennessee,"72,577"
48255,Karnes,TX,Texas,"15,018"
48291,Liberty,TX,Texas,"108,272"
48131,Duval,TX,Texas,"9,604"
48183,Gregg,TX,Texas,"126,243"
48185,Grimes,TX,Texas,"32,384"
48051,Burleson,TX,Texas,"19,475"
47175,Van Buren,TN,Tennessee,"6,493"
47153,Sequatchie,TN,Tennessee,"17,161"
48323,Maverick,TX,Texas,"57,762"
48375,Potter,TX,Texas,"114,647"
48369,Parmer,TX,Texas,"9,617"
48057,Calhoun,TX,Texas,"19,696"
48079,Cochran,TX,Texas,"2,509"
48001,Anderson,TX,Texas,"57,736"
48355,Nueces,TX,Texas,"352,289"
48399,Runnels,TX,Texas,"9,868"
47145,Roane,TN,Tennessee,"56,096"
48249,Jim Wells,TX,Texas,"38,662"
48221,Hood,TX,Texas,"67,774"
47119,Maury,TN,Tennessee,"110,760"
48189,Hale,TX,Texas,"31,761"
48307,McCulloch,TX,Texas,"7,452"
48167,Galveston,TX,Texas,"361,744"
47137,Pickett,TN,Tennessee,"5,128"
47171,Unicoi,TN,Tennessee,"17,756"
48121,Denton,TX,Texas,"1,007,703"
47179,Washington,TN,Tennessee,"138,420"
47183,Weakley,TN,Tennessee,"33,084"
48257,Kaufman,TX,Texas,"185,690"
48353,Nolan,TX,Texas,"14,306"
48023,Baylor,TX,Texas,"3,463"
48263,Kent,TX,Texas,734
48067,Cass,TX,Texas,"28,659"
47051,Franklin,TN,Tennessee,"44,654"
48095,Concho,TX,Texas,"3,297"
48331,Milam,TX,Texas,"25,951"
48219,Hockley,TX,Texas,"21,460"
47123,Monroe,TN,Tennessee,"48,594"
48007,Aransas,TX,Texas,"25,374"
48235,Irion,TX,Texas,"1,549"
48119,Delta,TX,Texas,"5,520"
48083,Coleman,TX,Texas,"7,842"
48107,Crosby,TX,Texas,"4,917"
47189,Wilson,TN,Tennessee,"163,674"
48211,Hemphill,TX,Texas,"3,189"
48295,Lipscomb,TX,Texas,"2,906"
48085,Collin,TX,Texas,"1,195,359"
48209,Hays,TX,Texas,"280,486"
48101,Cottle,TX,Texas,"1,294"
48065,Carson,TX,Texas,"5,878"
47151,Scott,TN,Tennessee,"22,171"
48237,Jack,TX,Texas,"8,875"
48361,Orange,TX,Texas,"85,722"
48287,Lee,TX,Texas,"18,240"
48225,Houston,TX,Texas,"22,066"
48373,Polk,TX,Texas,"54,186"
48245,Jefferson,TX,Texas,"251,496"
48365,Panola,TX,Texas,"22,838"
47167,Tipton,TN,Tennessee,"62,015"
48381,Randall,TX,Texas,"148,255"
48259,Kendall,TX,Texas,"50,537"
47043,Dickson,TN,Tennessee,"56,729"
48027,Bell,TX,Texas,"393,193"
48097,Cooke,TX,Texas,"43,782"
48061,Cameron,TX,Texas,"426,710"
48205,Hartley,TX,Texas,"5,145"
51197,Wythe,VA,Virginia,"28,104"
48469,Victoria,TX,Texas,"91,664"
51047,Culpeper,VA,Virginia,"54,973"
48423,Smith,TX,Texas,"245,209"
51730,Petersburg,VA,Virginia,"33,309"
48405,San Augustine,TX,Texas,"7,833"
49047,Uintah,UT,Utah,"37,747"
51017,Bath,VA,Virginia,"4,051"
51595,Emporia,VA,Virginia,"5,463"
51083,Halifax,VA,Virginia,"33,432"
53009,Clallam,WA,Washington,"77,616"
48495,Winkler,TX,Texas,"7,414"
49049,Utah,UT,Utah,"719,174"
48453,Travis,TX,Texas,"1,334,961"
51680,Lynchburg,VA,Virginia,"79,535"
49051,Wasatch,UT,Utah,"37,144"
51085,Hanover,VA,Virginia,"114,148"
51063,Floyd,VA,Virginia,"15,679"
50009,Essex,VT,Vermont,"6,010"
49011,Davis,UT,Utah,"373,207"
51107,Loudoun,VA,Virginia,"436,347"
51670,Hopewell,VA,Virginia,"22,752"
48449,Titus,TX,Texas,"31,357"
49019,Grand,UT,Utah,"9,706"
51069,Frederick,VA,Virginia,"95,994"
48427,Starr,TX,Texas,"65,934"
51720,Norton,VA,Virginia,"3,492"
51650,Hampton,VA,Virginia,"137,098"
53019,Ferry,WA,Washington,"7,497"
53005,Benton,WA,Washington,"215,219"
53013,Columbia,WA,Washington,"4,053"
49025,Kane,UT,Utah,"8,425"
48459,Upshur,TX,Texas,"43,281"
48443,Terrell,TX,Texas,687
51590,Danville,VA,Virginia,"41,837"
51099,King George,VA,Virginia,"28,568"
51173,Smyth,VA,Virginia,"29,216"
51175,Southampton,VA,Virginia,"17,975"
48445,Terry,TX,Texas,"11,547"
51101,King William,VA,Virginia,"19,030"
50019,Orleans,VT,Vermont,"27,516"
48421,Sherman,TX,Texas,"2,678"
51191,Washington,VA,Virginia,"54,050"
51700,Newport News,VA,Virginia,"183,118"
49053,Washington,UT,Utah,"202,452"
51007,Amelia,VA,Virginia,"13,480"
51510,Alexandria,VA,Virginia,"155,230"
51810,Virginia Beach,VA,Virginia,"453,649"
50011,Franklin,VT,Vermont,"50,994"
48447,Throckmorton,TX,Texas,"1,526"
51171,Shenandoah,VA,Virginia,"45,228"
51139,Page,VA,Virginia,"23,741"
48413,Schleicher,TX,Texas,"2,391"
51067,Franklin,VA,Virginia,"55,549"
51155,Pulaski,VA,Virginia,"33,655"
49035,Salt Lake,UT,Utah,"1,185,813"
50027,Windsor,VT,Vermont,"58,101"
50017,Orange,VT,Vermont,"29,943"
48491,Williamson,TX,Texas,"697,191"
51187,Warren,VA,Virginia,"41,843"
51091,Highland,VA,Virginia,"2,339"
51093,Isle of Wight,VA,Virginia,"40,711"
51121,Montgomery,VA,Virginia,"98,666"
48473,Waller,TX,Texas,"63,553"
49027,Millard,UT,Utah,"13,437"
49015,Emery,UT,Utah,"10,144"
48505,Zapata,TX,Texas,"13,736"
51075,Goochland,VA,Virginia,"27,197"
49013,Duchesne,UT,Utah,"20,477"
50003,Bennington,VT,Vermont,"37,183"
51690,Martinsville,VA,Virginia,"13,763"
51103,Lancaster,VA,Virginia,"10,859"
51061,Fauquier,VA,Virginia,"75,165"
48467,Van Zandt,TX,Texas,"64,000"
49037,San Juan,UT,Utah,"14,358"
48465,Val Verde,TX,Texas,"47,720"
51159,Richmond,VA,Virginia,"9,184"
51089,Henry,VA,Virginia,"49,702"
51031,Campbell,VA,Virginia,"55,270"
53015,Cowlitz,WA,Washington,"112,864"
51115,Mathews,VA,Virginia,"8,514"
51021,Bland,VA,Virginia,"6,179"
50013,Grand Isle,VT,Vermont,"7,467"
51025,Brunswick,VA,Virginia,"15,749"
51580,Covington,VA,Virginia,"5,545"
51049,Cumberland,VA,Virginia,"9,878"
51035,Carroll,VA,Virginia,"29,239"
49005,Cache,UT,Utah,"142,393"
51135,Nottoway,VA,Virginia,"15,566"
51019,Bedford,VA,Virginia,"81,525"
48457,Tyler,TX,Texas,"20,382"
48463,Uvalde,TX,Texas,"24,960"
48471,Walker,TX,Texas,"81,268"
49017,Garfield,UT,Utah,"5,314"
48417,Shackelford,TX,Texas,"3,229"
48451,Tom Green,TX,Texas,"119,057"
51740,Portsmouth,VA,Virginia,"96,793"
48437,Swisher,TX,Texas,"6,955"
51181,Surry,VA,Virginia,"6,593"
49031,Piute,UT,Utah,"1,550"
51165,Rockingham,VA,Virginia,"86,568"
51095,James City,VA,Virginia,"82,654"
51143,Pittsylvania,VA,Virginia,"59,571"
48455,Trinity,TX,Texas,"14,228"
51620,Franklin,VA,Virginia,"8,339"
51630,Fredericksburg,VA,Virginia,"28,928"
48499,Wood,TX,Texas,"47,921"
51185,Tazewell,VA,Virginia,"39,120"
51520,Bristol,VA,Virginia,"16,807"
48441,Taylor,TX,Texas,"146,836"
51840,Winchester,VA,Virginia,"27,617"
51141,Patrick,VA,Virginia,"17,509"
51081,Greensville,VA,Virginia,"11,133"
50015,Lamoille,VT,Vermont,"26,060"
51117,Mecklenburg,VA,Virginia,"30,648"
48431,Sterling,TX,Texas,"1,397"
51071,Giles,VA,Virginia,"16,457"
49001,Beaver,UT,Utah,"7,233"
51735,Poquoson,VA,Virginia,"12,635"
48435,Sutton,TX,Texas,"3,221"
48411,San Saba,TX,Texas,"5,845"
53017,Douglas,WA,Washington,"44,798"
51097,King and Queen,VA,Virginia,"6,720"
51037,Charlotte,VA,Virginia,"11,336"
48477,Washington,TX,Texas,"37,007"
51045,Craig,VA,Virginia,"4,843"
51193,Westmoreland,VA,Virginia,"19,013"
48461,Upton,TX,Texas,"3,109"
51077,Grayson,VA,Virginia,"15,285"
48429,Stephens,TX,Texas,"9,343"
51660,Harrisonburg,VA,Virginia,"51,082"
49003,Box Elder,UT,Utah,"62,684"
51003,Albemarle,VA,Virginia,"115,676"
51540,Charlottesville,VA,Virginia,"44,983"
51011,Appomattox,VA,Virginia,"16,864"
49009,Daggett,UT,Utah,992
51750,Radford,VA,Virginia,"16,971"
48487,Wilbarger,TX,Texas,"12,522"
48481,Wharton,TX,Texas,"41,739"
51199,York,VA,Virginia,"70,952"
48479,Webb,TX,Texas,"269,148"
51600,Fairfax,VA,Virginia,"25,144"
51195,Wise,VA,Virginia,"35,174"
51820,Waynesboro,VA,Virginia,"23,182"
51053,Dinwiddie,VA,Virginia,"28,343"
49043,Summit,UT,Utah,"42,759"
48507,Zavala,TX,Texas,"9,312"
51087,Henrico,VA,Virginia,"334,760"
50007,Chittenden,VT,Vermont,"169,481"
51147,Prince Edward,VA,Virginia,"22,049"
50023,Washington,VT,Vermont,"60,142"
51550,Chesapeake,VA,Virginia,"253,886"
48439,Tarrant,TX,Texas,"2,182,947"
51043,Clarke,VA,Virginia,"15,466"
51133,Northumberland,VA,Virginia,"12,391"
49057,Weber,UT,Utah,"271,926"
51775,Salem,VA,Virginia,"25,600"
51640,Galax,VA,Virginia,"6,717"
51057,Essex,VA,Virginia,"10,598"
48419,Shelby,TX,Texas,"24,179"
51109,Louisa,VA,Virginia,"41,037"
51119,Middlesex,VA,Virginia,"10,924"
51683,Manassas,VA,Virginia,"42,696"
51015,Augusta,VA,Virginia,"78,247"
51051,Dickenson,VA,Virginia,"13,640"
51157,Rappahannock,VA,Virginia,"7,414"
51153,Prince William,VA,Virginia,"489,640"
49041,Sevier,UT,Utah,"22,344"
51029,Buckingham,VA,Virginia,"16,978"
51127,New Kent,VA,Virginia,"26,134"
48475,Ward,TX,Texas,"10,966"
51113,Madison,VA,Virginia,"14,128"
51065,Fluvanna,VA,Virginia,"28,462"
51023,Botetourt,VA,Virginia,"34,125"
48433,Stonewall,TX,Texas,"1,218"
51033,Caroline,VA,Virginia,"32,640"
50025,Windham,VT,Vermont,"45,966"
51001,Accomack,VA,Virginia,"33,239"
51163,Rockbridge,VA,Virginia,"22,358"
51105,Lee,VA,Virginia,"21,745"
51073,Gloucester,VA,Virginia,"40,057"
51079,Greene,VA,Virginia,"21,301"
51610,Falls Church,VA,Virginia,"14,685"
48407,San Jacinto,TX,Texas,"28,936"
51009,Amherst,VA,Virginia,"31,396"
48503,Young,TX,Texas,"18,124"
51167,Russell,VA,Virginia,"25,477"
49021,Iron,UT,Utah,"64,211"
51177,Spotsylvania,VA,Virginia,"149,588"
48409,San Patricio,TX,Texas,"70,660"
51111,Lunenburg,VA,Virginia,"12,038"
50021,Rutland,VT,Vermont,"60,271"
51169,Scott,VA,Virginia,"21,433"
53003,Asotin,WA,Washington,"22,549"
51830,Williamsburg,VA,Virginia,"15,847"
51005,Alleghany,VA,Virginia,"14,595"
51770,Roanoke,VA,Virginia,"97,171"
51145,Powhatan,VA,Virginia,"32,105"
48483,Wheeler,TX,Texas,"4,804"
49023,Juab,UT,Utah,"13,023"
53007,Chelan,WA,Washington,"79,997"
48493,Wilson,TX,Texas,"54,183"
49045,Tooele,UT,Utah,"82,051"
49033,Rich,UT,Utah,"2,670"
51678,Lexington,VA,Virginia,"7,528"
51179,Stafford,VA,Virginia,"165,428"
48425,Somervell,TX,Texas,"9,888"
51149,Prince George,VA,Virginia,"42,871"
50001,Addison,VT,Vermont,"37,720"
51570,Colonial Heights,VA,Virginia,"18,393"
51041,Chesterfield,VA,Virginia,"383,876"
51183,Sussex,VA,Virginia,"10,757"
51013,Arlington,VA,Virginia,"234,162"
49029,Morgan,UT,Utah,"13,000"
51036,Charles City,VA,Virginia,"6,610"
51685,Manassas Park,VA,Virginia,"16,361"
48489,Willacy,TX,Texas,"20,037"
48415,Scurry,TX,Texas,"16,212"
51027,Buchanan,VA,Virginia,"19,087"
53011,Clark,WA,Washington,"521,150"
51800,Suffolk,VA,Virginia,"100,659"
51710,Norfolk,VA,Virginia,"230,930"
51059,Fairfax,VA,Virginia,"1,141,878"
53001,Adams,WA,Washington,"20,820"
50005,Caledonia,VT,Vermont,"30,610"
51760,Richmond,VA,Virginia,"229,247"
48501,Yoakum,TX,Texas,"7,468"
49039,Sanpete,UT,Utah,"30,277"
51137,Orange,VA,Virginia,"38,574"
49007,Carbon,UT,Utah,"20,609"
51161,Roanoke,VA,Virginia,"97,026"
48497,Wise,TX,Texas,"78,097"
51530,Buena Vista,VA,Virginia,"6,566"
48485,Wichita,TX,Texas,"130,180"
51131,Northampton,VA,Virginia,"12,021"
53047,Okanogan,WA,Washington,"43,712"
55111,Sauk,WI,Wisconsin,"65,920"
54097,Upshur,WV,West Virginia,"23,529"
55137,Waushara,WI,Wisconsin,"24,934"
56025,Natrona,WY,Wyoming,"79,941"
55043,Grant,WI,Wisconsin,"51,409"
53061,Snohomish,WA,Washington,"844,761"
54095,Tyler,WV,West Virginia,"7,919"
53051,Pend Oreille,WA,Washington,"14,361"
55089,Ozaukee,WI,Wisconsin,"93,460"
54023,Grant,WV,West Virginia,"10,921"
55025,Dane,WI,Wisconsin,"575,347"
54017,Doddridge,WV,West Virginia,"7,680"
56029,Park,WY,Wyoming,"30,735"
56037,Sweetwater,WY,Wyoming,"41,249"
54057,Mineral,WV,West Virginia,"26,867"
53069,Wahkiakum,WA,Washington,"4,765"
55057,Juneau,WI,Wisconsin,"26,594"
54051,Marshall,WV,West Virginia,"29,405"
54013,Calhoun,WV,West Virginia,"5,959"
55067,Langlade,WI,Wisconsin,"19,404"
55065,Lafayette,WI,Wisconsin,"16,945"
54067,Nicholas,WV,West Virginia,"24,169"
55037,Florence,WI,Wisconsin,"4,682"
54087,Roane,WV,West Virginia,"13,743"
55127,Walworth,WI,Wisconsin,"105,822"
53073,Whatcom,WA,Washington,"231,919"
54005,Boone,WV,West Virginia,"20,576"
55013,Burnett,WI,Wisconsin,"17,092"
55073,Marathon,WI,Wisconsin,"138,612"
55047,Green Lake,WI,Wisconsin,"19,344"
54081,Raleigh,WV,West Virginia,"72,356"
55101,Racine,WI,Wisconsin,"196,613"
55078,Menominee,WI,Wisconsin,"4,226"
54055,Mercer,WV,West Virginia,"58,057"
54101,Webster,WV,West Virginia,"8,045"
56033,Sheridan,WY,Wyoming,"32,519"
55023,Crawford,WI,Wisconsin,"15,944"
55053,Jackson,WI,Wisconsin,"20,855"
54079,Putnam,WV,West Virginia,"56,962"
55095,Polk,WI,Wisconsin,"45,762"
54021,Gilmer,WV,West Virginia,"7,254"
53025,Grant,WA,Washington,"102,678"
56019,Johnson,WY,Wyoming,"8,759"
56013,Fremont,WY,Wyoming,"39,815"
53057,Skagit,WA,Washington,"131,417"
53055,San Juan,WA,Washington,"18,566"
54009,Brooke,WV,West Virginia,"21,373"
55039,Fond du Lac,WI,Wisconsin,"103,948"
54063,Monroe,WV,West Virginia,"12,382"
55085,Oneida,WI,Wisconsin,"38,226"
53043,Lincoln,WA,Washington,"11,738"
55087,Outagamie,WI,Wisconsin,"193,234"
55107,Rusk,WI,Wisconsin,"14,143"
54011,Cabell,WV,West Virginia,"92,082"
54027,Hampshire,WV,West Virginia,"23,649"
54073,Pleasants,WV,West Virginia,"7,428"
56015,Goshen,WY,Wyoming,"12,642"
53065,Stevens,WA,Washington,"48,837"
55045,Green,WI,Wisconsin,"36,951"
55005,Barron,WI,Wisconsin,"46,833"
54099,Wayne,WV,West Virginia,"37,686"
56041,Uinta,WY,Wyoming,"20,745"
55049,Iowa,WI,Wisconsin,"23,956"
55119,Taylor,WI,Wisconsin,"20,058"
54003,Berkeley,WV,West Virginia,"132,440"
54083,Randolph,WV,West Virginia,"27,350"
54059,Mingo,WV,West Virginia,"22,023"
55125,Vilas,WI,Wisconsin,"23,885"
55081,Monroe,WI,Wisconsin,"46,151"
55017,Chippewa,WI,Wisconsin,"66,970"
54053,Mason,WV,West Virginia,"24,765"
56009,Converse,WY,Wyoming,"13,809"
56001,Albany,WY,Wyoming,"38,257"
54047,McDowell,WV,West Virginia,"17,439"
55009,Brown,WI,Wisconsin,"271,417"
54043,Lincoln,WV,West Virginia,"19,701"
55079,Milwaukee,WI,Wisconsin,"916,205"
55071,Manitowoc,WI,Wisconsin,"81,331"
55139,Winnebago,WI,Wisconsin,"171,735"
55103,Richland,WI,Wisconsin,"17,197"
54037,Jefferson,WV,West Virginia,"59,787"
55041,Forest,WI,Wisconsin,"9,325"
55083,Oconto,WI,Wisconsin,"39,775"
54025,Greenbrier,WV,West Virginia,"32,149"
53045,Mason,WA,Washington,"68,389"
54085,Ritchie,WV,West Virginia,"8,167"
55051,Iron,WI,Wisconsin,"6,228"
55109,St. Croix,WI,Wisconsin,"96,763"
54045,Logan,WV,West Virginia,"30,827"
53039,Klickitat,WA,Washington,"23,589"
55033,Dunn,WI,Wisconsin,"45,794"
55019,Clark,WI,Wisconsin,"34,774"
55093,Pierce,WI,Wisconsin,"43,026"
53075,Whitman,WA,Washington,"48,012"
55061,Kewaunee,WI,Wisconsin,"20,690"
56011,Crook,WY,Wyoming,"7,592"
55133,Waukesha,WI,Wisconsin,"412,591"
54093,Tucker,WV,West Virginia,"6,604"
53035,Kitsap,WA,Washington,"277,658"
53077,Yakima,WA,Washington,"256,643"
54015,Clay,WV,West Virginia,"7,783"
55113,Sawyer,WI,Wisconsin,"18,552"
56003,Big Horn,WY,Wyoming,"12,018"
55069,Lincoln,WI,Wisconsin,"28,405"
53049,Pacific,WA,Washington,"24,200"
54001,Barbour,WV,West Virginia,"15,378"
56027,Niobrara,WY,Wyoming,"2,354"
54107,Wood,WV,West Virginia,"83,052"
54103,Wetzel,WV,West Virginia,"13,890"
53027,Grays Harbor,WA,Washington,"77,290"
55003,Ashland,WI,Wisconsin,"16,079"
55141,Wood,WI,Wisconsin,"73,939"
55059,Kenosha,WI,Wisconsin,"167,488"
55131,Washington,WI,Wisconsin,"138,168"
54041,Lewis,WV,West Virginia,"16,500"
55115,Shawano,WI,Wisconsin,"41,109"
54077,Preston,WV,West Virginia,"34,099"
55007,Bayfield,WI,Wisconsin,"16,769"
56017,Hot Springs,WY,Wyoming,"4,661"
54071,Pendleton,WV,West Virginia,"6,029"
55015,Calumet,WI,Wisconsin,"53,199"
53041,Lewis,WA,Washington,"86,154"
55063,La Crosse,WI,Wisconsin,"120,486"
55027,Dodge,WI,Wisconsin,"88,231"
54091,Taylor,WV,West Virginia,"16,388"
56023,Lincoln,WY,Wyoming,"20,880"
55001,Adams,WI,Wisconsin,"21,449"
53023,Garfield,WA,Washington,"2,363"
55097,Portage,WI,Wisconsin,"71,024"
55135,Waupaca,WI,Wisconsin,"51,388"
53067,Thurston,WA,Washington,"299,003"
54075,Pocahontas,WV,West Virginia,"7,765"
56021,Laramie,WY,Wyoming,"100,984"
53053,Pierce,WA,Washington,"928,696"
54031,Hardy,WV,West Virginia,"14,251"
53071,Walla Walla,WA,Washington,"61,568"
53031,Jefferson,WA,Washington,"33,714"
54089,Summers,WV,West Virginia,"11,581"
54105,Wirt,WV,West Virginia,"5,000"
55075,Marinette,WI,Wisconsin,"42,106"
55121,Trempealeau,WI,Wisconsin,"30,899"
53033,King,WA,Washington,"2,271,380"
53037,Kittitas,WA,Washington,"45,508"
54061,Monongalia,WV,West Virginia,"107,718"
54029,Hancock,WV,West Virginia,"28,145"
54007,Braxton,WV,West Virginia,"12,162"
56035,Sublette,WY,Wyoming,"8,969"
53063,Spokane,WA,Washington,"551,455"
56007,Carbon,WY,Wyoming,"14,334"
54065,Morgan,WV,West Virginia,"17,649"
55021,Columbia,WI,Wisconsin,"58,091"
56043,Washakie,WY,Wyoming,"7,710"
56031,Platte,WY,Wyoming,"8,546"
53059,Skamania,WA,Washington,"12,640"
53029,Island,WA,Washington,"86,267"
54049,Marion,WV,West Virginia,"55,807"
54019,Fayette,WV,West Virginia,"39,072"
54033,Harrison,WV,West Virginia,"64,639"
55011,Buffalo,WI,Wisconsin,"13,419"
55117,Sheboygan,WI,Wisconsin,"117,752"
54039,Kanawha,WV,West Virginia,"174,805"
56045,Weston,WY,Wyoming,"6,808"
55035,Eau Claire,WI,Wisconsin,"107,903"
55105,Rock,WI,Wisconsin,"164,278"
55129,Washburn,WI,Wisconsin,"16,930"
55031,Douglas,WI,Wisconsin,"44,264"
55077,Marquette,WI,Wisconsin,"15,838"
53021,Franklin,WA,Washington,"99,034"
54109,Wyoming,WV,West Virginia,"20,277"
56005,Campbell,WY,Wyoming,"47,498"
54035,Jackson,WV,West Virginia,"27,593"
55099,Price,WI,Wisconsin,"14,102"
55029,Door,WI,Wisconsin,"30,562"
56039,Teton,WY,Wyoming,"23,232"
