LocationID,ACCESS2,ARTHRITIS,BINGE,BPHIGH,BPMED,CANCER,CASTHMA,CHD,CHECKUP,CHOLSCREEN,COGNITION,COLON_SCREEN,COPD,CSMOKING,DENTAL,DEPRESSION,DIABETES,DISABILITY,EMOTIONSPT,FOODINSECU,FOODSTAMP,GHLTH,HEARING,HIGHCHOL,HOUSINSECU,INDEPLIVE,LACKTRPT,LONELINESS,LPA,MAMMOUSE,MHLTH,MOBILITY,OBESITY,PHLTH,SELFCARE,SHUTUTILITY,SLEEP,STROKE,TEETHLOST,VISION
59,11.5,21.9,16.6,30.7,57.5,6.6,9.8,5.3,75.7,85.6,14.1,54.1,5.3,11.6,63.4,20.7,10.3,28.3,24.1,15.6,11.8,18.3,5.8,32.2,12.9,7.6,8.3,33.2,23.7,76.0,16.3,11.7,32.9,12.1,3.4,8.1,36.8,2.9,12.6,5.2
1001,9.1,26.3,15.6,38.2,61.7,7.0,10.0,5.6,79.4,85.0,15.9,64.6,6.4,14.5,61.9,25.9,11.4,32.4,24.3,17.0,11.6,20.0,6.9,36.3,13.2,8.7,8.9,33.7,26.0,80.7,18.0,13.4,39.5,12.8,3.6,8.8,37.7,3.2,12.0,4.8
1003,8.8,26.3,17.1,37.0,59.1,7.6,9.4,5.5,77.5,84.9,15.1,62.9,6.0,13.3,62.4,23.9,10.4,31.4,21.9,14.2,9.1,17.7,7.1,35.4,11.0,7.8,7.5,33.3,23.7,74.1,16.8,12.3,35.0,11.9,3.2,7.2,36.4,2.9,11.4,4.3
1005,14.8,28.9,14.0,45.4,63.9,6.1,10.9,7.4,79.3,81.7,20.3,56.6,9.3,20.8,45.3,22.9,16.5,42.0,31.7,32.1,26.2,29.9,8.0,36.5,23.2,12.9,15.599999999999998,39.8,34.5,74.8,19.9,20.0,47.1,16.2,6.4,16.7,44.6,4.7,27.7,8.4
1007,13.0,28.2,15.3,42.4,61.6,6.9,10.4,7.0,77.3,81.5,19.6,58.9,8.9,19.9,50.2,25.0,13.9,39.6,28.0,24.3,18.7,26.3,8.4,36.7,17.2,11.5,12.2,37.2,31.9,69.2,19.9,17.4,43.7,15.6,5.1,12.0,41.4,4.0,21.7,6.7
1009,12.0,26.7,16.3,36.0,58.9,7.3,9.9,6.3,77.0,82.4,18.0,61.2,7.6,16.9,54.0,26.0,11.3,35.8,24.3,17.7,12.1,22.1,8.0,35.7,13.1,9.7,9.2,35.8,27.7,69.6,18.9,14.5,36.0,14.3,4.0,8.3,37.6,3.3,16.8,5.3
1011,18.2,30.6,11.7,52.4,66.4,5.2,11.5,8.8,80.3,80.2,23.2,53.6,11.2,24.9,39.0,21.7,21.3,47.9,34.4,44.0,40.39999999999999,37.8,8.3,37.1,31.2,16.3,21.8,40.2,42.7,74.8,21.3,25.1,51.0,18.5,9.0,24.1,50.5,6.2,35.1,11.9
1013,11.8,28.7,13.4,44.8,64.7,6.2,11.1,6.7,80.1,83.2,19.1,59.4,8.3,19.0,49.0,23.8,15.2,39.3,29.8,28.6,23.5,27.0,7.3,36.0,21.2,11.9,14.1,39.4,35.1,76.4,20.2,18.1,40.7,15.1,5.5,15.1,43.6,4.3,22.8,7.3
1015,11.0,28.1,15.6,41.5,61.1,6.9,10.6,6.4,77.6,83.4,18.0,59.6,7.8,17.0,55.8,25.3,12.9,37.3,25.9,21.5,16.0,24.4,7.6,35.4,15.5,10.5,10.8,37.5,31.0,76.2,19.3,16.2,39.1,14.6,4.4,10.7,42.8,3.6,17.4,5.9
1017,12.1,28.2,13.5,42.8,62.6,6.4,10.9,6.5,78.9,83.2,18.8,59.4,8.0,18.2,48.3,23.9,14.5,38.4,28.6,26.1,20.3,25.8,7.3,34.8,19.5,11.4,12.9,37.6,32.5,76.1,20.0,17.5,41.6,14.8,5.2,13.6,42.6,4.1,17.9,6.9
1019,10.8,27.6,16.5,37.5,59.8,7.5,10.3,6.6,76.3,82.2,18.5,62.8,8.2,18.1,56.7,27.1,11.8,37.4,24.3,18.4,13.4,23.1,8.2,36.8,13.2,10.4,9.6,35.6,28.8,74.3,19.8,15.5,39.3,14.9,4.2,8.9,37.4,3.5,18.1,5.5
1021,12.1,27.3,15.5,39.0,60.1,7.2,10.0,6.3,77.1,82.9,18.2,59.4,7.6,17.1,59.2,25.3,12.0,37.6,25.5,19.4,13.4,22.8,7.9,37.7,14.2,9.9,9.8,37.4,30.0,73.5,19.3,15.2,39.8,14.7,4.1,9.3,34.1,3.4,23.2,5.6
1023,11.8,29.8,13.9,44.2,64.0,6.3,11.1,6.8,79.6,82.8,19.5,59.4,8.5,19.1,49.2,25.3,15.0,40.5,29.0,27.3,22.4,27.5,7.4,36.4,19.8,12.0,13.5,38.6,33.5,74.8,20.3,18.4,44.5,15.5,5.5,14.3,43.1,4.3,22.1,7.2
1025,11.6,28.6,13.4,43.5,63.8,6.2,11.0,6.5,79.9,83.5,18.9,60.0,7.9,18.3,50.1,23.9,14.9,40.1,30.3,27.4,21.4,26.7,7.2,35.0,20.3,11.6,13.3,40.1,32.5,75.6,19.7,17.7,44.2,14.9,5.2,14.1,44.0,4.1,19.8,6.9
1027,11.7,28.3,15.6,40.6,60.9,7.1,10.6,6.8,77.4,82.0,19.1,60.2,8.5,18.7,50.0,26.0,12.9,38.8,25.6,21.6,16.3,24.8,8.2,36.6,15.4,11.1,11.0,36.7,30.5,73.0,20.0,16.4,42.4,15.3,4.7,10.6,40.8,3.7,22.4,6.2
1029,10.6,27.3,16.7,37.0,59.4,7.5,10.1,6.5,76.3,82.1,18.3,59.4,8.1,18.0,52.6,26.9,11.7,36.2,24.6,17.9,13.1,22.3,8.2,36.2,12.7,10.2,9.3,36.3,28.7,74.2,19.7,15.0,37.1,14.5,4.1,8.7,38.4,3.4,21.9,5.4
1031,11.7,27.1,15.7,39.5,61.4,7.0,10.2,6.3,77.6,83.1,17.7,60.5,7.5,16.7,59.5,25.0,12.7,36.6,26.0,20.3,14.6,22.8,7.7,35.1,14.9,10.1,10.5,36.9,28.8,74.7,18.7,15.5,40.8,14.1,4.3,10.2,41.3,3.5,16.7,5.9
1033,10.2,27.5,16.0,38.6,60.2,7.1,10.4,6.1,77.9,83.4,17.4,58.3,7.4,16.6,55.4,25.8,12.1,35.5,25.2,18.7,13.6,22.0,7.4,35.9,14.2,9.7,9.7,36.0,26.9,71.0,18.9,14.8,37.4,14.0,4.1,9.6,41.6,3.4,13.1,5.4
1035,13.6,30.0,12.9,46.5,65.0,6.2,11.3,7.6,79.5,81.8,20.9,58.4,9.7,21.5,48.7,24.1,16.8,42.6,30.3,32.8,28.8,30.6,8.2,36.0,23.5,13.5,16.2,39.2,36.6,72.9,20.8,20.6,46.8,16.6,6.5,17.7,43.7,4.8,25.5,8.7
1037,11.9,27.6,15.0,40.7,61.9,6.6,10.5,6.6,78.0,82.7,18.6,61.8,7.9,18.3,51.3,24.3,13.5,37.8,28.1,23.1,17.4,24.8,7.6,35.1,17.1,10.8,11.6,37.4,30.6,76.8,19.5,16.6,41.6,14.9,4.8,11.6,41.9,3.9,13.8,6.3
1039,10.9,27.4,15.2,39.6,61.0,7.2,10.4,6.6,77.7,82.4,18.6,60.9,8.3,18.3,53.1,26.0,12.8,37.4,25.5,20.5,15.7,24.3,8.1,36.7,14.8,10.8,10.6,35.8,29.7,74.8,20.0,15.9,38.1,14.8,4.5,10.4,36.6,3.7,17.1,6.0
1041,11.7,27.8,15.2,40.8,61.3,6.8,10.6,6.5,78.5,82.6,18.8,60.4,8.2,18.5,52.2,25.0,13.4,37.9,27.1,23.0,17.4,24.8,7.7,35.6,16.8,11.0,11.5,37.2,30.9,72.8,19.6,16.5,40.3,14.8,4.7,11.4,40.4,3.8,18.1,6.3
1043,10.5,27.5,17.1,37.3,58.8,7.5,9.9,6.3,76.9,82.7,17.6,57.7,7.6,16.9,54.8,26.5,11.0,35.1,23.2,16.4,11.6,21.5,8.0,35.2,12.2,9.6,8.8,33.9,25.9,73.7,18.9,14.2,36.2,14.1,3.9,8.1,37.4,3.3,14.7,5.1
1045,11.8,27.9,14.5,40.5,61.5,7.0,10.4,6.6,78.2,83.1,18.7,58.4,8.0,18.0,54.6,25.5,13.7,38.8,26.3,22.2,17.1,25.0,8.0,36.7,16.4,10.8,11.6,37.3,30.6,73.8,19.6,16.5,41.5,15.0,4.7,11.5,39.7,3.8,16.1,6.3
1047,13.0,29.0,11.7,49.2,66.6,5.5,11.8,7.2,81.8,83.5,20.2,58.4,9.1,20.1,47.4,21.4,18.1,41.5,31.6,35.9,33.3,31.3,7.1,36.7,26.5,13.8,17.9,40.3,36.1,78.5,20.3,21.0,46.5,15.8,7.0,20.4,47.6,5.2,23.2,9.3
1049,15.4,28.0,15.5,40.0,59.0,7.2,10.1,7.3,76.0,80.8,20.4,54.3,9.2,19.9,47.5,27.2,13.3,40.2,25.7,23.7,17.7,26.8,9.0,36.5,16.2,11.7,11.7,36.3,32.6,71.4,20.1,17.6,38.6,16.4,5.1,10.9,41.1,3.9,20.2,7.0
1051,9.5,26.2,15.9,38.2,61.7,7.1,10.0,5.8,78.9,84.6,16.4,61.6,6.6,15.1,59.5,23.6,11.4,34.0,26.3,17.9,12.4,20.8,7.1,35.7,13.5,9.0,9.2,36.2,25.4,76.3,18.4,13.7,38.7,13.1,3.7,9.1,42.2,3.2,12.7,4.9
1053,13.5,29.2,14.4,44.0,63.4,6.5,11.0,7.6,78.5,81.2,21.0,57.0,9.7,21.6,47.9,24.9,15.6,42.0,29.0,29.9,25.0,29.9,8.5,36.6,20.8,13.2,14.9,37.9,34.1,70.7,20.9,19.6,43.9,16.8,6.1,15.4,46.1,4.6,28.6,8.2
1055,11.3,28.3,15.6,40.9,60.9,7.2,10.3,6.6,77.7,82.8,18.8,56.0,8.2,18.1,54.1,26.1,13.4,38.9,25.1,20.8,15.7,24.9,8.0,36.0,15.4,10.8,10.7,36.9,31.7,74.3,19.6,16.6,43.6,15.2,4.5,10.5,46.2,3.7,17.3,5.9
1057,11.5,29.0,16.0,40.9,60.8,7.2,10.5,6.9,77.5,81.7,19.5,59.6,8.8,19.4,49.5,27.3,13.1,38.5,24.8,21.3,16.6,24.5,8.4,35.8,15.2,11.2,11.0,36.7,30.6,71.5,20.2,16.5,40.6,15.4,4.8,10.7,40.5,3.8,26.7,6.2
1059,16.5,28.4,15.2,39.9,60.2,7.1,10.0,7.2,76.3,80.7,20.1,56.5,9.1,19.5,50.2,25.9,13.9,40.1,25.2,25.0,18.7,27.3,8.9,37.7,17.3,11.8,12.1,37.1,32.7,72.1,19.8,17.8,42.2,16.2,5.2,11.5,39.3,3.9,16.8,7.3
1061,12.5,28.3,16.2,39.1,60.6,7.1,10.5,7.0,77.1,81.5,19.5,55.2,8.9,19.8,54.2,27.1,13.0,38.0,25.1,22.2,17.0,25.3,8.5,36.2,15.7,11.4,11.2,36.0,30.1,76.9,20.1,16.6,42.2,15.5,4.8,10.8,41.2,3.8,18.2,6.5
1063,15.4,30.9,10.7,52.4,67.8,5.0,12.3,8.2,81.9,82.0,22.6,56.4,10.7,23.8,41.0,22.0,21.1,46.6,33.8,44.400000000000006,42.2,36.0,7.5,36.2,31.8,16.4,22.1,40.5,42.0,74.9,21.5,25.0,53.4,18.0,8.9,25.5,51.0,6.1,31.4,11.7
1065,12.8,29.0,12.6,46.0,65.2,5.8,11.5,6.9,80.4,83.3,19.8,59.7,8.6,19.5,49.1,22.3,16.3,40.4,29.9,31.6,26.6,28.9,7.1,35.5,23.4,12.8,15.5,38.3,34.4,79.6,20.0,19.6,47.8,15.6,6.200000000000001,16.9,44.9,4.7,25.3,8.1
1067,10.9,27.3,15.2,40.4,61.0,6.8,10.5,6.3,78.2,83.3,18.0,57.7,7.6,17.1,49.7,24.8,12.8,36.0,26.7,21.3,16.1,23.1,7.4,35.7,15.7,10.4,10.8,37.0,29.1,74.1,19.1,15.6,41.2,14.1,4.5,10.7,42.6,3.7,11.4,5.9
1069,10.8,27.3,14.8,39.8,63.0,7.0,10.5,6.3,79.4,83.5,17.7,61.1,7.5,16.3,53.0,25.8,13.1,37.2,27.4,21.5,16.6,23.6,7.6,34.2,16.4,10.4,11.1,39.5,27.7,74.6,19.5,15.5,40.5,14.0,4.5,11.3,40.4,3.7,16.5,6.0
1071,11.8,29.1,16.0,39.6,60.0,7.4,10.4,7.0,76.8,81.4,19.6,60.2,8.9,19.4,52.0,28.2,12.7,40.8,25.6,20.8,15.6,24.9,8.8,35.9,14.3,11.3,10.6,35.3,30.6,72.4,20.3,16.9,39.1,15.5,4.6,9.9,42.1,3.7,18.7,6.1
1073,9.3,25.3,15.5,40.0,62.9,6.4,9.9,5.7,80.0,85.8,15.8,67.2,6.2,14.1,58.2,23.2,13.5,34.1,25.0,20.8,15.2,20.3,6.3,35.4,16.0,9.2,10.5,39.0,27.4,84.2,17.5,14.9,37.6,12.1,4.2,11.4,38.4,3.6,14.5,5.5
1075,11.5,28.1,15.8,40.4,60.8,7.2,10.5,6.9,77.1,81.6,19.5,58.4,8.8,19.5,54.3,26.5,12.9,39.1,25.6,21.3,16.5,24.8,8.4,36.9,15.1,11.2,10.9,37.1,30.0,77.1,20.4,16.7,40.8,15.4,4.7,10.5,39.5,3.8,21.7,6.1
1077,9.5,26.6,16.2,35.9,60.2,7.4,10.0,5.9,77.7,83.8,16.6,60.5,7.0,15.4,59.5,25.2,11.0,33.8,23.4,16.1,11.7,20.2,7.5,35.0,12.3,9.2,8.8,34.5,25.8,74.6,18.6,13.8,36.7,13.4,3.7,8.4,41.4,3.2,15.6,4.9
1079,11.1,27.9,15.8,38.7,60.1,7.1,10.6,6.6,77.2,82.3,18.9,58.4,8.2,18.8,52.1,26.1,12.5,37.5,26.0,20.6,15.1,23.7,8.2,35.9,15.0,10.7,10.8,37.1,29.4,75.2,19.8,16.0,39.2,14.9,4.4,10.2,39.9,3.7,22.4,6.0
1081,9.1,25.6,15.3,38.6,61.5,6.9,10.0,5.9,79.3,85.0,15.4,63.6,6.4,13.8,57.5,23.4,12.7,32.5,23.5,17.5,12.8,20.1,7.0,35.1,13.7,8.9,9.4,33.5,25.7,78.6,17.3,13.8,39.9,12.6,3.9,9.6,37.5,3.3,13.3,5.1
1083,9.6,25.8,16.4,37.3,58.9,7.2,9.7,5.6,78.0,84.7,15.5,63.1,6.1,14.0,60.2,24.2,10.9,32.3,23.8,15.4,9.9,19.3,6.9,35.7,12.1,8.3,8.2,35.8,24.5,76.1,17.1,13.1,39.0,12.4,3.4,7.8,39.8,3.0,14.6,4.5
1085,14.7,30.0,11.2,50.4,66.9,5.3,11.8,7.8,81.4,82.2,21.6,54.9,9.9,22.2,44.6,22.0,19.4,44.9,32.6,40.3,37.0,33.8,7.4,35.4,29.0,15.1,19.8,40.3,39.3,74.5,21.0,23.1,51.3,17.1,7.9,22.5,49.5,5.6,28.800000000000004,10.4
1087,11.9,28.6,11.6,48.4,66.6,5.1,11.8,6.6,82.2,85.0,18.7,62.2,7.7,17.9,47.6,21.6,17.7,40.0,32.0,33.2,27.8,28.6,6.1,34.7,25.3,12.5,16.4,40.2,34.8,78.7,19.7,19.7,49.1,14.9,6.3,18.6,44.7,4.8,25.5,8.2
1089,8.3,25.3,15.4,36.2,59.1,6.9,9.4,5.2,79.3,86.4,13.6,64.0,5.2,12.0,62.4,22.0,10.9,29.3,23.7,13.7,9.3,17.3,6.3,35.0,11.4,7.4,7.8,35.4,22.2,79.7,16.0,11.8,40.1,11.3,3.1,7.7,38.4,2.9,10.9,4.2
1091,12.1,29.0,13.1,45.7,64.8,6.0,11.1,6.8,80.6,83.7,18.8,57.8,8.1,18.0,49.8,23.5,16.1,39.5,29.5,28.9,23.9,27.3,7.1,37.3,21.2,11.9,14.2,39.1,32.7,75.7,19.5,18.7,43.2,15.0,5.6,15.4,43.9,4.4,20.4,7.5
1093,11.7,28.2,16.2,39.3,59.6,7.5,10.4,6.9,76.5,81.4,19.3,55.9,8.8,19.2,54.2,27.3,12.3,38.6,25.1,20.3,15.1,24.1,8.6,36.7,14.1,11.0,10.3,36.4,30.1,71.7,20.1,16.2,42.5,15.3,4.6,9.7,38.6,3.7,17.8,6.0
1095,13.1,26.6,16.3,37.5,59.5,7.4,9.8,6.4,76.2,82.7,18.0,59.6,7.7,16.8,56.3,26.2,12.4,37.4,24.6,19.2,13.2,23.5,8.1,36.8,13.9,9.9,9.8,37.4,29.7,72.9,18.8,15.3,37.6,14.4,4.1,9.1,40.3,3.4,22.9,5.7
1097,10.5,25.6,14.8,39.6,63.9,6.5,9.8,6.1,78.1,84.1,16.3,62.2,6.9,15.7,51.3,22.7,14.1,34.3,28.4,22.3,16.5,22.1,6.8,35.3,16.6,9.9,11.3,35.5,29.7,77.4,18.1,15.7,39.0,13.3,4.4,11.5,41.5,3.7,15.8,5.9
1099,12.8,28.9,13.4,44.7,64.0,6.2,11.3,7.1,79.6,82.3,20.3,59.2,9.0,20.4,48.7,24.2,15.6,41.1,29.2,29.6,24.7,28.7,7.7,35.4,21.5,12.7,14.6,38.2,34.7,75.8,20.6,19.3,43.9,15.9,5.8,15.5,45.6,4.5,20.4,7.8
1101,10.4,27.2,13.0,43.8,64.4,5.8,10.8,6.0,82.0,85.6,16.4,61.7,6.7,14.8,53.2,21.4,14.8,36.4,28.1,25.6,20.2,23.8,6.2,34.0,20.2,10.4,12.9,37.4,29.9,80.9,17.7,16.7,46.3,13.5,4.9,14.3,43.8,4.0,14.7,6.6
1103,11.7,26.9,15.8,39.9,61.5,7.1,9.9,6.2,77.0,83.4,17.0,60.7,7.2,16.3,54.9,24.9,12.3,35.9,25.0,18.8,13.0,22.4,7.7,35.9,14.2,9.6,9.6,36.0,28.6,74.9,18.0,14.8,38.5,13.8,4.0,9.3,39.6,3.3,18.3,5.5
1105,14.5,31.6,11.1,51.9,67.9,5.4,12.2,8.2,81.9,82.1,22.4,57.3,10.7,23.3,42.3,23.4,20.5,46.1,31.8,41.9,39.6,35.4,7.8,36.4,29.799999999999997,15.9,20.7,39.7,40.3,75.4,21.7,24.1,54.0,17.9,8.4,24.0,47.4,5.800000000000001,30.1,11.1
1107,14.0,28.0,14.0,43.6,63.3,6.2,10.7,7.0,79.2,82.4,19.3,59.3,8.5,19.0,50.4,23.1,15.2,39.6,28.5,27.9,22.3,27.5,7.8,36.6,20.5,11.8,13.8,37.7,33.4,79.5,19.5,18.1,48.0,15.4,5.6,14.5,42.2,4.3,25.0,7.5
1109,10.7,28.4,14.0,42.6,62.8,6.5,10.9,6.6,79.7,83.7,18.0,58.7,7.9,17.2,55.2,24.6,14.6,38.2,26.0,24.8,20.0,24.7,7.5,35.2,18.5,11.1,12.6,35.8,29.2,75.8,19.2,17.2,43.3,14.5,5.1,13.5,40.1,4.1,16.6,6.7
1111,10.9,27.5,15.4,39.7,61.1,7.1,10.4,6.5,78.3,82.9,18.3,58.5,7.9,17.6,51.8,25.8,12.7,37.2,25.6,20.7,15.5,23.5,7.7,36.9,15.1,10.4,10.6,36.5,28.2,74.4,19.4,15.6,38.0,14.3,4.4,10.4,40.1,3.6,15.8,5.8
1113,12.2,27.6,13.8,43.7,64.0,6.1,11.1,6.6,79.4,83.7,18.8,61.2,8.0,18.1,49.3,24.3,15.3,38.7,29.0,28.0,21.9,26.4,7.2,36.4,21.0,11.7,13.8,39.2,32.3,75.8,19.6,18.0,42.7,14.9,5.4,14.7,43.3,4.3,19.5,7.3
1115,9.5,26.7,17.0,37.2,60.1,7.3,10.0,5.8,77.8,84.1,16.7,60.0,6.7,15.2,61.0,25.9,10.9,34.3,25.6,16.1,10.8,20.1,7.3,36.8,12.4,8.9,8.6,38.0,26.3,76.2,18.6,13.5,39.2,13.2,3.5,8.1,35.8,3.1,11.9,4.7
1117,7.4,23.9,17.7,36.4,58.7,7.5,9.4,4.8,78.0,86.7,12.9,64.9,4.8,10.6,67.1,22.3,9.6,26.9,21.2,11.6,7.0,15.3,6.2,35.6,9.5,6.7,6.5,31.5,19.9,80.3,15.4,10.6,31.6,10.6,2.7,6.5,35.1,2.5,11.3,3.6
1119,11.8,29.8,11.7,49.1,66.9,5.4,11.7,7.1,82.3,84.1,19.2,60.0,8.5,18.8,45.3,21.9,18.2,40.4,30.2,34.1,29.9,29.4,6.8,35.7,25.7,13.1,16.8,38.0,35.7,79.3,20.0,20.5,50.0,15.4,6.8,19.8,48.3,5.1,29.800000000000004,8.8
1121,11.4,27.1,14.8,43.0,62.1,6.6,10.7,6.6,79.5,83.3,18.4,62.2,7.9,18.0,52.3,23.7,14.2,37.3,27.0,23.6,18.3,24.9,7.6,35.7,17.7,10.8,11.9,36.9,31.1,76.6,19.1,16.2,45.4,14.6,4.8,12.3,44.7,3.9,18.4,6.4
1123,10.7,28.4,15.3,40.8,61.8,6.9,10.5,6.3,79.0,83.6,17.6,57.3,7.3,16.9,55.4,25.2,12.7,36.4,26.7,21.0,15.4,23.4,7.5,36.5,15.9,10.1,10.8,37.6,27.8,73.9,19.1,15.3,39.6,14.1,4.3,10.8,42.5,3.6,17.6,5.7
1125,9.6,26.7,15.4,40.8,64.3,6.7,10.2,5.9,81.1,84.9,16.5,59.8,6.7,15.0,55.4,24.7,12.4,34.5,24.7,20.1,14.3,21.2,6.9,37.0,15.5,9.4,10.2,33.8,26.8,78.1,18.0,14.8,43.2,13.2,4.1,10.7,41.9,3.5,15.0,5.5
1127,11.2,28.5,15.6,38.6,59.6,7.4,10.4,6.7,77.3,81.9,19.0,58.1,8.5,18.9,51.5,27.8,12.2,39.1,24.9,20.1,14.5,24.2,8.2,35.1,13.9,10.9,10.1,36.6,30.6,69.2,20.0,16.3,35.7,15.5,4.4,9.5,43.6,3.5,17.0,5.8
1129,10.2,28.6,15.0,40.8,61.8,6.8,10.7,6.4,78.0,83.2,18.2,59.5,7.7,17.9,49.9,25.5,13.3,38.4,26.8,22.3,16.3,24.2,7.8,35.8,16.4,10.5,11.3,37.5,29.9,74.9,19.6,16.4,41.0,14.6,4.5,11.3,44.4,3.8,16.2,6.1
1131,15.1,30.2,11.5,50.4,66.7,5.5,12.1,7.8,81.1,82.0,22.1,54.2,10.3,22.8,39.7,22.7,19.1,44.9,32.9,40.4,36.4,34.0,7.6,35.9,29.0,15.3,19.8,41.3,39.1,73.3,21.4,22.9,51.9,17.3,7.9,22.0,47.4,5.5,34.0,10.4
1133,12.6,28.9,16.0,39.5,60.0,7.5,10.4,7.1,76.5,80.6,20.1,57.8,9.4,20.2,56.8,28.0,12.7,39.7,24.7,21.5,16.4,25.5,8.9,37.5,14.6,11.6,10.8,37.1,31.8,71.8,20.4,17.1,39.0,16.0,4.8,9.9,37.3,3.8,14.5,6.4
2013,16.0,18.4,15.0,33.8,53.7,4.7,7.8,6.4,64.6,76.3,13.0,43.8,5.4,16.0,48.1,12.3,12.9,30.0,34.2,21.0,12.0,22.4,8.6,32.5,14.9,7.3,10.8,35.1,28.5,62.8,13.0,12.9,29.8,12.8,3.7,9.0,41.8,3.6,16.9,6.3
2016,13.1,17.7,17.6,32.2,51.9,4.9,7.8,5.7,64.9,77.4,12.2,49.8,4.8,14.9,51.7,13.1,11.4,26.3,33.5,16.4,8.9,18.7,7.6,32.2,12.7,6.4,9.0,37.7,25.6,64.3,13.0,10.9,30.5,11.7,3.1,7.6,38.9,3.1,15.0,5.0
2020,9.5,22.0,18.0,31.4,51.6,6.5,10.6,5.1,70.7,80.6,13.2,55.9,5.2,14.1,64.2,21.2,8.8,27.5,25.0,12.8,9.0,17.5,7.1,29.5,12.0,7.1,8.3,33.8,20.0,69.0,16.1,11.0,35.0,12.1,3.0,7.9,34.7,2.8,13.6,4.2
2050,15.9,25.2,15.6,39.7,51.3,5.7,13.4,8.6,64.9,71.7,21.8,43.6,10.4,31.2,37.0,20.3,14.7,43.2,36.1,37.0,29.6,32.7,12.6,30.0,26.5,14.6,21.9,36.6,34.4,57.2,20.9,20.9,39.4,20.2,6.6,19.6,41.8,5.4,31.5,11.1
2060,9.8,21.8,20.5,31.2,49.1,6.7,11.1,5.9,64.8,78.9,14.8,52.3,5.8,16.7,58.1,19.8,9.1,29.6,26.3,14.4,9.1,17.9,8.2,29.3,12.8,7.8,9.7,34.2,20.7,65.3,16.6,11.6,34.5,13.2,3.3,8.5,38.0,3.2,12.4,4.8
2063,9.2,21.0,19.5,29.7,50.3,6.8,10.0,5.3,65.7,79.2,13.2,57.6,5.4,14.7,61.2,19.0,8.0,26.8,24.1,12.0,7.8,16.5,7.2,29.8,10.6,6.9,7.7,32.1,20.2,67.6,15.2,10.2,30.7,12.1,2.9,7.1,34.7,2.8,9.8,4.1
2066,10.0,22.8,21.3,32.2,50.9,7.0,10.9,6.0,66.1,78.2,15.1,51.4,6.5,17.9,57.7,21.1,8.9,30.3,25.5,15.0,10.6,18.9,8.2,29.2,12.3,8.4,9.7,34.0,21.7,68.8,16.8,12.1,33.1,13.5,3.5,8.7,36.3,3.2,15.0,5.0
2068,9.5,20.5,20.7,29.9,49.6,6.8,9.8,5.4,65.9,79.0,13.5,55.0,5.4,15.2,61.8,19.7,7.7,27.3,25.1,11.9,7.699999999999999,15.9,7.3,29.4,10.5,6.8,7.5,32.3,20.4,68.6,15.4,10.1,29.9,11.9,2.8,6.7,32.3,2.8,12.9,3.9
2070,13.4,23.9,18.2,33.9,51.4,5.9,12.6,7.3,63.5,74.5,18.7,47.0,8.2,25.7,47.4,20.0,12.5,37.4,31.6,27.4,20.0,26.5,10.5,29.4,20.9,11.8,16.9,36.7,29.3,62.7,19.3,17.0,38.5,17.3,5.1,15.0,37.8,4.4,19.7,8.4
2090,9.5,20.9,17.7,31.7,50.8,6.9,10.0,5.0,66.8,79.9,13.0,57.0,5.0,14.3,63.2,20.1,8.3,28.3,25.3,11.2,7.8,16.5,7.0,31.2,10.5,6.8,7.6,32.9,21.8,58.4,15.4,10.1,35.8,12.1,2.8,6.8,36.8,2.7,11.5,3.9
2100,8.3,21.1,20.0,30.1,49.5,7.2,10.3,5.2,66.7,79.8,13.0,54.2,5.3,13.9,60.5,20.5,7.7,26.4,23.3,11.5,7.6,15.5,7.1,29.6,10.1,6.8,7.6,32.1,18.4,69.6,15.5,10.0,33.3,11.7,2.8,7.0,33.0,2.7,13.8,3.9
2105,11.3,23.0,18.7,33.2,51.5,6.6,11.6,6.5,66.2,77.4,16.4,52.2,6.9,19.7,52.5,20.5,10.4,33.7,27.6,19.7,13.9,21.8,9.0,30.1,16.0,9.4,12.4,34.3,24.3,67.2,17.8,13.8,36.4,14.9,4.0,11.2,37.7,3.6,20.2,6.1
2110,8.7,21.6,20.0,29.5,51.7,6.7,10.2,5.0,66.7,80.4,13.1,56.0,5.2,13.8,62.7,21.5,7.8,26.1,23.9,11.8,7.699999999999999,16.1,6.9,30.7,10.2,6.8,7.8,32.2,17.0,68.5,15.5,10.0,34.5,11.8,2.9,7.2,32.8,2.7,13.0,3.9
2122,10.3,21.9,19.3,30.3,49.8,7.4,10.4,5.5,62.4,76.9,14.0,52.8,6.0,16.2,59.5,20.7,7.9,28.4,22.2,13.4,9.5,17.5,7.6,31.4,11.2,7.4,8.2,33.2,20.3,61.3,16.2,10.8,32.0,13.0,3.1,7.6,30.2,2.9,15.8,4.3
2130,9.8,21.7,19.6,30.9,50.2,6.8,10.4,5.3,66.9,79.0,13.7,54.4,5.7,16.0,60.3,19.5,8.6,28.5,24.2,13.5,9.1,18.3,7.4,29.5,11.6,7.3,8.6,30.2,21.0,67.0,16.0,11.2,37.4,13.0,3.1,7.8,38.8,2.9,11.7,4.4
2150,10.5,19.1,17.6,30.2,51.1,5.8,9.3,5.2,67.1,78.8,13.1,51.7,5.2,15.0,55.7,17.2,9.3,26.8,27.2,14.8,8.9,17.7,7.1,31.7,11.7,7.0,8.5,34.0,22.8,69.0,14.7,10.7,31.4,12.0,3.0,7.4,38.7,2.9,13.3,4.5
2158,18.1,28.4,15.3,41.5,54.2,5.7,14.6,9.6,66.0,70.4,25.1,40.1,12.4,36.9,32.2,22.7,18.0,49.9,35.3,45.8,38.9,39.0,13.8,30.5,31.6,17.6,26.800000000000004,39.3,38.5,48.5,23.5,25.1,47.0,23.2,8.1,24.9,45.6,6.2,44.6,13.8
2164,12.6,24.1,17.0,35.0,52.1,6.1,12.5,7.2,66.5,75.7,18.5,48.1,8.1,24.2,49.4,20.5,12.6,37.4,30.7,26.1,19.3,26.0,10.1,29.7,19.8,11.3,15.8,35.5,28.7,62.4,19.2,16.6,38.6,16.9,4.9,14.3,40.4,4.3,23.3,7.9
2170,9.9,24.5,16.8,30.4,49.3,7.1,10.7,5.7,69.9,78.8,15.0,52.6,6.2,17.0,55.8,22.1,8.3,31.8,24.7,13.1,9.5,18.1,7.9,32.0,11.8,7.9,8.6,32.7,22.5,64.4,16.6,11.5,37.0,13.2,3.2,7.8,34.2,3.0,14.7,4.3
2180,13.5,24.1,17.9,35.5,53.6,5.9,12.7,7.9,65.3,74.1,19.8,47.9,9.1,28.7,39.4,20.1,13.7,40.2,31.6,31.799999999999997,24.2,28.7,11.4,30.5,22.8,12.7,18.6,35.5,30.3,58.7,20.0,18.1,38.8,17.9,5.6,17.3,44.0,4.8,27.4,9.4
2185,11.6,20.8,19.7,35.3,51.7,5.9,10.4,6.3,65.3,77.2,15.0,53.8,6.1,19.9,51.8,17.7,11.0,31.6,30.5,18.3,10.9,20.6,9.1,29.9,14.6,8.2,11.3,33.4,24.1,65.9,16.3,12.8,41.2,14.0,3.5,9.7,39.0,3.5,16.7,5.7
2188,14.2,25.1,17.0,38.1,52.7,5.9,13.2,7.9,66.9,74.1,20.3,47.4,9.1,28.6,42.9,20.3,14.6,41.8,32.5,32.1,24.1,29.9,11.3,30.0,24.4,12.9,18.9,37.8,30.8,62.1,20.3,19.1,40.9,18.7,5.6,17.5,42.7,4.8,30.4,9.5
2195,10.3,21.8,19.3,30.2,50.8,6.8,10.0,5.4,64.9,78.8,13.7,53.1,5.6,15.3,59.5,19.2,8.5,27.9,25.8,12.9,8.5,17.1,7.3,30.2,11.3,7.2,8.1,32.8,20.4,69.1,15.7,10.6,30.8,12.1,3.0,7.3,33.3,2.9,11.7,4.2
2198,11.8,24.3,18.0,33.2,51.6,6.5,12.1,6.9,66.4,76.2,17.5,49.1,7.6,22.0,52.3,21.4,11.0,35.4,28.3,21.8,16.2,23.9,9.6,29.3,17.3,10.3,13.5,35.1,25.1,64.4,18.6,15.0,37.7,16.1,4.4,12.5,36.2,3.9,21.0,6.7
2220,9.0,20.7,19.1,30.0,49.7,6.7,10.1,5.0,66.5,79.9,13.0,57.3,5.2,13.9,61.2,19.8,8.4,26.3,25.2,12.1,7.8,15.9,7.0,28.5,10.7,6.9,7.9,32.2,18.4,71.4,15.2,10.0,29.7,11.6,2.9,7.1,31.8,2.8,10.2,4.1
2230,10.0,21.2,19.7,29.7,50.5,7.0,10.1,5.1,66.2,79.5,13.5,56.5,5.5,14.6,58.8,20.2,7.8,27.3,24.2,11.9,7.8,16.2,6.9,29.6,10.5,7.0,7.6,32.4,19.9,66.7,15.6,10.2,35.0,12.0,2.9,6.8,36.0,2.7,14.3,3.9
2240,11.7,22.7,19.1,32.8,50.3,6.9,10.1,6.2,64.2,76.2,15.4,52.6,6.7,18.0,52.7,19.7,9.0,31.6,26.5,15.4,11.4,20.3,8.4,28.8,12.8,8.5,9.8,35.4,25.1,61.9,16.7,12.4,35.0,14.0,3.7,9.0,35.9,3.3,13.8,5.2
2275,11.0,22.5,18.9,31.4,50.4,6.8,11.0,6.0,65.2,77.6,15.9,51.4,6.6,18.0,55.3,20.2,9.1,31.1,26.6,15.9,11.2,20.0,8.1,30.7,13.4,8.6,10.2,33.7,22.3,63.4,17.4,12.3,35.0,14.0,3.7,9.1,36.8,3.3,15.8,5.2
2282,12.6,22.2,18.7,33.8,50.9,6.2,11.2,6.6,65.0,76.4,16.8,52.0,6.9,20.3,51.7,19.3,10.6,33.9,30.4,19.8,13.2,22.1,9.2,30.6,16.1,9.3,12.2,35.7,25.2,63.0,17.7,13.7,34.6,14.9,4.1,10.8,38.8,3.7,16.7,6.1
2290,13.8,25.6,16.4,37.1,52.5,6.1,12.7,8.0,66.7,74.2,19.7,50.8,9.1,27.5,42.3,20.6,13.9,40.4,31.4,30.6,23.0,28.9,11.3,31.9,22.7,12.7,18.4,37.4,28.3,62.2,20.0,18.1,36.6,18.4,5.6,16.6,40.7,4.7,31.6,9.1
4001,14.6,24.8,13.2,32.7,56.7,6.5,14.4,7.8,69.8,76.8,21.9,45.1,10.4,23.1,43.6,21.0,15.3,42.6,36.3,35.0,29.5,30.9,11.1,28.6,25.3,14.1,20.4,35.5,27.8,58.0,22.3,19.5,36.0,19.4,6.7,19.9,42.7,5.2,29.6,11.3
4003,14.9,24.1,16.1,31.9,54.0,6.9,10.5,5.8,70.9,81.7,16.1,49.9,6.4,13.4,55.5,21.2,10.6,33.4,26.8,18.5,14.1,21.2,7.6,33.2,15.2,8.2,9.8,31.1,24.2,64.0,17.1,13.1,31.8,14.1,4.0,9.9,35.2,3.2,12.1,6.0
4005,10.4,22.9,16.4,28.4,51.6,7.2,11.7,5.5,69.0,82.9,15.5,50.5,6.4,12.9,60.3,22.2,9.8,29.5,26.5,16.8,12.7,18.9,7.7,30.7,13.5,8.3,10.1,31.9,16.8,63.4,18.0,11.8,25.300000000000004,13.2,3.7,9.5,32.9,3.3,10.3,5.7
4007,13.2,24.7,18.0,29.2,54.4,7.2,11.6,6.0,71.1,80.8,17.8,49.9,7.4,16.7,51.5,22.9,10.5,33.9,30.4,20.6,15.7,21.6,8.2,30.3,15.9,9.4,11.5,34.8,24.7,63.1,19.0,13.9,32.2,15.1,4.2,11.0,36.8,3.4,18.7,6.3
4009,16.0,22.3,16.4,31.3,53.5,6.8,11.2,6.0,70.2,80.4,17.4,48.5,7.1,15.5,54.5,20.4,10.9,35.6,28.0,21.2,15.4,22.9,8.1,30.4,16.4,9.1,11.1,32.4,25.5,67.9,17.7,14.5,36.3,14.6,4.3,10.4,37.6,3.4,16.9,6.6
4011,16.1,21.5,17.4,28.7,52.5,6.4,10.1,5.0,70.6,83.0,14.9,52.0,5.1,11.6,57.4,19.3,10.1,30.4,27.7,16.5,10.1,19.7,6.8,32.1,14.0,7.2,8.8,32.4,23.1,70.9,16.1,11.7,33.0,12.9,3.3,8.0,37.7,2.7,13.0,5.3
4012,18.1,23.8,16.9,31.0,54.5,6.9,11.4,6.4,69.5,80.2,18.6,47.6,7.6,16.7,49.1,21.2,11.5,37.6,30.4,24.5,18.4,24.8,8.4,30.5,18.9,10.0,12.8,34.9,28.1,65.4,18.5,15.4,36.1,15.7,4.7,11.9,39.0,3.6,17.6,7.3
4013,13.1,21.3,16.8,28.6,53.8,7.3,10.1,5.0,72.0,84.5,13.8,56.4,5.2,11.0,61.9,18.9,9.6,28.1,25.7,15.7,10.8,17.5,6.5,33.0,12.2,6.9,8.6,32.5,20.0,75.0,15.3,11.5,30.6,11.4,3.2,6.9,34.9,2.7,14.0,4.9
4015,14.3,22.6,19.1,31.0,52.2,7.3,11.2,5.9,67.7,80.0,16.9,48.5,7.7,17.1,52.0,21.5,9.7,33.2,29.7,18.4,14.0,20.3,7.5,31.2,14.5,9.0,9.9,32.5,26.6,61.5,18.1,14.0,33.3,14.2,4.1,9.4,41.7,3.3,15.6,5.9
4017,13.6,25.4,13.6,35.3,54.9,7.1,13.8,6.8,68.1,77.8,20.3,46.0,9.0,19.5,49.6,23.3,12.3,37.9,31.8,26.2,21.1,24.7,9.4,29.7,19.3,11.6,15.3,34.1,25.2,63.0,20.5,16.0,37.9,16.3,5.3,14.4,37.8,4.2,24.5,8.5
4019,13.0,21.8,15.8,30.1,52.2,7.1,11.0,5.2,73.3,84.0,15.5,54.8,5.7,11.3,56.9,23.6,9.5,31.4,26.4,15.7,11.6,19.2,7.0,32.8,12.8,7.5,9.3,32.9,21.6,72.7,17.3,12.2,32.2,13.0,3.5,8.8,38.8,2.9,14.2,5.4
4021,14.0,23.4,16.7,31.6,55.5,7.2,10.9,5.4,72.7,82.6,16.2,53.8,6.2,12.7,56.2,20.6,10.9,31.7,26.7,18.3,11.6,20.7,7.2,34.5,14.1,7.9,9.4,34.1,24.4,70.4,17.4,12.9,38.7,13.8,3.6,9.3,41.1,3.0,19.3,5.3
4023,26.5,19.9,15.5,31.3,54.1,5.4,9.5,5.9,70.2,81.4,17.2,46.5,5.6,12.0,51.0,16.6,13.2,35.5,28.5,27.4,19.8,26.9,7.8,33.3,21.5,9.1,13.2,30.3,30.3,70.9,15.8,15.6,34.8,15.1,5.1,12.6,36.4,3.3,20.9,9.0
4025,11.8,22.5,18.9,27.0,51.3,7.7,11.0,5.1,69.6,82.6,14.7,53.2,6.2,12.9,60.4,21.6,8.0,30.2,25.8,13.8,10.1,17.6,6.7,30.2,11.8,7.5,8.0,31.0,19.9,61.4,16.8,11.7,27.6,12.8,3.3,7.3,34.2,2.8,11.9,4.6
4027,24.1,21.2,16.7,31.6,55.4,6.0,9.8,6.1,71.4,80.5,17.3,45.5,6.2,13.7,50.5,18.6,12.9,33.3,29.0,26.3,18.9,26.4,7.7,31.1,20.6,9.1,12.3,33.6,27.7,69.4,16.2,14.8,39.0,14.9,4.8,11.8,35.9,3.4,22.1,8.1
5001,11.8,25.7,15.5,39.3,61.5,6.7,10.8,6.5,78.1,83.3,19.6,55.4,7.8,17.6,47.8,24.7,12.1,37.9,30.5,21.9,13.9,24.9,7.3,32.7,17.5,10.4,11.1,38.9,33.7,71.1,20.9,16.2,39.0,15.2,4.5,12.6,43.7,3.6,21.4,6.1
5003,13.7,28.1,14.9,42.1,62.0,6.5,11.2,7.3,78.2,81.4,22.3,53.8,9.5,20.7,48.6,27.4,14.2,42.9,29.8,26.5,19.3,29.2,8.1,34.4,20.1,12.6,13.3,38.5,39.4,67.6,21.9,19.1,45.2,17.3,5.6,15.4,43.8,4.2,30.3,7.7
5005,10.7,26.4,16.3,36.2,58.5,7.5,10.5,6.8,76.7,82.1,19.6,55.7,8.3,17.9,53.4,28.7,10.3,35.6,25.9,17.3,11.1,23.2,8.1,30.9,13.6,10.1,9.5,34.8,29.8,69.7,20.6,15.2,38.2,15.5,4.2,10.1,37.4,3.4,19.2,5.6
5007,11.0,21.6,17.0,31.7,59.5,7.2,9.2,5.3,78.0,85.1,15.1,55.5,5.6,11.6,62.8,23.8,9.8,29.7,25.3,13.2,6.6000000000000005,18.8,6.9,30.3,11.3,7.3,7.3,31.4,25.4,72.2,16.7,11.9,35.1,12.3,3.0,7.5,34.0,2.7,12.1,4.3
5009,10.0,26.2,16.9,34.6,57.0,7.4,10.4,6.3,76.2,82.5,18.9,56.7,7.6,17.0,53.6,26.9,10.4,36.3,26.0,16.0,9.2,21.4,7.6,33.2,12.9,9.3,8.6,36.8,28.9,70.1,20.2,14.6,40.8,15.1,3.7,9.0,39.3,3.2,22.3,5.0
5011,16.1,27.2,14.1,42.9,62.2,6.2,10.9,7.2,78.0,81.8,21.3,52.9,8.8,19.3,46.1,24.3,14.3,42.1,30.7,27.8,19.6,29.6,7.9,35.0,21.7,12.0,13.8,36.3,38.6,71.5,20.7,19.1,42.6,17.1,5.6,15.9,43.8,4.2,26.6,8.0
5013,10.9,24.9,16.2,38.5,60.0,6.6,10.4,6.1,77.1,83.2,18.7,55.1,7.1,16.6,49.8,24.6,11.3,35.8,28.8,18.2,11.2,22.5,7.0,33.5,15.0,9.4,9.7,36.0,31.5,72.2,19.7,14.7,39.1,14.3,4.0,10.8,40.8,3.4,22.1,5.4
5015,14.8,25.3,16.2,37.4,58.8,7.0,9.9,6.8,75.5,81.8,19.9,54.7,7.9,17.5,54.5,25.7,11.4,37.5,27.4,19.8,11.7,24.6,8.2,33.7,15.7,10.1,10.2,35.1,34.5,68.1,19.7,15.5,37.7,15.8,4.3,10.6,37.2,3.4,17.7,6.2
5017,15.3,27.0,13.5,46.1,64.3,5.7,11.1,7.4,78.8,81.8,21.7,51.7,9.1,20.5,41.5,22.7,16.1,42.3,34.1,32.2,23.9,31.5,7.4,34.0,25.0,12.9,16.1,38.3,39.8,73.4,20.7,20.4,47.4,17.0,6.4,19.2,47.6,4.8,32.9,8.9
5019,11.0,27.0,15.0,41.6,62.3,6.8,10.9,6.8,79.0,83.3,19.6,56.5,8.0,17.4,50.6,26.0,12.9,38.2,28.8,21.6,14.9,24.9,7.5,33.6,17.3,10.7,11.5,35.2,33.1,73.5,20.3,16.6,43.2,15.7,4.8,13.3,43.5,3.8,21.6,6.4
5021,11.6,26.3,16.2,36.8,58.4,7.3,10.5,6.9,75.2,81.2,20.5,57.5,8.7,19.0,48.6,28.5,11.1,39.5,28.1,18.6,11.9,24.3,8.3,33.7,14.2,10.5,9.8,36.3,33.5,68.5,21.1,16.0,40.2,15.9,4.3,10.3,38.8,3.5,20.2,5.8
5023,11.0,26.2,17.4,35.5,58.2,7.3,10.4,6.7,75.7,82.0,20.2,60.0,8.2,18.2,53.0,27.3,10.7,38.1,26.6,17.5,10.9,23.8,8.1,32.9,13.4,10.1,9.3,35.8,31.3,71.0,20.9,15.3,38.0,15.7,4.1,9.7,37.9,3.4,20.0,5.5
5025,10.8,26.6,15.9,39.4,59.5,7.0,10.6,6.7,76.6,82.2,19.9,56.5,8.2,18.2,47.5,26.3,11.6,38.0,27.8,18.8,12.5,23.9,7.8,33.1,15.0,10.3,10.2,35.7,32.4,69.2,20.7,15.8,42.2,15.6,4.3,11.2,44.0,3.6,23.0,5.8
5027,11.6,26.9,14.2,41.8,63.2,6.4,11.1,6.8,79.1,83.1,20.1,55.8,8.2,18.0,51.6,24.2,13.5,39.0,29.5,25.0,17.3,26.2,7.3,32.3,19.7,11.1,12.6,36.7,34.6,73.0,20.5,17.2,39.9,15.5,5.1,15.0,42.1,4.0,23.6,6.9
5029,11.8,27.0,15.9,40.5,60.9,7.0,10.7,7.1,76.6,81.8,20.7,54.3,8.8,19.1,47.5,26.3,12.4,39.5,27.7,21.6,14.8,25.9,8.1,34.3,16.5,11.1,11.2,35.6,34.5,69.8,20.9,17.1,41.1,16.2,4.8,12.6,40.8,3.8,17.4,6.5
5031,10.7,26.7,15.6,38.5,60.4,7.1,10.6,6.4,77.2,83.6,19.2,57.1,7.6,16.2,52.1,26.5,11.2,36.6,27.5,18.7,12.3,23.4,7.4,33.7,15.3,9.9,10.2,34.3,30.9,66.6,19.7,15.4,39.6,14.6,4.2,11.5,41.3,3.4,18.6,5.7
5033,12.1,25.5,16.4,37.4,57.5,7.1,10.3,6.6,76.1,82.4,19.7,56.9,7.9,17.1,54.2,27.1,10.9,38.0,27.4,18.7,11.1,23.7,7.9,35.0,14.5,9.9,9.7,34.9,29.9,68.1,20.3,15.6,38.7,15.5,4.1,10.2,37.9,3.3,17.5,5.7
5035,12.7,26.8,13.2,44.7,63.6,5.8,11.6,6.9,80.2,83.6,21.2,57.8,8.3,18.8,46.2,24.4,14.8,41.8,32.9,29.6,21.8,29.2,6.9,34.7,23.7,12.1,14.8,40.0,38.0,73.9,21.0,19.3,46.8,16.3,5.8,18.2,43.0,4.4,28.5,7.8
5037,12.7,27.0,15.0,41.5,62.0,6.6,11.0,7.2,77.3,81.3,21.6,54.6,9.2,20.0,49.4,26.4,13.4,40.1,29.9,24.8,17.7,27.7,8.0,34.1,19.1,11.9,12.7,36.6,36.9,70.2,21.4,18.1,44.8,16.6,5.3,14.2,42.3,4.1,29.2,7.2
5039,11.8,25.4,14.7,41.3,62.2,6.1,10.9,6.2,78.1,83.6,19.3,57.3,7.2,17.1,48.8,23.6,12.7,38.2,32.3,22.9,14.8,25.1,6.7,32.8,19.1,10.2,11.7,37.3,35.0,75.3,20.2,16.3,42.1,15.0,4.5,13.7,45.8,3.8,23.3,6.2
5041,16.8,28.7,12.5,46.7,64.0,5.7,11.9,8.1,78.8,80.7,24.1,50.9,10.7,23.0,39.9,24.5,17.1,45.5,33.6,36.6,29.1,34.8,8.1,34.6,27.4,15.0,18.2,39.1,44.3,69.4,22.7,22.8,46.6,18.9,7.5,21.7,44.3,5.2,26.8,10.3
5043,12.6,26.8,14.5,41.8,62.1,6.6,11.1,7.1,78.4,82.3,20.7,57.1,8.7,18.6,51.3,25.0,13.5,39.9,29.7,24.6,17.2,26.7,7.7,33.9,19.2,11.5,12.5,37.6,35.1,72.1,20.7,17.9,45.0,16.2,5.2,14.6,41.8,4.0,21.1,7.2
5045,9.3,24.3,17.0,36.0,60.0,7.3,10.1,5.9,77.5,84.2,17.7,55.8,6.6,14.6,59.3,26.3,10.9,35.1,24.8,15.3,9.2,19.9,7.1,34.1,13.0,8.7,8.6,33.7,27.1,73.9,18.7,13.9,41.1,13.6,3.6,9.6,38.0,3.1,15.9,4.9
5047,12.1,27.6,16.3,38.5,59.1,7.3,10.7,7.1,75.8,81.2,21.2,53.2,9.2,20.0,46.7,28.5,11.7,39.3,27.3,19.8,13.1,26.2,8.6,34.5,15.2,11.1,10.5,35.3,33.5,69.8,21.6,16.7,39.8,16.8,4.6,11.2,41.8,3.7,25.6,6.2
5049,12.2,27.9,16.0,39.6,59.8,7.3,10.8,7.7,76.3,80.4,21.9,52.3,10.0,21.4,43.8,28.8,12.4,40.8,27.0,21.9,15.5,26.9,9.1,34.1,15.8,12.0,11.4,35.1,34.5,69.0,22.0,18.0,39.7,17.2,5.1,12.4,41.2,3.9,18.4,6.8
5051,11.0,25.8,16.8,37.8,60.4,7.3,10.3,6.4,76.3,83.3,18.6,56.3,7.3,16.1,56.3,25.9,11.1,37.3,26.5,17.9,10.9,22.7,7.5,31.3,15.1,9.5,9.6,35.7,28.3,68.4,19.8,15.2,39.3,14.9,3.9,10.7,38.0,3.3,18.1,5.5
5053,9.7,24.8,17.0,35.2,58.2,7.3,10.0,6.0,75.7,83.4,17.9,58.2,6.9,15.7,53.9,26.0,9.8,34.1,26.5,14.3,8.2,20.4,7.2,33.5,11.9,8.6,7.9,35.4,28.0,72.2,19.2,13.5,36.6,13.9,3.4,8.3,39.3,3.0,18.3,4.6
5055,11.5,27.0,15.9,39.3,58.8,7.3,10.5,6.8,76.5,81.7,20.7,51.7,8.6,18.8,50.6,28.5,11.0,39.8,27.6,18.6,11.8,24.5,8.1,33.9,14.3,10.6,9.8,36.7,33.9,71.8,20.9,16.4,42.3,16.1,4.3,10.4,41.5,3.5,22.5,5.8
5057,14.9,25.5,14.8,40.5,61.6,6.2,10.8,6.8,77.2,82.6,20.3,55.2,8.1,18.1,49.6,23.2,13.6,39.9,30.8,25.9,17.1,27.3,7.4,32.9,20.7,11.2,12.9,38.2,38.0,73.1,20.5,17.7,45.8,16.2,5.1,14.8,41.3,4.0,22.5,7.3
5059,11.7,25.0,15.8,38.5,59.6,7.0,10.4,6.8,76.0,81.8,19.9,56.3,8.3,18.9,51.2,24.7,11.6,38.4,27.6,19.9,12.5,24.4,8.0,34.4,15.6,10.3,10.5,36.5,32.8,64.8,20.1,16.0,36.9,15.5,4.4,11.5,40.1,3.6,22.1,6.0
5061,13.1,26.0,15.4,39.0,61.3,6.5,10.7,6.6,77.2,82.8,19.9,56.7,7.9,17.6,53.0,25.5,12.5,39.2,29.9,22.3,14.4,25.4,7.5,33.1,18.0,10.5,11.4,37.6,34.4,71.7,20.5,16.9,39.7,15.6,4.6,12.9,41.8,3.7,22.9,6.4
5063,12.1,26.3,16.3,37.2,59.2,7.2,10.5,6.8,76.6,82.0,20.0,53.5,8.3,17.8,48.9,27.0,11.4,38.3,27.5,19.2,12.0,24.2,8.2,34.7,14.7,10.3,9.9,35.0,34.1,67.0,20.5,15.9,42.0,15.7,4.3,10.6,40.8,3.5,19.5,5.9
5065,12.6,27.4,16.7,39.5,59.6,7.3,10.5,7.6,75.6,80.4,21.2,54.7,9.5,20.5,50.2,27.5,12.0,41.5,27.6,21.3,14.2,27.0,8.9,33.7,15.7,11.3,11.1,36.3,34.4,67.0,21.2,17.3,41.4,16.8,4.9,11.8,38.0,3.8,27.1,6.6
5067,13.7,27.7,14.7,41.4,61.5,6.8,11.0,7.7,76.5,80.6,22.4,52.1,9.9,21.5,45.3,26.9,13.7,42.1,29.9,26.5,18.5,29.2,8.6,34.6,19.7,12.5,13.2,38.0,38.5,66.8,21.9,18.9,43.9,17.4,5.6,14.8,43.3,4.2,22.5,7.6
5069,12.5,26.7,13.5,47.2,65.3,5.7,11.3,6.8,80.6,83.5,20.2,59.3,8.0,18.0,45.4,22.3,15.1,41.4,34.6,28.4,20.3,27.7,7.0,34.0,23.7,11.6,14.5,39.5,37.0,75.0,20.2,19.2,46.3,15.8,5.7,18.1,46.7,4.4,24.8,7.7
5071,14.4,25.8,15.3,38.2,60.1,6.9,10.4,7.2,75.5,81.2,20.8,50.6,8.8,18.7,45.2,26.2,12.4,39.7,27.6,22.1,14.0,26.6,8.6,34.8,16.5,11.0,11.1,34.7,35.7,68.4,20.6,17.1,37.5,16.8,4.8,11.6,41.9,3.7,28.1,6.8
5073,15.1,28.2,13.9,43.9,62.7,6.2,11.6,7.9,77.4,80.4,23.4,55.5,10.3,22.6,42.3,26.0,15.3,43.8,32.2,31.5,24.0,32.2,8.3,34.2,23.5,13.8,15.8,38.3,40.4,69.8,22.4,20.8,46.3,18.2,6.5,18.2,43.6,4.7,35.8,8.9
5075,12.1,27.3,16.2,39.1,58.9,7.4,10.8,7.3,76.2,80.5,21.7,53.7,9.6,20.6,47.1,28.5,12.0,40.6,27.0,20.6,14.1,26.5,8.6,34.2,15.6,11.6,10.9,35.5,34.8,70.7,21.9,17.4,44.1,16.9,4.9,11.8,40.2,3.8,19.0,6.5
5077,16.0,27.8,13.9,47.8,64.1,5.6,11.0,8.2,78.1,80.2,23.1,50.4,10.2,23.1,40.6,21.9,17.1,45.2,35.4,34.6,26.4,33.6,8.2,34.1,26.1,13.7,17.3,38.4,41.2,72.5,21.2,21.9,47.0,17.9,7.1,20.7,46.2,5.2,25.1,9.7
5079,14.7,25.7,15.6,42.9,61.5,6.4,9.8,7.4,76.0,80.6,20.3,54.9,8.6,20.2,44.5,21.9,13.5,40.6,32.6,24.7,16.0,27.8,8.1,34.4,19.2,10.8,12.6,35.6,36.1,70.8,19.5,17.5,42.8,15.9,5.2,14.3,43.0,4.1,25.4,7.0
5081,11.4,26.5,15.3,39.7,61.2,6.8,10.8,6.7,77.2,82.6,20.0,56.9,8.2,18.4,52.5,26.0,12.4,39.6,28.0,22.1,14.8,24.7,7.7,33.5,17.1,10.8,11.3,35.6,34.6,71.3,20.7,16.7,41.3,15.5,4.7,12.9,40.4,3.8,24.2,6.4
5083,11.3,26.5,17.4,38.2,59.1,7.3,10.6,6.7,76.2,81.7,20.2,55.1,8.4,18.3,51.5,27.3,11.3,38.2,26.8,18.4,11.6,24.0,8.1,33.9,14.1,10.3,9.8,36.1,31.7,70.9,20.6,16.0,37.7,15.6,4.2,10.3,40.1,3.5,19.9,5.7
5085,10.1,25.2,16.8,36.5,58.9,7.3,10.3,5.8,77.3,83.9,18.2,59.8,6.8,15.9,57.2,26.2,10.1,35.6,26.8,15.5,8.6,21.2,7.0,35.0,12.9,8.7,8.3,35.9,30.3,71.6,19.5,13.7,35.7,14.2,3.5,8.9,38.6,3.0,12.9,4.8
5087,13.1,26.9,16.7,38.4,58.0,7.1,10.5,6.9,75.5,81.2,20.9,51.9,8.7,19.3,48.4,26.9,11.3,40.6,29.4,20.1,12.3,25.5,8.5,33.8,15.2,10.7,10.3,36.5,33.4,66.0,21.0,16.3,40.6,16.2,4.3,10.7,38.8,3.5,20.3,6.1
5089,11.6,26.5,16.6,35.1,58.8,7.3,10.6,7.0,74.9,81.3,20.7,58.1,8.6,18.8,53.5,27.7,11.1,39.2,27.0,18.7,11.9,24.4,8.4,33.0,14.2,10.7,10.0,34.5,31.3,70.4,21.2,16.0,37.8,16.2,4.4,10.4,39.0,3.5,21.7,5.9
5091,12.6,26.5,14.7,40.8,62.6,6.5,11.1,7.0,78.0,82.0,21.1,56.5,8.8,19.3,46.8,25.3,13.1,39.5,29.7,24.7,17.3,26.9,7.8,32.9,19.0,11.5,12.5,34.3,36.6,68.8,21.2,17.9,38.0,16.2,5.2,14.5,41.8,4.0,28.9,7.0
5093,12.9,26.8,14.4,43.4,62.5,6.3,11.1,7.0,78.4,82.3,20.9,52.8,8.6,19.1,45.6,25.4,13.4,41.1,31.9,26.0,18.2,27.8,7.5,32.9,20.3,11.6,13.1,36.9,35.8,75.5,21.0,18.6,46.7,16.1,5.3,15.4,46.5,4.1,26.8,7.2
5095,13.3,26.7,13.7,43.8,63.1,6.1,11.6,7.1,78.3,82.4,21.4,52.2,8.8,20.0,45.9,24.8,14.3,41.4,32.1,27.5,20.1,28.9,7.4,34.0,21.6,12.3,14.1,38.0,36.8,71.2,21.5,19.1,43.7,16.7,5.7,16.4,43.0,4.3,24.4,7.7
5097,12.0,26.2,16.4,37.4,58.7,7.3,10.6,7.1,76.2,81.6,20.6,56.2,8.7,18.8,50.9,27.8,11.4,39.4,26.1,19.4,12.5,24.8,8.4,34.9,14.6,10.8,10.3,35.4,32.6,64.0,21.2,16.4,41.1,16.2,4.5,10.8,41.1,3.6,17.7,6.1
5099,13.3,28.1,14.3,43.7,62.5,6.3,11.1,7.4,77.8,81.4,21.8,53.6,9.4,21.1,47.1,25.8,14.2,42.6,31.2,27.6,20.4,29.0,8.0,34.6,21.3,12.5,14.0,37.2,38.3,72.9,21.9,19.2,44.1,17.1,5.7,16.5,44.2,4.4,21.6,7.9
5101,11.0,25.9,17.2,37.7,58.4,7.3,10.5,6.8,75.7,81.7,20.1,54.8,8.3,18.7,50.8,27.2,10.9,38.2,27.2,17.4,10.7,23.6,8.2,33.8,13.5,10.1,9.4,35.3,31.1,70.4,20.8,15.4,38.7,15.6,4.1,9.8,40.3,3.4,17.5,5.5
5103,11.9,25.9,14.1,42.7,62.7,6.2,11.2,6.9,79.0,83.0,20.5,54.8,8.2,18.7,50.8,24.6,13.9,40.0,31.6,25.6,17.9,27.2,7.1,33.4,20.3,11.3,13.0,37.7,35.8,72.0,21.2,18.2,43.4,15.9,5.2,15.5,42.5,4.1,26.7,7.1
5105,11.0,25.4,17.1,36.7,59.1,7.3,10.3,6.6,75.6,81.9,19.6,53.6,8.1,18.0,53.4,26.7,10.8,37.5,26.5,17.6,11.0,23.2,8.0,34.0,13.7,10.0,9.4,34.5,32.0,70.4,20.3,15.3,38.6,15.2,4.1,10.1,40.2,3.4,17.9,5.5
5107,14.3,29.3,12.3,49.0,66.3,5.5,12.4,7.8,80.6,82.3,23.1,54.5,10.0,21.8,39.1,24.0,17.2,45.0,34.5,36.0,29.6,33.7,7.4,33.5,27.6,14.6,18.4,39.8,41.9,69.9,22.4,22.8,48.6,18.2,7.4,22.8,50.5,5.2,35.1,9.9
5109,12.0,26.3,16.7,38.0,59.3,7.2,10.3,6.8,76.4,82.1,19.9,54.3,8.2,17.9,51.9,27.1,11.4,37.6,26.9,19.2,12.0,24.4,8.1,34.6,15.0,10.2,10.1,34.9,32.4,69.1,20.4,15.9,38.2,15.8,4.3,10.8,40.9,3.5,15.7,5.9
5111,13.1,27.0,15.4,38.2,59.7,7.1,10.9,7.3,76.1,80.6,22.0,56.0,9.6,20.8,44.4,27.9,12.1,41.2,28.9,22.6,15.8,27.1,8.4,34.6,16.8,11.9,11.8,36.6,37.1,66.5,21.9,17.7,41.3,17.1,5.0,12.6,42.0,3.9,26.1,6.9
5113,12.5,25.7,16.6,37.2,59.3,7.3,10.6,7.1,76.0,81.4,20.6,50.8,8.9,19.4,51.4,26.8,11.8,38.7,26.3,20.1,13.1,25.1,8.5,34.2,15.1,10.9,10.7,34.9,33.5,71.6,21.1,16.5,40.2,16.4,4.6,11.2,39.3,3.6,27.1,6.3
5115,12.5,27.2,16.1,36.3,58.9,7.3,10.6,6.7,75.2,82.4,19.5,56.1,8.2,17.1,53.3,25.1,11.4,38.0,26.3,19.1,11.8,24.4,8.0,33.9,14.8,10.1,9.9,32.9,33.2,71.5,20.0,16.1,45.3,15.2,4.3,10.6,37.7,3.4,19.9,6.0
5117,11.3,26.2,16.6,38.6,60.0,7.0,10.6,6.6,76.8,82.2,19.9,53.5,8.0,18.1,49.0,25.8,11.3,37.7,28.0,18.9,12.1,23.9,7.7,33.4,14.7,10.2,10.0,35.6,32.1,71.1,20.4,15.6,40.5,15.5,4.2,10.7,41.1,3.5,15.9,5.7
5119,10.5,24.2,15.2,39.5,61.0,6.5,10.3,5.8,79.5,85.4,17.0,59.7,6.4,13.6,58.4,23.6,11.5,34.0,28.6,19.1,12.3,21.8,6.3,32.3,16.4,9.2,10.6,35.5,28.4,74.6,18.3,15.0,40.6,13.2,4.1,12.5,39.2,3.4,16.6,5.7
5121,12.2,27.5,15.9,38.4,59.4,7.3,10.8,7.3,75.9,80.6,21.6,55.3,9.4,20.5,49.1,28.1,12.2,41.0,27.3,21.1,14.5,26.6,8.8,33.9,15.9,11.7,11.1,35.4,36.1,69.1,21.9,17.3,41.4,17.1,4.9,11.9,38.1,3.8,29.2,6.5
5123,15.4,27.0,13.8,46.6,64.7,5.8,11.0,7.9,78.8,81.5,22.1,51.5,9.5,21.9,39.8,22.2,16.6,43.4,34.2,33.1,24.9,31.8,7.8,32.1,25.200000000000003,13.1,16.6,38.1,41.2,72.2,20.9,21.0,47.9,17.2,6.7,19.9,47.3,5.0,26.1,9.1
5125,9.6,23.5,17.3,35.5,59.2,7.2,10.1,5.7,77.3,84.7,16.6,56.1,6.1,14.3,62.4,25.6,9.5,33.2,25.6,14.4,7.999999999999999,20.0,6.9,33.1,12.2,8.2,7.9,34.2,27.8,73.2,18.4,13.1,34.4,13.3,3.2,8.6,37.2,2.9,14.2,4.5
5127,13.2,26.3,16.6,37.6,58.5,7.0,10.4,7.0,75.6,81.2,21.0,53.2,8.6,19.1,50.1,26.7,11.7,40.6,28.7,20.0,12.3,25.5,8.4,33.8,15.4,10.7,10.4,36.5,34.6,64.8,20.8,16.5,37.2,16.3,4.4,10.8,38.8,3.6,17.4,6.2
5129,13.0,28.0,16.0,39.4,59.3,7.3,10.9,7.8,75.6,79.9,22.6,54.5,10.2,21.7,47.0,28.5,12.5,41.6,27.2,22.2,15.7,27.9,9.1,34.9,16.2,12.3,11.7,35.6,35.3,66.2,22.1,18.1,39.7,17.5,5.2,12.3,42.0,4.0,20.4,7.0
5131,13.3,24.6,14.8,37.3,59.6,6.8,10.3,6.5,76.1,83.0,18.9,55.9,7.4,16.5,52.5,25.5,11.5,36.0,27.5,19.2,11.5,24.2,7.8,35.3,15.3,9.8,10.2,37.1,32.5,72.0,19.9,15.2,36.4,15.4,4.1,11.0,38.5,3.4,16.0,6.0
5133,21.2,25.9,15.5,37.6,59.6,6.4,10.2,7.6,75.4,80.6,22.2,51.8,8.9,19.1,48.3,24.5,13.7,42.9,29.4,27.7,16.8,30.6,8.9,34.7,20.9,11.9,13.4,35.9,40.0,65.4,20.1,19.3,41.5,17.9,5.5,14.0,40.2,4.0,24.0,8.3
5135,11.9,27.6,16.3,37.6,59.5,7.3,10.8,7.2,76.6,80.9,21.4,53.7,9.3,20.3,48.0,28.4,11.7,40.7,27.4,20.3,13.5,26.3,8.6,34.1,15.2,11.3,10.7,35.6,34.7,64.7,21.7,17.2,39.5,16.8,4.7,11.4,38.6,3.7,24.5,6.3
5137,12.2,27.2,16.5,37.7,59.7,7.5,10.8,7.5,75.8,80.4,21.8,56.8,9.7,20.9,47.4,28.0,12.0,40.8,27.5,21.4,14.6,26.8,8.9,34.2,15.7,11.7,11.1,35.5,34.4,68.5,21.5,17.6,40.1,17.0,4.9,11.9,42.0,3.8,23.0,6.6
5139,11.9,25.8,14.5,41.0,62.8,6.4,11.0,6.7,78.3,83.2,20.1,56.1,8.0,18.1,53.8,24.7,13.0,38.8,29.1,23.6,16.0,26.0,7.2,33.9,18.6,10.8,12.0,36.5,34.5,69.0,20.1,16.9,39.4,15.5,4.9,14.0,40.3,3.9,21.0,6.6
5141,12.4,26.4,15.9,37.6,59.8,7.3,10.6,7.3,75.7,81.0,21.4,54.1,9.4,20.0,46.7,27.3,11.5,39.8,26.2,20.4,13.8,25.5,8.7,33.6,15.2,11.3,10.8,35.3,33.8,68.1,21.3,16.8,39.5,16.4,4.7,11.4,41.4,3.7,20.3,6.4
5143,12.8,23.0,16.0,36.4,56.4,6.8,10.2,6.1,75.8,83.7,17.5,56.8,6.8,14.2,56.3,24.2,10.7,34.5,25.3,17.1,9.7,21.6,7.3,32.6,14.2,9.1,9.2,32.6,28.4,65.4,18.3,14.7,36.7,14.3,3.8,9.8,35.3,3.1,17.0,5.5
5145,11.4,26.7,15.6,37.1,59.8,7.2,10.7,6.7,75.7,82.2,19.9,59.2,8.2,17.9,51.5,27.1,10.9,38.8,26.6,19.4,11.7,23.6,8.0,34.2,14.2,10.2,9.8,33.7,31.6,68.6,20.6,15.8,40.0,15.3,4.2,10.3,38.2,3.5,19.9,5.8
5147,13.3,27.3,14.7,41.4,61.9,6.5,11.2,7.4,77.3,81.0,22.3,53.4,9.6,21.3,46.0,26.6,13.7,42.4,30.6,26.4,19.2,29.1,8.1,33.8,19.8,12.6,13.3,37.8,37.7,69.8,21.9,19.1,39.3,17.3,5.6,15.2,41.3,4.3,21.4,7.6
5149,16.1,25.4,15.6,38.3,57.9,6.8,10.1,6.9,75.1,81.5,20.6,54.5,8.2,18.6,49.0,26.1,12.2,39.0,27.8,21.3,12.9,26.2,8.2,35.0,16.5,10.6,10.9,35.7,34.0,68.6,20.2,16.6,41.9,16.2,4.6,11.3,39.9,3.5,20.9,6.6
6001,7.2,17.6,16.3,26.5,51.7,5.3,8.8,4.3,71.4,86.5,12.3,56.1,3.8,9.2,65.1,18.9,10.1,26.1,28.3,14.2,11.6,17.5,4.7,30.3,11.9,6.4,7.7,38.5,20.1,73.9,15.5,10.4,22.5,11.0,2.8,6.0,35.1,2.5,5.800000000000001,4.2
6003,6.3,20.6,20.0,27.9,50.5,7.2,10.5,5.1,70.3,85.2,13.9,59.8,4.7,11.6,65.4,23.5,8.5,27.7,25.0,12.4,11.0,17.2,5.9,30.1,11.6,7.2,8.0,34.9,18.0,73.3,17.9,10.9,28.7,12.1,2.9,6.5,35.1,2.7,9.1,4.0
6005,8.1,20.0,19.9,29.3,50.7,7.1,10.1,5.2,68.3,84.0,15.1,56.8,5.2,12.4,64.9,23.2,8.6,28.6,25.9,13.3,12.0,18.5,5.9,30.4,12.2,7.7,8.0,35.5,20.5,74.1,18.4,11.3,29.5,12.6,3.2,6.7,34.4,2.8,11.5,4.2
6007,8.4,21.9,18.8,30.5,51.9,7.0,10.5,5.7,70.8,83.3,16.4,56.7,6.2,13.9,60.8,26.0,9.9,31.2,25.3,16.9,17.5,21.3,6.3,30.6,14.6,9.1,9.7,34.8,22.7,73.1,19.6,13.5,30.6,13.9,4.0,8.5,33.7,3.1,9.9,5.3
6009,7.9,21.8,19.3,28.2,51.8,7.1,10.5,5.5,70.4,83.6,16.2,55.4,5.9,13.9,63.0,25.6,9.1,30.5,25.6,14.9,15.0,20.1,6.1,31.0,13.3,8.7,8.8,35.0,22.2,73.6,19.7,12.7,29.8,13.6,3.6,7.5,35.1,3.0,12.8,4.8
6011,18.0,20.3,17.9,29.6,51.5,5.7,9.8,5.9,68.1,81.8,18.3,50.5,5.7,13.5,55.9,21.9,12.2,36.0,29.7,25.0,22.0,27.5,6.6,31.0,21.2,9.9,12.4,37.2,29.8,74.6,18.8,15.9,35.3,15.7,4.8,10.4,34.8,3.3,13.7,7.4
6013,8.1,18.6,16.5,27.5,52.1,5.8,9.4,4.5,70.2,85.8,12.7,59.9,4.0,9.3,66.8,19.7,9.6,25.8,26.0,13.8,11.5,17.6,5.0,31.4,12.4,6.9,7.9,36.3,22.7,76.0,16.2,10.5,27.8,11.3,2.9,6.3,35.8,2.6,8.4,4.3
6015,10.1,22.0,18.2,30.8,51.7,6.9,10.8,5.9,69.4,82.3,17.4,54.3,6.6,15.1,53.1,24.3,10.2,33.2,27.5,18.9,18.1,23.1,6.6,30.9,15.9,9.7,10.6,37.1,24.2,73.2,19.8,14.3,30.9,14.7,4.2,8.9,39.1,3.3,13.5,5.7
6017,6.2,20.3,20.4,26.5,50.6,7.2,9.9,4.7,70.5,85.4,13.7,59.9,4.6,10.6,69.4,23.9,8.0,27.0,23.2,11.3,10.1,16.3,5.3,28.8,10.5,7.0,6.9,33.9,17.9,75.7,17.5,10.6,27.4,11.8,2.8,5.7,33.8,2.5,8.2,3.7
6019,14.6,21.3,14.5,31.4,54.8,5.6,9.8,6.0,70.7,82.3,17.4,50.6,5.8,13.4,54.1,21.3,12.4,36.1,28.8,25.1,22.5,27.6,6.4,30.6,19.8,9.9,12.3,37.1,31.0,70.8,18.4,16.4,37.9,14.9,4.9,10.7,36.2,3.4,14.0,7.4
6021,14.1,21.0,17.8,29.5,51.5,6.3,10.1,5.9,69.2,82.2,17.9,52.3,6.1,14.2,55.5,23.2,11.1,34.2,27.8,21.8,19.9,25.1,6.6,30.7,18.3,9.7,11.3,37.0,27.3,71.5,19.3,15.0,32.4,15.1,4.5,9.5,37.3,3.2,15.5,6.5
6023,7.7,22.9,18.6,29.9,52.7,7.2,11.0,5.9,69.9,82.9,17.2,54.5,6.7,15.0,57.9,26.8,10.0,32.4,25.8,17.5,18.2,21.7,6.6,31.1,14.5,9.7,10.1,34.6,23.2,72.2,20.7,13.9,32.1,14.3,4.1,8.8,36.4,3.2,12.7,5.4
6025,22.2,20.0,16.2,32.5,53.1,4.7,9.2,6.3,68.4,81.1,19.6,45.2,5.4,13.3,50.4,20.0,14.6,38.5,31.2,31.3,28.699999999999996,32.4,7.0,32.3,25.5,10.9,15.5,38.2,35.1,71.3,18.2,18.6,35.2,17.0,6.1,13.3,41.5,3.6,20.5,9.9
6027,8.4,21.0,18.6,27.8,50.8,6.9,10.4,5.2,70.2,84.4,15.3,58.2,5.2,12.4,64.6,23.8,9.4,30.3,25.5,15.0,13.8,19.7,6.0,29.8,13.5,8.1,8.9,35.3,21.1,75.3,18.5,12.0,28.5,13.1,3.3,7.4,33.6,2.8,9.0,4.7
6029,16.7,21.3,16.7,32.2,52.4,5.7,10.3,6.3,70.9,81.8,19.0,49.5,6.4,14.7,52.1,22.6,13.3,37.3,29.7,26.8,25.7,28.2,6.7,31.1,21.8,10.7,13.6,36.8,32.1,72.9,19.9,17.5,36.2,16.1,5.3,11.9,38.7,3.6,22.4,8.1
6031,17.3,20.6,16.9,32.0,52.7,5.5,9.7,6.3,68.9,81.1,18.6,52.3,6.1,15.0,52.0,20.7,12.9,36.2,30.2,26.5,24.2,28.1,6.8,31.0,21.7,10.3,13.4,38.7,31.0,72.7,19.0,16.6,34.9,15.9,5.2,11.4,36.1,3.5,15.7,7.9
6033,10.9,22.6,18.0,32.0,52.3,6.9,10.9,6.1,69.5,82.3,18.2,53.2,6.9,15.6,59.7,25.6,10.7,34.4,26.8,20.1,20.5,24.3,6.7,31.0,17.0,10.3,11.1,37.1,25.9,72.1,20.4,15.1,32.8,15.4,4.5,9.6,35.4,3.4,15.3,6.1
6035,11.9,21.6,19.2,31.5,51.5,6.8,10.3,6.2,68.6,81.1,18.1,54.9,6.9,16.2,56.5,23.1,10.6,35.4,29.0,19.9,19.1,24.6,6.9,30.7,16.7,9.8,11.0,36.8,25.6,72.9,19.8,14.8,34.3,15.1,4.4,9.3,39.8,3.4,12.4,6.0
6037,11.8,18.3,15.7,28.4,53.0,5.2,9.0,4.8,70.7,84.0,15.6,49.8,4.5,11.3,62.1,19.3,11.6,30.9,31.6,21.0,18.2,23.6,5.4,33.5,17.7,8.5,10.3,41.1,25.7,74.1,16.6,13.6,26.4,13.7,4.2,7.8,35.7,3.0,12.4,6.2
6039,18.1,22.3,15.6,31.8,52.5,5.8,10.4,6.4,69.0,81.4,19.7,53.0,6.7,14.9,54.5,21.9,12.8,37.7,29.2,28.5,26.6,30.2,7.0,31.3,22.8,11.3,14.2,37.4,31.6,73.0,20.1,17.7,36.7,16.6,5.6,12.3,37.6,3.6,20.1,8.4
6041,6.2,18.7,18.9,25.2,51.1,7.2,9.5,4.3,69.3,86.6,12.1,59.8,3.9,8.399999999999999,75.0,22.1,7.5,24.5,22.8,9.8,8.5,15.0,4.8,29.6,9.5,6.0,6.2,31.6,16.6,77.4,15.8,9.3,21.3,10.6,2.5,5.0,30.0,2.3,6.0,3.4
6043,7.9,22.1,19.1,29.0,51.9,7.1,10.6,5.5,69.7,83.8,15.9,54.1,5.9,13.3,59.4,25.0,9.4,30.6,24.8,15.0,15.2,20.2,6.2,30.9,13.3,8.7,8.8,34.7,22.0,67.8,19.3,12.6,30.9,13.5,3.6,7.6,35.5,3.0,16.2,4.8
6045,10.9,22.1,18.4,31.0,51.4,6.8,10.7,5.9,69.5,82.6,17.4,53.7,6.4,14.7,60.6,24.5,10.4,32.8,26.8,19.9,18.8,23.0,6.5,31.2,16.8,9.7,10.7,36.8,24.2,73.2,19.9,14.2,29.5,14.7,4.2,9.2,35.5,3.2,12.6,5.9
6047,18.3,20.7,15.8,31.8,52.4,5.3,9.8,6.2,69.3,81.4,19.0,50.1,6.1,14.5,49.5,21.3,13.3,36.0,30.6,28.7,25.6,29.8,6.7,33.3,23.0,10.7,13.8,39.2,33.7,69.0,18.8,17.1,34.3,16.2,5.4,11.9,38.9,3.5,18.6,8.3
6049,9.3,22.9,18.0,30.9,52.2,7.1,11.1,6.1,70.0,82.3,18.1,55.7,7.0,15.6,61.8,26.5,10.3,33.7,25.8,18.7,19.8,23.3,6.7,31.1,15.5,10.2,10.6,36.1,24.6,72.5,20.7,14.7,32.3,15.1,4.3,9.2,34.3,3.4,14.7,5.8
6051,8.6,20.4,19.0,27.8,50.8,7.0,9.9,5.2,70.2,84.6,14.8,56.0,5.1,11.6,65.1,23.4,8.9,28.5,24.9,13.9,12.5,18.8,5.9,30.3,12.7,7.7,8.1,34.8,20.8,76.6,17.9,11.6,30.9,12.6,3.3,6.8,33.1,2.7,12.0,4.5
6053,16.2,19.5,17.1,30.3,51.5,5.7,9.6,5.6,70.5,83.0,16.8,53.3,5.3,12.1,57.5,19.4,11.6,31.3,28.1,22.6,19.4,25.4,6.1,31.9,19.0,9.0,11.5,35.7,26.7,72.0,17.1,14.5,31.4,14.4,4.4,9.4,34.4,3.1,11.2,6.8
6055,10.2,19.2,18.1,27.7,51.3,6.5,9.5,4.9,70.4,84.8,14.3,57.7,4.6,10.6,63.0,21.8,9.3,28.5,26.1,15.0,12.7,19.4,5.5,30.6,13.5,7.4,8.4,34.7,22.2,73.4,16.8,11.7,28.2,12.3,3.2,6.8,32.9,2.6,6.5,4.7
6057,6.1,21.0,19.9,28.1,51.6,7.4,10.4,5.0,70.4,84.9,14.5,57.5,5.2,11.5,62.8,25.3,8.0,27.9,23.1,11.6,11.6,16.8,5.6,29.4,10.8,7.6,7.3,33.6,18.2,75.7,18.4,11.0,27.6,12.2,3.0,6.2,33.9,2.7,7.9,3.9
6059,9.2,16.8,16.1,26.4,53.2,5.8,9.0,4.8,71.7,86.0,13.5,54.0,4.1,9.3,63.8,19.4,10.1,26.7,28.5,15.5,12.3,19.9,5.0,32.6,13.1,7.0,8.0,35.5,23.4,79.4,16.6,11.3,23.9,11.9,3.1,6.4,36.0,2.6,8.3,4.6
6061,5.9,19.9,18.7,27.4,50.7,7.0,10.0,4.4,71.2,86.0,12.9,58.4,4.2,9.6,68.9,22.5,7.9,24.8,24.2,10.7,9.3,15.400000000000002,5.1,30.6,10.0,6.6,6.6,33.6,17.9,79.2,16.8,9.8,27.2,11.3,2.6,5.4,33.0,2.4,6.0,3.5
6063,7.0,22.4,19.4,29.4,51.4,7.3,11.0,5.5,70.2,83.7,16.3,59.4,5.9,13.7,65.6,26.3,9.0,31.2,25.1,14.1,14.2,19.6,6.1,30.7,12.7,8.7,8.6,36.4,21.2,78.2,20.2,12.5,30.1,13.6,3.5,7.4,33.4,3.0,9.7,4.5
6065,13.0,21.9,15.1,31.2,52.0,5.7,9.5,5.4,70.6,84.2,16.2,51.9,4.9,11.6,64.1,22.0,11.3,33.7,28.4,21.0,17.3,23.9,5.9,33.2,18.7,8.8,10.6,37.1,26.9,79.2,17.6,14.7,37.0,14.2,4.0,9.1,38.5,3.0,9.6,6.0
6067,8.8,21.2,14.9,28.9,53.1,5.9,10.2,5.1,69.2,84.3,15.0,56.6,5.1,11.8,61.7,22.7,10.3,29.8,28.9,16.6,16.0,21.4,5.5,30.5,14.7,8.3,9.5,39.5,21.1,71.4,17.9,13.0,29.5,13.1,3.6,8.0,38.3,3.0,11.4,5.1
6069,14.3,19.2,17.6,28.5,50.2,5.7,9.1,5.0,68.5,84.1,15.5,55.8,4.4,10.8,62.6,20.3,10.5,30.9,27.4,19.2,15.0,22.6,5.7,31.2,16.9,7.9,9.8,36.8,25.0,74.4,16.9,13.0,31.3,13.4,3.7,8.0,35.0,2.7,11.1,5.7
6071,14.4,21.2,15.7,31.6,52.3,5.4,9.8,5.6,69.4,83.6,16.4,50.9,5.1,12.4,55.8,19.5,11.8,31.5,30.4,23.1,20.6,25.6,5.8,31.9,18.9,9.0,11.5,38.2,26.4,73.7,17.7,14.1,33.3,14.3,4.3,9.3,37.8,3.2,12.4,6.7
6073,8.7,18.4,17.2,27.4,49.5,6.3,8.9,4.7,71.9,85.3,13.9,57.6,4.4,10.1,65.8,21.2,9.4,26.1,28.6,15.2,13.8,18.4,5.1,30.7,13.8,7.2,8.3,36.2,20.4,75.8,16.6,11.1,25.4,11.7,3.2,6.6,34.5,2.6,10.3,4.7
6075,6.2,16.1,19.2,25.1,52.5,5.3,8.5,4.3,71.7,86.2,11.6,57.7,3.6,8.8,69.5,19.8,9.3,23.6,27.9,12.3,9.6,16.1,4.6,32.0,9.7,5.9,6.8,38.4,18.5,78.2,14.3,9.4,17.099999999999998,10.0,2.5,5.1,32.5,2.4,4.4,3.8
6077,13.0,19.4,14.5,29.3,53.2,5.4,9.5,5.4,70.0,83.3,16.0,49.7,5.2,12.7,58.5,19.7,11.7,32.6,29.7,21.4,18.1,24.1,5.8,31.0,17.4,8.8,10.9,36.3,25.9,76.6,17.4,14.4,30.6,13.8,4.1,8.9,38.4,3.1,11.8,6.3
6079,8.0,20.4,18.4,28.2,49.9,7.0,10.0,5.0,69.4,84.6,14.6,56.6,4.9,11.3,67.3,23.7,8.6,27.4,25.3,13.8,12.6,18.2,5.6,29.4,12.4,7.6,8.0,35.0,19.6,75.8,17.7,11.3,27.6,12.5,3.2,6.8,32.5,2.7,6.9,4.4
6081,6.9,17.1,16.0,25.7,51.8,5.6,8.5,4.2,69.2,86.5,11.2,59.4,3.5,8.0,67.8,18.7,9.0,22.9,26.9,12.0,8.7,16.1,4.6,32.7,10.0,5.7,6.5,35.6,19.3,79.1,13.9,9.4,22.0,10.1,2.4,4.8,28.7,2.3,7.800000000000001,3.7
6083,12.1,20.5,17.6,29.4,50.5,6.1,9.7,5.3,69.6,83.9,15.8,56.7,5.2,11.6,65.3,21.8,10.3,31.6,26.0,18.6,16.6,22.4,6.0,29.8,15.9,8.5,9.9,35.9,24.2,69.8,17.5,13.6,27.6,13.8,3.9,8.4,32.2,2.9,11.7,5.8
6085,6.9,15.5,13.3,25.7,51.9,5.3,7.9,4.1,70.4,86.0,10.8,55.7,3.2999999999999994,8.2,67.3,17.9,9.8,23.2,28.7,11.8,8.6,15.8,4.6,31.5,10.1,5.4,6.5,38.8,21.8,78.7,14.0,9.3,21.9,9.8,2.4,4.7,31.8,2.3,7.300000000000001,3.7
6087,9.2,19.1,18.9,27.7,51.1,6.7,9.8,5.0,69.3,84.7,14.3,58.6,4.7,10.7,64.3,23.3,9.0,27.8,24.1,14.5,12.7,19.3,5.5,30.8,12.9,7.6,8.3,35.5,20.4,77.6,17.4,11.7,26.800000000000004,12.5,3.3,7.0,33.7,2.7,8.0,4.6
6089,7.4,22.5,19.6,30.4,51.0,7.2,10.9,5.5,70.3,83.2,16.4,54.5,6.1,14.1,64.9,25.6,9.4,31.0,26.0,15.0,15.3,20.5,6.1,32.6,13.1,8.9,9.0,36.5,20.8,72.4,20.3,13.0,29.3,13.8,3.6,7.6,38.1,3.0,9.0,4.8
6091,8.6,23.1,18.6,30.8,52.2,7.2,10.8,6.1,69.5,82.1,17.6,56.2,6.9,15.6,62.2,26.0,10.1,33.4,25.6,17.4,18.8,22.7,6.7,31.0,14.4,9.8,9.9,35.7,24.0,77.3,20.4,14.2,32.4,14.8,4.1,8.7,35.0,3.3,14.1,5.5
6093,8.2,23.1,18.8,30.3,51.8,7.2,11.2,5.9,70.0,82.7,17.4,53.4,6.6,15.2,60.4,26.2,9.9,33.3,25.8,17.2,18.1,22.1,6.6,30.9,14.7,9.7,10.0,35.2,23.4,73.9,20.6,14.1,32.0,14.7,4.1,8.7,35.6,3.2,10.5,5.4
6095,9.4,19.5,16.3,30.0,52.1,5.8,10.1,4.9,70.6,84.9,14.6,54.9,4.6,11.3,61.3,19.9,10.5,28.8,29.2,17.1,14.9,20.3,5.2,31.2,15.0,7.7,9.3,37.4,24.3,76.2,17.5,12.2,31.2,12.5,3.4,7.9,38.1,2.9,10.1,5.0
6097,8.8,19.5,17.8,26.4,50.5,6.8,9.8,4.8,69.7,84.9,14.1,56.9,4.7,10.8,68.4,23.9,8.6,27.2,24.6,13.5,11.8,17.7,5.4,29.0,12.5,7.4,7.9,33.2,20.0,76.4,17.2,11.4,26.1,12.1,3.1,6.4,34.0,2.6,7.9,4.3
6099,14.2,21.8,17.5,30.6,51.8,5.9,10.0,5.8,70.3,82.8,17.2,53.0,5.7,13.6,59.5,21.0,11.2,35.4,28.4,21.4,19.8,25.2,6.3,31.7,18.4,9.5,11.4,35.3,30.1,77.1,19.1,15.4,36.6,15.2,4.4,9.5,35.6,3.2,15.5,6.6
6101,12.2,20.7,15.6,30.5,51.7,5.9,10.0,5.8,69.7,82.4,17.2,49.6,6.1,14.1,54.5,22.0,11.4,32.8,29.3,21.5,19.7,24.6,6.3,31.8,17.0,9.5,11.0,38.2,26.9,72.0,18.7,14.6,29.7,14.6,4.3,8.9,36.7,3.2,16.6,6.3
6103,11.3,22.7,17.7,30.5,51.5,6.8,10.7,6.1,68.9,82.1,18.2,53.9,6.8,15.5,57.0,25.2,10.6,33.6,26.5,20.1,20.3,24.4,6.7,30.3,16.9,10.1,11.0,36.2,26.0,72.0,20.4,14.9,31.8,15.3,4.5,9.5,36.6,3.4,11.7,6.2
6105,7.8,24.1,18.5,32.2,52.7,7.2,11.3,6.6,69.9,81.4,18.8,54.0,7.8,17.7,57.8,27.7,10.7,35.2,26.0,19.4,22.1,24.1,7.3,31.6,15.6,10.9,11.1,35.8,25.2,71.6,21.9,15.4,33.2,15.7,4.6,9.9,35.3,3.6,16.7,6.0
6107,18.3,20.3,16.1,31.4,52.3,5.5,10.0,6.2,68.0,81.7,18.7,46.7,6.0,14.2,52.6,22.1,13.1,36.4,28.9,27.5,25.7,29.5,6.8,32.1,22.4,10.6,13.7,36.6,32.9,73.3,18.9,17.1,35.3,16.4,5.3,11.7,35.1,3.5,15.7,8.2
6109,7.5,21.3,19.5,28.8,51.3,7.3,10.5,5.3,70.9,84.0,15.7,58.1,5.6,12.9,65.0,25.5,8.9,29.1,25.1,13.8,13.5,18.8,6.0,30.6,12.5,8.2,8.3,33.8,20.9,77.0,19.2,12.1,29.2,13.1,3.4,7.1,36.3,2.9,8.2,4.4
6111,10.7,18.0,17.1,27.3,50.0,6.1,9.5,4.8,71.6,85.3,14.5,56.9,4.5,10.5,64.4,21.1,9.9,28.8,24.6,16.0,13.4,21.0,5.5,31.4,14.6,7.5,8.7,34.1,22.8,74.3,17.0,12.0,25.7,12.5,3.4,7.0,34.1,2.7,11.6,5.0
6113,9.3,20.5,17.1,28.1,52.4,6.2,9.8,5.2,71.3,84.4,14.8,56.7,5.0,11.1,60.7,23.3,10.1,29.2,26.3,16.8,15.2,20.7,5.7,31.1,14.1,8.1,9.2,34.9,23.6,71.6,17.3,12.6,27.9,12.9,3.6,7.8,31.3,2.9,15.9,5.2
6115,11.0,21.9,16.8,30.5,52.6,6.4,10.4,5.9,69.8,82.6,17.4,53.4,6.3,14.5,57.0,23.6,11.0,33.3,28.6,20.3,19.6,23.7,6.4,31.2,17.0,9.7,11.0,37.0,26.1,76.1,19.5,14.6,30.9,14.9,4.3,9.3,35.6,3.3,14.9,6.1
8001,17.2,20.6,16.6,28.0,51.2,6.5,10.9,5.0,70.7,83.7,15.6,52.8,5.2,13.2,57.7,20.3,9.9,29.9,25.788339254990742,16.659341085765366,12.127167023466601,19.0,6.4,29.9,14.129951714098588,7.6,9.326389959905516,34.59309057763111,23.1,64.9,16.9,11.6,33.0,12.6,3.4,8.415085678168255,34.0,2.8,13.1,5.3
8003,18.5,23.4,16.6,29.1,52.6,6.4,11.0,5.9,69.2,82.1,17.7,52.6,6.3,14.0,53.6,22.6,11.2,33.1,26.50075786815297,20.65898243912939,17.19668895506292,22.2,7.4,29.9,16.750437839806647,9.2,11.265982533932819,35.276045078859916,24.4,68.1,18.0,14.0,32.1,14.9,4.5,10.687726573894393,34.1,3.3,12.0,6.9
8005,11.6,20.9,18.5,26.6,52.9,7.2,10.5,4.6,69.5,85.0,13.5,58.1,4.6,10.4,64.0,21.8,8.0,25.2,23.948388289777874,11.979404599866953,9.398484385533951,15.1,5.7,27.8,10.91874644769254,6.4,7.348908093274215,33.06878122538426,17.7,72.4,16.2,9.2,25.9,11.2,2.8,6.190310112747067,32.9,2.6,8.3,4.1
8007,10.7,22.4,19.4,26.1,50.8,7.5,11.0,5.1,68.8,84.0,14.7,58.5,5.4,12.1,65.6,23.1,8.0,26.9,22.621677324979803,11.165664851385365,8.873893489792408,15.7,6.4,28.7,10.004871882664997,7.1,7.2092524008237096,31.908937056527883,17.7,67.5,16.9,10.1,27.2,12.1,3.0,6.137592946954952,29.6,2.7,8.3,4.2
8009,13.4,25.7,18.1,29.9,52.2,7.4,12.2,6.4,68.9,80.4,19.2,52.9,8.1,17.8,51.5,26.3,10.0,34.1,26.41996514209937,18.36097422347641,16.697265456845486,21.5,7.8,29.6,14.614275355062443,10.2,10.847062561732614,35.00557598179295,23.7,64.2,20.2,14.1,30.3,15.3,4.5,10.219894172188567,36.0,3.5,11.5,6.1
8011,22.3,24.9,17.8,33.9,53.2,6.5,10.8,7.7,67.4,77.3,20.8,47.7,8.9,20.5,48.8,22.5,13.1,39.1,28.42370091676197,26.584163071109074,22.160496461125412,27.8,9.1,30.4,20.190948426682006,11.3,14.20424195772582,35.68872554149704,28.9,63.9,19.2,17.0,34.0,17.0,6.0,13.884293210255073,35.8,4.2,23.1,8.8
8013,8.1,19.7,19.4,21.0,48.0,7.6,10.3,4.4,68.4,85.4,12.5,60.7,4.4,9.4,70.2,23.5,6.7,21.8,21.25454774882445,7.811685257693284,6.162915653060036,12.6,5.6,27.6,8.06411613595742,5.8,5.78549237410858,30.63220494352165,12.200000000000001,72.1,15.4,8.0,17.4,10.4,2.4,4.223349614882363,24.7,2.3,8.5,3.5
8014,7.8,20.3,18.9,22.9,50.0,7.5,10.3,4.0,70.5,86.3,11.5,63.0,3.8,8.7,71.1,21.6,6.5,21.699999999999996,21.11798185317536,7.035681115284763,4.950799203848048,11.4,5.2,28.8,7.622617725571047,5.2,5.073789155476269,31.152230412329253,13.1,75.5,14.7,7.5,22.1,9.6,2.1000000000000005,3.813774821346964,30.7,2.1,6.199999999999999,2.9
8015,9.9,22.5,19.3,25.9,51.2,7.6,10.8,5.1,69.4,83.6,14.4,59.4,5.5,12.2,62.2,22.9,7.8,26.3,22.86065446098522,10.928618454183864,8.208957827637224,15.2,6.4,28.5,9.813881711694332,6.9,7.216354218868894,31.698289900190016,16.6,68.2,16.6,9.9,25.4,11.8,2.9,6.112622123770766,30.7,2.7,14.4,4.0
8017,11.9,23.2,18.9,27.4,51.2,7.4,11.5,5.4,69.5,82.7,16.4,54.2,6.2,14.1,63.0,24.4,8.7,29.4,23.79400116848653,13.975735595379229,12.462928526502612,17.6,6.8,29.4,11.847565628858673,8.1,8.538151546448395,33.13860396063609,19.7,70.7,18.5,11.4,28.7,13.2,3.4,7.701364298790808,31.4,2.9,13.6,4.7
8019,7.8,20.6,21.1,24.2,50.0,7.7,10.7,4.5,70.1,85.2,12.6,62.0,4.4,9.9,68.0,22.7,6.8,23.4,21.80034333753542,7.959498510010176,6.677982166585891,12.5,5.7,27.7,7.966718853615294,5.7,5.712879815474121,31.20322777376808,13.900000000000002,74.2,15.6,8.2,23.200000000000003,10.4,2.3,4.359674622612902,29.3,2.3,5.6,3.2
8021,19.5,21.8,17.4,27.7,51.2,6.0,10.6,5.7,69.1,81.9,17.2,50.1,5.6,13.6,54.9,21.7,11.0,32.5,27.161318773691157,20.448276152703663,16.593142207169954,21.9,7.2,29.4,16.745249956838798,8.5,11.044218154156278,35.724342743444126,24.5,66.8,17.5,13.3,30.5,14.4,4.2,10.133175162636624,33.5,3.1,12.1,6.7
8023,21.1,22.5,16.7,29.0,52.2,5.9,10.6,6.1,69.1,81.7,17.7,49.9,6.0,14.0,49.6,21.4,12.1,33.9,28.34952515534562,22.967684665330882,18.39972204042287,23.6,7.5,29.7,18.47793899699599,9.1,12.225785811875564,36.4018776757384,26.3,65.6,17.5,14.3,31.7,15.0,4.7,11.464564419386999,34.8,3.3,16.7,7.5
8025,20.6,23.1,19.1,31.6,52.0,6.4,10.1,6.7,66.9,78.7,18.4,49.9,7.3,17.9,48.6,20.3,11.3,35.3,28.02508946398574,21.885947327746575,16.858157065827807,23.8,8.1,29.9,17.17303251807578,9.1,11.888533252401878,35.33862713376337,25.3,64.6,17.7,14.1,31.5,15.1,4.6,11.035091996383864,35.3,3.6,24.9,6.7
8027,8.8,23.4,19.5,26.6,50.7,7.7,11.5,5.2,69.9,83.7,15.0,58.8,5.7,12.7,64.7,24.9,7.8,27.4,22.555153803524874,10.804544283707207,9.66197635419283,15.2,6.5,28.8,9.681216728786094,7.3,7.19915409611038,32.11504189949555,17.0,70.1,17.9,10.2,26.3,12.2,3.0,6.2379780822509545,31.0,2.7,8.0,4.0
8029,12.9,24.4,18.7,28.6,50.8,7.4,11.6,5.7,68.0,81.5,17.2,55.5,6.7,15.1,57.4,25.8,8.8,31.0,25.150013010210028,14.829854935542912,13.206747870129576,19.0,7.1,29.2,12.417060243191013,8.6,9.047597435796177,34.33346488531905,20.8,65.5,18.9,11.9,26.9,13.8,3.6,8.111327373298677,34.6,3.1,10.7,5.1
8031,12.1,19.7,24.4,23.2,49.7,6.6,10.2,4.5,71.1,85.1,13.1,59.0,4.4,10.2,61.5,21.9,7.8,25.5,26.088236541504134,12.602435443932897,11.131377876303763,14.7,5.7,28.4,11.427111016949134,6.4,7.594892614709002,34.50174144880478,17.5,73.1,14.6,9.7,21.6,11.2,2.9,5.913883037893879,29.2,2.5,10.6,4.3
8033,10.9,23.6,19.5,28.6,50.9,7.4,11.4,5.7,69.2,82.0,16.5,56.3,6.5,15.1,61.4,24.2,8.8,30.1,23.958136815347324,13.824068057141211,12.057808019247835,17.6,7.2,29.1,11.633687607965378,8.2,8.595287691375084,32.93236595867526,19.4,68.0,18.6,11.5,27.1,13.3,3.4,7.7010392212733825,32.2,3.0,11.6,4.7
8035,6.6,20.2,19.5,23.7,50.3,7.7,10.4,3.9,73.2,87.0,11.0,63.8,3.6,7.6,74.8,21.5,6.0,20.799999999999997,19.233231936218797,5.594705278787501,3.6206263303221426,10.7,5.1,28.2,6.476293327876584,4.9,4.42536418515989,29.39859779417561,13.3,77.2,14.8,7.1,24.6,9.1,1.9,3.343317182994592,26.7,2.0,5.6,2.7
8037,11.8,20.2,20.4,23.0,49.3,7.2,10.2,4.7,70.0,85.1,13.2,59.9,4.5,9.9,65.7,20.6,7.5,24.9,22.970344831424338,10.460924465937659,7.638229316529247,14.0,6.0,27.8,9.806334445543577,6.1,6.7472693362998415,31.8123338245558,15.9,70.4,15.2,9.0,23.6,10.9,2.6,5.332526114445138,28.7,2.4,11.1,3.9
8039,8.7,21.8,20.0,24.7,49.5,7.6,11.1,4.5,70.0,84.8,13.6,61.4,4.7,11.0,66.0,22.9,6.9,24.3,22.543627657204624,8.841297378914934,7.502692474925852,13.2,5.9,28.1,8.576261357683919,6.2,6.197026835686309,32.02271857468377,15.2,71.0,16.7,8.7,24.1,11.0,2.4,4.900808136336967,31.0,2.4,5.6,3.3
8041,9.5,22.6,17.1,27.7,50.5,7.3,11.6,4.7,73.6,84.8,14.7,57.5,5.0,10.9,64.3,25.3,8.4,29.7,22.849887628075372,11.423665022698657,9.456491786171553,16.0,6.3,31.1,10.450878234833489,6.9,7.119826918332059,33.562281352602305,18.9,70.0,17.9,10.9,28.5,12.6,2.8,6.500276449675285,35.0,2.6,7.800000000000001,3.9
8043,13.8,23.8,19.1,27.8,52.2,7.2,11.0,5.8,68.4,81.1,17.0,54.5,6.7,15.6,57.5,24.0,9.3,31.5,25.35178236509558,16.38021992536084,14.101890894159219,19.5,7.1,28.7,13.377829721807677,8.3,9.628985204702262,33.9316744463273,21.6,69.1,18.3,12.3,30.4,14.0,3.7,8.801797819918711,34.9,3.1,23.4,5.1
8045,14.2,22.0,19.0,25.3,49.9,7.1,10.7,5.0,69.6,83.2,14.9,56.8,5.3,12.0,63.7,21.2,8.1,27.7,23.021257840469822,13.301065394113605,10.891920477011443,16.7,6.4,28.6,11.652482218939062,7.1,8.114002637998745,31.99962538996583,18.3,73.5,16.7,10.6,23.8,12.4,3.1,7.034801549998727,26.9,2.7,12.9,4.5
8047,8.1,21.6,20.2,25.1,50.4,7.7,10.9,4.8,69.8,84.8,13.3,60.7,4.8,10.7,66.9,23.1,7.3,25.1,22.357998357489002,9.058551429837252,7.319115853427717,13.5,6.0,27.8,8.656124280014545,6.2,6.316307940651092,31.598331223022203,15.0,70.0,16.3,9.0,24.1,11.1,2.6,5.045888404431879,30.7,2.5,6.199999999999999,3.5
8049,9.1,22.3,19.6,25.1,49.3,7.6,10.9,4.9,69.6,84.1,13.9,58.0,5.1,11.6,67.1,23.5,7.2,25.7,22.310704066959193,9.248645977058695,7.361199793732845,14.2,6.2,28.6,8.762239891779787,6.5,6.361978331574978,31.892448484645247,15.8,69.0,16.9,9.2,23.8,11.4,2.6,5.125838851462885,30.5,2.5,6.5,3.6
8051,7.6,21.5,20.5,24.6,50.3,7.8,10.7,4.7,70.3,85.1,12.7,57.8,4.6,10.2,69.7,23.1,7.1,24.2,21.338690308055384,7.894558549658344,5.467797099181681,12.7,6.0,28.3,7.751089103460866,5.9,5.767301935975686,30.56324129165508,14.700000000000001,69.5,15.9,8.6,24.700000000000003,10.6,2.4,4.501694666559401,27.9,2.4,13.0,3.3
8053,6.6,21.0,21.2,23.5,49.3,7.9,10.9,4.3,70.3,86.0,12.2,61.1,4.1,9.3,69.0,23.2,6.4,22.6,21.739265668264625,6.556439012396078,5.468210597286287,11.3,5.6,27.8,7.003551469684787,5.4,5.114007136741426,31.350615785083647,12.9,73.0,15.8,7.6,23.9,10.0,2.1000000000000005,3.678024481861666,30.5,2.2,5.6,2.8
8055,15.0,22.5,18.7,27.1,51.0,6.9,11.0,5.5,68.7,82.6,16.4,55.0,5.9,13.6,56.9,22.9,9.4,30.6,25.371277391113438,15.878588909492477,13.348913071082471,18.9,6.9,29.8,13.384826900319883,8.0,9.197962820161566,34.44937907219922,21.1,69.0,17.8,11.8,27.9,13.5,3.6,8.245072921375327,32.6,2.9,12.1,5.3
8057,14.3,24.6,18.5,29.6,51.7,7.4,11.7,6.4,68.4,80.6,18.4,52.7,7.7,16.8,56.5,25.0,9.8,32.8,24.861527503119664,17.603404610641068,15.779956795550994,21.0,7.8,29.5,14.09876034547433,9.7,10.345787620945188,33.61137388886688,23.0,68.6,19.3,13.4,29.5,14.8,4.3,9.725614218229639,32.4,3.4,12.8,5.9
8059,8.6,22.1,21.4,24.9,48.7,7.3,11.3,4.4,71.4,85.8,12.9,60.6,4.4,9.9,67.4,23.6,7.2,23.7,23.083797330721527,8.693120747317458,7.811526359589776,12.7,5.6,29.5,8.65200021425521,5.8,6.037638820892239,32.798874649154484,12.8,72.6,15.5,8.3,22.9,10.3,2.4,4.685819956787928,30.7,2.3,5.0,3.3
8061,10.8,23.9,19.4,27.2,50.8,7.6,11.8,5.4,69.2,82.4,16.7,53.2,6.5,14.7,54.5,25.6,8.3,29.9,25.568935720791146,13.221542739789069,11.229064420322132,17.2,6.8,28.8,11.248139920325908,8.2,8.48471571054269,34.21880038317299,19.2,62.3,19.2,11.4,27.6,13.4,3.4,7.307063010666479,33.2,2.9,12.8,4.5
8063,13.9,23.5,18.6,27.7,51.1,7.3,11.6,5.7,68.0,81.9,17.3,54.9,6.6,14.9,62.3,24.7,9.1,31.4,24.838270407520035,16.029741925769304,14.496807281854649,19.2,7.0,29.0,13.223988310840136,8.6,9.563335120807128,33.850113600067715,21.5,67.4,19.0,12.3,29.7,14.1,3.7,8.729605111240252,32.5,3.1,19.9,5.2
8065,12.0,20.5,20.3,25.2,50.0,7.0,10.2,4.6,69.3,84.8,13.3,56.3,4.4,10.2,69.2,21.6,7.8,25.0,23.15162967186191,10.829318893427537,8.149279571123435,14.7,6.0,28.6,10.1001781026251,6.1,6.741372604098708,32.513735486178646,16.9,70.9,15.4,9.2,23.7,11.1,2.6,5.388169974258198,29.5,2.4,9.1,4.0
8067,9.1,22.5,20.8,24.3,49.8,7.7,11.2,4.9,70.0,84.6,14.0,56.1,5.2,11.9,68.1,22.9,7.5,26.3,22.95258358616433,10.317669167575922,9.069093320715904,14.3,6.3,27.8,9.497637051344302,6.9,7.044837405080042,31.874502358430767,15.3,71.3,16.9,9.6,20.8,11.6,2.8,5.694218726646478,28.3,2.6,7.199999999999999,4.0
8069,8.7,21.6,20.1,24.6,50.8,7.8,11.2,4.6,69.0,84.4,13.9,59.1,4.8,10.2,69.1,25.0,6.9,25.8,21.44208933825486,8.36509170523651,6.985007244773755,13.4,5.9,27.9,8.115955988085041,6.4,6.048000209846073,31.09735401757366,13.900000000000002,68.3,16.9,9.0,24.4,11.4,2.6,4.783250606550842,27.2,2.4,7.6,3.6
8071,17.9,23.2,17.5,28.3,51.3,6.6,10.9,5.8,68.0,81.7,17.4,52.2,6.2,14.3,53.9,23.1,10.4,33.2,26.550990502455072,19.32992920036891,16.31568097619841,21.1,7.3,28.7,15.72104974338211,8.7,10.712139767772165,35.236387084129966,24.1,68.2,18.1,13.3,32.9,14.4,4.1,9.919593207734756,36.0,3.2,15.2,6.2
8073,14.7,23.5,18.9,29.0,51.3,7.1,10.9,5.9,67.9,80.9,17.2,56.2,6.8,15.7,57.5,22.3,9.4,31.4,24.795249634866067,16.33738337701586,13.507367717665275,19.7,7.2,29.1,13.369523526830857,8.5,9.561893790507185,33.34536108231979,22.3,67.4,18.2,12.3,29.9,13.8,3.8,8.731371143053252,32.3,3.2,14.4,5.3
8075,14.9,24.1,18.3,30.5,50.9,7.2,11.4,6.2,68.3,80.5,18.0,54.8,7.4,16.7,56.1,24.3,9.8,32.5,25.60979517466259,18.01840789208341,15.893850084552021,20.7,7.6,29.3,14.486887015293982,9.2,10.481772881986325,34.171940101864216,22.7,68.1,19.0,13.3,30.3,14.5,4.1,9.799663600730366,34.9,3.4,18.3,5.8
8077,11.3,23.5,18.6,26.6,48.9,7.5,11.5,5.2,68.9,82.8,15.7,57.9,5.8,13.2,61.8,24.5,8.1,28.6,23.216856882255627,12.91916506290627,11.248967069133968,16.6,6.6,26.6,11.072943064727436,7.6,8.32164197213942,31.91773864782224,19.0,66.6,17.9,10.8,30.1,13.1,3.2,7.261856764134128,30.7,2.8,14.0,4.4
8079,7.6,22.3,20.0,25.8,50.7,7.9,10.8,4.9,70.1,84.7,13.2,60.7,5.0,10.6,64.6,23.4,7.3,25.0,21.65222278384052,8.881445636051252,7.253946179626943,13.4,6.2,28.7,8.45062669819497,6.3,6.1674050094307695,31.19451312675216,14.899999999999999,75.2,16.2,9.0,25.1,11.0,2.6,5.128099076153081,31.2,2.5,9.3,3.5
8081,13.3,23.9,18.7,28.6,50.2,7.2,11.5,5.8,68.3,81.4,17.4,56.6,6.8,15.6,54.6,24.8,9.2,31.6,25.527376322872414,15.888793104886405,13.968583966499942,19.0,7.2,29.8,13.140421918892732,8.7,9.52696876889647,34.40838275428437,21.3,66.3,19.0,12.2,28.3,14.1,3.7,8.64953247251623,33.7,3.1,16.6,5.2
8083,11.5,23.2,17.8,27.0,51.1,7.3,12.0,5.5,68.8,82.5,16.8,54.2,6.3,15.2,58.4,25.2,8.9,31.9,24.321831072803587,15.023681383343648,13.20313948530761,18.2,7.0,27.7,12.536072483957915,8.4,9.338013489879103,32.88559209252991,20.4,66.2,18.8,11.9,28.5,13.5,3.4,8.403489946912105,31.3,3.0,13.1,5.0
8085,13.5,22.9,18.5,26.5,51.6,7.2,11.3,5.3,67.9,82.7,16.3,53.7,6.0,14.0,60.5,24.1,8.5,29.2,24.485525685364767,14.804063985444941,13.060039874510824,18.4,6.7,28.5,12.525856544737989,7.9,8.902992715635476,33.485392978616325,19.8,71.3,17.9,11.2,27.699999999999996,13.2,3.3,7.919335934415117,31.7,2.9,15.7,4.8
8087,18.2,23.1,17.4,29.1,50.5,6.7,11.1,5.6,68.7,82.2,17.2,52.4,6.1,14.0,58.0,22.0,9.9,31.8,25.605255263826283,17.858518336993836,14.790141929093227,20.6,7.0,29.6,14.742976946149179,8.4,10.016312570896297,34.650454281364816,22.7,67.6,18.1,12.4,32.3,14.1,3.8,9.220168826881993,33.0,3.1,12.4,5.8
8089,19.7,24.3,17.8,30.2,52.3,6.5,11.5,6.4,69.0,80.6,18.9,51.5,7.3,16.0,48.9,23.8,11.7,34.8,28.238635040707965,22.477244470373655,19.338806811430292,23.8,7.8,30.4,17.752932957052,10.1,12.268573790448713,36.509431246006116,26.2,63.9,19.2,14.9,35.1,15.8,4.9,11.6860651367831,35.8,3.5,19.4,7.4
8091,7.0,21.2,19.9,24.2,49.9,7.9,10.8,4.4,70.8,86.0,12.3,60.4,4.3,9.3,67.2,23.6,6.6,22.8,21.586475858647848,6.725151576413936,4.831620768084772,11.8,5.6,28.5,7.161227821291157,5.6,5.170675835378297,31.33929821336982,13.5,71.2,15.7,7.9,22.8,10.2,2.2,3.852333890682175,30.2,2.2,6.4,3.0
8093,8.2,22.5,21.0,25.2,50.7,7.7,10.9,4.8,69.6,84.8,13.4,57.2,4.8,10.9,65.3,22.7,7.2,24.6,22.69813008763659,8.83256132234808,7.124936366227897,13.3,6.1,28.7,8.474947362099769,6.3,6.1868913593869586,31.929895012497756,14.6,72.0,16.6,8.8,22.5,11.0,2.5,4.852462400705958,29.3,2.5,6.0,3.4
8095,15.3,23.6,18.0,28.3,51.4,7.1,11.3,5.8,68.6,81.8,17.2,52.7,6.6,14.8,55.3,24.0,9.6,31.2,25.86062262207752,17.11913938353306,14.717595309748118,20.1,7.2,29.2,14.090502719327226,8.8,9.91062890584432,34.703266031804766,22.5,68.0,18.5,12.6,29.4,14.1,3.9,9.064578676888502,34.7,3.1,13.4,5.7
8097,7.2,20.4,20.9,23.3,49.6,7.9,10.3,4.3,70.3,86.4,11.5,61.3,3.9,8.3,71.6,21.7,6.5,22.1,20.43924558342392,6.125503287740527,4.13368392047966,11.3,5.5,28.2,6.777579265715669,5.1,4.824171340580692,30.038416111634003,12.599999999999998,75.1,14.7,7.5,20.3,9.7,2.1000000000000005,3.434076929948742,25.9,2.1,7.6,2.9
8099,19.0,23.6,17.7,28.7,51.3,6.6,11.2,6.1,67.7,81.1,18.4,53.2,6.9,15.6,52.3,23.1,10.8,33.5,27.405620509101393,20.55646710623132,17.653072449224638,22.4,7.5,29.2,16.542352389510626,9.4,11.434441129724574,35.783171370071344,25.6,65.3,18.7,13.9,29.8,15.1,4.4,10.615045906028906,34.4,3.3,17.0,6.6
8101,16.8,24.4,17.9,28.1,51.8,6.5,11.2,5.5,70.3,82.8,17.4,52.6,6.1,14.2,58.1,23.4,10.4,33.4,26.90009329089492,19.09868188316249,16.83181969453978,20.9,7.0,27.2,15.609079100156325,8.4,10.66670931146408,35.64868611229426,25.7,68.1,18.4,12.8,32.3,14.2,3.9,9.88525571226816,37.7,3.0,15.7,5.9
8103,10.4,22.7,19.7,26.9,50.8,7.4,11.3,5.2,69.4,83.2,15.6,56.2,5.7,13.3,59.4,24.6,8.0,28.5,24.7891582210286,12.715611072137705,11.092832887871754,16.1,6.6,28.2,11.050905667241722,7.4,8.08677109481192,33.62972195480302,18.0,68.4,18.2,10.4,26.7,12.5,3.0,6.9294461561950795,33.7,2.8,15.5,4.1
8105,16.7,22.6,18.0,27.6,51.3,6.7,10.7,5.4,69.6,82.9,16.2,54.9,5.6,12.8,61.7,22.2,9.6,30.9,24.650457859493493,16.814517616115815,14.06943433802821,19.5,6.8,29.2,14.12529419310983,8.0,9.49909749253789,33.873860260286364,21.9,71.5,17.2,12.1,27.9,13.5,3.7,8.707958450199511,31.5,2.9,14.0,5.6
8107,7.8,20.7,20.6,23.9,49.9,7.8,10.6,4.5,69.9,85.2,12.8,61.0,4.5,10.0,68.6,22.7,6.8,24.2,21.003622088131095,7.341757583491388,5.455365769657677,12.6,5.8,28.5,7.479955364747455,5.8,5.413206641929755,30.642156913425545,14.500000000000002,72.0,15.9,8.4,23.0,10.6,2.3,4.125457690936171,26.8,2.3,6.300000000000001,3.2
8109,17.4,23.2,17.2,29.2,51.6,6.7,11.2,6.1,69.0,81.5,17.7,55.3,6.7,14.8,53.2,22.7,10.7,33.2,26.580431553681617,20.259200678380576,17.16246950207408,21.9,7.5,30.0,16.3738283641763,9.3,11.35965191732299,34.91295313774245,23.7,68.3,18.2,13.7,28.8,14.6,4.4,10.708232849040911,33.8,3.3,21.6,6.6
8111,8.9,21.9,20.0,26.0,50.6,7.6,10.6,5.0,70.0,84.6,13.4,54.9,4.9,11.0,61.9,23.2,7.8,25.6,23.306245500388126,10.059130527613368,7.200345537765482,14.0,6.3,28.5,9.281978279048426,6.3,6.703438099591764,32.1977293465376,15.9,69.7,16.2,9.2,25.8,11.2,2.7,5.443105112579059,31.9,2.5,14.3,3.7
8113,7.6,21.2,19.8,24.7,50.6,7.8,10.5,4.8,70.8,85.4,12.2,58.0,4.5,9.4,66.3,22.6,7.1,23.4,20.84032549027754,7.596805758354668,4.642714753322478,12.6,6.0,28.6,7.595336647597335,5.7,5.529114339277967,30.152695732763448,14.2,71.6,15.3,8.4,25.300000000000004,10.3,2.4,4.34636916153177,27.8,2.4,8.1,3.3
8115,12.9,23.6,18.7,28.0,51.4,7.3,11.5,5.7,69.1,82.2,16.8,55.5,6.5,14.5,57.9,24.5,9.0,30.3,25.08535697472016,15.252676032985477,13.281037599646817,18.6,7.0,28.7,12.72129625639759,8.4,9.23990160237811,33.86780223696489,20.5,66.5,18.7,11.9,28.5,13.7,3.6,8.324254674925042,33.2,3.0,14.9,5.1
8117,9.2,20.9,20.0,24.6,50.0,7.6,10.3,4.7,70.6,85.0,12.9,62.0,4.6,10.1,67.1,22.2,7.2,24.4,21.53466368231795,8.850908812282135,6.420043257636265,13.4,6.0,26.8,8.525956563665918,5.9,6.165637041593998,30.55681051559653,15.0,71.0,15.6,8.6,23.7,10.7,2.5,4.899507919297181,28.5,2.4,10.1,3.4
8119,8.4,22.1,19.8,25.3,50.3,7.7,11.0,4.7,69.8,84.6,13.8,61.1,4.9,11.3,65.9,23.8,7.1,25.2,22.76849098658008,9.730332225856966,8.702804478065957,13.5,6.0,28.4,9.166150445741037,6.4,6.612728754583315,32.29252383994348,15.4,74.3,16.8,9.0,23.4,11.1,2.6,5.461343093831807,32.6,2.5,12.4,3.5
8121,11.3,23.2,19.4,26.6,50.3,7.4,11.3,5.3,68.4,82.7,16.0,57.6,6.0,13.8,62.9,24.2,8.2,28.9,23.712796815958473,12.883055129240443,11.526892351709229,16.8,6.7,29.0,11.12934184063129,7.7,8.094308935978129,33.015670073437775,18.6,69.6,18.3,10.8,26.6,12.9,3.2,7.089724682455198,31.3,2.8,13.9,4.3
8123,13.7,21.1,19.2,27.4,51.0,7.0,10.7,5.1,67.4,82.9,15.7,55.2,5.3,12.6,63.2,22.0,9.3,29.6,24.056367528980036,14.28853967831028,12.033874643687902,16.8,6.4,29.1,12.220104854385848,7.3,8.231253913517243,33.51490522641571,20.6,72.5,17.2,10.8,33.6,12.6,3.2,7.2884613498177035,33.5,2.7,11.2,4.6
8125,16.3,22.6,18.7,27.1,50.1,7.1,11.2,5.6,68.5,82.0,17.1,52.8,6.5,14.2,57.2,23.2,9.2,31.7,25.67456776725673,16.37905055417739,13.91903942816559,19.8,7.1,28.9,13.625437258360051,8.5,9.535636470585825,34.53733187006744,21.7,66.7,18.1,12.3,28.7,13.9,3.8,8.51245579480468,33.4,3.0,11.5,5.4
9110,10.3,21.4,16.2,29.0,58.1,7.0,11.6,4.8,79.6,88.2,13.3,66.3,4.9,11.1,69.1,21.8,9.2,23.9,25.3,16.9,13.4,16.2,5.0,34.1,14.0,7.1,9.2,34.2,23.5,80.6,17.2,9.9,32.4,11.7,3.2,9.5,37.5,2.7,9.6,4.7
9120,15.0,19.5,16.3,28.3,59.9,6.5,10.5,4.8,76.6,87.7,13.0,65.7,4.9,11.1,67.6,18.2,9.2,24.4,28.3,20.9,16.5,17.7,5.0,33.7,17.6,7.7,10.9,36.3,27.3,77.7,16.4,10.5,28.4,12.1,3.9,11.6,37.6,3.0,10.7,5.7
9130,7.1,22.2,18.0,28.4,55.7,7.4,11.1,4.6,79.7,88.6,12.3,67.4,4.6,9.8,74.6,23.8,7.3,22.4,22.7,10.4,8.5,13.2,5.0,31.6,9.9,6.2,6.8,31.0,20.5,79.4,16.3,8.4,29.8,11.0,2.6,6.7,34.6,2.4,8.5,3.5
9140,11.3,21.7,17.2,28.1,56.8,7.1,11.2,4.9,77.9,87.7,13.5,65.6,5.2,11.9,68.3,21.8,8.8,25.0,26.6,16.6,13.1,16.3,5.3,33.8,14.4,7.3,9.2,34.7,25.4,78.2,17.5,10.3,30.7,12.3,3.3,9.5,36.8,2.8,11.1,4.8
9150,8.1,22.9,17.9,29.6,56.0,7.6,11.7,5.1,77.7,87.0,14.3,66.0,5.7,12.5,69.7,24.8,8.0,25.8,24.1,12.5,10.2,15.6,5.7,32.2,11.0,7.3,7.6,33.5,23.4,77.0,18.5,10.0,32.4,12.6,3.0,7.5,37.4,2.8,11.4,4.0
9160,8.0,22.3,18.7,26.6,55.3,7.6,11.6,4.7,78.7,88.3,12.9,66.0,5.0,11.5,70.5,23.9,7.9,23.5,24.7,12.2,9.2,14.2,5.3,33.5,10.5,6.6,7.1,32.9,21.9,78.7,17.6,9.2,29.2,11.6,2.7,7.1,34.8,2.5,9.5,3.7
9170,10.6,21.6,15.6,30.0,56.7,6.8,10.9,4.9,78.7,88.0,12.9,66.8,4.9,11.3,67.9,20.9,9.2,24.8,26.1,16.7,14.0,15.9,5.0,34.0,15.3,7.0,9.5,35.1,26.0,79.3,16.8,10.4,33.9,12.0,3.4,10.6,38.4,2.8,11.3,4.9
9180,10.1,22.4,16.9,30.8,57.0,7.1,11.4,5.0,78.5,87.1,14.2,66.1,5.3,11.7,68.8,23.5,8.8,27.1,25.2,15.3,12.4,16.8,5.5,31.7,13.1,7.4,8.9,33.1,25.9,77.2,17.6,10.5,33.1,12.7,3.2,8.9,38.5,2.8,10.7,4.6
9190,10.0,19.5,17.5,24.9,56.5,7.1,10.0,4.2,77.3,89.0,10.8,67.0,4.0,8.7,72.8,19.3,7.4,20.799999999999997,24.8,12.4,8.7,13.4,4.7,33.0,11.2,5.8,7.1,32.6,21.4,78.9,14.9,8.2,25.6,10.5,2.6,7.0,33.4,2.4,8.0,3.8
10001,9.8,25.5,14.1,36.0,60.5,6.9,12.6,5.5,80.8,85.3,15.1,60.7,6.6,14.0,61.9,23.3,12.4,33.1,23.6,16.6,15.1,20.2,5.8,34.4,15.1,8.7,9.1,35.8,30.7,73.0,18.7,14.4,43.9,13.7,3.7,9.4,40.9,3.3,13.1,5.1
10003,8.9,22.4,16.3,32.1,57.3,6.9,10.4,5.0,77.6,86.2,13.4,60.9,5.3,11.8,62.3,21.5,10.7,27.5,22.9,14.6,11.9,16.8,5.0,34.0,12.9,7.3,8.3,32.8,24.8,78.1,16.3,11.8,33.4,11.6,3.2,8.2,36.5,2.9,13.1,4.4
10005,10.5,23.7,16.9,32.8,60.1,7.3,10.7,5.6,78.6,85.2,13.8,57.1,6.3,14.6,60.6,22.4,9.8,27.8,21.1,14.5,11.8,17.7,6.0,37.4,11.9,7.8,7.8,32.0,25.2,80.4,16.5,11.6,34.2,12.7,3.3,7.8,35.3,2.9,14.7,4.5
11001,6.2,18.7,22.5,30.3,57.2,6.0,10.2,4.1,77.0,90.2,11.6,66.0,4.2,9.5,69.3,21.0,8.5,22.0,22.7,13.8,12.8,13.5,4.1,33.3,12.0,6.5,7.8,36.2,15.3,77.0,13.7,9.9,25.1,9.6,3.2,7.8,32.8,3.0,7.300000000000001,4.3
12001,11.9,23.2,16.9,32.7,60.2,7.3,10.1,5.7,77.9,85.0,14.4,58.8,6.3,12.7,56.2,19.8,11.2,29.5,24.562171993686636,15.225279207666063,10.362855419849774,18.1,6.1,34.2,12.941458743529276,8.0,8.243152637687913,34.667500312897054,22.0,74.2,17.8,12.4,33.4,12.7,3.7,8.395730258508856,37.7,3.1,9.9,5.3
12003,13.8,24.2,17.5,34.2,58.3,7.3,10.3,6.1,74.8,82.5,16.6,59.2,7.5,16.6,50.7,20.0,11.0,32.6,25.74403423409542,16.92245680688878,13.179001436248441,19.4,6.6,34.6,13.850471476464143,8.8,9.021054033959212,36.01083904227712,27.0,76.2,19.7,13.3,35.1,14.3,3.7,9.213872831028173,40.0,3.2,13.6,5.2
12005,13.1,24.5,18.3,33.5,57.7,7.4,10.0,5.9,74.0,83.3,15.3,60.6,6.7,14.7,58.1,21.5,10.0,30.5,24.908110203433164,14.645415741954096,11.296201766751107,18.7,6.4,34.0,12.368653824408847,8.2,7.927056281320138,35.72340271425614,24.2,73.5,18.9,12.5,33.2,13.8,3.5,7.928143141316841,40.1,3.1,10.2,4.9
12007,16.2,25.5,16.8,34.6,60.2,7.5,10.5,7.0,74.8,80.9,18.7,52.8,9.0,19.6,46.3,20.9,12.4,34.8,28.860726404238278,22.020390443113254,17.804544974683047,24.1,7.2,32.6,17.15429634856765,10.6,11.730031960127219,37.54271145475721,30.7,69.8,21.0,15.8,35.0,16.1,4.9,11.89534608316275,43.0,3.9,20.5,6.7
12009,12.4,22.9,17.4,31.5,56.7,7.4,9.7,5.5,75.8,84.9,14.1,63.5,5.9,13.0,59.1,20.0,10.0,28.3,22.98928489247768,13.248377172444235,9.581886841114445,16.9,5.9,32.7,11.523700361268661,7.4,7.282463694670258,33.676243698929035,21.9,77.6,17.9,11.5,34.2,12.6,3.1,7.313156852714018,35.6,2.8,10.8,4.5
12011,17.3,19.9,15.4,32.1,60.0,6.2,9.2,5.4,77.4,85.5,13.7,59.6,5.3,11.8,56.1,16.2,11.4,27.3,27.537226570873774,19.24484650294131,13.570754504314625,19.6,5.6,32.9,16.332628934805,7.6,9.737471929461984,36.986722940856914,25.2,76.0,16.8,12.6,30.4,12.8,3.7,9.592251335338016,40.5,3.1,12.4,5.8
12013,17.3,26.0,15.6,35.9,59.1,7.4,10.6,7.4,74.9,79.9,19.0,56.2,9.5,20.5,48.5,20.7,12.8,37.4,26.47176552310384,22.147351535914304,17.390673116363768,25.0,7.7,34.7,17.06201092679172,10.9,11.644519157978817,35.94253277688579,31.1,69.7,20.9,16.6,39.9,16.6,5.0,12.301902317896875,40.9,4.0,20.5,7.0
12015,13.0,24.2,19.0,31.0,56.6,7.7,9.9,5.6,75.4,84.2,14.4,59.1,6.2,14.2,58.3,19.0,9.8,28.7,24.530303377898434,13.21472345803614,9.419112536918202,17.0,6.2,33.2,11.373411294976972,7.4,7.4172430985531355,34.67738532299013,21.6,74.7,18.5,11.5,31.6,13.0,3.2,7.182200314758848,37.1,2.8,15.6,4.6
12017,13.7,24.0,17.4,30.0,57.3,7.6,10.1,6.2,74.8,82.5,16.1,57.8,7.4,16.6,57.9,21.2,10.2,31.7,24.71379282687835,15.716189443192828,12.344917330314857,19.6,6.9,33.9,12.967703629838356,8.7,8.55770266605005,35.28083337393063,25.0,74.5,19.9,13.3,32.9,14.4,3.7,8.638702214518485,39.6,3.2,16.4,5.3
12019,12.3,22.4,17.0,32.9,58.2,7.5,10.0,5.5,76.0,84.9,14.4,61.9,6.0,13.4,59.5,19.6,10.3,29.1,24.44039333333625,13.383597455849106,8.871987761615436,16.9,6.1,33.3,11.628209682694846,7.5,7.331390428697885,35.05555622497935,24.4,70.1,18.7,11.6,34.5,12.8,3.2,7.292920495716165,40.5,2.9,8.3,4.5
12021,16.8,20.5,16.9,28.1,57.2,7.5,8.8,5.3,73.9,85.0,13.3,61.3,5.3,11.2,59.1,16.9,9.5,25.3,23.38668168732616,12.767974743474426,6.744193018155101,16.6,5.9,31.8,11.398740372936466,6.8,7.003933411711264,33.23215756381681,21.9,71.6,16.2,10.6,28.0,12.3,3.1,6.5346679215644174,33.2,2.7,13.5,4.8
12023,16.0,25.8,16.0,36.3,59.4,7.2,10.4,6.9,75.2,81.5,17.9,54.4,8.4,18.6,48.8,21.0,12.4,33.3,26.488701385301283,20.394619667483592,14.942020034940509,22.8,7.2,34.2,15.980860349690222,10.1,10.817618514132938,35.72532403372579,30.0,67.7,19.8,15.3,39.7,15.5,4.6,11.240883702612473,39.3,3.7,22.8,6.4
12027,27.0,24.7,15.6,36.7,59.6,6.8,10.0,7.9,73.4,79.4,20.6,54.6,9.8,20.4,43.1,19.4,14.7,40.5,28.717507806079837,27.2229527291165,21.344504649731014,29.7,8.3,37.4,20.813648159740023,11.7,13.331294347091227,38.71101365651974,36.9,68.9,20.5,19.0,41.8,18.0,5.9,14.175153508214759,41.2,4.2,21.8,8.9
12029,17.3,26.8,16.9,35.9,59.0,7.4,10.5,7.4,72.7,79.6,19.5,53.3,9.5,20.7,43.6,21.3,12.3,37.8,28.509445862007418,22.472178310250435,18.34797883324394,24.3,7.8,32.4,17.301039651208008,10.6,12.043163248508264,37.13988621768315,30.0,70.1,21.6,16.2,34.8,16.6,4.8,12.245628975265982,42.4,3.9,24.7,6.8
12031,13.7,23.4,15.8,33.7,59.3,6.8,10.3,5.7,75.5,84.6,15.0,62.1,6.5,14.0,54.6,19.8,11.8,30.3,27.408930332691384,19.48147708135536,16.28578787969949,19.9,5.7,30.9,16.082107940871303,8.5,10.32219510790555,36.793839908880784,26.7,77.4,18.7,13.1,34.3,13.6,3.8,10.36878337064122,42.9,3.3,14.9,5.5
12033,12.7,24.5,17.1,36.1,59.2,7.3,10.6,6.1,75.6,84.0,15.7,57.1,6.9,14.8,54.7,21.0,11.4,32.2,25.516263441979554,17.178900286030938,13.276115716463421,19.8,6.2,33.2,14.097890138753973,8.8,9.273470709445547,35.40951004276915,25.5,73.7,18.9,13.5,36.4,14.1,3.8,9.461672501033295,38.1,3.3,10.9,5.4
12035,12.7,23.3,17.4,28.9,56.7,7.4,9.9,5.5,75.6,84.7,14.3,62.5,6.0,13.0,59.4,20.5,9.3,28.1,23.362681653444795,12.543566827089,8.975522739146452,16.5,6.1,33.9,11.125845817186532,7.3,6.930620945499136,34.48242308058985,21.7,76.1,17.8,11.3,30.9,12.7,3.1,6.862359202873861,38.1,2.8,7.300000000000001,4.5
12037,14.9,23.7,17.9,35.3,58.3,7.5,10.0,6.6,74.7,81.8,16.8,55.6,8.0,17.2,50.0,19.6,11.2,32.0,26.300060670754874,17.567869876927464,12.233953985987005,20.8,7.1,32.1,14.10907104622407,9.3,9.654425760693915,35.07455549020886,26.8,66.5,19.3,13.7,32.4,14.8,4.1,9.512140792938972,37.2,3.4,13.5,5.8
12039,19.0,25.6,13.2,39.0,64.3,6.1,11.2,7.2,77.9,82.6,18.6,59.9,9.0,18.8,48.1,17.4,15.6,37.4,30.241099489217607,31.028916424343443,26.286370485720226,27.2,6.5,32.0,23.776267513006836,12.2,15.957980622086431,37.29099722099265,29.9,72.8,20.4,18.7,44.5,16.2,6.4,16.8830481398695,39.7,4.7,24.1,9.2
12041,14.7,24.2,18.5,30.9,56.9,7.8,10.3,6.3,74.1,81.6,17.2,59.5,8.0,17.6,52.3,21.8,10.2,33.0,25.133864293449275,15.72610292839208,12.233177219736882,20.2,7.1,34.4,12.793457733447235,9.1,8.619390298164722,35.53671754662391,25.8,71.1,19.9,13.7,34.7,14.9,3.8,8.676505089993787,39.5,3.3,16.6,5.4
12043,24.5,23.9,16.7,37.5,59.4,6.8,9.9,7.8,73.6,79.8,19.4,54.9,9.2,20.5,44.2,18.6,14.4,36.6,30.121899030010635,26.274192489608076,20.4094222952774,27.9,8.0,35.1,20.225737447498823,11.0,13.19634996326454,38.89745812588053,34.0,65.9,20.1,17.0,37.9,17.2,5.6,13.548857222210538,42.8,4.1,23.1,8.4
12045,14.0,24.1,18.9,34.0,57.2,7.6,9.8,6.1,74.0,82.8,15.7,60.4,7.2,15.7,53.1,20.4,10.9,31.9,24.88713671666706,15.684581482595695,11.670320778327273,19.6,6.7,32.8,12.87401126871574,8.4,8.51767252790206,34.7927713610106,25.6,73.6,18.5,13.1,35.1,14.0,3.7,8.520230440767886,38.0,3.2,14.2,5.1
12047,20.2,26.3,15.6,39.6,60.7,6.8,11.0,7.7,75.3,79.8,20.1,51.6,10.1,21.5,44.4,19.8,14.7,39.5,30.961306589645197,27.63290935983975,22.089129594686767,28.6,7.6,36.5,21.067513387130752,12.4,14.153482023802194,39.39418634669094,31.6,63.2,21.2,18.5,42.0,17.4,6.1,14.773912300920557,44.2,4.5,22.4,8.7
12049,26.6,24.5,15.2,34.6,58.8,6.7,9.7,7.4,73.6,80.0,19.2,51.5,8.6,18.3,42.4,18.3,14.4,37.6,28.450199771062803,25.64637345551283,18.727306035990118,27.5,7.9,34.5,19.824439160307087,10.8,12.811068662359025,37.44248380221416,33.4,66.3,19.6,16.9,40.6,16.8,5.4,13.21497953105212,39.0,3.9,23.6,8.5
12051,31.900000000000006,22.2,14.7,36.2,58.9,5.9,9.4,7.6,73.9,79.9,19.5,54.3,8.1,17.5,42.8,16.6,16.1,38.5,31.76456824890299,31.179465149804727,23.94006508432095,30.9,8.0,33.2,24.107770830925844,11.2,15.167793224529413,40.042298654714855,37.9,64.2,18.7,18.8,37.7,18.2,6.1,15.461974848478002,43.2,4.0,26.0,9.9
12053,15.6,23.5,15.7,30.6,58.2,7.6,9.9,6.0,74.7,83.3,15.8,58.3,6.8,14.9,55.0,21.3,11.2,32.0,23.552858099740796,15.541531009696111,11.26243445486332,19.2,6.6,33.5,12.952747257768065,8.5,8.250726472595655,34.55809361614204,25.4,74.5,19.1,13.5,36.4,14.3,3.7,8.514443715545237,38.1,3.1,9.6,5.4
12055,19.3,25.1,16.1,33.8,57.9,7.2,9.9,6.5,75.4,82.8,16.5,54.8,7.3,15.9,52.4,19.2,12.6,32.0,26.086364285310463,19.446580375916305,14.2896369314275,22.9,6.9,35.0,15.654019811298266,9.1,9.95371958496825,36.367741733179855,29.7,72.6,19.4,14.2,38.4,14.9,4.2,10.305567590767666,38.9,3.4,19.3,6.4
12057,16.3,20.7,17.0,32.7,58.5,6.6,9.4,5.5,75.7,84.9,13.8,60.3,5.6,12.1,57.3,16.7,11.5,28.9,26.003078945990328,17.080968940486535,11.936536032877045,18.8,5.9,36.3,14.644437672673797,7.6,8.596120444975636,36.52304283620693,23.6,78.2,16.8,12.3,31.5,12.7,3.6,8.60095853559211,38.8,3.0,10.8,5.5
12059,15.7,25.5,17.4,35.8,57.9,7.6,10.5,6.9,73.9,80.1,18.7,53.8,9.0,19.7,47.1,21.8,11.9,36.8,27.669296924799337,19.708340275185204,15.645505390615181,23.3,7.6,36.4,15.505310113946475,10.4,10.399866517584703,37.795087056983576,27.8,71.2,21.0,15.1,36.5,15.7,4.5,10.721837919740896,45.2,3.7,20.9,6.2
12061,13.4,22.4,17.0,28.5,57.2,7.5,9.4,5.4,75.7,84.8,13.9,61.9,5.8,12.6,58.5,18.8,9.5,27.0,24.16817209796907,13.054272066923323,8.484853949342561,16.8,6.0,31.5,11.548875415220683,7.3,7.3148646933876975,34.2359804679522,21.9,73.0,17.4,11.1,27.5,12.6,3.2,6.970597516191395,37.9,2.8,8.5,4.6
12063,17.0,24.8,16.6,37.2,59.3,7.1,10.4,7.2,74.8,81.2,18.2,59.2,8.6,19.5,45.2,20.1,13.1,36.1,28.278278671273082,24.059264751798242,20.55637091091497,24.3,7.1,32.6,18.646794963386867,10.7,12.54727991597863,36.95390065107587,30.1,77.5,20.4,16.5,38.9,15.9,5.0,13.032835467167398,41.7,4.0,22.4,7.0
12065,15.1,23.0,16.9,38.4,58.9,7.0,10.4,6.5,75.3,82.4,17.0,57.8,7.9,17.5,52.2,18.7,12.2,33.9,27.72441531006901,21.141364842093502,16.36573879940295,22.2,6.8,34.7,16.848219747083782,9.8,11.182644601596905,36.576801513856715,26.0,71.3,19.4,14.9,34.9,15.0,4.6,11.38923952229924,39.1,3.8,19.5,6.4
12067,18.8,24.8,17.0,36.0,59.4,7.4,10.2,7.3,73.3,79.8,19.0,56.2,9.3,20.0,44.6,19.9,12.8,36.4,28.180250908763252,22.251408018952052,17.33709078869889,25.4,7.7,35.5,17.27863687379677,10.8,11.60520049976721,37.437885771365046,30.6,69.2,20.9,16.2,35.2,16.6,4.9,11.944491470911156,40.8,3.9,23.3,7.0
12069,15.2,22.5,17.3,31.0,57.8,7.3,9.8,5.6,75.6,84.8,14.6,58.6,6.0,12.9,54.6,18.6,10.9,29.4,25.376357269787768,15.570221078048812,11.011731278819783,18.6,6.0,32.4,13.195077686786334,7.7,8.29264685451357,35.373654850107066,23.9,74.2,17.9,12.4,35.8,13.3,3.3,8.162152529537348,38.8,2.9,12.5,5.0
12071,16.9,22.1,17.4,30.8,56.9,7.4,9.4,5.6,75.8,84.7,14.4,57.9,5.9,12.6,60.0,18.4,10.8,28.2,24.2323936659549,14.90800126090831,10.148213135087424,17.9,6.0,32.2,12.791461727819364,7.6,7.93070912894385,34.44092428797018,24.4,75.3,17.1,11.7,31.2,12.8,3.4,7.75631891427961,35.9,2.9,11.1,5.1
12073,11.5,22.9,16.2,34.8,61.1,7.2,10.4,5.6,76.5,85.8,13.8,63.3,6.1,12.9,58.6,17.9,11.3,28.3,25.44247625630734,16.504304502311708,12.163585771951166,18.5,5.7,34.2,13.958825720381867,7.9,8.80207635136954,35.367346007689875,23.6,76.6,17.7,12.4,35.6,12.7,3.6,9.044824137654983,40.7,3.2,11.4,5.2
12075,16.7,25.3,17.6,34.2,57.2,7.4,10.5,6.8,74.5,81.2,17.8,55.4,8.3,18.3,52.6,20.6,11.9,33.5,27.660652592576298,19.793024121269262,16.219906995211645,22.6,7.2,33.3,15.733565151609822,10.0,10.592753896737186,37.18998445566488,28.0,69.5,21.0,14.6,33.8,15.4,4.4,10.623414284474313,41.5,3.6,15.7,6.3
12077,18.1,25.4,16.9,37.1,59.9,7.2,10.1,7.5,74.1,79.9,18.3,58.3,9.1,19.3,47.2,19.3,13.0,36.7,26.48034571413756,22.559336912411723,17.76771730755145,25.6,7.6,33.9,17.30473317638488,10.4,11.607915029021553,35.74262882627834,31.0,73.0,20.2,16.4,44.2,16.5,4.9,12.267166114530376,40.7,3.9,20.7,6.9
12079,17.4,25.6,15.5,37.5,61.6,6.7,11.0,7.0,76.6,81.6,18.7,57.7,8.9,19.1,43.2,19.5,13.3,35.9,29.926945134478945,26.011658267764105,22.374208947854097,24.5,6.9,34.2,20.235294136138062,11.1,13.429568890163864,38.530912374568,30.5,77.7,20.6,17.0,37.9,16.1,5.4,14.045130605677336,44.3,4.2,19.3,7.5
12081,14.6,21.4,17.7,30.4,57.3,7.5,9.3,5.6,75.6,84.7,14.6,62.9,6.0,13.1,56.6,19.1,10.1,30.1,24.54370280522977,13.806249521645057,9.35465924869359,17.8,6.1,33.5,12.014687475042132,7.5,7.327043254540133,35.32706964880297,23.0,74.6,17.6,11.8,32.7,12.7,3.3,7.230646512192308,40.5,2.8,10.1,4.8
12083,16.6,23.3,17.0,32.0,59.0,7.3,10.0,6.2,76.5,83.4,16.1,60.6,7.2,15.7,52.1,20.7,10.9,31.4,26.395009586494023,18.265766692981597,14.463648323130208,20.7,6.5,32.3,14.881859619684954,8.8,9.68308500052799,36.20503494150125,24.2,73.9,19.2,13.8,37.1,14.5,4.0,9.821145434266379,41.4,3.3,19.4,5.8
12085,13.5,21.8,19.3,26.7,57.2,7.9,9.4,5.4,73.9,84.8,13.9,62.2,5.8,12.3,60.8,19.2,9.4,27.7,22.98936870747479,11.064542214520195,7.117155244767212,16.7,6.0,34.2,10.042251188614216,7.1,6.185975073665048,33.96798368786564,20.7,74.7,17.3,11.0,27.9,12.5,3.1,5.846969189144593,33.9,2.7,7.699999999999999,4.4
12086,26.2,18.0,15.9,30.3,58.3,5.1,8.6,5.7,74.0,84.4,14.5,57.4,4.7,11.4,52.6,14.0,13.3,28.3,29.948729786817584,24.72158001395087,18.259797584642197,21.8,6.0,31.3,20.43403868445651,7.8,11.940966342767643,38.47756470934692,31.2,75.5,15.2,13.4,29.3,13.7,4.3,11.453056802073293,38.9,3.1,13.7,7.6
12087,14.6,20.6,19.7,30.0,57.5,7.4,9.0,5.4,74.9,85.1,13.4,59.4,5.3,12.0,61.1,17.4,9.7,27.0,24.757400996023545,12.757439362878008,7.752568077992038,16.6,6.0,32.5,11.374427372387158,6.8,6.958603619257389,34.665337009286276,21.8,72.8,16.4,11.0,25.5,12.4,3.0,6.36853939285157,35.4,2.7,9.0,4.6
12089,10.7,21.9,18.4,29.5,57.9,8.0,9.7,5.2,75.3,84.9,13.8,65.9,5.8,12.7,62.9,19.7,8.6,26.7,21.51905948671465,10.142366985170156,6.486918050227619,15.3,5.9,33.8,9.237497858215669,7.0,5.884962865710812,32.56970337419629,18.5,76.3,17.8,10.8,33.4,12.3,2.9,5.850758650508128,34.4,2.7,11.1,4.0
12091,11.9,23.2,18.4,30.3,57.6,7.5,9.6,5.3,74.8,84.8,13.9,62.1,5.9,13.0,60.2,19.5,9.6,28.4,24.134458080501517,12.786017538317092,8.798870264551637,16.7,6.0,30.7,11.166898594561715,7.2,7.266100171762591,34.027092552459976,22.3,72.4,18.0,11.1,30.8,12.4,3.0,6.921613176618363,37.4,2.8,11.8,4.3
12093,21.9,24.0,17.1,35.8,59.1,7.2,9.9,7.1,74.6,81.1,18.3,54.4,8.5,18.6,45.0,20.3,12.8,35.6,27.72940736018296,23.061924970565677,18.751728422353132,25.8,7.6,34.5,17.899047684006007,10.3,11.552422462058331,37.62509967821275,30.4,76.3,20.2,16.1,44.1,16.8,4.9,12.085627780960156,42.1,3.7,23.0,7.2
12095,16.3,20.3,15.1,31.7,59.3,6.3,9.1,5.5,76.1,85.7,14.0,58.4,5.4,11.9,57.1,16.5,11.5,28.2,26.791497288457425,18.34742906954729,12.387373814091605,19.1,5.6,33.7,15.625809247226108,7.6,9.232029432642575,36.665645369793296,24.6,75.3,16.3,12.2,33.5,12.9,3.6,9.16110117662197,41.4,3.0,12.6,5.7
12097,22.1,20.4,15.5,33.7,59.1,6.1,8.9,5.7,75.1,84.5,14.7,56.1,5.2,11.7,54.4,17.3,12.7,29.9,26.247184301580262,20.036191513108818,13.916584647572204,21.6,6.2,35.0,16.68844007518585,7.7,9.556696031966354,36.99936821425489,28.0,77.2,16.9,13.1,39.4,13.8,3.9,9.760120787090377,38.8,3.0,12.4,6.5
12099,15.4,21.7,15.5,29.4,59.4,6.9,9.4,5.3,76.1,84.7,13.7,60.8,5.4,11.8,59.2,16.5,10.6,27.5,24.614277160277688,16.135350304260243,10.675351741727344,17.8,5.8,30.9,13.886843357627294,7.3,8.658996909609058,33.942626254084416,23.6,76.9,16.3,11.5,27.3,12.1,3.4,8.46181237456236,37.6,2.9,12.7,5.1
12101,15.2,22.6,18.0,32.3,57.3,7.4,9.8,5.7,74.1,84.1,15.2,60.8,6.3,13.7,59.1,20.2,10.3,31.0,24.142609423173308,14.6775944044537,10.801207160828447,18.0,6.4,33.9,12.509822843637208,7.7,7.8332644035558445,34.974604674126255,24.8,76.1,18.0,12.3,31.8,13.3,3.3,7.83491257190217,37.6,2.9,14.6,5.0
12103,12.3,22.7,18.7,29.5,56.7,7.7,9.7,5.5,75.2,84.8,14.2,61.1,6.1,12.7,56.1,20.9,9.8,28.2,24.439368914844025,12.822734446894813,9.065389230988707,17.1,6.0,33.5,11.226072691716826,7.4,7.129801405137416,34.963442662324084,21.8,74.7,17.7,11.6,31.7,12.6,3.2,6.904408876373013,38.0,2.8,14.6,4.6
12105,19.7,23.7,16.6,32.4,59.7,6.9,10.1,6.2,75.3,83.3,16.4,55.4,6.9,14.8,51.2,19.8,11.8,34.4,27.322349828869296,19.672818643083428,14.733792393395627,22.4,6.7,35.0,15.979060222344698,8.9,9.891701761548937,37.84174468761042,27.9,71.1,18.8,14.6,40.6,15.2,4.2,10.137141476423398,43.8,3.3,15.0,6.3
12107,19.2,26.2,15.6,35.8,59.7,7.2,11.0,7.5,74.4,79.8,19.9,55.3,10.1,21.7,44.5,20.9,13.4,37.1,29.648247742384275,26.08651588196664,22.595761352469648,27.3,7.9,33.5,20.016231515683664,12.0,13.732786253569557,38.153087453686375,31.5,72.6,21.7,17.3,33.3,17.4,5.6,14.187182823911375,42.5,4.2,24.1,8.0
12109,9.6,21.2,18.6,28.4,56.4,7.9,9.4,4.8,77.3,86.2,11.9,67.2,4.8,10.1,67.0,18.6,8.2,22.9,20.565451388129915,8.225122895927138,4.182450443606752,13.3,5.3,31.4,8.125172479444391,6.0,5.1236490420249226,31.10053374911237,17.1,76.1,16.0,9.3,28.7,11.1,2.4,4.785378230115614,31.3,2.4,7.4,3.5
12111,16.9,22.6,16.2,32.8,58.6,6.9,10.1,5.8,74.1,84.4,15.3,58.6,6.4,13.9,54.7,18.1,11.2,30.5,26.801457462009175,18.503022422240157,14.142837506126634,19.8,6.1,32.6,15.407106937581489,8.3,9.74852043983933,36.372412141702355,25.2,74.4,18.4,13.0,31.9,13.7,3.9,9.620983063909637,38.7,3.2,11.5,5.7
12113,11.2,23.1,18.5,31.8,57.4,7.8,9.6,5.4,76.9,84.6,14.2,64.2,5.9,13.2,59.2,19.8,9.3,28.2,23.8196982879345,11.623714353818386,7.6523409933635085,16.4,6.1,32.3,10.337582911583254,7.2,6.636031089287451,34.3401491639219,19.7,72.3,18.1,11.1,31.7,12.7,3.0,6.455714593888885,40.2,2.8,7.9,4.2
12115,11.5,21.8,20.1,28.8,57.3,7.8,9.5,5.0,75.8,85.3,12.8,61.7,5.5,11.7,64.0,20.7,8.4,25.2,22.693353170891417,9.991390663326655,6.7875748987112345,15.6,5.7,32.5,9.257891081163441,6.5,5.724118348514994,33.61450129827983,20.1,76.9,17.0,10.2,30.3,11.9,2.7,5.354427361122062,35.1,2.6,7.800000000000001,3.9
12117,13.4,20.2,17.1,29.4,58.1,7.1,9.1,5.1,76.7,86.0,12.7,63.0,5.0,10.8,61.7,16.7,9.8,25.7,23.82033145703786,12.994525681765996,7.646534523684662,15.9,5.4,31.7,11.705007404715774,6.5,7.071634283735765,33.68531626191018,20.5,75.3,15.7,10.2,29.3,11.4,2.9,6.73186472955498,36.6,2.6,10.4,4.4
12119,12.5,22.4,18.3,29.9,57.9,7.8,9.3,5.3,76.9,84.9,13.1,63.7,5.5,11.9,61.1,17.0,9.1,26.6,22.229415278662678,10.972270171863327,5.755827221939841,15.9,5.9,34.3,9.91294843631828,6.7,6.133021952833365,32.79370828478775,20.4,75.8,16.5,10.5,32.0,12.1,2.9,6.072631987726964,35.6,2.7,13.2,4.2
12121,17.1,24.8,16.8,34.7,57.6,7.3,10.3,6.9,74.1,81.2,17.8,57.2,8.4,18.5,49.4,20.4,11.9,35.2,27.20577868244227,20.484195089015834,16.359988133298877,22.8,7.2,34.0,16.172242984946813,9.9,10.688060820361068,36.99908045492105,30.4,72.0,19.9,15.1,38.6,15.8,4.5,10.99109685646424,43.8,3.6,17.5,6.4
12123,16.4,26.0,16.7,38.4,58.9,7.2,10.6,7.3,74.1,81.0,18.8,57.0,9.3,19.7,50.2,20.3,12.8,36.6,27.117361013395232,22.881648343698323,19.2914498423011,24.4,7.5,33.7,17.66677055417289,10.9,11.932070537199714,36.46718444184749,30.5,75.2,20.8,16.7,40.9,16.0,5.0,12.547305254569048,41.6,4.0,16.6,6.9
12125,17.6,25.3,17.1,38.2,58.3,7.1,10.3,7.3,73.3,80.3,18.4,56.5,9.0,20.3,46.7,20.7,12.9,37.6,27.306827303577425,21.895397462259762,17.081890648789404,24.7,7.5,35.1,16.96446419375226,10.4,11.352012420638932,36.779982259963205,29.7,68.4,20.3,16.5,41.5,16.2,4.9,11.808207302404927,40.7,4.0,15.3,6.8
12127,14.8,21.9,17.3,31.9,58.6,7.4,10.1,5.7,75.4,83.6,15.2,61.0,6.4,14.3,57.8,20.4,10.3,30.4,24.353509715485124,15.280560975510015,11.290500634248225,19.0,6.2,32.8,12.86903488268639,8.1,8.315598455744714,34.570986899202886,23.7,73.0,18.8,12.2,33.2,13.5,3.5,8.292967408125035,35.8,3.0,14.5,5.1
12129,13.3,23.9,17.6,33.8,59.4,7.7,10.0,5.9,74.4,83.6,15.7,63.4,6.7,15.0,56.2,18.5,10.8,31.7,24.185730722537617,15.331847870394407,11.459193897545758,18.8,6.2,33.6,12.716664284721755,8.1,8.170952527940212,34.666610100960874,26.2,77.6,18.6,12.6,38.2,13.9,3.4,8.46053009201377,40.3,3.1,14.0,4.8
12131,12.2,23.2,18.3,30.4,58.2,7.9,9.5,5.6,73.7,84.1,14.5,61.6,6.2,13.7,59.0,19.7,9.7,29.2,23.32167624362714,11.948973517746154,7.566207013004874,17.1,6.2,33.1,10.486419021900229,7.4,6.798479929666613,33.75814645816065,20.6,72.9,18.0,11.5,29.6,12.6,3.1,6.5956957229464255,36.3,2.8,13.3,4.4
12133,16.4,26.8,15.5,37.7,59.4,7.5,10.5,7.2,73.8,80.3,18.6,53.0,9.1,19.7,46.0,21.1,12.6,35.8,27.18760820323321,20.727010327416497,15.226316931753708,23.9,7.6,35.3,16.11864783656941,10.9,10.93248378688036,36.80877619706573,30.8,65.8,21.0,16.1,39.8,16.2,4.8,11.419669944836503,43.1,3.8,17.8,6.7
13001,18.7,26.5,14.9,38.8,62.5,6.7,10.8,7.3,74.9,81.5,19.7,53.6,9.3,20.8,52.3,22.9,14.6,37.1,26.0,25.7,23.3,27.3,7.8,35.5,19.8,12.3,13.3,37.9,33.7,70.1,20.9,17.5,40.7,17.2,5.7,13.4,38.3,4.2,23.8,7.7
13003,26.0,26.7,14.7,40.4,61.9,6.2,10.7,7.9,74.7,80.3,21.6,52.2,10.1,22.1,47.0,22.2,16.5,41.0,27.2,32.0,28.5,32.2,8.5,35.4,24.1,13.8,15.9,40.4,39.4,68.5,21.1,20.2,43.9,18.9,7.0,15.6,38.8,4.7,31.1,9.9
13005,16.1,25.4,15.6,36.9,61.0,6.9,10.7,6.6,75.4,82.5,18.4,56.4,8.3,19.2,50.4,22.7,13.0,34.3,25.6,21.7,18.8,23.9,7.3,34.6,17.4,11.0,11.5,39.0,31.6,71.3,20.5,15.7,36.9,15.9,4.9,11.4,40.5,3.8,21.6,6.5
13007,17.6,26.8,13.4,42.4,64.9,5.9,11.3,7.5,78.0,82.7,19.6,56.3,9.3,21.0,51.8,21.1,16.9,38.2,27.8,30.799999999999997,29.6,28.8,7.3,34.6,23.5,13.1,15.8,40.0,35.9,72.0,21.0,19.0,43.3,17.1,6.6,17.3,40.6,4.9,30.4,8.9
13009,14.4,25.0,14.7,39.6,63.8,6.2,10.8,6.5,78.3,84.3,17.1,60.7,7.6,17.6,52.9,20.5,14.5,33.5,27.0,23.7,21.3,23.9,6.6,34.3,19.8,10.8,12.6,39.3,30.1,77.4,19.3,15.8,40.9,15.0,5.2,13.7,43.0,4.1,20.9,6.8
13011,14.8,24.7,17.0,34.6,59.0,7.3,10.2,6.2,74.6,83.1,17.2,58.3,7.5,17.4,51.1,23.7,11.5,32.8,24.1,17.1,13.6,21.6,7.2,34.0,13.8,9.6,9.2,37.7,28.0,72.1,19.5,13.8,34.2,14.9,4.1,8.5,37.5,3.3,15.9,5.4
13013,14.9,24.1,15.6,34.6,60.4,6.7,9.8,5.6,75.8,84.9,15.5,60.5,6.2,14.7,59.4,19.7,11.6,30.2,24.7,17.4,12.8,19.9,6.4,34.3,14.6,8.6,9.2,38.2,27.8,75.0,17.9,12.9,34.8,13.6,3.7,8.9,38.0,3.1,9.1,5.2
13015,13.7,24.4,16.9,34.3,60.7,7.1,10.0,5.5,76.0,84.9,15.4,56.4,6.4,15.1,58.1,21.5,10.8,29.6,23.7,15.2,11.7,19.7,6.3,32.3,13.3,8.5,8.5,36.4,25.6,75.1,18.5,12.6,38.4,13.8,3.6,8.1,37.1,3.1,9.8,4.9
13017,17.9,26.8,13.9,41.8,64.3,6.3,11.4,7.2,77.4,82.2,20.1,54.8,9.4,21.7,45.8,21.7,16.0,38.1,27.9,29.9,28.3,28.6,7.2,34.8,23.1,13.2,15.2,40.5,36.4,71.6,21.2,18.8,41.5,17.4,6.3,16.3,44.3,4.6,25.4,8.5
13019,16.5,26.9,15.9,37.2,61.5,7.0,10.8,7.1,75.1,81.8,19.4,54.5,9.1,21.0,52.5,23.8,13.5,35.9,25.1,22.9,20.7,25.1,7.8,33.9,17.5,11.8,12.1,39.4,32.6,67.4,21.2,16.4,38.0,16.6,5.3,11.8,36.9,4.0,22.6,7.0
13021,14.8,25.3,13.4,42.0,65.0,5.9,11.3,6.3,79.8,84.9,17.4,54.6,7.5,17.3,52.9,19.9,15.2,35.5,27.9,26.7,24.5,25.3,6.1,33.5,21.7,11.4,14.1,41.6,31.5,72.4,19.9,17.1,45.0,15.2,5.6,15.5,43.4,4.3,22.1,7.5
13023,13.7,26.3,15.2,36.7,62.2,6.9,10.9,6.3,77.5,84.3,17.4,57.4,7.7,17.4,57.3,22.7,12.8,33.4,24.9,20.4,17.6,22.6,6.8,34.7,16.8,10.5,11.0,39.0,28.8,73.6,20.0,14.9,38.3,15.2,4.6,11.3,39.8,3.7,15.2,6.0
13025,15.1,26.1,16.6,35.5,60.0,7.3,10.7,6.7,74.5,81.9,18.9,56.5,8.7,19.9,52.6,25.0,11.9,35.1,24.0,19.3,16.5,23.5,7.6,34.9,14.9,11.0,10.3,38.7,31.1,68.3,21.1,15.3,38.7,16.2,4.6,9.6,37.6,3.6,20.8,6.1
13027,17.5,26.5,14.0,40.7,64.1,6.3,11.2,7.2,77.6,82.6,19.3,54.2,9.1,20.3,46.4,21.5,15.7,37.0,26.9,28.4,26.6,27.9,7.4,34.9,22.0,12.6,14.6,39.6,34.4,69.0,20.8,18.2,40.2,17.0,6.1,15.4,42.9,4.5,20.6,8.2
13029,10.7,22.2,17.9,32.5,59.2,7.1,9.6,4.8,77.5,86.8,13.2,63.7,5.0,11.8,64.0,20.4,9.8,26.8,22.2,12.0,8.4,15.7,5.6,32.6,11.2,7.0,7.0,36.4,21.2,78.8,16.7,10.6,32.8,11.9,2.9,6.7,34.6,2.7,16.0,3.9
13031,12.9,24.8,14.6,38.8,62.6,6.9,10.6,6.2,77.4,84.9,16.3,58.1,7.2,16.0,58.5,20.9,12.9,31.7,25.0,19.6,17.5,21.5,6.6,35.2,16.6,9.9,10.8,36.1,27.4,72.2,19.2,14.7,41.7,14.4,4.6,11.4,38.3,3.7,17.8,6.0
13033,15.7,26.7,13.7,41.0,64.4,6.1,11.4,6.8,77.7,83.7,18.7,57.2,8.3,19.2,51.8,21.2,15.2,36.3,28.4,27.0,24.7,26.3,6.6,33.8,21.7,12.0,14.0,39.7,33.4,74.6,20.7,17.7,39.8,16.3,5.8,15.2,42.4,4.4,25.7,7.6
13035,14.8,24.1,16.0,37.5,61.9,6.6,10.4,6.1,76.4,83.6,17.0,59.6,7.3,17.6,53.7,20.6,12.6,33.0,26.8,20.2,16.5,22.5,6.5,33.3,16.8,9.9,10.7,38.0,30.4,76.8,19.3,14.7,38.2,14.7,4.4,10.8,39.5,3.6,18.9,5.9
13037,18.8,25.1,13.9,44.9,64.8,5.5,10.6,7.3,77.5,82.1,18.9,55.1,8.6,21.1,41.5,17.5,17.1,37.6,32.1,31.0,27.8,29.2,6.7,33.8,24.5,12.2,15.8,40.8,36.2,72.9,19.6,18.7,43.6,16.3,6.5,17.1,44.4,4.9,31.8,8.6
13039,12.9,24.0,16.4,34.7,59.4,6.9,10.1,5.8,76.1,84.9,15.4,57.5,6.5,15.5,56.2,21.1,11.7,30.4,23.6,16.5,13.3,19.9,6.5,33.6,14.3,8.8,9.2,35.9,27.1,79.0,18.4,13.4,37.9,13.7,3.9,9.2,38.2,3.3,15.0,5.2
13043,17.9,25.5,14.8,38.3,62.4,6.5,10.8,6.7,76.3,82.6,18.7,50.8,8.4,19.0,47.4,22.0,13.9,36.1,26.4,24.8,21.6,26.1,7.1,34.3,19.6,11.6,12.8,39.8,32.2,71.9,20.2,16.7,42.3,16.3,5.4,12.9,39.7,4.0,24.2,7.3
13045,14.3,25.1,16.1,35.9,60.6,6.8,10.4,5.9,75.6,84.3,16.5,59.5,7.0,16.6,59.5,21.4,12.2,32.9,24.2,18.5,15.0,21.3,6.6,33.9,15.5,9.5,10.0,38.9,28.1,73.1,18.9,14.3,34.7,14.4,4.1,9.9,34.5,3.4,14.3,5.6
13047,11.6,23.4,17.5,31.7,58.5,7.5,10.0,5.5,75.2,84.8,15.2,60.7,6.3,14.9,63.1,22.2,10.3,29.8,21.7,13.0,10.0,17.9,6.4,33.6,11.3,8.2,7.6,36.8,24.0,74.1,18.4,12.0,33.9,13.2,3.3,7.0,36.3,2.9,9.6,4.4
13049,21.3,25.4,15.8,40.1,62.3,6.4,10.0,7.3,74.9,81.6,18.8,55.2,8.5,20.1,47.1,20.2,15.4,37.3,28.6,26.2,21.8,27.8,7.8,34.9,20.7,11.3,13.5,39.6,33.9,70.5,19.4,17.1,41.4,16.7,5.7,13.6,42.8,4.2,25.0,7.8
13051,12.5,23.3,16.3,37.0,63.3,6.4,10.3,5.4,78.9,86.4,14.3,61.2,5.8,13.7,61.1,19.2,12.1,28.6,23.5,18.1,14.6,18.6,5.7,32.2,15.8,8.6,10.0,37.3,24.8,77.6,17.0,12.7,33.4,12.7,4.0,10.4,42.6,3.3,12.7,5.4
13053,15.7,24.8,16.0,38.6,61.7,6.1,9.7,6.3,76.1,83.7,15.9,57.8,6.9,16.3,51.4,19.6,14.2,32.4,25.3,20.5,17.0,22.5,6.7,34.5,17.0,9.5,10.9,36.8,29.8,73.5,18.1,14.9,40.6,14.5,4.7,11.5,41.3,3.8,21.3,6.4
13055,17.9,26.8,16.1,37.5,60.8,7.0,10.8,7.2,74.2,81.0,20.2,53.9,9.6,21.6,49.9,24.0,13.5,37.7,25.7,23.6,21.0,26.7,8.0,34.6,17.8,12.3,12.3,40.0,33.6,67.9,21.3,17.3,35.1,17.3,5.5,11.9,38.0,4.1,23.2,7.2
13057,11.2,21.8,18.5,30.8,58.5,7.3,9.5,4.9,75.3,86.5,12.8,63.2,4.9,11.7,64.7,20.7,9.5,24.9,22.2,11.2,7.5,15.8,5.6,33.1,10.5,6.8,6.5,37.4,23.0,74.3,16.8,10.1,33.1,11.5,2.8,6.2,35.9,2.6,9.4,3.8
13059,13.2,24.1,15.0,36.5,63.2,6.5,10.5,6.0,77.4,85.5,15.3,58.3,6.7,14.4,57.1,21.0,13.3,30.4,23.2,19.3,17.1,21.3,6.3,33.4,16.2,9.5,10.7,36.2,27.4,77.5,18.1,14.0,33.7,13.8,4.6,11.5,34.8,3.6,16.2,6.2
13061,15.3,25.9,12.7,43.2,65.8,5.8,11.6,6.7,79.7,84.6,18.1,55.8,8.1,18.6,52.6,19.9,16.1,35.8,28.8,29.2,27.5,26.9,6.3,33.8,23.9,12.2,15.3,40.2,34.5,74.9,20.3,17.8,42.3,15.9,6.1,17.2,43.2,4.6,28.9,8.1
13063,17.0,23.6,11.8,41.7,65.8,4.8,11.3,6.0,80.2,86.0,16.7,60.0,6.5,15.9,48.6,16.8,16.1,34.2,31.4,30.5,26.5,25.2,5.3,32.2,26.3,11.2,15.4,43.2,32.9,75.6,19.0,17.1,44.8,14.8,5.8,17.7,45.1,4.4,24.0,7.9
13065,17.2,26.4,14.5,39.7,62.9,6.6,11.2,7.3,76.0,81.7,20.0,51.1,9.5,21.5,45.0,22.6,14.8,37.8,26.4,27.1,25.5,27.8,7.7,34.2,20.7,12.8,13.9,38.7,34.4,68.4,21.3,18.2,41.7,17.3,6.0,14.4,41.6,4.4,27.5,8.0
13067,10.9,20.2,15.4,30.7,59.8,6.6,9.4,4.7,77.0,87.9,11.9,61.6,4.5,10.3,67.3,18.3,10.1,23.4,23.0,12.6,8.9,15.5,5.1,32.7,11.9,6.7,7.4,36.1,21.3,74.1,15.3,10.2,29.6,10.9,3.0,7.6,36.2,2.7,13.3,4.1
13069,19.4,26.5,14.5,39.9,63.0,6.4,10.8,7.2,76.5,82.1,19.5,52.9,9.1,20.9,50.0,21.8,15.0,39.0,27.6,28.1,24.9,28.0,7.5,34.8,21.6,12.3,14.2,39.4,34.6,72.8,20.8,18.2,39.4,17.0,6.0,14.6,36.6,4.3,24.0,8.1
13071,20.6,26.1,14.5,39.8,62.3,6.4,10.7,6.9,76.2,82.5,19.1,54.0,8.5,19.4,47.0,22.1,14.8,37.1,27.0,26.5,23.1,27.3,7.4,34.8,21.0,11.7,13.4,40.8,34.2,72.8,20.4,17.5,35.8,16.8,5.6,13.5,39.6,4.1,24.3,7.8
13073,10.4,22.0,15.2,34.1,60.0,6.9,9.6,4.8,78.1,86.8,12.9,64.0,5.0,11.8,61.3,19.8,10.7,24.4,22.7,12.5,9.1,15.8,5.4,33.6,11.5,7.0,7.3,35.6,23.7,79.4,16.7,10.4,32.8,11.9,3.0,7.2,35.6,2.7,14.6,4.0
13075,16.8,25.6,15.2,39.0,62.7,6.6,11.0,7.0,76.4,82.6,19.1,57.3,8.9,20.1,50.6,22.9,14.4,35.8,26.8,25.8,23.5,26.4,7.3,34.3,20.1,12.0,13.4,39.3,31.5,71.3,20.9,17.2,37.6,16.8,5.7,13.8,40.6,4.2,19.1,7.5
13077,11.2,22.3,16.1,32.6,60.8,6.9,9.9,5.0,76.7,86.5,13.5,65.3,5.2,12.2,63.4,19.7,10.8,27.7,22.9,13.3,9.5,16.9,5.6,33.3,12.0,7.3,7.5,36.5,24.1,75.0,16.8,11.3,35.2,12.2,3.1,7.4,37.0,2.8,13.1,4.2
13079,14.3,24.7,16.4,36.0,61.0,6.7,10.4,6.0,75.6,83.7,17.0,57.1,7.2,17.3,54.8,21.9,12.1,32.4,25.7,18.9,15.2,21.5,6.5,33.5,15.5,9.7,10.0,38.6,28.6,72.0,19.5,14.1,36.9,14.6,4.2,9.8,37.8,3.5,21.8,5.6
13081,16.6,27.2,13.4,42.2,64.5,6.3,11.7,7.2,77.9,83.3,19.3,58.3,9.1,20.4,51.0,21.4,16.0,37.6,27.5,29.5,28.1,28.0,7.1,33.5,23.3,12.9,15.2,41.0,35.3,75.0,21.0,18.5,44.9,16.8,6.3,16.8,41.5,4.6,27.2,8.3
13083,12.2,24.3,17.8,32.6,59.1,7.4,10.1,5.7,75.3,84.3,15.8,60.0,6.7,15.8,60.5,23.8,10.2,30.2,23.0,13.6,10.4,18.8,6.7,33.9,11.6,8.6,7.8,37.0,25.0,73.3,19.2,12.3,35.2,13.8,3.5,7.3,35.9,3.0,18.6,4.6
13085,11.4,22.8,17.9,31.1,58.7,7.5,9.6,5.2,75.8,85.7,13.9,62.9,5.7,12.9,65.8,21.8,9.6,26.9,21.0,11.8,8.5,16.5,6.2,33.1,10.5,7.4,6.9,34.9,22.4,76.3,17.3,10.8,31.5,12.5,3.0,6.3,31.5,2.7,9.3,4.0
13087,17.0,25.6,13.7,40.9,64.3,6.2,11.2,6.8,78.0,83.5,18.8,57.1,8.4,19.4,51.8,21.0,15.3,36.5,27.8,27.6,25.1,26.7,6.9,34.5,22.2,12.1,14.2,40.7,33.5,70.2,20.7,17.5,42.4,16.5,5.8,15.4,41.8,4.4,21.1,7.8
13089,12.0,20.0,14.6,36.3,63.1,5.6,10.3,4.9,78.7,87.9,13.0,63.8,4.9,11.4,58.8,16.9,12.3,24.3,25.2,17.4,14.0,17.9,4.9,33.1,15.6,7.9,9.6,38.9,22.3,79.4,16.0,11.7,31.5,11.7,3.9,10.2,37.0,3.3,13.8,5.3
13091,15.6,25.1,15.4,39.7,62.5,6.5,10.7,6.8,76.6,83.0,18.1,58.6,8.2,19.1,53.9,21.5,13.9,35.2,26.8,24.0,21.0,24.6,7.1,34.6,18.9,11.0,12.3,39.7,32.1,73.7,20.2,16.2,40.4,15.7,5.2,12.8,39.4,4.0,19.3,6.9
13093,17.6,24.8,14.4,41.9,63.6,5.9,10.5,6.6,77.1,83.5,17.5,57.1,7.5,18.4,50.0,18.5,15.2,34.9,30.2,26.2,22.4,25.8,6.6,33.7,21.7,10.8,13.5,40.1,32.8,75.1,18.9,16.4,41.1,15.2,5.4,14.4,43.2,4.2,18.6,7.3
13095,15.9,26.6,11.9,44.5,66.5,5.4,12.0,6.6,80.8,84.9,18.5,58.3,8.1,18.5,50.6,19.1,17.1,36.5,29.7,31.9,30.9,28.6,5.9,32.3,26.1,13.0,16.6,41.5,33.4,77.2,20.1,18.8,42.7,16.1,6.7,18.9,47.4,4.8,22.8,8.7
13097,13.5,23.2,14.2,36.1,64.1,5.9,10.7,5.3,78.8,87.0,14.8,59.9,5.5,13.5,58.5,18.3,12.7,30.6,27.2,20.1,16.1,20.0,5.3,33.4,18.1,8.6,10.8,39.9,26.9,77.8,17.4,13.3,35.9,12.6,4.0,11.7,42.5,3.4,16.0,5.6
13099,16.3,26.8,13.3,41.6,65.0,6.0,11.7,6.6,78.4,83.7,18.9,56.4,8.4,19.5,49.1,20.9,15.4,37.2,29.0,29.0,26.7,27.2,6.5,33.4,23.3,12.3,14.8,41.3,34.3,71.7,20.7,17.9,41.1,16.3,5.9,16.1,44.2,4.4,27.6,7.9
13101,20.0,23.3,16.3,33.7,59.2,6.6,9.7,6.0,73.9,83.4,16.9,57.7,6.8,16.0,54.5,20.9,12.3,32.6,25.4,19.7,14.2,22.7,6.9,33.7,16.3,9.4,10.1,37.8,30.1,71.8,18.5,14.1,37.8,14.9,4.2,9.3,38.1,3.3,18.4,6.1
13103,11.8,23.1,17.0,33.2,59.9,7.0,10.0,5.3,76.1,85.6,14.4,61.7,5.7,13.7,62.0,20.6,10.6,28.5,22.4,13.5,10.3,17.5,6.0,32.9,12.3,7.9,7.8,35.3,24.2,72.1,17.6,11.6,37.2,12.8,3.3,7.7,37.9,2.9,13.7,4.4
13105,15.2,25.0,15.2,38.0,62.3,6.6,10.8,6.3,76.8,83.7,17.7,55.4,7.7,18.3,50.8,21.6,13.3,33.7,26.1,22.4,19.2,23.6,6.7,33.6,18.2,10.7,11.6,39.0,30.8,76.0,19.9,15.5,38.3,15.3,4.8,12.0,40.8,3.8,18.8,6.5
13107,17.1,26.6,14.3,41.2,63.3,6.4,11.2,6.9,76.6,82.5,19.1,56.9,8.9,20.6,48.0,21.2,14.7,36.3,27.6,26.3,23.9,27.3,7.1,35.4,20.8,12.2,13.6,39.3,35.1,75.3,20.6,17.5,42.8,16.7,5.7,14.2,41.5,4.3,25.2,7.6
13109,18.1,25.9,14.5,39.9,63.1,6.3,11.0,6.8,77.0,83.0,18.8,55.8,8.5,19.6,46.8,21.4,14.8,36.2,27.1,26.2,23.1,26.4,7.1,33.9,20.7,11.8,13.4,39.9,34.3,71.9,20.3,17.2,42.6,16.4,5.6,13.8,41.7,4.2,21.0,7.6
13111,12.7,24.6,17.6,33.4,59.0,7.5,10.3,6.2,74.8,83.5,16.7,60.5,7.4,17.1,55.1,23.4,11.1,31.3,22.1,15.6,12.7,20.3,7.1,34.6,12.4,9.5,8.7,36.7,26.8,67.8,19.3,13.4,38.2,14.6,3.9,8.1,37.8,3.2,11.0,5.1
13113,9.7,20.6,15.9,31.2,60.9,6.7,9.4,4.5,78.1,88.2,11.6,61.9,4.2,9.8,67.1,18.7,10.0,23.9,22.3,11.4,7.8,14.4,5.0,31.6,11.0,6.2,6.7,35.3,19.9,79.8,15.3,9.4,30.6,10.5,2.7,6.7,34.8,2.6,6.699999999999999,3.7
13115,15.3,24.6,15.8,35.9,60.8,6.9,10.3,6.1,76.1,84.0,16.9,60.2,7.3,16.5,52.5,22.8,12.6,33.2,23.4,19.2,15.4,21.8,6.9,35.1,15.6,9.8,10.1,37.0,28.1,74.8,19.3,14.4,37.7,14.7,4.3,10.0,35.3,3.4,17.9,5.9
13117,9.0,18.5,16.1,27.9,57.5,6.9,8.4,4.2,77.9,88.1,10.4,63.5,3.8,8.8,69.7,17.8,8.8,20.7,21.0,8.6,5.1,12.9,4.9,33.9,7.9,5.3,5.2,34.8,19.6,79.4,13.7,8.3,26.800000000000004,9.8,2.2,4.4,31.8,2.2,4.299999999999999,3.1
13119,14.7,25.8,16.2,36.5,60.6,7.2,10.7,6.6,75.4,82.8,18.0,55.8,8.3,18.6,53.4,23.4,12.4,33.9,24.2,19.7,16.8,23.4,7.4,34.4,15.3,10.7,10.5,38.7,29.7,73.7,20.2,15.1,39.4,15.8,4.6,10.1,37.7,3.6,23.7,6.1
13121,10.2,20.4,15.8,33.4,62.7,5.9,9.4,4.7,77.8,88.0,11.8,65.7,4.4,9.9,65.4,16.8,10.7,24.9,23.6,14.7,11.1,16.3,4.7,32.1,13.4,7.0,8.3,36.7,20.1,79.1,15.3,10.7,28.1,10.7,3.3,8.6,39.8,3.0,11.6,4.4
13123,15.0,24.4,17.1,32.4,59.1,7.3,9.8,5.9,74.7,83.9,16.1,55.1,6.9,15.5,59.6,22.6,10.8,31.9,23.0,15.3,11.6,20.1,7.0,34.5,12.9,8.9,8.5,36.8,26.3,73.9,18.6,12.9,34.1,14.4,3.7,7.8,34.6,3.1,17.6,5.1
13125,13.9,25.2,16.7,35.4,60.0,7.2,10.6,6.3,74.9,83.0,17.6,57.6,7.9,18.3,57.0,23.6,11.8,33.1,24.1,17.9,15.0,21.9,7.1,34.2,14.4,10.2,9.7,38.2,29.0,73.4,20.2,14.5,37.2,15.2,4.3,9.3,37.0,3.5,16.4,5.6
13127,13.2,23.6,16.3,37.5,61.7,6.9,10.3,5.6,77.5,85.4,15.5,59.2,6.5,15.0,60.9,20.5,12.0,29.9,23.8,17.8,14.6,20.1,6.2,34.1,15.3,9.1,9.6,36.1,26.4,76.5,18.3,13.1,35.5,13.6,4.0,9.9,40.5,3.3,13.9,5.4
13129,17.2,24.6,16.3,35.0,59.6,7.1,10.2,6.3,74.2,83.1,17.6,58.4,7.7,17.3,51.1,23.0,12.2,34.3,24.9,18.9,15.0,23.0,7.3,34.4,15.5,10.0,10.0,38.9,30.7,71.1,19.5,14.8,35.0,15.6,4.3,9.4,38.8,3.4,18.7,6.0
13131,17.8,25.2,14.5,38.4,62.2,6.4,10.8,6.6,76.8,83.4,18.2,55.8,8.0,18.2,51.1,21.3,14.0,34.1,27.0,24.4,21.1,25.0,6.9,33.2,20.1,11.2,12.7,39.0,34.3,66.8,20.0,16.1,38.5,16.0,5.2,13.1,40.1,4.0,25.6,7.1
13133,12.2,22.7,16.0,34.5,62.0,6.7,10.1,5.2,78.4,86.7,13.8,59.7,5.4,12.8,58.9,19.3,10.9,27.6,24.3,15.8,12.1,17.8,5.7,33.2,14.4,7.8,8.7,36.7,24.3,75.5,17.0,11.6,34.5,12.3,3.4,9.1,37.9,3.0,17.1,4.7
13135,16.1,19.5,13.2,32.7,61.2,5.8,9.1,5.1,76.5,86.6,13.1,59.6,4.9,11.5,59.9,15.7,12.0,26.4,26.8,17.6,12.4,19.0,5.4,33.9,15.6,7.5,9.2,39.0,27.3,72.9,15.5,11.9,34.5,11.8,3.5,9.2,36.9,3.0,10.6,5.2
13137,15.8,23.6,16.2,33.2,59.5,7.2,10.0,5.8,75.4,84.1,16.3,58.2,6.9,15.6,55.3,22.2,11.1,30.6,23.6,16.9,12.8,20.5,6.7,34.4,14.0,9.1,9.0,37.9,27.0,73.8,18.7,13.1,32.7,14.2,3.8,8.4,36.5,3.1,14.4,5.3
13139,18.6,23.1,15.6,33.5,60.2,6.7,9.5,5.7,75.2,84.8,15.7,59.1,6.2,14.2,55.0,20.6,11.8,30.8,23.2,18.4,12.6,20.9,6.6,34.6,15.4,8.6,9.4,37.0,27.6,75.4,17.4,12.9,32.5,13.9,3.9,8.7,40.6,3.1,18.2,5.6
13141,19.5,26.9,12.8,46.7,65.7,5.4,11.5,7.7,78.5,82.1,20.2,57.1,9.4,22.7,44.3,18.2,18.3,40.1,33.2,36.0,34.1,31.7,6.8,34.3,28.4,13.8,18.4,42.2,37.7,74.2,20.7,20.7,45.1,17.4,7.5,20.4,48.1,5.4,32.2,9.8
13143,13.0,24.8,17.4,34.1,59.4,7.3,10.3,5.9,75.4,83.6,16.8,60.5,7.3,17.3,56.7,24.4,11.0,31.9,23.2,15.7,12.6,20.2,6.9,33.2,12.7,9.4,8.7,37.3,26.0,70.9,19.8,13.4,35.8,14.5,3.8,8.1,37.8,3.2,12.5,5.0
13145,10.3,22.8,18.0,31.7,59.7,7.0,9.7,4.9,77.2,86.5,13.2,64.2,5.1,12.2,62.6,19.9,9.9,26.0,21.7,11.7,8.5,15.9,5.6,33.2,11.0,7.0,7.0,35.3,21.3,79.0,16.8,10.5,32.4,11.8,2.9,6.8,38.9,2.7,11.8,3.9
13147,13.7,24.5,16.3,35.4,61.2,6.9,10.4,6.0,76.1,84.1,16.5,58.6,7.1,16.6,58.2,21.7,11.9,31.0,24.8,18.0,14.7,20.9,6.6,34.4,15.1,9.5,9.8,38.1,27.4,73.5,19.2,13.7,35.2,14.3,4.1,9.7,35.4,3.4,17.3,5.5
13149,14.1,25.3,16.6,35.1,60.2,7.1,10.6,6.3,75.2,82.9,17.8,56.3,7.8,18.5,54.6,23.5,11.9,33.3,24.5,18.2,15.2,22.1,7.1,33.7,14.7,10.2,9.9,38.2,29.3,71.3,20.4,14.4,35.3,15.2,4.3,9.5,37.7,3.5,20.0,5.7
13151,12.1,23.0,13.6,37.4,64.0,5.8,10.5,5.0,79.3,87.6,14.0,62.9,5.2,12.7,60.6,17.7,12.4,27.9,27.3,18.4,14.6,19.4,5.0,32.9,17.2,8.3,10.0,36.2,25.0,78.1,17.2,12.8,44.7,12.3,3.8,10.9,40.1,3.3,15.8,5.2
13153,11.5,24.0,14.8,37.2,62.0,6.5,10.1,5.2,79.0,86.8,14.1,60.7,5.5,13.0,61.4,20.7,12.2,28.7,24.6,16.1,12.4,18.9,5.5,34.6,14.7,8.0,9.0,38.1,24.6,76.5,17.4,12.5,39.5,12.7,3.6,9.5,44.8,3.1,12.0,4.8
13155,15.8,26.2,15.3,38.3,62.3,6.6,10.8,6.6,76.5,83.1,18.2,58.2,8.2,18.8,51.6,22.5,13.5,34.7,25.7,22.5,19.7,24.7,7.0,34.5,17.9,11.1,11.9,39.5,31.9,70.7,20.1,16.0,40.4,15.8,5.0,12.0,39.2,3.9,19.1,6.7
13157,13.3,23.0,17.7,32.3,59.7,7.1,9.7,5.4,75.9,85.0,14.8,57.2,6.0,14.4,57.7,20.9,10.4,28.4,23.0,14.6,10.5,18.1,6.2,33.1,12.5,8.0,8.0,37.1,25.0,73.2,17.5,11.7,32.5,13.2,3.4,7.4,38.0,2.9,9.8,4.6
13159,13.9,24.7,16.6,35.5,61.0,6.9,10.4,6.1,76.1,83.8,16.8,59.5,7.3,17.3,55.3,22.6,12.1,32.3,24.2,18.4,15.3,21.5,6.7,34.2,15.0,9.7,9.9,37.5,29.0,73.0,19.4,14.1,36.6,14.6,4.2,9.7,37.4,3.5,16.3,5.7
13161,19.3,26.6,15.1,37.8,61.6,6.7,10.8,7.3,74.7,81.4,20.0,51.7,9.4,20.9,47.0,22.9,14.4,38.6,26.1,26.2,23.2,27.4,7.9,34.0,19.8,12.4,13.3,39.4,34.8,67.8,21.1,18.1,40.4,17.3,5.8,13.0,37.3,4.2,20.6,7.8
13163,17.5,26.2,13.5,42.4,64.4,5.8,11.5,6.8,78.1,83.0,19.4,55.6,8.6,20.3,44.8,20.7,15.5,37.9,30.3,29.7,26.800000000000004,27.9,6.5,34.2,23.7,12.6,15.0,43.4,35.3,74.8,20.7,18.5,41.3,16.5,6.1,16.1,44.6,4.6,24.6,8.1
13165,18.6,27.1,14.1,42.7,64.4,6.1,11.2,7.5,77.1,81.7,20.2,52.8,9.7,22.3,44.2,20.8,16.3,38.9,29.1,31.0,29.1,29.5,7.4,34.3,23.7,13.2,15.8,40.7,36.6,70.2,21.2,19.3,42.6,17.5,6.6,16.8,43.6,4.8,23.7,8.8
13167,17.9,26.5,15.1,43.0,63.6,6.3,10.6,7.5,76.2,81.3,19.7,53.1,9.2,21.9,45.7,20.9,15.3,38.6,29.4,27.0,24.1,28.0,7.6,34.4,20.7,12.1,13.8,41.1,34.1,71.7,20.5,17.9,43.5,16.9,5.9,14.3,39.6,4.5,29.3,7.7
13169,12.4,24.8,15.6,35.6,61.3,6.7,10.6,5.7,77.0,84.9,16.0,59.3,6.7,16.1,56.3,21.7,12.0,31.5,24.9,17.9,14.9,20.5,6.2,33.3,15.4,9.3,9.7,38.6,28.6,76.9,19.2,13.7,39.4,14.2,4.0,10.0,37.8,3.5,12.3,5.3
13171,12.9,24.2,15.8,36.2,61.8,6.7,10.7,5.9,77.2,84.9,16.2,59.4,6.8,16.2,55.1,21.3,12.1,31.1,25.2,18.4,15.2,20.8,6.3,33.5,15.7,9.5,10.1,38.0,28.0,75.2,19.2,13.8,37.1,14.1,4.2,10.2,39.9,3.5,12.1,5.5
13173,16.6,25.8,15.0,39.4,62.9,6.7,10.8,7.1,76.3,82.5,18.8,54.4,8.9,19.9,47.4,22.3,14.6,36.4,25.3,24.9,22.8,26.0,7.5,34.8,19.4,11.9,13.1,38.6,33.2,70.2,20.4,17.1,40.9,16.5,5.6,13.5,39.6,4.2,34.4,7.5
13175,14.8,26.2,15.5,40.8,63.6,6.4,11.2,6.5,78.0,83.8,18.0,57.2,8.0,18.6,51.2,21.2,13.9,33.2,26.9,24.5,22.5,24.9,6.5,32.5,19.6,11.2,12.8,42.6,32.8,75.8,20.1,16.0,44.1,15.3,5.2,13.4,41.6,4.1,19.1,6.9
13177,10.8,22.8,15.8,34.7,60.6,6.8,10.0,5.1,77.3,86.5,13.7,59.4,5.4,12.9,61.0,20.4,10.7,27.3,23.5,14.0,10.6,17.0,5.6,33.2,12.7,7.6,8.0,37.2,23.0,77.1,17.2,11.4,38.6,12.1,3.3,8.0,36.4,2.9,14.2,4.3
13179,14.8,24.3,14.9,39.1,63.4,5.8,10.3,5.8,78.7,85.4,15.7,58.3,6.2,15.4,53.7,18.9,13.9,31.9,27.4,21.6,17.6,22.3,5.8,33.9,18.9,9.5,11.4,38.5,29.8,78.1,18.2,14.7,33.9,13.9,4.6,12.3,39.2,3.8,18.1,6.2
13181,14.1,25.7,15.2,37.9,62.4,6.7,11.0,6.5,76.9,83.6,17.8,60.9,8.0,18.6,57.1,22.2,13.2,34.0,25.7,21.9,19.5,23.6,6.9,34.1,17.7,10.9,11.7,38.5,30.2,73.6,20.3,15.6,38.0,15.4,4.9,12.1,39.1,3.9,16.1,6.4
13183,16.3,24.0,15.3,37.5,61.6,6.3,10.5,6.0,76.9,84.1,17.1,58.9,7.0,16.8,53.5,20.8,13.0,32.9,27.0,21.1,17.1,22.6,6.5,33.3,18.0,9.9,11.1,39.9,30.3,72.7,19.2,14.7,37.9,14.8,4.5,11.2,40.9,3.6,13.1,6.2
13185,14.4,24.7,14.2,37.3,63.8,6.4,10.7,6.1,78.1,84.7,16.7,56.9,7.1,16.2,55.5,20.3,13.4,33.8,25.6,22.0,19.1,22.7,6.3,32.8,18.4,10.2,11.6,37.9,29.9,69.7,19.0,15.2,40.2,14.7,4.7,12.3,40.8,3.8,16.8,6.3
13187,12.1,24.2,17.2,32.9,58.9,7.6,10.0,5.8,76.0,84.6,15.5,59.8,6.7,15.4,59.6,22.9,10.8,29.4,21.4,14.1,11.1,19.0,6.8,33.6,11.8,8.7,8.1,35.7,25.2,70.8,18.6,12.4,31.0,13.8,3.6,7.6,36.7,3.1,13.5,4.8
13189,14.8,25.6,14.5,39.4,63.4,6.4,11.1,6.2,77.6,84.3,17.7,60.5,7.7,17.8,54.5,21.4,13.8,34.4,27.1,24.0,21.1,24.0,6.4,32.9,19.5,10.9,12.4,40.1,30.8,73.2,20.0,16.0,39.1,15.2,5.0,13.2,40.3,3.9,16.7,6.7
13191,16.1,26.5,14.8,40.4,62.8,6.5,11.5,7.1,76.9,82.7,19.4,55.5,9.0,20.2,53.2,22.5,14.5,36.1,26.7,25.7,23.9,26.9,7.3,34.6,20.1,12.3,13.6,39.9,33.5,72.8,20.8,17.4,40.9,16.6,5.8,14.1,38.8,4.3,25.0,7.6
13193,20.6,26.8,12.8,45.9,65.7,5.5,11.1,7.9,78.2,81.5,20.5,52.3,9.8,23.2,38.0,18.5,18.5,40.9,31.8,36.2,34.5,32.4,7.2,33.5,27.7,14.0,18.3,41.8,40.2,72.2,20.6,21.1,43.9,17.9,7.7,20.1,47.8,5.4,37.2,10.1
13195,15.5,25.1,16.2,35.6,60.9,7.1,10.5,6.5,75.5,82.8,17.8,55.5,8.1,18.2,53.3,23.1,12.4,33.6,24.3,19.8,16.8,23.2,7.2,34.3,15.5,10.6,10.5,39.5,30.5,70.1,20.0,15.0,37.8,15.5,4.6,10.1,38.9,3.6,16.1,6.2
13197,17.4,25.7,14.8,38.8,62.4,6.4,11.0,6.7,76.4,83.0,18.7,56.2,8.2,18.9,49.6,21.9,14.3,35.5,27.2,24.8,21.2,25.5,7.0,34.7,19.6,11.4,12.7,39.5,32.2,71.7,20.2,16.6,38.5,16.0,5.3,12.8,40.1,4.1,24.8,7.2
13199,15.5,25.1,14.6,38.7,63.0,6.3,11.2,6.4,76.8,83.4,18.2,56.0,8.0,19.0,51.3,21.6,14.0,34.6,27.5,24.3,21.6,24.7,6.6,33.0,19.7,11.3,12.6,39.3,32.9,75.8,20.4,16.2,41.3,15.6,5.2,13.2,42.8,4.0,20.6,6.9
13201,15.0,26.6,14.7,38.8,62.8,6.7,11.3,6.7,77.2,83.5,18.3,56.6,8.4,18.7,48.4,22.9,13.9,34.4,25.3,23.5,21.6,24.7,7.1,34.4,18.7,11.5,12.5,38.8,32.0,72.0,20.5,16.3,42.4,16.0,5.3,13.0,40.0,4.0,19.8,6.9
13205,16.5,25.2,14.0,42.8,64.6,6.1,11.2,6.8,77.9,83.5,18.5,55.1,8.4,19.6,47.1,20.8,15.6,36.2,28.5,28.0,25.7,26.8,6.7,33.6,22.3,12.0,14.4,40.9,33.5,69.1,20.5,17.6,45.1,16.2,5.9,15.7,44.7,4.5,25.2,7.8
13207,11.7,23.5,16.5,34.4,60.6,6.9,10.2,5.4,76.8,85.3,14.8,63.2,6.0,14.4,57.4,20.8,10.9,28.7,23.9,15.4,11.9,18.5,6.0,33.4,13.4,8.3,8.5,37.3,24.7,76.5,18.1,12.2,34.7,12.9,3.5,8.4,36.9,3.1,15.7,4.7
13209,15.3,25.6,15.3,38.8,61.8,6.6,10.5,6.5,77.0,83.7,17.2,55.9,7.7,17.7,48.3,21.7,13.5,34.0,25.8,21.8,18.6,23.4,6.9,34.3,17.6,10.4,11.4,38.8,30.7,71.6,19.4,15.5,40.0,15.1,4.8,11.8,40.4,3.8,23.7,6.4
13211,11.2,22.4,17.8,33.7,60.2,7.0,10.0,5.0,76.2,86.0,14.0,60.7,5.5,13.3,64.2,20.8,10.1,27.0,23.5,13.3,9.8,16.9,5.6,33.3,11.9,7.5,7.5,37.7,23.2,78.8,17.7,11.1,31.6,12.3,3.1,7.3,37.7,2.8,14.6,4.2
13213,17.1,24.2,16.8,33.6,58.6,7.1,10.2,6.1,74.3,83.2,17.3,56.0,7.4,17.0,54.7,22.9,11.6,32.6,24.0,17.6,13.3,22.0,7.1,34.2,14.4,9.7,9.3,38.1,28.4,72.2,19.3,13.8,41.2,15.1,4.1,8.5,36.1,3.3,17.9,5.6
13215,14.3,24.7,14.2,39.4,65.7,5.9,11.0,5.8,78.6,85.7,15.8,57.8,6.6,15.4,54.6,19.8,14.1,31.6,27.4,22.4,19.4,23.3,5.8,32.9,19.0,10.0,12.1,38.7,29.4,75.7,19.1,14.8,40.4,13.9,4.8,13.0,44.2,3.9,19.4,6.5
13217,13.5,23.8,14.5,38.7,63.3,6.0,11.0,5.5,79.1,86.0,15.6,60.3,6.1,14.9,56.4,18.9,13.3,31.3,27.4,21.4,17.5,21.3,5.5,33.2,18.8,9.4,11.2,39.8,30.0,75.2,18.6,14.3,42.3,13.6,4.4,12.2,41.2,3.6,13.5,5.8
13219,8.1,20.8,18.5,28.7,58.4,7.5,9.0,4.3,77.2,87.9,11.1,65.4,4.1,9.4,69.7,20.6,8.3,22.0,19.9,7.9,5.1,12.4,5.1,32.3,7.7,5.5,5.1,33.8,17.3,79.1,15.1,8.3,28.5,10.1,2.2,4.6,29.3,2.2,7.9,3.0
13221,13.5,24.1,16.6,34.3,60.1,7.0,10.2,5.7,76.2,84.5,15.9,61.5,6.6,15.4,56.9,21.8,11.4,30.5,24.2,16.5,13.0,20.4,6.3,34.1,13.9,9.0,9.0,37.0,26.8,69.9,18.7,13.1,36.0,13.9,3.8,8.8,38.3,3.2,22.3,5.2
13223,11.8,22.4,16.1,33.9,61.3,6.7,10.0,4.9,77.2,86.7,13.9,63.6,5.2,12.4,60.1,20.5,10.9,26.4,24.1,14.4,10.3,17.2,5.5,33.7,13.3,7.6,8.0,35.8,22.8,73.3,17.3,11.2,37.7,12.4,3.2,8.0,41.7,2.9,14.2,4.3
13225,14.4,24.2,14.5,38.1,63.2,6.2,10.7,5.7,78.6,85.8,15.8,58.8,6.4,15.2,55.3,20.0,13.4,31.4,26.3,21.4,17.5,21.8,5.8,34.3,18.9,9.6,11.4,37.7,29.0,75.9,18.6,14.2,40.4,14.0,4.5,12.1,41.5,3.6,18.1,6.0
13227,12.1,23.8,17.7,33.5,58.5,7.5,10.1,5.7,75.4,84.4,15.5,59.7,6.7,15.4,62.5,23.3,10.3,29.6,21.4,13.8,10.6,18.3,6.7,33.9,11.6,8.5,7.8,37.5,24.6,72.8,19.1,12.3,34.7,13.7,3.5,7.3,34.3,3.0,15.9,4.6
13229,14.5,25.6,16.4,35.4,60.4,7.2,10.5,6.5,75.2,82.9,17.7,52.9,8.0,18.4,57.1,23.3,12.1,34.0,24.1,18.6,16.1,22.4,7.3,34.3,15.0,10.4,10.1,37.9,29.4,70.9,20.0,14.8,36.1,15.3,4.5,9.8,35.8,3.6,16.0,5.9
13231,11.4,23.6,17.5,32.9,59.4,7.2,10.1,5.4,75.8,84.9,15.2,60.2,6.2,14.9,62.5,22.4,10.2,28.9,22.9,13.5,10.3,17.8,6.2,33.5,11.8,8.3,7.7,36.8,24.4,76.6,18.6,11.9,35.5,13.2,3.3,7.3,34.4,3.0,10.2,4.4
13233,17.1,25.7,16.3,36.0,60.7,6.8,10.5,6.4,74.9,82.8,18.1,55.7,7.9,18.0,54.1,22.9,12.5,35.0,25.0,20.5,17.1,23.7,7.1,34.0,16.6,10.5,10.9,39.2,30.6,75.2,19.8,15.4,40.3,15.6,4.6,10.5,38.2,3.6,19.4,6.3
13235,15.7,26.3,14.2,38.2,63.1,6.5,11.8,6.5,77.9,83.8,19.0,55.3,8.5,19.4,51.1,23.1,13.8,35.8,26.9,25.8,23.5,25.9,6.9,33.9,21.0,12.1,13.3,40.4,32.5,73.4,21.4,17.0,41.1,16.4,5.4,13.9,41.9,4.1,19.3,7.2
13237,14.0,24.7,15.2,36.9,62.1,6.8,10.6,6.2,77.4,84.8,16.4,61.4,7.1,16.0,56.2,21.3,12.7,31.9,24.7,20.0,17.1,21.9,6.6,33.2,16.7,9.8,10.8,38.0,28.4,72.9,19.1,14.2,39.6,14.4,4.4,11.1,38.8,3.6,15.5,5.9
13239,16.8,26.6,13.3,42.6,65.0,6.1,11.6,7.0,78.3,83.2,19.7,58.8,8.9,20.9,51.4,21.0,16.0,37.7,29.6,30.4,28.6,28.3,6.9,33.8,24.2,12.9,15.5,41.1,35.3,76.8,21.3,18.5,43.3,16.8,6.200000000000001,17.0,42.8,4.6,18.3,8.3
13241,13.3,23.8,17.2,33.8,59.3,7.5,9.9,5.9,75.4,84.5,15.5,59.8,6.8,15.2,60.6,22.6,10.9,29.8,21.3,14.8,11.7,19.4,6.9,34.5,12.4,8.7,8.4,35.5,26.2,71.8,18.3,12.6,34.3,13.9,3.7,7.9,33.7,3.1,13.3,4.9
13243,17.8,28.7,12.0,45.9,66.9,5.7,12.3,7.9,79.6,82.7,21.0,54.0,10.3,22.6,38.8,21.5,18.9,41.1,29.8,37.3,38.1,32.2,7.1,34.1,28.9,15.2,19.3,40.7,39.5,71.4,22.1,22.0,46.5,18.3,8.1,22.2,45.2,5.5,34.1,10.5
13245,14.6,24.6,13.5,41.0,64.8,5.7,11.5,6.1,79.4,85.1,16.8,58.1,7.0,16.8,51.5,20.5,15.9,34.0,28.8,26.2,23.2,25.2,5.8,35.0,22.3,10.9,13.5,38.4,30.5,76.5,19.7,16.7,37.2,14.6,5.4,15.2,43.4,4.2,21.6,7.2
13247,14.3,23.7,13.4,39.8,64.5,5.5,11.1,5.5,79.3,86.6,15.3,62.0,5.9,14.2,56.0,18.1,14.7,31.0,28.1,23.5,19.9,21.9,5.3,32.8,20.8,9.5,12.5,39.2,29.4,80.7,18.0,14.6,38.9,13.5,4.7,13.8,42.7,3.8,18.2,6.4
13249,13.5,24.7,16.2,35.6,61.0,6.8,10.6,5.9,76.1,84.3,16.6,59.4,7.0,16.4,55.6,22.2,12.1,31.6,24.7,18.0,14.8,21.1,6.4,33.7,15.1,9.6,9.8,38.1,27.6,76.3,19.4,14.0,37.2,14.4,4.2,9.6,39.7,3.5,18.0,5.6
13251,15.0,25.6,14.4,39.9,63.7,6.3,11.1,6.4,77.8,83.8,17.9,57.2,7.9,18.5,50.7,21.0,14.1,34.2,27.1,24.3,21.6,24.5,6.6,33.8,19.8,11.1,12.6,39.7,31.2,73.8,20.3,16.2,39.7,15.6,5.2,13.3,42.9,4.1,22.0,6.9
13253,14.2,25.8,14.6,38.7,63.4,6.6,11.1,6.4,77.4,84.1,17.6,57.1,7.7,17.9,52.7,21.2,13.4,33.9,26.5,23.1,20.3,23.8,6.7,33.8,19.1,10.8,12.1,39.6,30.7,74.7,20.0,15.6,40.0,15.1,4.9,12.8,41.0,3.9,20.5,6.5
13255,15.4,24.6,14.6,38.8,63.2,6.4,10.9,6.2,77.0,84.2,17.4,58.1,7.5,17.4,51.9,20.7,13.6,33.7,26.7,23.4,20.0,23.6,6.4,33.5,19.3,10.6,12.0,39.8,30.1,74.2,19.5,15.6,39.9,14.8,4.8,12.6,42.2,3.8,16.5,6.5
13257,14.3,25.3,16.5,35.7,60.6,7.1,10.6,6.3,75.3,83.0,17.8,57.6,7.9,18.6,55.9,23.4,12.1,33.5,24.2,18.7,16.0,22.4,7.1,33.9,15.2,10.4,10.2,37.8,29.2,70.7,20.3,14.7,38.8,15.3,4.4,9.8,35.2,3.6,19.1,5.9
13259,26.699999999999996,25.8,13.9,43.8,63.6,5.4,10.1,7.7,75.6,80.7,19.6,54.5,9.2,21.3,43.2,17.2,18.4,39.4,31.1,34.5,30.0,32.0,7.4,34.9,26.1,12.8,17.1,39.4,39.2,74.1,18.8,20.2,42.0,17.5,7.3,17.6,44.2,5.2,24.2,10.1
13261,15.5,25.6,13.4,41.4,64.4,5.9,11.3,6.5,78.7,84.5,17.6,55.7,7.7,17.8,50.6,19.6,15.1,34.6,27.8,26.9,24.4,25.7,6.4,34.3,22.2,11.5,13.9,39.5,32.5,75.0,19.8,16.7,40.9,15.3,5.6,15.3,43.4,4.2,16.6,7.4
13263,16.4,26.0,13.4,42.6,64.9,5.8,11.6,6.8,78.4,83.9,18.8,57.7,8.3,19.5,48.1,20.4,16.0,36.4,29.5,29.4,27.2,27.2,6.4,33.5,23.7,12.3,15.0,41.2,34.5,73.6,20.6,17.9,43.3,16.2,6.0,16.4,42.5,4.6,24.1,8.0
13265,17.1,25.4,13.6,41.9,64.2,5.6,11.1,6.6,78.0,83.7,18.2,58.4,7.8,19.0,50.3,19.4,15.7,35.8,30.3,28.2,24.8,26.6,6.3,33.4,22.9,11.6,14.3,41.0,34.0,74.5,19.9,17.3,41.8,15.7,5.7,15.4,43.8,4.4,18.4,7.7
13267,18.9,26.2,15.3,41.0,63.1,6.5,10.4,7.3,76.1,81.8,18.9,56.1,8.9,20.5,48.7,20.3,15.0,36.6,27.5,26.4,23.6,27.2,7.5,35.5,20.7,11.7,13.7,38.7,34.4,73.3,19.9,17.3,40.8,16.6,5.8,14.0,42.6,4.3,25.7,7.8
13269,17.9,27.7,13.6,41.8,64.3,6.3,11.6,7.5,76.9,81.7,20.6,51.7,10.1,22.4,44.6,22.4,16.0,39.1,27.8,30.3,29.6,29.9,7.5,34.2,22.9,13.9,15.599999999999998,39.7,36.0,66.8,21.7,19.6,42.5,17.8,6.8,16.4,41.4,4.8,29.0,8.9
13271,23.4,26.7,14.2,42.8,63.9,6.0,10.7,8.1,75.5,80.4,20.9,50.5,10.2,22.9,43.5,20.4,17.6,41.2,29.6,33.6,31.1,32.1,8.2,35.3,25.1,13.9,16.8,40.5,39.0,68.7,21.0,20.5,42.9,18.4,7.3,17.6,43.3,5.0,31.200000000000003,9.9
13273,18.4,27.3,12.8,43.8,65.7,5.7,12.0,7.4,78.6,82.8,20.4,56.6,9.4,21.9,45.7,20.4,17.3,39.5,30.8,33.7,32.5,30.5,6.9,34.2,26.7,13.9,17.4,41.6,37.9,73.4,21.4,20.1,44.1,17.5,7.1,19.1,45.5,5.0,25.7,9.3
13275,13.4,24.8,14.8,37.9,63.6,6.4,10.9,6.0,78.3,85.0,16.3,58.7,7.0,16.3,56.0,20.7,13.1,31.7,25.0,20.8,18.2,22.1,6.2,34.0,17.5,10.0,11.1,37.5,27.5,75.6,18.8,14.5,39.3,14.2,4.6,11.7,40.1,3.7,21.6,6.1
13277,16.5,25.9,14.5,38.5,63.3,6.5,10.7,6.5,77.3,84.0,17.7,59.0,7.8,18.0,53.0,21.4,14.3,34.7,26.2,24.1,21.2,24.8,6.9,34.3,19.5,10.9,12.5,37.6,32.4,74.8,19.8,15.8,39.7,15.6,5.2,13.1,38.4,3.9,14.2,7.0
13279,17.1,26.2,14.6,37.9,62.5,6.6,10.8,6.5,76.8,83.4,18.2,59.6,8.0,17.9,54.2,21.4,13.6,35.0,26.0,23.6,20.6,25.0,6.9,34.3,18.9,11.1,12.3,39.0,32.0,71.4,19.9,16.3,40.9,15.8,5.1,12.5,40.4,3.9,24.7,7.0
13281,11.0,23.8,17.6,32.8,59.3,7.7,10.0,5.6,75.8,84.9,14.9,60.1,6.5,14.5,62.6,23.4,10.3,28.9,20.9,12.9,10.3,17.8,6.6,33.5,11.0,8.3,7.6,35.1,23.9,71.1,18.4,11.9,33.0,13.4,3.4,7.2,34.4,2.9,18.9,4.5
13283,18.9,27.2,14.3,41.0,63.5,6.5,11.4,7.8,76.2,80.7,21.2,54.2,10.5,23.3,46.1,22.5,16.1,40.6,28.5,30.3,29.3,30.3,7.9,35.5,22.5,13.9,15.4,40.2,36.9,68.0,21.8,19.7,41.6,18.4,6.7,15.9,40.6,4.8,27.5,8.9
13285,14.2,24.6,15.2,37.6,62.9,6.4,10.9,6.1,77.5,84.7,17.1,59.6,7.3,17.1,56.8,21.1,13.3,32.6,26.0,22.3,19.5,23.1,6.3,32.3,18.3,10.4,11.8,37.9,31.2,74.8,19.5,15.2,35.9,14.7,4.8,12.4,39.5,3.8,14.3,6.4
13287,17.6,27.3,13.7,41.2,64.0,6.3,11.5,7.2,77.3,82.5,20.0,56.5,9.4,21.1,47.2,21.7,15.6,38.4,28.2,29.5,27.9,28.3,7.2,34.8,22.9,13.1,15.2,40.8,36.2,72.1,21.3,18.9,44.9,17.2,6.3,16.1,43.2,4.6,23.7,8.4
13289,15.8,25.3,15.1,39.0,62.9,6.1,11.2,6.4,77.0,83.4,18.3,56.4,7.8,19.0,53.0,20.8,13.7,34.4,28.7,24.0,20.6,24.8,6.4,34.0,19.6,11.1,12.5,39.9,31.1,72.3,20.8,16.0,39.5,15.6,5.1,12.7,40.7,4.1,20.5,6.8
13291,12.0,24.4,17.6,32.6,58.6,7.6,9.9,5.7,75.2,84.4,15.5,59.6,6.6,15.3,58.9,23.4,10.2,30.2,21.9,13.5,10.4,18.6,6.7,33.3,11.3,8.5,7.7,36.4,24.9,72.6,18.7,12.3,34.8,13.8,3.5,7.2,37.0,3.0,10.5,4.6
13293,14.7,24.8,15.1,37.4,62.2,6.6,11.0,6.4,76.4,83.6,18.0,58.5,8.0,19.1,52.8,22.1,13.5,33.7,26.5,22.1,19.7,23.7,6.8,33.3,18.0,11.1,11.7,39.1,31.3,75.4,20.3,15.7,39.1,15.6,5.0,12.1,39.7,3.9,20.9,6.5
13295,13.2,25.5,16.9,34.5,59.9,7.4,10.3,6.0,75.3,83.6,16.6,56.4,7.4,17.0,52.9,22.6,11.1,31.4,22.6,15.8,12.9,20.4,7.0,34.0,13.0,9.5,8.8,36.6,28.4,76.0,19.4,13.4,37.8,14.6,3.9,8.3,40.8,3.3,14.0,5.2
13297,13.4,23.9,15.6,34.6,61.3,6.9,10.3,5.6,76.2,85.0,15.8,57.3,6.4,14.9,56.5,21.0,11.3,30.6,23.8,17.3,13.7,19.7,6.2,33.0,14.7,9.0,9.3,37.4,27.0,74.5,18.2,13.1,38.1,13.5,3.8,9.2,37.0,3.2,11.1,5.2
13299,16.8,25.7,14.9,40.0,63.1,6.5,10.9,7.0,77.1,82.5,19.2,55.0,8.8,20.0,49.5,22.5,14.7,36.4,26.4,25.5,23.8,26.8,7.3,34.4,20.1,12.1,13.3,39.2,35.6,73.1,20.8,17.4,41.5,16.8,5.6,13.8,39.0,4.2,27.6,7.5
13301,16.2,25.9,13.3,42.7,64.5,5.8,11.6,6.6,78.3,83.9,18.8,56.0,8.1,19.4,50.1,20.3,15.5,36.7,30.2,28.8,26.1,26.8,6.3,33.0,23.6,12.1,14.7,41.9,34.5,76.3,20.6,17.8,43.8,15.9,5.9,15.9,43.3,4.5,26.8,7.7
13303,16.3,25.9,14.1,42.8,65.0,5.8,11.1,6.8,78.3,83.5,18.4,55.5,8.3,19.6,50.1,20.0,15.9,36.1,29.2,28.5,26.0,27.2,6.5,34.1,22.8,11.9,14.6,41.3,33.5,74.3,20.0,17.6,43.0,15.9,5.9,15.9,43.1,4.5,22.5,7.9
13305,16.7,26.0,15.6,39.7,62.9,6.8,10.8,7.0,76.5,82.2,19.0,52.6,8.9,20.0,50.5,22.0,14.1,35.6,25.6,24.1,21.7,25.6,7.6,34.7,18.7,11.7,12.5,37.9,32.6,69.9,20.5,16.6,43.0,16.5,5.4,12.9,39.7,4.1,20.4,7.2
13307,15.7,26.4,13.9,41.4,64.3,6.2,11.5,7.0,78.1,83.6,18.8,54.7,8.6,19.6,48.8,21.3,15.5,36.3,27.8,27.6,25.7,26.7,6.9,33.9,22.2,12.2,14.4,39.8,33.4,72.0,20.7,17.7,42.5,16.3,6.0,15.7,42.5,4.5,24.5,7.8
13309,19.2,25.4,15.1,42.5,63.1,6.2,10.0,7.5,75.8,81.1,19.1,51.6,9.0,21.6,42.7,19.1,15.1,37.3,29.8,27.3,23.9,28.1,7.7,34.9,21.2,11.7,14.1,39.5,35.0,71.6,19.5,17.6,41.6,16.5,5.9,14.4,43.0,4.5,20.3,7.9
13311,12.3,23.5,17.5,33.0,58.8,7.4,10.0,5.7,74.8,84.3,15.7,59.8,6.6,15.4,61.8,22.6,10.1,29.0,22.3,13.6,10.4,18.4,6.6,33.5,11.6,8.6,7.8,36.1,24.5,72.1,18.6,12.0,35.2,13.5,3.4,7.1,34.2,3.0,9.2,4.5
13313,22.7,23.2,15.7,33.5,59.9,6.6,9.6,6.2,75.3,83.5,17.0,55.5,6.9,15.8,51.3,20.5,13.0,32.2,24.6,21.4,15.3,23.8,6.9,35.5,17.3,9.6,10.7,36.8,31.4,73.4,18.2,14.5,38.1,15.2,4.4,9.8,38.9,3.3,16.5,6.5
13315,18.1,25.4,15.1,42.3,63.2,6.3,10.3,7.3,76.3,81.6,18.7,54.6,8.9,20.9,51.1,19.8,15.2,36.7,28.9,26.0,23.2,27.1,7.5,34.5,20.6,11.6,13.7,38.9,33.5,72.1,19.6,17.3,43.0,16.2,5.8,14.2,42.4,4.4,17.6,7.6
13317,16.2,25.3,14.2,39.5,63.1,6.1,11.0,6.4,77.4,83.7,18.1,57.6,7.8,18.6,50.5,20.7,14.4,34.9,27.7,25.1,22.0,25.3,6.5,34.3,20.3,11.2,12.9,39.9,32.9,73.7,19.9,16.4,40.9,15.6,5.3,13.5,41.2,4.1,22.0,7.1
13319,14.8,25.7,14.5,39.6,63.2,6.3,11.1,6.4,77.4,83.8,17.9,58.7,7.8,18.6,48.8,21.4,14.1,35.3,27.0,23.9,21.6,24.3,6.6,33.9,19.7,11.1,12.5,39.3,32.1,74.5,20.2,16.4,41.1,15.4,5.1,13.4,44.4,4.1,22.2,6.8
13321,14.9,26.1,15.0,38.6,62.4,6.7,11.0,6.5,76.7,83.3,18.5,58.1,8.2,19.3,53.9,22.9,13.6,35.5,26.7,23.2,20.7,24.7,6.9,33.7,18.5,11.3,12.1,40.0,32.0,72.1,20.8,16.2,38.8,15.9,5.0,12.6,38.1,4.0,21.4,6.7
15001,7.0,21.4,20.8,24.8,52.6,5.9,11.4,5.4,71.2,77.6,16.0,53.3,5.6,15.0,62.6,21.7,9.6,30.1,30.9,21.7,18.3,19.3,6.6,27.4,14.9,8.6,10.8,33.0,20.7,69.8,17.7,11.7,27.5,13.5,3.8,8.7,39.9,3.3,10.3,5.6
15003,5.3,18.8,19.2,27.9,56.9,5.0,9.7,4.6,76.2,80.7,12.7,57.9,4.1,10.3,69.1,15.9,10.5,26.5,31.2,17.7,11.6,17.2,5.6,31.0,11.6,6.6,7.4,33.3,22.4,79.5,15.3,11.0,26.0,11.0,2.8,5.9,49.5,2.9,7.9,4.7
15005,11.8,20.3,16.0,29.0,49.5,4.8,8.6,6.6,60.2,67.4,13.0,52.6,5.7,14.1,51.1,14.2,12.9,27.6,23.6,22.6,20.7,21.4,6.8,26.8,17.6,8.1,10.4,25.7,22.5,78.7,13.7,13.9,33.0,13.1,4.8,10.8,41.8,3.9,9.0,6.6
15007,6.7,20.9,19.9,27.0,51.9,5.6,10.4,5.0,71.2,78.9,14.0,58.0,4.8,12.4,67.7,17.9,9.3,25.0,28.2,17.9,13.8,16.6,5.6,29.4,12.0,7.2,8.6,31.7,19.5,73.4,16.5,10.3,24.1,12.0,3.1,7.3,43.9,3.0,9.7,4.8
15009,6.7,19.6,21.3,25.4,51.3,5.9,10.5,5.0,70.4,80.1,13.6,53.1,4.8,13.4,64.5,16.9,9.6,26.6,29.7,18.3,14.2,16.6,5.9,28.5,12.5,7.3,8.8,34.1,19.1,76.6,16.6,11.5,26.199999999999996,11.8,3.2,6.8,42.6,3.0,9.7,4.8
16001,8.7,23.4,18.2,28.8,49.5,7.2,10.3,4.8,75.1,81.8,14.5,60.9,4.8,10.5,71.7,25.5,8.0,30.6,18.3,10.2,6.6000000000000005,14.5,7.6,29.1,9.1,7.0,6.3,28.8,17.9,74.4,15.8,11.2,28.9,11.8,2.7,5.7,30.6,2.5,17.7,3.7
16003,10.9,24.8,16.5,30.0,51.8,7.2,11.0,6.0,70.8,77.7,17.8,54.6,7.0,14.8,62.2,24.0,9.3,34.7,20.5,14.7,11.2,18.6,9.1,27.8,11.7,9.1,8.6,29.6,25.1,64.6,17.9,14.1,33.9,13.9,3.8,8.2,33.0,3.2,14.2,5.1
16005,10.2,24.4,15.6,29.8,52.7,7.1,11.2,5.5,73.6,78.7,16.8,53.6,6.2,13.3,64.4,25.2,9.1,36.0,20.8,14.7,10.2,18.3,8.9,28.7,11.6,8.5,8.3,31.4,21.7,69.9,17.3,13.9,33.4,14.0,3.5,8.0,36.9,3.0,12.0,4.8
16007,9.9,23.9,15.9,28.2,51.5,7.2,11.0,5.6,71.1,78.1,17.2,54.9,6.4,13.8,66.9,23.7,9.0,33.6,20.1,13.3,9.5,17.3,8.6,28.7,11.0,8.6,7.7,29.6,23.0,72.4,17.7,13.4,31.2,13.6,3.4,7.4,34.2,3.0,15.4,4.6
16009,12.2,25.5,16.5,30.3,51.8,7.1,11.8,6.4,70.4,76.0,19.3,50.1,7.9,17.1,60.6,24.2,10.0,38.4,21.8,18.2,13.8,21.2,9.8,28.5,13.8,10.4,10.1,31.2,27.3,65.8,18.9,15.7,36.0,15.1,4.3,9.3,35.4,3.5,20.7,5.9
16011,12.6,24.7,14.7,30.7,51.5,6.9,11.1,5.7,72.2,78.0,17.8,55.8,6.4,14.3,63.9,23.5,10.1,37.3,21.6,16.0,10.8,19.2,9.0,28.1,13.2,8.8,8.9,31.1,24.0,65.5,17.7,14.4,39.2,14.1,3.7,8.4,33.9,3.1,10.7,5.3
16013,11.4,20.5,17.2,24.7,50.3,7.1,10.0,4.7,72.0,81.4,14.0,59.6,4.7,9.8,71.4,20.1,7.7,28.3,19.3,11.2,6.7,14.6,7.4,28.0,10.0,6.5,6.5,27.7,18.8,72.1,14.7,10.6,23.1,11.4,2.7,5.9,27.9,2.5,8.1,4.0
16015,8.7,23.7,17.1,28.1,50.2,7.4,10.8,5.2,71.9,80.4,15.6,57.2,5.5,11.9,66.1,23.7,8.2,31.6,20.5,11.2,7.5,15.5,8.0,29.0,9.7,7.4,6.8,29.6,20.3,64.8,16.3,12.0,31.3,12.2,2.9,6.3,32.6,2.7,11.4,4.0
16017,9.6,23.1,17.3,28.2,50.1,7.4,10.9,5.6,70.1,78.8,16.5,52.0,6.2,13.2,64.6,23.3,8.4,32.3,19.7,12.2,9.2,16.9,8.3,28.4,10.3,8.2,7.5,28.8,21.1,67.6,16.9,12.7,31.8,12.9,3.3,6.9,30.6,2.9,17.7,4.5
16019,10.7,24.0,15.5,28.7,51.6,7.1,10.7,5.3,74.0,80.6,16.4,60.7,5.7,11.6,67.6,25.5,8.9,32.1,20.2,12.8,8.8,16.9,8.2,29.8,11.0,7.8,7.6,30.0,21.2,67.5,16.8,12.6,33.5,12.3,3.2,6.9,36.8,2.8,21.0,4.5
16021,12.0,25.4,16.2,28.8,52.3,7.1,11.4,6.0,70.7,77.1,18.8,53.2,7.2,15.2,63.8,23.6,9.4,37.0,21.0,16.0,11.8,19.4,9.2,28.5,12.4,9.6,9.0,32.0,23.9,63.5,18.0,14.9,33.2,14.5,4.0,8.6,32.3,3.3,19.1,5.4
16023,13.9,26.9,15.9,31.8,52.7,7.1,11.8,7.1,70.3,75.3,21.1,53.5,9.0,18.1,59.5,26.1,11.1,40.9,21.9,20.4,17.1,23.3,10.4,29.8,15.2,11.6,11.3,31.1,27.4,63.2,19.9,17.4,35.7,16.4,5.1,10.8,34.7,3.8,14.2,6.8
16025,10.9,23.0,17.3,27.7,50.2,7.2,10.7,5.3,71.0,79.3,16.2,55.3,5.8,12.5,66.7,23.0,8.4,32.0,21.0,12.5,8.3,16.6,8.2,28.2,10.6,7.9,7.5,30.2,21.3,70.5,16.7,12.4,29.3,12.7,3.2,6.7,32.8,2.8,10.9,4.3
16027,13.7,23.7,15.4,29.5,50.4,7.1,10.8,5.4,71.6,79.9,17.7,54.5,6.2,12.6,62.5,23.3,10.5,36.9,20.4,15.0,10.2,19.2,8.9,30.8,12.2,8.5,8.5,29.2,24.9,60.7,16.9,14.5,35.5,13.9,3.6,8.0,35.5,3.0,12.9,5.3
16029,10.2,23.9,16.3,28.3,51.0,7.3,10.8,5.4,70.9,78.3,16.9,53.2,6.2,13.8,66.6,23.0,8.7,33.8,21.1,12.7,8.8,17.4,8.5,28.4,10.9,8.3,7.6,30.9,22.8,66.1,17.6,13.1,34.8,13.3,3.3,7.0,33.4,2.9,17.9,4.5
16031,16.0,23.3,15.1,30.5,52.1,6.7,10.6,5.8,70.4,78.0,17.7,51.6,6.4,13.4,61.2,22.4,10.2,35.8,22.4,17.6,11.8,20.7,8.9,29.4,14.3,8.9,9.4,30.3,26.4,66.0,17.1,15.0,37.9,14.3,3.9,8.7,34.9,3.1,13.4,5.8
16033,20.0,23.4,14.6,31.0,52.3,6.3,10.6,6.3,71.1,77.1,19.1,50.4,6.8,14.3,57.1,21.7,11.5,38.3,23.0,21.9,15.2,23.8,9.5,29.4,17.2,9.9,11.2,31.5,29.0,67.4,17.1,16.5,36.7,15.3,4.6,10.5,35.0,3.4,20.0,7.0
16035,11.0,25.1,18.1,29.1,51.0,7.2,10.7,5.8,71.1,77.5,17.4,51.3,6.7,14.7,62.6,22.9,9.2,34.7,21.3,14.5,10.4,18.3,9.1,28.4,11.8,8.7,8.3,28.8,22.6,66.0,17.5,13.8,31.8,14.0,3.6,7.9,36.3,3.1,20.8,4.9
16037,9.8,23.9,17.3,29.5,51.3,7.4,10.9,5.7,71.7,78.7,16.7,53.4,6.4,13.3,65.3,23.3,9.0,32.3,19.9,13.0,9.6,17.1,8.6,30.1,10.7,8.3,7.8,29.3,21.4,70.1,17.3,12.8,31.4,13.4,3.4,7.4,31.9,3.0,16.5,4.6
16039,13.6,24.3,15.3,31.3,51.5,6.8,10.7,5.9,70.1,77.7,17.9,53.3,6.8,14.6,59.5,22.8,10.2,36.9,22.4,16.8,11.9,20.0,9.0,29.3,13.4,9.2,9.3,32.4,24.6,67.8,17.5,15.0,35.1,14.2,4.0,8.8,37.6,3.2,18.9,5.6
16041,10.3,23.7,15.7,28.7,50.8,7.2,10.7,5.4,70.6,78.4,16.5,51.9,6.1,13.2,61.7,23.3,8.5,33.1,20.6,12.7,8.8,17.1,8.3,27.3,10.8,8.1,7.4,31.6,22.1,65.0,17.3,13.0,35.9,13.1,3.2,7.0,34.0,2.9,12.0,4.4
16043,11.6,23.8,16.7,27.5,51.6,7.1,10.5,5.5,71.2,78.7,16.5,54.6,6.1,13.2,65.1,22.8,9.0,34.2,21.1,13.7,9.1,17.5,8.6,27.9,11.4,8.2,7.8,30.2,22.7,62.2,17.1,13.2,32.7,13.2,3.4,7.3,33.0,2.9,14.2,4.7
16045,11.3,23.7,16.0,28.3,50.7,7.2,10.9,5.3,71.9,78.6,16.7,54.1,6.0,13.3,65.8,23.4,8.7,33.1,20.5,13.2,8.9,17.4,8.4,27.7,11.0,8.2,7.7,29.2,22.7,68.3,17.2,12.8,33.0,13.4,3.3,6.9,32.8,2.9,12.5,4.5
16047,18.5,23.9,15.4,30.6,51.9,6.7,10.7,6.4,71.0,76.7,19.5,52.5,7.4,15.4,56.9,21.7,11.0,38.0,22.6,20.0,14.6,23.0,9.5,28.6,16.0,10.2,10.9,31.0,28.7,66.1,17.8,16.2,34.5,15.5,4.6,10.0,33.8,3.5,21.7,6.8
16049,10.5,23.4,16.5,28.3,49.4,7.2,10.9,5.7,69.9,77.5,17.2,52.1,6.5,14.0,58.6,23.2,8.8,33.4,21.0,13.6,9.7,17.9,9.0,26.8,11.4,8.4,8.1,31.0,22.4,63.6,17.5,13.4,32.1,13.5,3.5,7.5,30.8,3.1,14.9,4.7
16051,10.4,22.4,15.3,27.7,50.5,7.2,10.7,5.3,71.5,79.6,15.9,56.1,5.8,12.2,64.9,22.6,8.7,30.9,19.5,12.0,8.3,15.9,8.1,29.6,10.5,7.7,7.3,28.9,21.4,71.1,16.5,12.2,33.0,12.6,3.2,6.8,33.7,2.8,14.5,4.3
16053,20.9,23.8,14.4,31.3,52.2,6.5,10.7,6.5,70.8,76.6,19.8,50.6,7.4,15.7,57.7,21.8,11.7,39.1,24.4,22.4,15.5,24.4,9.7,30.2,17.6,10.4,11.4,32.1,29.9,67.4,17.6,17.1,35.8,15.8,4.8,10.5,34.6,3.5,23.4,7.2
16055,9.2,24.3,18.5,25.5,50.1,7.4,10.8,5.2,70.7,79.9,15.7,54.8,6.0,12.3,66.8,24.9,8.0,32.2,20.6,11.7,8.4,16.1,8.1,28.1,10.0,7.8,7.2,30.2,18.4,62.7,17.5,12.5,31.5,13.3,3.2,6.6,34.5,2.8,19.1,4.3
16057,8.4,24.6,17.5,30.2,52.6,7.6,10.7,5.4,72.8,79.5,15.3,55.8,5.8,11.6,69.4,23.1,8.4,30.7,20.0,11.8,8.5,16.1,8.1,28.2,10.0,7.8,7.3,28.8,19.0,75.4,16.6,12.5,31.6,12.6,3.2,7.0,29.5,2.9,10.3,4.3
16059,10.1,25.2,17.2,29.1,50.9,7.3,11.2,5.6,70.5,78.2,17.1,56.2,6.4,14.3,63.4,24.6,8.6,33.5,21.2,13.3,9.7,17.0,8.6,29.2,11.0,8.5,7.7,31.2,23.2,67.8,17.9,13.3,30.6,13.5,3.4,7.4,34.0,3.0,14.6,4.6
16061,11.4,26.2,15.3,32.2,53.1,7.1,11.7,6.5,71.3,77.0,19.2,54.5,7.8,16.5,58.6,24.5,10.5,37.3,21.8,17.9,14.2,21.0,9.7,30.0,13.6,10.3,10.1,31.3,26.7,67.8,18.8,15.8,35.5,15.1,4.4,9.7,36.4,3.5,18.0,5.9
16063,17.7,23.3,15.6,29.8,51.1,6.6,10.5,6.0,70.8,77.4,18.3,51.2,6.5,14.3,58.3,22.0,10.4,36.8,23.0,18.4,12.0,21.6,9.2,28.9,15.0,9.2,9.8,32.2,27.5,60.5,17.3,14.9,34.2,14.7,4.0,9.0,33.4,3.2,22.8,6.0
16065,11.5,25.6,12.9,31.3,52.9,7.3,11.5,6.6,73.2,77.4,18.8,51.4,7.9,15.4,59.0,24.2,10.7,36.4,19.9,17.5,14.7,20.4,9.7,30.2,13.5,10.3,10.0,28.9,25.0,64.9,18.3,15.9,34.0,15.2,4.6,10.1,36.7,3.6,21.6,6.1
16067,18.5,22.8,15.1,31.2,52.2,6.4,10.3,5.9,69.8,77.5,18.4,50.7,6.4,13.8,57.6,21.3,11.0,37.0,23.4,19.5,12.9,21.7,9.1,29.6,15.4,9.2,10.1,31.7,28.3,66.4,17.3,15.4,36.7,14.8,4.2,9.3,34.0,3.2,20.1,6.3
16069,9.9,24.8,18.4,30.4,52.5,7.4,11.6,5.6,73.1,79.2,17.3,59.1,6.5,14.1,66.3,25.2,8.8,36.5,19.4,14.0,10.0,17.2,8.8,27.8,11.3,8.7,8.2,31.6,23.7,71.3,17.8,14.0,38.1,13.6,3.5,7.7,35.7,3.0,15.7,4.8
16071,9.3,23.7,16.4,28.0,50.2,7.2,10.7,5.3,71.1,79.2,16.2,56.5,5.9,12.9,67.1,23.4,8.4,32.9,19.9,11.9,8.3,16.3,8.1,29.5,10.0,8.0,7.2,30.5,21.2,64.7,17.3,12.3,32.2,12.7,3.1,6.7,33.1,2.8,7.6,4.2
16073,18.1,25.2,15.3,31.2,51.5,6.5,11.1,6.5,70.2,75.9,20.2,49.4,7.8,16.7,60.0,23.1,11.1,39.2,23.7,21.5,15.4,23.7,9.8,29.4,16.4,10.6,11.1,31.3,29.4,61.1,18.4,17.0,33.5,15.9,4.7,10.2,36.2,3.6,17.0,6.9
16075,14.2,23.6,15.9,30.4,52.6,7.0,11.0,5.9,70.5,77.3,18.2,54.8,6.9,14.6,60.5,23.5,9.6,34.9,20.9,16.7,12.1,19.9,9.1,28.8,13.4,9.3,9.2,28.5,25.4,65.1,17.8,14.6,31.5,14.3,4.0,8.7,30.9,3.2,13.5,5.6
16077,17.5,23.8,14.9,30.4,51.4,6.6,10.6,6.1,71.1,77.4,18.2,51.3,6.9,14.3,58.1,21.8,10.6,36.4,21.7,19.2,13.4,21.8,9.3,29.6,15.3,9.4,10.3,30.4,27.4,64.3,17.3,15.4,38.0,14.9,4.3,9.7,34.4,3.3,23.4,6.4
16079,11.9,27.0,17.0,30.5,51.0,7.1,11.5,6.2,71.3,76.4,19.8,50.0,7.8,16.3,54.6,24.5,10.2,39.7,22.7,17.1,13.3,20.8,9.7,30.6,13.3,10.2,9.6,31.3,26.1,64.4,19.3,15.8,35.9,15.3,4.2,9.0,37.0,3.4,23.5,5.6
16081,10.0,22.3,17.0,27.0,51.2,7.3,9.9,4.8,72.8,81.3,13.9,54.7,4.8,10.1,69.3,21.0,8.0,28.5,18.5,10.5,6.7,14.4,7.6,28.3,9.3,6.6,6.4,27.4,18.5,73.0,14.7,10.8,30.8,11.2,2.8,5.9,30.2,2.5,6.800000000000001,3.9
16083,13.2,24.6,15.4,28.4,51.0,7.0,11.1,5.6,71.0,78.7,17.2,55.8,6.5,13.6,63.2,24.2,9.9,33.7,21.3,15.3,11.0,19.3,8.6,25.9,12.7,8.9,8.6,30.8,27.1,67.4,17.3,14.6,33.5,13.7,3.7,8.1,34.2,3.1,19.2,5.2
16085,9.7,24.0,17.2,29.8,52.1,7.4,10.9,5.7,71.6,79.2,16.3,57.9,6.3,13.3,63.2,23.3,9.2,34.0,19.7,13.0,9.7,17.5,8.7,28.3,10.8,8.2,7.8,28.6,22.6,69.1,16.9,13.2,33.3,13.1,3.5,7.4,33.8,3.0,12.4,4.6
16087,14.1,25.5,15.9,30.2,52.0,7.0,11.3,6.4,71.1,77.0,19.2,52.5,7.5,16.0,60.2,23.7,10.7,38.5,22.1,18.5,14.4,21.5,9.6,28.8,14.5,10.1,10.2,30.0,26.9,64.6,18.5,15.8,33.8,15.3,4.4,9.9,34.0,3.5,19.3,6.3
17001,7.6,23.7,20.8,31.6,56.4,7.4,10.5,5.4,75.7,84.6,14.3,57.8,6.6,15.0,60.9,23.8,9.6,28.3,24.0,13.8,13.6,17.4,6.2,31.7,11.6,8.1,7.6,33.8,22.6,73.0,18.3,11.7,38.2,12.4,3.2,7.7,38.3,2.9,11.9,4.2
17003,11.1,26.4,17.2,38.7,60.9,6.4,11.9,6.8,77.2,82.6,18.2,53.9,9.1,20.2,49.8,23.2,13.8,35.9,29.8,26.6,29.1,25.9,6.8,32.0,21.0,11.8,13.4,37.3,30.4,69.9,21.0,17.1,45.3,15.6,5.5,14.8,42.6,4.2,19.1,7.1
17005,9.2,24.1,20.0,32.8,57.4,7.2,10.5,5.8,75.6,83.9,15.0,56.8,7.1,15.9,54.0,23.4,10.3,29.7,26.1,16.0,15.4,19.3,6.5,31.8,13.4,8.6,8.6,35.0,23.7,74.0,18.7,12.6,39.8,13.2,3.6,8.7,39.2,3.1,10.9,4.7
17007,12.6,22.9,19.2,30.9,56.3,6.9,10.0,5.5,75.1,84.6,14.7,57.0,6.3,14.3,59.5,22.2,10.4,29.5,25.6,16.8,14.6,20.0,6.3,31.6,14.3,8.2,8.6,34.6,24.7,74.3,17.7,12.3,36.9,13.1,3.5,8.3,37.7,2.9,16.3,5.0
17009,12.0,23.8,19.8,35.9,58.2,6.9,10.0,6.2,75.0,82.4,15.8,52.5,7.7,18.0,54.1,20.5,11.4,32.1,30.0,19.9,18.9,22.2,6.8,32.0,16.3,9.1,10.3,36.0,26.3,65.4,18.2,13.8,41.6,13.8,4.2,10.5,40.0,3.4,18.0,5.5
17011,9.8,23.9,19.9,31.0,56.4,7.2,10.4,5.7,75.5,83.8,14.9,58.0,6.9,15.4,58.2,24.1,10.1,29.6,25.1,15.6,14.8,18.9,6.5,31.7,12.8,8.5,8.3,34.8,23.8,72.1,18.6,12.5,38.4,13.3,3.5,8.1,38.0,3.0,15.7,4.7
17013,7.1,23.0,21.9,29.3,55.2,7.5,10.3,4.9,75.3,85.4,13.3,56.8,5.7,13.4,65.9,23.4,8.5,26.0,24.4,10.9,9.6,15.3,5.8,31.3,10.0,7.0,6.3,33.8,19.6,70.2,17.9,10.2,35.1,11.7,2.7,6.1,34.7,2.6,7.699999999999999,3.5
17015,9.7,24.2,21.3,32.6,56.9,7.2,10.3,5.8,74.8,83.4,15.0,56.6,7.1,16.2,62.6,22.6,10.3,29.9,26.1,15.6,14.9,19.3,6.6,31.6,13.0,8.4,8.3,34.4,23.9,70.9,18.5,12.4,39.3,13.2,3.5,8.3,35.6,3.1,13.0,4.7
17017,13.3,23.9,19.0,32.7,56.6,6.8,10.2,5.9,75.1,83.4,15.7,54.9,7.2,15.9,57.7,22.4,11.2,31.5,26.7,19.2,17.7,21.7,6.7,32.1,15.6,9.0,9.6,35.0,26.6,67.4,18.4,13.6,40.7,13.9,3.9,9.4,37.5,3.2,20.7,5.5
17019,7.7,23.4,18.5,31.4,59.1,6.9,10.2,5.3,75.9,85.6,12.9,60.4,6.0,12.9,60.4,22.3,10.6,26.5,25.3,15.2,14.4,17.5,5.9,32.5,12.7,7.6,8.2,33.5,21.3,74.3,16.7,11.5,34.0,11.9,3.3,8.5,35.9,3.0,12.4,4.5
17021,9.1,24.4,20.8,32.5,56.7,7.3,10.4,5.7,74.7,83.4,15.2,54.9,7.2,16.5,59.7,23.4,10.1,30.2,26.1,15.1,14.6,19.2,6.6,31.8,12.5,8.5,8.1,35.0,24.0,72.3,18.7,12.6,38.1,13.3,3.5,8.1,37.6,3.1,16.4,4.6
17023,7.8,24.0,20.8,31.0,56.3,7.4,10.5,5.5,75.4,84.3,14.4,58.6,6.7,15.1,65.5,23.8,9.4,28.5,24.3,13.3,12.9,17.5,6.3,31.4,11.2,8.0,7.4,34.5,21.7,71.3,18.5,11.6,37.1,12.6,3.2,7.2,35.5,2.9,12.1,4.2
17025,9.5,25.3,20.1,33.3,57.0,7.3,11.0,6.3,74.9,82.5,16.7,52.8,8.3,18.3,57.9,25.1,10.9,32.3,25.6,17.7,18.3,21.3,7.0,32.4,13.7,9.8,9.3,35.6,25.8,70.3,20.1,14.0,41.5,14.5,4.1,9.2,36.7,3.4,16.8,5.3
17027,7.9,23.1,21.3,30.8,56.2,7.4,10.4,5.2,75.8,84.8,13.8,58.9,6.2,14.1,63.4,22.6,9.3,27.5,24.8,12.8,11.9,16.7,6.0,31.3,11.2,7.5,7.2,33.8,21.0,76.3,17.8,11.1,40.0,12.1,3.0,7.1,36.5,2.8,12.4,3.9
17029,8.5,25.4,19.5,32.2,57.6,7.4,10.9,5.9,75.8,83.8,15.4,56.2,7.5,16.2,59.3,24.6,10.4,31.1,24.5,16.1,16.8,19.5,6.6,31.3,13.1,9.1,8.7,34.6,24.0,68.3,19.2,13.3,39.4,13.5,3.8,8.9,38.3,3.2,15.6,4.9
17031,12.0,19.8,19.0,28.9,56.3,5.7,9.8,4.7,76.5,87.1,12.7,52.7,5.2,11.2,62.7,19.0,10.7,26.1,27.2,19.6,16.3,18.7,5.0,31.0,16.4,7.5,9.4,34.8,22.8,73.8,15.4,11.5,31.0,11.2,3.5,9.3,36.0,2.9,8.8,5.0
17033,8.7,23.9,20.4,32.8,57.2,7.3,10.5,5.6,75.5,84.0,14.8,57.7,7.0,15.7,59.7,23.3,9.9,29.3,25.6,14.8,14.3,18.7,6.4,32.2,12.5,8.4,8.1,34.3,22.9,70.2,18.5,12.3,40.0,13.0,3.5,8.1,36.8,3.0,13.4,4.5
17035,7.5,23.7,20.9,30.9,56.2,7.5,10.5,5.4,75.4,84.6,14.2,55.3,6.5,14.8,62.4,24.5,9.2,28.0,24.5,12.7,12.0,16.9,6.2,31.8,10.9,7.8,7.1,34.6,21.6,70.6,18.6,11.3,38.5,12.4,3.0,7.0,36.3,2.8,11.3,4.0
17037,9.5,23.5,19.7,31.6,57.4,7.1,10.4,5.5,75.9,85.1,14.2,57.0,6.4,14.0,63.0,22.9,10.6,28.9,25.1,15.9,15.0,18.6,6.2,32.0,13.5,8.1,8.4,33.2,23.3,74.7,18.0,12.1,37.1,12.6,3.5,8.6,35.3,3.0,11.7,4.7
17039,8.2,23.7,20.4,31.2,56.2,7.4,10.5,5.5,75.3,84.2,14.6,56.7,6.8,15.5,62.0,23.9,9.6,29.0,24.6,13.9,13.4,18.0,6.3,31.2,11.7,8.2,7.6,34.0,22.5,70.9,18.7,12.0,37.9,12.9,3.3,7.5,37.7,2.9,16.1,4.3
17041,9.7,23.8,20.4,31.1,55.9,7.2,10.5,5.5,74.9,83.9,15.1,56.6,6.8,15.5,58.9,23.6,9.8,29.6,25.7,14.9,13.7,18.8,6.3,32.0,12.4,8.4,7.9,34.7,23.6,73.1,18.6,12.3,38.8,13.1,3.4,7.5,36.9,2.9,12.5,4.5
17043,7.6,19.0,17.3,27.1,56.7,6.7,8.9,4.3,76.5,87.3,10.5,60.0,4.3,9.5,70.1,17.9,8.5,21.2,24.1,11.2,8.6,13.5,4.8,31.3,9.8,5.7,6.1,33.5,18.2,75.4,14.2,9.1,29.1,9.6,2.4,5.6,35.4,2.3,8.5,3.4
17045,8.6,25.0,20.2,32.6,56.8,7.4,10.8,5.9,75.1,83.3,15.7,55.5,7.6,17.0,59.1,24.8,10.2,30.5,24.8,15.7,16.1,19.6,6.7,31.8,12.7,9.1,8.4,34.4,24.5,69.8,19.5,13.0,37.5,13.7,3.7,8.4,38.7,3.1,14.3,4.8
17047,8.9,25.4,20.0,32.9,57.0,7.4,11.0,6.2,75.0,83.0,16.4,56.1,8.1,17.9,62.0,25.5,10.7,31.8,25.2,16.8,17.5,20.5,7.0,32.1,13.4,9.6,9.0,34.8,25.0,68.8,20.2,13.7,40.3,14.3,3.9,9.0,36.3,3.3,16.1,5.1
17049,7.6,23.4,21.1,30.4,55.9,7.4,10.3,5.3,75.3,84.5,13.9,54.7,6.4,14.3,65.8,23.5,9.2,27.2,23.9,12.7,12.1,16.9,6.1,30.7,10.8,7.7,7.1,33.5,21.5,71.9,18.1,11.2,34.2,12.2,3.1,6.9,35.5,2.8,12.4,4.0
17051,10.1,24.7,19.9,34.0,57.7,7.2,10.5,6.3,74.9,82.6,16.0,53.8,7.9,17.8,60.5,23.0,11.0,31.6,26.9,17.9,18.0,21.2,6.9,32.3,14.4,9.3,9.4,35.2,25.6,69.2,19.2,13.6,40.1,14.0,4.0,9.5,38.3,3.4,17.3,5.2
17053,8.9,24.5,20.5,31.9,56.5,7.3,10.6,5.7,75.3,83.8,15.3,57.8,7.2,16.1,61.3,24.1,10.0,30.0,25.4,15.4,15.1,19.0,6.5,31.7,12.6,8.7,8.2,34.4,24.1,67.6,19.0,12.6,37.8,13.3,3.5,8.2,39.1,3.1,16.4,4.6
17055,9.2,25.9,19.8,32.7,57.2,7.4,11.0,6.3,75.6,82.7,16.5,54.3,8.3,18.1,55.9,25.1,10.9,32.5,25.4,17.4,18.5,21.2,7.1,31.7,13.7,9.9,9.3,34.7,25.8,63.3,20.2,14.3,41.4,14.6,4.1,9.3,39.6,3.4,16.5,5.3
17057,9.3,24.6,20.3,33.5,57.0,7.3,10.6,6.0,75.2,83.2,15.6,53.6,7.5,17.2,58.0,24.3,10.4,30.9,25.6,16.5,16.2,19.8,6.7,32.0,13.4,8.9,8.7,34.7,24.2,66.8,19.3,13.0,39.8,13.6,3.7,8.8,37.9,3.2,16.9,4.8
17059,9.4,25.3,20.2,32.7,56.7,7.4,11.0,6.2,74.7,82.5,16.7,53.8,8.2,18.2,55.7,25.3,10.5,32.0,25.7,17.2,17.7,21.0,6.9,31.9,13.6,9.8,9.1,35.2,25.4,69.9,20.2,13.8,40.9,14.4,4.0,8.9,37.9,3.3,16.2,5.1
17061,8.7,24.9,20.2,32.3,56.5,7.4,10.8,5.9,74.7,82.9,16.0,54.1,7.7,17.5,58.2,24.8,10.2,31.1,25.5,15.9,16.3,19.8,6.8,32.0,12.8,9.2,8.4,34.7,24.8,71.1,19.8,13.1,39.9,13.8,3.7,8.4,37.2,3.2,15.6,4.8
17063,8.6,22.3,21.6,29.6,55.9,7.2,10.1,5.0,75.8,85.4,13.3,59.6,5.7,13.2,67.2,22.5,9.1,26.6,24.6,12.8,11.0,16.4,5.8,31.3,11.5,7.2,7.0,33.4,21.7,74.7,17.5,10.6,36.1,11.8,2.9,6.9,34.6,2.6,10.0,3.9
17065,8.8,25.3,20.0,33.0,57.0,7.4,10.9,6.2,75.2,83.0,16.2,53.2,8.0,17.6,59.5,25.1,10.7,31.7,24.9,16.6,17.3,20.5,7.0,32.3,13.2,9.5,8.9,34.5,24.8,71.2,19.9,13.6,40.1,14.2,3.9,8.9,37.5,3.3,15.3,5.1
17067,7.9,24.0,20.7,31.5,56.3,7.4,10.5,5.6,75.4,84.3,14.5,58.0,6.8,15.3,63.6,24.0,9.7,28.7,24.0,13.7,13.5,17.8,6.4,32.1,11.5,8.2,7.6,33.9,22.9,69.4,18.6,11.9,38.9,12.8,3.3,7.6,35.6,2.9,10.1,4.3
17069,9.2,24.6,20.1,32.9,56.8,7.3,10.9,6.1,74.9,83.0,16.2,54.3,7.8,17.7,56.5,24.7,10.5,31.6,26.0,16.5,16.5,20.3,6.9,32.2,13.4,9.3,8.8,35.5,24.8,68.3,19.9,13.2,39.6,14.0,3.8,8.7,38.5,3.2,18.1,4.9
17071,8.3,23.9,21.0,31.8,56.5,7.3,10.5,5.6,75.2,83.8,15.0,56.1,7.0,15.9,61.4,23.9,9.8,29.0,25.1,14.3,14.1,18.4,6.4,32.2,11.8,8.4,7.8,34.7,22.9,69.8,18.9,12.1,38.7,13.0,3.3,7.6,36.8,3.0,13.5,4.4
17073,8.4,23.2,21.3,30.0,56.1,7.4,10.3,5.2,75.0,84.9,13.9,60.6,6.2,14.1,64.3,23.3,9.2,27.7,24.6,12.9,11.8,16.9,6.0,31.1,11.3,7.6,7.2,34.0,21.9,72.2,18.0,11.2,36.8,12.2,3.0,7.0,35.9,2.8,10.7,4.0
17075,10.3,24.4,19.8,32.8,56.8,7.2,10.7,5.9,74.7,83.2,16.0,55.9,7.6,17.0,60.6,24.5,10.6,31.3,26.0,17.2,16.8,20.3,6.7,32.4,14.0,9.2,8.9,35.9,25.0,70.8,19.5,13.2,40.8,13.9,3.8,8.7,36.9,3.2,16.9,5.1
17077,8.7,25.4,18.0,34.5,59.5,7.1,10.9,6.2,77.6,84.2,15.2,54.9,7.6,16.1,55.1,23.1,11.8,30.6,25.0,18.9,20.1,20.9,6.7,31.9,15.1,9.5,10.1,34.6,25.2,69.6,18.7,13.9,42.8,13.8,4.2,10.8,39.8,3.4,19.5,5.6
17079,7.4,23.6,21.4,30.2,55.9,7.5,10.4,5.3,75.2,84.7,14.1,58.2,6.4,14.6,66.2,24.2,9.1,27.6,24.3,12.2,11.6,16.6,6.1,31.6,10.7,7.6,7.0,33.4,21.3,70.5,18.4,11.1,38.0,12.3,3.0,6.8,35.8,2.8,9.3,3.9
17081,8.8,24.5,20.3,33.3,57.4,7.2,10.7,5.9,75.4,83.7,15.3,56.6,7.3,16.5,58.8,23.7,10.6,30.2,26.1,16.4,16.3,19.7,6.5,31.9,13.6,8.9,8.8,35.1,23.8,70.5,19.1,12.8,39.8,13.4,3.7,9.0,38.5,3.2,15.5,4.8
17083,7.4,23.8,21.0,30.5,56.0,7.4,10.5,5.3,75.5,84.7,14.1,57.0,6.4,14.6,61.6,24.2,9.2,27.5,24.2,12.4,11.8,16.8,6.1,31.1,10.8,7.7,7.0,34.4,21.7,73.1,18.5,11.2,39.2,12.4,3.0,6.9,36.9,2.8,13.7,3.9
17085,7.5,23.0,21.3,30.0,55.8,7.4,10.2,5.2,75.3,85.0,13.5,58.1,6.1,13.9,65.8,23.2,9.0,26.6,24.1,12.1,11.2,16.4,6.0,31.1,10.5,7.4,6.9,33.3,21.0,70.2,17.8,10.7,36.4,11.9,2.9,6.7,34.4,2.7,11.4,3.8
17087,10.7,24.3,19.9,35.0,58.2,7.0,10.3,6.3,75.3,82.9,15.7,51.6,7.7,17.4,58.8,22.0,11.3,32.0,28.2,18.5,18.1,21.6,6.9,32.1,15.2,9.1,9.8,35.4,25.4,64.4,18.5,13.7,41.9,13.8,4.1,10.0,38.8,3.4,18.3,5.3
17089,12.1,20.7,19.5,27.5,55.2,6.5,9.3,4.9,74.4,85.7,12.6,55.6,5.0,11.0,65.2,19.0,10.1,25.1,25.1,14.8,12.0,17.3,5.6,30.3,13.3,6.8,7.6,33.0,22.5,73.0,15.6,10.4,34.9,11.5,3.0,7.4,35.2,2.6,12.4,4.5
17091,10.3,23.7,18.8,34.2,58.4,6.8,10.8,5.7,76.3,84.4,15.2,54.0,6.9,15.2,58.9,22.0,11.3,30.5,27.2,18.3,17.3,20.3,6.3,33.4,15.2,8.7,9.4,36.0,24.2,69.8,18.7,13.3,40.2,13.4,3.8,9.7,41.0,3.2,18.0,5.1
17093,9.1,20.5,20.0,29.1,56.7,6.8,9.5,4.5,76.5,87.0,11.6,61.0,4.6,10.7,68.8,19.4,9.1,23.7,24.8,12.0,9.5,14.9,5.2,30.7,11.2,6.2,6.6,33.3,19.4,75.7,15.5,9.6,39.0,10.7,2.6,6.4,34.2,2.4,8.3,3.7
17095,9.8,24.6,19.3,33.2,57.9,7.1,10.7,6.1,75.9,83.4,15.8,55.0,7.6,17.0,56.2,23.2,10.9,31.1,26.3,18.2,18.3,20.7,6.7,31.7,14.8,9.3,9.5,34.4,25.9,65.9,19.2,13.6,39.9,14.0,4.0,9.8,38.6,3.3,11.5,5.3
17097,9.7,19.3,17.0,29.4,55.4,6.6,9.1,4.6,75.1,87.0,11.6,57.1,4.7,10.5,63.6,18.5,9.8,22.9,24.2,13.0,10.2,15.400000000000002,5.3,32.7,11.6,6.3,6.8,31.5,19.4,75.1,14.7,9.8,32.9,10.4,2.7,6.6,33.8,2.5,9.8,4.0
17099,9.8,23.8,20.8,31.2,56.7,7.2,10.3,5.6,75.4,84.0,14.7,57.3,6.7,15.3,60.3,23.4,10.0,29.1,25.8,15.7,14.4,18.6,6.3,31.5,13.1,8.3,8.1,35.3,23.6,74.7,18.5,12.2,37.9,13.1,3.4,8.1,36.8,3.0,12.0,4.6
17101,10.9,24.6,19.9,34.8,58.0,7.1,10.5,6.2,75.0,82.6,16.2,53.2,8.0,17.9,53.8,22.5,11.2,32.4,27.9,18.9,18.6,21.9,6.9,32.2,15.3,9.5,9.9,35.4,26.0,63.1,19.2,14.0,41.0,14.3,4.1,10.0,39.6,3.4,21.5,5.4
17103,9.6,23.3,20.3,32.2,57.1,7.1,10.2,5.7,75.5,84.0,14.7,53.8,6.8,15.6,59.3,22.4,10.2,29.4,25.7,15.6,14.5,18.9,6.4,31.4,13.3,8.2,8.3,34.2,24.0,71.0,18.2,12.2,38.8,13.0,3.5,8.3,38.9,3.0,14.3,4.6
17105,9.3,23.6,20.3,31.5,56.9,7.2,10.6,5.6,75.1,83.8,14.9,57.5,6.9,15.7,59.6,23.1,9.9,29.3,25.8,15.4,14.8,18.8,6.4,31.7,13.0,8.4,8.2,35.3,23.9,67.8,18.7,12.3,36.0,13.1,3.4,8.1,37.5,3.0,13.6,4.5
17107,8.8,23.6,20.3,31.8,57.3,7.2,10.5,5.5,75.7,84.2,14.7,57.4,6.8,15.7,59.6,23.0,9.9,29.0,26.2,15.4,14.9,18.6,6.2,31.4,13.1,8.3,8.3,34.9,23.3,72.7,18.6,12.1,38.9,12.8,3.4,8.4,37.7,3.0,16.3,4.5
17109,8.4,24.7,19.5,33.5,57.7,7.4,10.7,6.0,76.0,84.0,15.2,52.5,7.5,16.1,57.1,24.3,10.8,30.5,24.2,16.4,17.1,19.7,6.7,32.6,13.3,9.0,8.9,34.0,23.6,71.2,18.9,13.1,39.2,13.6,3.8,9.2,37.9,3.2,11.1,5.0
17111,8.4,22.4,20.5,29.7,55.0,7.2,9.6,4.7,75.2,86.2,12.3,58.0,5.0,11.4,64.9,22.3,8.8,25.1,23.4,11.6,9.4,15.400000000000002,5.5,30.7,10.4,6.5,6.4,33.1,20.1,75.5,16.3,9.7,31.7,10.9,2.6,6.0,31.0,2.4,13.4,3.6
17113,7.1,22.6,18.9,31.2,57.6,7.2,10.2,5.0,77.0,86.1,12.5,58.4,5.5,12.2,62.6,22.2,9.5,25.6,23.7,12.5,11.6,15.8,5.6,32.7,10.9,7.0,6.9,32.7,19.9,74.3,16.5,10.5,36.0,11.3,2.9,7.1,35.0,2.7,12.4,3.9
17115,8.4,24.3,18.5,33.7,58.5,7.0,11.0,5.6,76.5,84.5,15.1,56.9,7.0,15.7,58.3,22.9,10.8,30.0,26.9,17.8,18.0,19.7,6.1,32.3,14.8,9.0,9.3,35.7,24.4,70.5,19.0,13.1,42.6,13.3,3.7,9.9,39.9,3.2,14.7,4.9
17117,8.3,24.2,20.2,31.7,56.2,7.4,10.7,5.7,75.2,83.7,15.3,54.6,7.2,16.3,59.8,24.5,9.9,29.9,24.9,14.7,14.7,18.7,6.5,31.6,12.1,8.7,8.0,34.1,23.1,69.9,19.3,12.5,36.8,13.3,3.5,7.9,37.0,3.0,14.3,4.5
17119,7.6,24.0,20.0,31.5,56.8,7.3,10.6,5.2,76.2,85.2,13.6,56.6,6.2,13.6,64.5,23.1,9.5,28.8,25.6,14.2,13.2,17.3,5.9,31.2,12.6,7.8,7.6,34.5,21.1,73.6,18.3,11.7,38.8,12.6,3.2,7.8,36.5,2.8,8.5,4.2
17121,8.8,25.1,20.1,32.8,57.4,7.3,11.0,6.0,75.5,83.2,16.2,55.6,7.8,17.5,57.0,24.8,10.6,31.5,25.2,16.7,17.3,20.5,6.7,31.5,13.5,9.4,9.0,34.9,25.3,68.3,19.8,13.4,39.5,14.0,3.9,9.0,38.5,3.3,18.6,5.0
17123,8.7,24.0,21.1,31.3,56.4,7.4,10.6,5.6,75.2,84.1,14.9,55.5,6.9,15.7,59.0,24.3,9.7,29.4,25.2,14.2,13.5,18.3,6.4,31.9,11.9,8.3,7.7,34.8,22.9,67.3,18.9,12.0,38.6,13.0,3.3,7.5,37.7,2.9,11.5,4.3
17125,8.3,24.4,20.3,31.7,56.5,7.4,10.7,5.8,75.2,83.6,15.4,56.5,7.3,16.5,63.3,24.4,10.0,29.9,24.9,14.9,14.8,18.9,6.6,31.7,12.2,8.7,8.1,34.2,23.5,69.8,19.4,12.5,37.2,13.4,3.5,8.0,35.0,3.1,13.8,4.5
17127,9.0,25.0,19.6,32.7,57.1,7.2,11.1,5.9,75.2,83.4,16.1,52.3,7.7,17.2,59.7,24.6,10.8,31.5,25.7,17.2,17.4,20.3,6.6,31.9,13.9,9.4,9.1,35.6,24.7,70.0,19.9,13.5,40.8,13.9,3.9,9.2,37.5,3.3,19.6,5.0
17129,7.2,23.6,20.8,30.4,56.1,7.5,10.5,5.2,75.6,84.9,13.9,55.3,6.3,14.2,62.6,24.0,9.0,27.2,23.8,12.3,11.8,16.5,6.0,31.5,10.7,7.6,7.0,33.7,20.9,71.9,18.2,11.0,37.4,12.2,3.0,6.9,36.6,2.7,9.6,3.9
17131,8.4,24.0,21.1,31.0,56.0,7.4,10.5,5.5,75.2,84.0,14.8,56.1,6.8,15.7,62.8,24.0,9.6,29.3,25.2,13.9,13.3,18.0,6.3,31.2,11.8,8.2,7.6,35.1,22.6,70.2,18.8,11.9,38.5,12.9,3.2,7.5,36.0,2.9,14.7,4.3
17133,6.000000000000001,21.8,21.9,28.2,55.1,7.6,10.0,4.5,76.2,86.7,11.8,62.3,5.0,11.3,70.4,22.6,7.8,23.5,22.3,8.9,7.8,13.4,5.3,31.2,8.5,6.1,5.4,32.4,17.2,68.7,16.5,9.1,34.9,10.6,2.3,5.2,34.7,2.3,7.300000000000001,3.0
17135,9.1,23.9,20.9,32.0,57.1,7.3,10.4,5.8,75.0,83.2,15.2,54.9,7.3,16.6,58.2,23.5,10.1,30.3,26.0,15.5,15.3,19.4,6.6,31.3,12.8,8.6,8.3,34.8,23.9,65.9,19.0,12.6,39.2,13.4,3.5,8.3,36.1,3.1,14.6,4.6
17137,9.0,24.3,20.1,33.0,57.6,7.2,10.6,5.8,75.7,83.7,15.3,56.2,7.3,16.3,59.4,23.6,10.3,29.9,25.6,16.3,16.2,19.4,6.5,31.7,13.4,8.8,8.7,34.5,23.5,68.0,18.9,12.8,40.3,13.3,3.6,8.7,38.5,3.1,9.3,4.8
17139,8.8,24.3,20.7,31.2,55.8,7.4,10.8,5.5,74.6,83.6,15.5,54.5,7.2,16.4,61.3,25.0,9.5,29.7,25.8,14.8,13.9,18.9,6.3,31.5,12.1,8.6,7.9,35.2,23.2,67.6,19.4,12.3,38.4,13.3,3.4,7.5,36.2,3.0,13.9,4.4
17141,9.4,23.1,20.9,31.2,56.2,7.3,10.2,5.3,75.4,84.6,14.3,55.4,6.3,14.2,58.7,23.0,9.7,28.1,24.7,14.0,12.9,17.8,6.1,31.4,12.1,7.8,7.6,33.5,22.5,70.9,18.0,11.6,40.9,12.5,3.2,7.4,37.0,2.8,8.7,4.3
17143,8.1,23.3,18.2,33.3,58.9,6.9,10.6,5.5,76.6,85.2,14.0,56.9,6.5,14.3,59.7,22.8,10.9,28.5,25.3,16.6,16.3,18.7,5.9,32.8,13.8,8.3,8.9,35.3,22.6,70.6,17.9,12.2,35.1,12.5,3.6,9.3,38.3,3.1,11.4,4.8
17145,10.6,25.0,19.9,34.2,57.7,7.1,10.6,6.3,75.2,82.6,16.3,54.8,8.0,18.1,53.8,23.1,11.2,32.2,27.7,18.7,18.6,21.7,6.9,31.9,15.1,9.6,9.9,35.8,25.9,70.0,19.4,14.0,41.1,14.3,4.1,9.9,40.0,3.4,13.2,5.4
17147,6.6,22.4,21.7,29.2,55.7,7.5,10.1,4.9,75.7,85.7,12.7,59.3,5.5,12.7,67.5,23.1,8.4,25.3,23.1,10.5,9.6,14.8,5.7,31.2,9.5,6.8,6.1,33.2,19.2,72.6,17.3,9.9,34.9,11.2,2.6,6.0,34.8,2.5,5.300000000000001,3.4
17149,9.0,25.1,19.9,32.9,56.8,7.4,10.7,6.0,75.2,82.9,15.9,55.9,7.8,17.4,59.2,24.8,10.4,31.1,25.0,16.4,17.0,20.1,6.8,32.0,13.1,9.3,8.7,34.8,25.1,69.5,19.6,13.3,40.7,13.9,3.8,8.7,36.9,3.2,16.6,4.9
17151,8.2,24.2,20.5,31.5,56.6,7.4,10.7,5.6,75.4,84.1,15.0,55.5,6.9,15.8,59.5,24.1,9.8,29.5,25.6,14.5,13.9,18.4,6.4,31.4,12.2,8.4,8.0,34.9,22.9,67.2,19.2,12.1,39.6,13.1,3.3,7.8,37.5,3.0,18.0,4.4
17153,11.7,26.7,17.2,38.7,60.8,6.3,11.7,7.0,76.8,82.1,18.4,52.2,9.3,20.7,51.4,23.3,14.5,36.5,29.8,27.3,30.2,26.7,7.1,32.2,21.1,12.0,13.8,37.2,30.9,66.5,20.9,17.5,45.7,16.0,5.7,15.2,42.7,4.4,20.0,7.5
17155,8.0,22.7,21.2,29.6,55.5,7.4,10.1,5.1,75.3,85.1,13.5,57.4,5.9,13.6,64.1,23.0,8.9,26.7,24.5,12.1,10.8,16.2,6.0,31.4,10.7,7.3,6.8,33.8,20.7,72.3,17.7,10.6,36.1,11.9,2.9,6.6,35.4,2.7,7.0,3.8
17157,9.7,24.2,20.3,33.7,57.4,7.1,10.5,5.8,75.2,83.3,15.5,55.5,7.3,16.8,58.9,22.9,10.5,30.7,27.3,16.9,16.3,20.1,6.5,31.7,14.1,8.8,8.9,35.8,24.6,70.9,19.1,12.9,39.1,13.6,3.7,9.0,38.5,3.2,18.9,4.8
17159,8.1,24.6,20.9,31.4,56.5,7.4,10.7,5.7,75.3,83.9,15.1,51.6,7.2,16.0,62.2,24.5,9.9,29.9,24.7,14.6,14.4,18.6,6.5,31.8,12.1,8.6,8.0,34.4,23.0,72.0,19.2,12.4,39.5,13.2,3.5,7.9,37.2,3.0,11.5,4.5
17161,10.4,23.9,20.1,31.5,58.1,6.8,10.6,5.7,75.7,84.6,14.6,56.2,6.7,15.1,62.6,21.3,10.8,29.1,25.7,17.6,16.8,19.7,6.3,31.4,14.6,8.6,9.2,34.6,23.8,71.2,18.3,12.7,40.1,13.1,3.7,9.4,36.8,3.1,15.7,5.1
17163,8.2,24.5,18.7,35.1,60.3,6.6,11.1,5.4,78.3,85.8,13.9,58.7,6.2,14.3,61.7,21.6,11.2,28.6,27.3,17.3,17.2,18.8,5.6,31.6,15.0,8.4,9.2,34.8,24.0,75.7,18.0,12.6,38.6,12.4,3.6,10.1,38.8,3.2,12.2,4.8
17165,8.8,25.1,20.2,32.9,57.3,7.4,11.0,6.0,75.5,83.3,16.0,55.5,7.8,17.1,56.5,24.8,10.6,31.1,25.0,16.6,17.1,20.3,6.8,32.0,13.4,9.4,8.9,34.6,24.4,65.4,19.7,13.4,40.1,14.0,3.9,9.0,39.3,3.3,15.1,5.0
17167,7.4,23.6,19.4,32.2,58.0,7.2,10.6,5.2,77.2,85.6,13.5,58.9,6.1,13.5,62.1,22.0,9.8,27.3,24.6,14.1,13.8,17.1,5.8,30.6,12.3,7.8,7.8,34.3,21.0,72.4,17.7,11.4,39.6,12.1,3.2,8.1,36.9,2.9,12.5,4.2
17169,9.3,24.7,20.5,34.1,57.8,7.3,10.5,6.2,75.4,83.1,15.7,53.1,7.7,17.6,58.6,23.6,11.0,31.2,25.9,16.9,17.2,20.6,6.9,32.2,13.7,9.1,9.0,34.4,25.0,63.9,19.2,13.3,40.2,13.8,3.9,9.3,37.5,3.3,11.8,5.1
17171,7.9,24.0,20.5,30.7,56.2,7.4,10.6,5.4,75.4,84.0,14.6,57.1,6.8,15.4,66.2,24.3,9.4,28.7,24.6,13.8,13.4,17.7,6.3,31.5,11.6,8.2,7.5,34.4,22.3,68.6,18.8,11.8,38.3,12.7,3.2,7.4,35.2,2.9,10.1,4.2
17173,7.8,24.2,20.8,31.1,56.3,7.4,10.6,5.6,75.2,84.1,14.8,54.3,6.9,15.8,57.8,24.3,9.6,29.2,24.9,13.8,13.6,17.8,6.4,31.6,11.5,8.3,7.6,34.6,22.6,72.9,19.0,12.0,37.6,12.9,3.3,7.5,36.9,2.9,11.4,4.2
17175,8.3,23.9,20.7,31.5,56.3,7.4,10.5,5.6,75.1,84.0,14.8,59.7,6.9,15.7,61.0,24.0,9.7,29.3,25.1,14.1,13.7,18.1,6.4,31.6,11.9,8.3,7.7,34.2,22.9,70.2,18.9,12.0,38.3,13.0,3.3,7.6,37.7,2.9,10.5,4.3
17177,8.8,24.3,19.8,32.4,57.7,7.2,10.9,5.6,76.2,84.6,15.0,54.5,7.0,15.8,58.7,24.3,10.4,29.9,26.0,16.5,16.2,19.2,6.3,31.5,13.8,8.7,8.8,35.9,24.6,73.9,19.2,12.7,41.0,13.2,3.6,9.1,37.5,3.1,13.9,4.7
17179,7.2,23.3,20.2,30.3,56.1,7.5,10.4,5.1,76.0,85.1,13.5,57.0,6.1,13.8,64.8,24.2,9.1,27.2,23.9,12.3,11.4,16.4,5.9,31.1,10.7,7.5,6.9,33.7,21.0,71.9,17.7,10.9,36.2,11.9,2.9,6.8,36.9,2.7,15.5,3.8
17181,9.9,24.9,19.6,33.0,57.2,7.2,10.8,6.2,75.2,82.9,16.3,53.2,8.0,17.6,60.0,24.4,10.9,31.9,25.8,17.9,18.2,21.2,7.0,32.0,14.1,9.5,9.3,35.1,26.0,71.5,19.5,13.8,39.8,14.2,4.0,9.3,37.0,3.3,20.4,5.3
17183,10.2,25.2,18.9,36.7,58.0,6.9,11.0,6.2,76.9,83.3,16.5,54.4,8.0,17.8,55.3,24.0,11.7,32.4,27.3,20.1,20.7,22.0,6.7,33.1,16.1,9.9,10.3,35.1,27.5,69.9,19.8,14.4,44.1,14.5,4.2,10.7,38.4,3.5,17.4,5.6
17185,8.3,24.6,20.6,32.2,57.1,7.4,10.7,5.9,75.3,83.5,15.4,56.1,7.5,16.6,59.1,24.4,10.4,30.4,24.6,15.5,15.9,19.4,6.7,31.7,12.6,9.0,8.5,34.3,23.9,70.8,19.3,12.9,40.2,13.6,3.7,8.5,37.6,3.2,18.9,4.8
17187,10.1,23.8,19.8,31.6,56.5,7.1,10.4,5.6,75.1,84.0,15.0,53.8,6.8,15.4,58.7,23.3,10.3,30.0,26.1,15.9,14.8,19.4,6.4,31.6,13.2,8.5,8.4,35.4,24.0,73.9,18.6,12.5,37.9,13.2,3.5,8.1,37.2,3.0,11.8,4.7
17189,7.2,23.5,21.3,30.0,55.9,7.5,10.3,5.2,75.5,84.9,13.8,61.1,6.2,14.2,62.2,23.7,9.0,27.0,24.1,12.2,11.5,16.3,6.0,31.3,10.7,7.5,6.9,33.6,20.6,73.4,18.2,10.9,36.7,12.1,2.9,6.8,36.0,2.7,11.4,3.8
17191,9.0,25.2,20.1,32.8,56.6,7.4,10.9,6.1,75.1,83.0,16.1,56.8,7.9,17.6,61.2,25.0,10.5,31.4,25.5,16.3,16.5,20.3,6.9,32.2,13.1,9.4,8.7,34.5,25.3,68.3,20.0,13.4,40.0,14.2,3.8,8.6,37.3,3.2,24.7,4.9
17193,9.5,25.7,19.7,33.4,57.2,7.4,11.2,6.4,75.2,82.3,17.0,54.9,8.6,18.8,55.1,25.5,11.1,32.6,25.4,18.0,18.9,21.8,7.2,31.9,14.0,10.2,9.5,34.9,26.3,70.1,20.4,14.4,39.3,14.8,4.2,9.4,37.7,3.4,18.5,5.4
17195,10.1,23.7,20.3,30.8,56.7,7.1,10.3,5.5,75.0,84.1,14.8,57.7,6.6,15.1,62.1,22.9,10.2,29.0,25.2,15.3,14.3,19.0,6.3,32.1,13.0,8.2,8.1,33.4,23.7,70.4,18.3,12.1,36.4,13.0,3.4,7.9,35.8,2.9,15.4,4.6
17197,9.5,21.4,19.9,29.5,58.3,6.4,9.7,4.7,76.1,86.5,12.3,56.8,5.0,11.5,66.6,19.2,9.5,24.8,25.9,13.5,11.4,17.1,5.2,30.3,12.3,6.7,7.3,34.5,23.5,68.3,16.3,10.5,37.7,11.1,2.8,7.2,38.0,2.6,7.800000000000001,4.0
17199,7.9,24.3,20.4,32.0,57.1,7.4,10.6,5.6,75.6,84.7,14.5,57.4,6.8,14.9,59.2,24.0,10.0,29.3,24.9,14.5,14.2,18.2,6.3,31.1,12.1,8.2,7.9,34.2,22.8,70.2,18.4,12.0,39.9,12.8,3.3,7.9,38.5,3.0,7.5,4.4
17201,11.2,24.9,18.1,33.9,59.1,6.8,10.7,5.8,76.7,84.3,15.3,55.2,7.0,15.9,55.4,23.4,11.7,31.4,27.5,19.5,18.6,21.2,6.4,32.8,16.0,9.2,10.0,35.7,25.9,70.4,18.8,13.8,42.2,14.0,4.0,10.1,37.7,3.3,15.3,5.5
17203,6.5,22.7,21.3,29.6,55.6,7.5,10.2,4.9,76.0,85.8,12.8,58.0,5.6,12.6,63.4,23.2,8.6,25.6,22.9,10.5,9.7,15.0,5.7,31.4,9.4,6.9,6.2,33.3,19.3,74.5,17.2,10.0,37.3,11.4,2.7,6.0,33.8,2.5,11.8,3.5
18001,10.4,27.4,17.4,35.5,59.7,7.3,11.8,6.6,77.6,82.1,18.2,58.7,9.1,20.1,51.8,27.9,12.1,34.5,24.0,17.8,11.5,23.1,7.3,33.1,13.2,9.7,9.1,33.0,27.1,72.1,20.3,14.8,42.1,15.3,4.1,9.8,38.5,3.4,19.5,5.5
18003,9.1,23.8,17.9,34.5,60.0,6.9,11.3,5.7,78.3,84.5,15.4,58.8,6.9,14.7,59.5,26.5,11.8,29.3,23.5,15.3,8.9,19.2,6.1,31.7,12.2,7.9,8.1,32.8,22.4,73.8,18.0,12.1,39.5,12.3,3.5,9.4,36.0,3.0,16.4,4.8
18005,8.6,25.1,17.2,34.0,60.0,7.2,10.6,5.6,79.1,84.9,14.4,62.2,6.7,15.1,63.5,25.4,11.0,28.1,23.2,13.6,7.5,19.0,6.3,34.0,10.4,7.4,7.2,32.3,23.3,75.3,18.0,11.9,38.9,12.6,3.1,7.6,36.5,2.8,22.3,4.3
18007,10.2,27.0,17.5,35.2,59.3,7.3,11.5,6.4,77.2,82.6,17.5,59.1,8.5,19.1,55.0,27.6,11.9,33.7,24.3,16.6,10.3,22.4,7.2,33.9,12.7,9.2,8.7,34.4,26.8,73.4,20.0,14.2,42.4,14.6,3.9,9.5,37.3,3.3,21.1,5.2
18009,10.0,28.0,17.2,36.9,60.2,7.4,11.8,6.9,76.6,81.7,18.7,54.8,9.7,21.5,55.7,28.3,12.7,34.9,24.0,18.9,12.8,24.0,7.6,34.5,13.9,10.2,9.7,33.7,28.7,72.3,21.0,15.5,44.2,15.6,4.4,10.8,38.8,3.6,22.6,5.8
18011,6.1,22.1,17.8,30.5,58.9,7.5,10.4,4.7,79.3,87.1,12.1,65.4,5.2,11.4,65.1,22.1,9.3,24.1,20.6,9.1,4.5,14.4,5.4,32.8,7.9,5.8,5.3,29.1,18.3,80.4,15.7,9.5,32.4,10.7,2.3,5.6,33.4,2.3,7.0,3.1
18013,7.6,25.1,18.5,33.3,59.2,7.5,11.1,5.6,77.7,84.6,15.0,61.8,6.9,16.3,62.7,26.4,10.3,28.6,22.6,12.0,6.8,17.9,6.3,33.0,9.9,7.4,6.7,32.2,22.7,78.0,18.5,11.7,35.6,12.7,3.0,7.2,34.0,2.8,16.8,4.0
18015,9.2,25.9,18.5,34.3,58.5,7.4,11.2,6.0,77.7,83.6,16.3,59.6,7.7,17.8,61.3,26.5,10.9,30.9,24.2,14.2,7.999999999999999,20.2,6.7,33.5,11.3,8.2,7.5,34.0,25.6,75.9,19.5,12.6,41.4,13.8,3.3,8.0,37.2,3.0,19.1,4.5
18017,13.0,26.1,16.7,35.9,59.9,7.0,11.1,6.4,76.3,82.5,17.5,56.9,8.3,18.7,57.0,25.8,12.7,33.3,25.0,18.8,11.1,23.2,7.1,34.1,14.2,9.1,9.4,33.9,29.8,72.2,19.4,14.5,47.3,14.8,4.1,10.1,36.7,3.3,21.1,5.7
18019,8.5,26.2,17.9,36.4,60.4,7.2,11.4,5.7,78.7,84.9,15.4,62.9,7.1,16.5,58.3,26.5,10.9,31.8,25.2,14.3,7.999999999999999,19.8,6.2,32.5,11.6,7.8,7.6,33.0,24.0,77.8,18.2,12.7,43.5,13.1,3.3,8.5,37.1,3.0,19.7,4.4
18021,8.5,27.3,18.5,36.0,58.7,7.4,11.5,6.1,77.9,83.4,16.6,60.1,8.0,18.2,57.1,27.8,11.5,31.7,23.2,14.8,8.7,20.8,6.8,34.8,11.3,8.5,7.8,35.0,26.1,75.3,19.5,13.1,42.9,14.1,3.5,8.4,37.2,3.1,25.2,4.6
18023,12.2,26.1,17.2,34.6,59.4,7.1,11.0,6.0,77.3,83.2,16.7,60.2,7.7,17.8,60.7,25.3,11.7,31.5,24.0,16.9,9.3,21.9,6.8,35.1,13.4,8.5,8.5,32.0,27.3,73.1,18.9,13.5,40.4,14.1,3.6,9.0,38.3,3.1,17.6,5.1
18025,11.1,28.9,16.9,37.9,60.7,7.3,12.0,7.6,76.8,80.5,20.1,54.7,10.9,23.7,53.4,28.9,13.5,37.3,24.4,21.3,15.2,26.4,8.2,35.0,15.0,11.3,10.8,34.1,30.9,70.4,21.8,16.9,43.0,16.7,5.0,11.9,38.8,3.9,22.3,6.6
18027,11.1,27.4,18.0,35.5,58.4,7.2,11.8,6.5,76.3,81.7,18.5,57.8,9.0,20.3,54.6,28.0,12.0,34.1,25.5,18.4,10.9,23.6,7.1,34.6,13.3,9.6,9.1,36.6,29.4,71.4,20.6,15.0,41.7,15.5,4.1,9.5,36.2,3.4,19.5,5.4
18029,7.5,25.5,19.2,32.8,59.1,7.6,11.0,5.5,77.8,84.7,15.0,62.9,6.8,16.5,66.0,26.4,9.9,28.2,22.8,11.5,6.4,17.9,6.2,33.1,9.5,7.4,6.5,31.9,22.5,72.4,18.3,11.6,35.4,12.6,3.0,6.9,35.6,2.8,17.6,3.9
18031,8.3,26.1,18.3,33.5,58.7,7.4,11.1,5.7,76.8,84.0,15.8,64.3,7.3,16.8,62.7,27.0,10.4,30.5,23.3,13.1,7.3,19.0,6.4,33.3,10.5,7.8,7.0,34.4,25.2,74.3,19.1,12.1,37.5,13.2,3.1,7.5,35.6,2.9,13.7,4.2
18033,8.4,25.5,18.7,34.1,58.6,7.5,11.2,5.8,77.5,83.8,15.8,64.0,7.4,17.0,62.9,27.4,10.8,29.2,24.2,13.3,7.6,19.4,6.5,33.3,10.7,7.9,7.2,33.8,24.6,70.9,19.2,12.1,43.5,13.4,3.2,7.8,37.4,2.9,18.0,4.3
18035,8.7,28.8,16.8,35.8,60.3,7.3,12.0,6.5,78.4,83.4,17.3,63.0,8.7,19.0,55.5,29.6,12.9,33.2,23.3,17.3,11.5,22.7,7.0,35.1,13.6,9.5,9.3,34.1,25.6,71.4,20.5,14.5,38.9,14.8,4.1,10.5,40.5,3.4,19.7,5.4
18037,9.4,25.6,17.8,32.6,58.3,7.4,10.9,5.7,77.4,84.2,15.4,64.1,7.0,15.7,60.6,24.5,10.7,29.0,23.7,13.2,7.3999999999999995,19.3,6.4,34.0,10.8,7.6,7.2,33.4,23.7,75.7,18.0,12.1,39.9,13.0,3.2,7.6,33.9,2.9,12.5,4.3
18039,12.9,25.1,17.3,35.7,58.1,6.8,11.3,6.2,78.0,83.1,17.5,56.0,7.9,17.4,57.3,25.7,12.2,33.8,25.7,18.2,10.7,22.3,6.9,34.1,14.8,8.9,9.3,35.1,25.9,74.7,19.6,14.3,44.1,14.6,4.0,10.2,36.9,3.3,15.6,5.6
18041,9.9,27.2,17.1,36.7,59.4,7.4,11.9,6.8,77.2,81.9,18.4,55.2,9.4,20.8,50.4,28.6,12.3,34.1,23.6,17.8,11.9,23.4,7.4,34.7,13.2,9.9,9.2,34.0,27.9,72.0,20.9,14.8,44.8,15.3,4.2,10.1,36.9,3.5,21.3,5.5
18043,7.6,25.4,18.6,34.7,59.4,7.5,11.4,5.5,78.4,85.3,14.9,65.6,6.8,15.1,61.8,26.1,10.6,29.8,23.6,12.9,7.0,18.5,6.1,34.4,10.5,7.6,7.0,35.6,23.9,76.5,18.7,12.0,37.4,12.6,3.0,7.5,38.2,2.8,10.9,4.0
18045,9.0,26.9,18.2,34.8,59.0,7.4,11.7,6.2,77.1,83.0,17.0,60.6,8.2,18.9,61.0,27.5,11.2,32.9,24.1,15.1,9.0,21.2,6.9,34.3,11.7,8.7,8.0,34.3,26.4,67.6,19.9,13.5,42.4,14.5,3.6,8.6,37.4,3.1,19.1,4.7
18047,8.0,25.8,18.9,34.2,58.4,7.4,11.3,5.7,77.7,83.9,15.8,61.3,7.4,17.1,64.3,26.8,10.7,29.8,23.5,13.0,7.3,19.2,6.5,33.4,10.4,7.9,7.1,33.5,24.3,77.4,19.0,12.0,40.5,13.3,3.1,7.5,34.9,2.9,18.2,4.2
18049,9.9,26.8,17.9,34.9,59.8,7.3,11.6,6.3,77.1,82.8,17.4,58.7,8.3,19.1,58.4,27.0,11.5,33.2,23.5,15.9,9.5,21.6,7.1,33.3,12.3,9.0,8.3,33.1,26.9,75.9,19.9,13.9,41.7,14.6,3.7,9.0,38.0,3.2,17.7,5.0
18051,8.4,26.7,18.0,33.9,59.9,7.4,11.3,6.0,77.9,83.6,16.4,58.2,7.7,18.0,55.6,27.6,10.8,31.6,23.5,14.2,8.3,19.8,6.7,33.0,11.4,8.2,7.7,33.4,24.6,75.8,19.5,12.9,39.4,13.7,3.4,8.4,41.3,3.0,18.3,4.5
18053,9.7,27.8,17.2,37.3,61.4,7.3,11.8,6.6,79.0,83.2,17.8,60.8,8.7,19.1,56.7,28.7,13.0,33.2,24.3,18.1,11.9,23.4,7.0,34.2,13.8,9.6,9.3,34.9,28.3,73.6,20.3,14.6,42.2,15.0,4.2,10.7,40.6,3.5,23.4,5.5
18055,9.2,27.0,19.5,35.4,59.7,7.5,11.6,6.5,76.8,82.6,17.6,62.3,8.6,19.8,56.6,27.7,11.6,32.9,24.0,15.9,9.8,22.2,7.2,35.9,11.9,9.1,8.3,33.7,26.6,73.9,20.2,14.0,40.4,14.5,3.8,9.0,35.9,3.3,22.3,5.0
18057,5.4,21.7,17.8,29.6,59.8,7.5,10.2,4.4,79.8,88.3,10.7,64.3,4.3,9.3,74.6,22.9,8.6,22.0,18.4,7.6,3.5999999999999996,12.3,5.0,33.3,6.9,4.9,4.8,29.0,15.699999999999998,77.4,14.2,8.1,31.9,9.1,2.0,4.9,31.1,2.1,5.1,2.8
18059,7.0,23.8,18.9,33.4,58.4,7.5,11.0,5.0,77.0,86.0,13.5,66.2,5.8,13.6,65.4,25.2,9.5,26.9,21.4,10.1,5.5,16.6,5.6,31.0,9.1,6.5,6.0,30.1,19.8,76.5,17.2,10.5,39.5,11.7,2.6,6.4,34.9,2.5,11.7,3.5
18061,7.8,26.1,19.0,33.4,58.6,7.5,11.3,5.7,77.2,84.4,15.5,60.5,7.1,16.3,62.1,26.1,10.2,30.1,22.6,12.4,7.0,18.4,6.4,33.4,10.2,7.6,6.9,32.6,23.0,76.1,19.0,12.1,42.2,12.8,3.1,7.5,40.3,2.8,9.9,4.1
18063,7.1,24.2,17.7,32.6,60.6,7.2,10.7,4.9,77.9,86.7,12.8,63.0,5.5,12.6,66.8,21.8,9.9,25.2,20.8,10.6,5.6,15.7,5.5,34.0,9.4,6.3,6.1,30.4,19.3,77.8,16.0,9.8,36.0,11.2,2.6,6.7,38.7,2.5,11.3,3.5
18065,8.9,26.8,18.1,36.0,59.8,7.4,11.4,6.2,76.9,83.2,17.0,59.9,8.0,18.4,56.9,27.8,11.2,32.4,24.3,15.1,9.2,20.8,6.8,34.5,11.9,8.5,8.1,35.4,27.6,73.0,19.8,13.1,43.6,14.1,3.6,8.8,43.0,3.1,19.7,4.7
18067,8.7,27.0,17.6,35.0,60.1,7.2,11.8,6.0,77.5,84.0,16.3,58.1,7.8,18.6,60.1,26.5,11.8,30.6,22.6,15.6,9.8,21.0,6.6,32.8,12.5,8.6,8.4,31.8,26.4,74.1,19.3,13.5,36.8,13.9,3.6,9.3,38.1,3.2,24.5,4.9
18069,8.3,26.5,18.2,36.2,59.7,7.4,11.3,5.9,78.3,83.9,16.0,57.8,7.5,17.1,62.4,26.8,11.1,30.7,23.6,13.9,8.1,19.6,6.6,32.2,10.7,8.1,7.4,34.2,24.0,72.8,19.2,12.7,40.0,13.4,3.3,8.0,35.3,3.0,16.8,4.4
18071,10.6,25.7,17.6,33.8,59.5,7.1,10.8,6.0,76.9,83.6,16.0,60.6,7.5,17.4,54.9,26.2,11.6,30.6,24.1,15.6,8.6,20.7,6.7,33.2,12.1,8.1,7.9,34.0,25.9,74.4,18.5,13.1,39.4,13.5,3.5,8.4,37.1,3.1,13.7,4.8
18073,8.9,25.4,18.8,33.4,58.5,7.4,11.0,5.7,75.8,84.3,15.4,60.4,6.9,16.0,63.0,25.9,10.3,29.5,23.1,12.7,7.0,19.1,6.4,33.6,10.7,7.5,7.0,33.0,24.0,74.5,18.6,12.0,40.0,13.3,3.1,7.5,39.8,2.8,14.4,4.1
18075,10.5,27.5,17.5,36.7,60.2,7.3,11.7,6.7,76.7,81.9,18.4,59.4,9.2,20.7,54.4,27.7,12.2,34.6,23.9,17.6,11.4,23.1,7.4,35.0,13.1,9.8,9.1,33.9,29.0,72.3,20.8,14.9,43.6,15.4,4.2,9.8,39.7,3.4,20.7,5.5
18077,8.8,26.2,18.2,34.5,59.4,7.4,11.6,5.9,78.3,83.6,16.6,61.7,7.8,17.8,57.8,27.5,11.1,30.9,23.6,14.6,8.7,20.2,6.6,33.9,11.5,8.4,7.8,33.9,24.2,75.6,19.6,13.0,36.8,14.0,3.4,8.4,35.5,3.0,15.3,4.6
18079,9.4,27.6,17.6,36.1,59.9,7.4,11.6,6.3,77.7,82.9,17.3,58.8,8.5,19.7,56.7,27.9,11.9,33.6,23.8,15.7,9.5,21.8,7.1,34.0,12.3,9.0,8.3,34.4,26.8,71.8,20.2,14.0,40.8,14.7,3.7,8.9,38.6,3.2,23.1,4.9
18081,7.3,26.0,18.1,35.1,59.6,7.5,10.9,5.2,79.7,85.8,14.1,67.0,6.3,14.2,62.3,25.8,10.7,28.2,22.5,11.7,6.099999999999999,17.3,5.8,33.2,9.8,6.8,6.3,31.7,21.9,77.3,17.4,10.9,38.6,12.0,2.7,6.7,38.2,2.6,9.8,3.7
18083,8.7,26.2,17.3,35.1,60.3,7.5,11.4,6.2,77.9,83.5,16.8,59.7,8.1,18.5,61.2,26.6,11.4,32.1,24.2,15.2,9.2,21.1,6.9,34.4,11.9,8.6,8.1,33.9,24.5,77.9,19.7,13.3,37.7,14.3,3.6,8.9,34.2,3.2,17.9,4.8
18085,9.6,25.7,18.3,35.5,58.4,7.4,11.0,5.8,76.6,83.7,15.7,59.3,7.3,17.1,62.9,26.1,10.9,29.5,23.0,14.2,7.699999999999999,19.2,6.5,34.1,11.3,7.9,7.6,32.5,26.2,77.2,18.6,12.2,38.9,13.4,3.3,8.0,35.5,2.9,15.9,4.5
18087,12.4,25.7,18.3,33.6,57.7,7.0,11.9,6.3,74.8,81.0,19.3,59.3,8.9,20.3,56.0,27.8,11.1,35.2,26.9,17.2,9.3,23.6,7.1,33.9,12.9,9.6,8.5,37.3,28.6,73.7,20.6,14.5,40.0,15.3,3.9,8.3,35.1,3.2,19.2,5.1
18089,11.1,24.3,18.3,34.9,60.9,6.4,11.5,5.8,77.6,84.9,15.6,62.7,7.2,17.2,57.4,21.0,12.9,29.9,27.0,20.4,12.1,22.4,6.2,30.3,15.3,8.5,9.8,33.0,26.9,76.7,18.1,13.8,39.9,14.0,4.0,11.8,43.4,3.3,17.0,5.7
18091,9.9,26.7,16.7,36.9,60.7,7.2,11.0,6.1,77.5,84.0,16.4,59.1,7.7,17.9,56.2,25.3,12.5,33.7,25.1,16.9,10.1,21.6,6.8,33.3,13.4,8.5,8.7,37.8,26.8,74.3,19.0,14.2,37.1,14.1,3.7,9.9,38.9,3.2,15.5,5.1
18093,8.4,26.9,17.8,34.2,59.8,7.5,11.5,6.0,77.4,83.3,16.2,58.0,7.8,17.3,58.3,26.1,11.0,30.5,22.7,13.5,8.2,19.9,6.8,33.3,10.7,8.3,7.5,33.8,25.1,72.5,19.1,12.6,41.8,13.8,3.4,8.1,39.4,3.0,15.7,4.5
18095,9.3,27.4,16.2,36.3,60.7,7.2,11.5,6.1,78.2,83.6,16.3,63.0,7.8,18.8,56.3,27.7,11.8,31.0,24.2,16.6,10.1,21.3,6.5,34.3,13.0,8.6,8.6,34.2,27.9,75.1,19.5,13.1,36.3,13.9,3.7,9.6,38.3,3.2,18.8,5.0
18097,10.7,24.8,17.8,38.0,62.3,6.5,11.7,5.8,79.0,85.2,15.3,61.8,7.1,15.2,59.6,25.3,12.8,29.9,25.1,18.7,11.7,21.0,5.8,33.7,14.5,8.5,9.6,35.5,24.4,80.5,17.8,13.9,38.4,13.4,4.0,11.3,39.7,3.4,16.5,5.6
18099,10.9,25.8,18.1,35.0,60.0,7.1,11.2,6.1,76.0,83.2,16.7,60.8,7.8,17.9,58.8,27.0,11.5,31.2,24.6,16.0,9.1,21.5,6.8,34.9,12.4,8.6,8.3,34.5,27.4,70.5,19.4,13.3,43.4,14.1,3.6,8.8,39.0,3.1,16.2,5.0
18101,9.0,26.7,18.5,35.2,59.3,7.4,11.6,6.4,77.1,82.9,17.1,59.7,8.4,19.3,53.9,27.3,11.5,32.1,23.8,15.1,9.1,21.1,7.1,34.2,11.8,8.8,8.1,34.2,25.7,73.3,20.0,13.5,39.1,14.4,3.7,8.8,38.5,3.2,17.0,4.8
18103,10.1,26.5,17.7,36.2,60.4,7.3,11.2,6.7,77.6,82.5,17.5,56.9,8.6,19.5,55.3,26.8,12.5,34.9,25.0,17.2,10.7,22.6,7.4,34.8,13.2,9.1,9.0,34.6,27.2,75.9,19.6,14.5,44.2,14.6,4.0,9.9,38.1,3.4,13.4,5.3
18105,7.2,24.9,17.7,32.6,60.4,7.4,11.0,5.8,79.0,85.3,14.5,59.2,6.9,14.3,60.1,26.7,11.0,28.1,21.3,13.2,7.9,18.6,6.3,35.1,10.2,7.5,7.4,35.1,21.9,76.3,18.2,11.9,35.7,12.5,3.3,8.1,33.5,2.9,12.8,4.4
18107,9.6,26.7,18.1,35.0,59.0,7.3,11.2,6.2,78.0,83.0,16.5,54.9,8.1,18.1,58.4,27.1,11.2,31.5,23.7,15.5,9.2,20.8,6.9,33.5,12.0,8.6,8.1,33.3,27.2,73.5,19.1,13.4,39.5,14.0,3.6,8.9,40.6,3.1,15.3,4.8
18109,8.1,25.4,17.8,33.8,58.7,7.5,11.1,5.8,76.6,84.1,15.5,59.3,7.3,16.4,60.2,26.5,10.9,28.8,22.5,12.8,7.2,18.6,6.3,32.5,10.5,7.7,7.0,33.5,23.1,75.8,18.8,12.1,37.3,13.3,3.1,7.5,35.7,2.9,10.7,4.1
18111,10.5,26.9,18.3,34.6,59.4,7.2,11.2,6.2,76.3,82.7,17.2,60.9,8.1,18.6,57.8,26.1,11.4,33.2,24.2,16.1,9.3,22.0,7.0,33.1,12.5,8.7,8.3,33.3,26.5,70.4,19.5,13.8,43.3,14.5,3.7,8.9,39.8,3.2,23.6,5.0
18113,11.0,24.9,18.3,33.1,57.5,7.3,11.2,5.9,77.0,83.3,16.8,61.3,7.6,17.2,60.4,25.3,11.1,31.3,23.9,15.3,8.4,20.7,6.7,33.2,12.1,8.3,8.0,32.5,25.9,71.1,19.0,12.9,39.5,13.9,3.5,8.3,36.3,3.0,17.9,4.8
18115,8.0,25.7,18.5,33.4,58.7,7.5,11.2,5.8,77.6,84.0,15.8,63.5,7.3,16.9,63.1,27.1,10.5,29.9,23.2,12.9,7.3999999999999995,18.9,6.6,33.6,10.4,7.8,7.1,33.4,23.9,74.8,19.1,12.2,39.2,13.2,3.2,7.6,36.0,2.9,20.8,4.2
18117,9.5,27.9,17.9,35.4,59.5,7.3,11.6,6.3,77.3,82.5,17.6,56.6,8.5,19.6,59.1,28.4,11.5,34.0,23.9,16.2,9.8,21.7,7.1,34.9,12.4,9.1,8.4,34.3,26.9,74.3,20.5,13.9,39.5,14.5,3.8,9.0,40.4,3.2,19.5,5.0
18119,9.0,26.9,18.0,34.5,58.7,7.4,11.6,6.2,77.1,82.7,17.2,59.1,8.3,18.7,56.3,28.2,11.1,32.8,24.5,15.3,9.3,21.2,7.0,34.0,11.8,8.8,8.1,34.1,25.6,73.0,19.9,13.5,41.2,14.3,3.6,8.6,37.8,3.2,16.0,4.8
18121,10.1,28.1,17.0,36.3,60.6,7.3,12.4,6.8,77.5,82.1,19.2,55.0,9.7,21.3,58.1,28.8,12.2,35.5,24.5,18.8,12.6,24.0,7.5,34.4,13.9,10.3,9.7,34.2,29.3,72.0,21.2,15.5,42.4,15.7,4.3,10.6,38.1,3.5,20.0,5.7
18123,8.9,26.1,18.7,35.8,59.9,7.4,11.0,6.2,76.9,83.1,16.2,61.7,7.8,18.6,60.0,26.1,11.1,30.9,24.5,14.1,8.3,20.1,6.8,33.8,11.3,8.2,7.7,33.8,24.5,75.0,19.2,12.8,37.5,13.7,3.4,8.4,35.8,3.1,14.8,4.5
18125,8.9,26.8,18.0,34.3,59.1,7.4,11.4,6.2,77.1,83.0,16.9,60.9,8.2,18.9,58.9,27.0,11.2,31.9,23.7,14.9,9.0,20.6,6.9,33.9,11.5,8.6,7.9,33.0,25.7,75.2,19.7,13.4,37.7,14.1,3.5,8.5,39.8,3.1,18.5,4.7
18127,8.7,24.8,17.3,34.3,57.4,7.0,11.0,5.4,77.8,85.3,14.2,61.2,6.4,14.7,63.9,24.4,10.6,27.8,22.5,13.0,6.8,17.9,6.0,33.9,10.9,6.9,6.9,32.1,24.5,78.3,17.7,11.3,39.8,12.6,2.9,7.7,38.1,2.7,12.5,4.1
18129,7.3,25.5,18.6,33.2,58.4,7.6,11.0,5.5,78.1,84.7,14.9,62.9,6.8,15.6,66.4,26.4,10.0,28.2,22.3,11.6,6.6000000000000005,17.8,6.3,32.3,9.9,7.3,6.6,32.4,21.3,76.0,18.4,11.3,40.0,12.5,2.9,7.2,34.9,2.8,15.6,3.9
18131,9.5,26.3,18.2,35.1,58.8,7.4,11.4,6.3,76.9,83.0,17.1,60.0,8.2,18.8,57.2,27.1,11.4,32.6,24.3,15.4,9.1,21.4,7.0,33.4,12.0,8.7,8.1,33.5,26.6,73.4,19.8,13.5,38.7,14.3,3.6,8.8,37.3,3.2,21.3,4.9
18133,8.3,25.6,18.1,34.1,60.0,7.4,11.3,5.9,77.4,84.0,15.7,58.6,7.4,17.3,61.4,26.4,11.1,30.4,23.2,13.6,7.8,19.2,6.6,34.0,11.1,7.9,7.5,33.4,24.2,74.9,18.8,12.3,39.1,13.3,3.3,8.1,40.0,3.0,16.7,4.4
18135,9.7,27.0,17.4,34.9,59.6,7.3,11.4,6.4,76.7,82.7,17.3,58.1,8.4,19.4,56.9,27.2,11.5,32.7,23.9,16.1,10.0,21.9,7.1,34.2,12.6,9.0,8.5,34.3,27.2,73.3,20.0,14.0,38.7,14.5,3.8,9.3,38.8,3.2,16.8,5.0
18137,8.2,25.8,18.6,33.2,58.7,7.5,11.3,5.7,77.6,83.8,15.7,61.9,7.3,17.2,60.6,26.1,10.2,29.5,23.7,12.9,7.3,18.9,6.4,33.3,10.5,7.8,7.1,33.4,23.6,74.9,19.1,12.1,36.1,13.1,3.1,7.6,38.6,2.9,14.1,4.2
18139,8.8,26.8,17.7,34.6,59.8,7.4,11.7,6.3,77.8,83.1,17.1,58.5,8.4,19.0,59.8,27.9,11.5,32.1,23.1,15.6,9.7,21.3,7.0,34.4,11.9,8.9,8.2,34.1,26.0,69.8,20.0,13.7,39.0,14.4,3.7,8.9,39.4,3.2,21.1,4.9
18141,9.2,25.1,17.1,35.1,60.7,7.1,11.2,5.7,78.9,84.8,16.0,60.7,7.1,15.6,59.7,27.7,11.7,31.5,25.5,16.0,9.5,20.7,6.4,33.9,13.0,8.2,8.5,34.9,26.1,72.0,19.3,12.8,36.0,13.0,3.5,9.7,38.3,3.1,12.6,4.9
18143,9.9,27.0,17.3,36.2,59.7,7.3,11.7,6.4,76.9,82.2,18.0,58.6,8.9,20.0,53.6,28.2,11.8,33.3,23.9,16.9,10.7,22.8,7.1,34.7,12.7,9.5,8.8,33.6,28.6,68.8,20.7,14.3,41.8,15.0,3.9,9.3,37.7,3.3,24.8,5.2
18145,9.0,26.4,17.9,35.1,60.1,7.3,11.3,5.9,77.6,83.6,16.4,61.4,7.7,18.1,57.4,28.0,11.3,31.3,23.0,14.4,8.4,20.3,6.6,34.1,11.5,8.3,7.6,33.7,24.8,74.1,19.4,13.1,41.0,13.9,3.4,8.3,35.9,3.0,18.3,4.6
18147,7.8,25.5,18.3,34.4,58.7,7.5,11.0,5.7,77.8,84.7,15.1,61.9,6.9,16.2,61.8,27.3,10.4,29.5,22.4,12.1,6.8,18.1,6.4,33.9,10.1,7.4,6.8,33.1,22.4,77.4,18.6,11.7,39.5,12.9,3.0,7.4,35.6,2.8,12.8,4.0
18149,10.1,27.7,17.5,35.0,59.8,7.3,11.5,6.5,76.3,82.1,18.1,59.2,8.9,20.3,58.4,27.9,11.8,34.2,24.5,17.0,10.5,22.5,7.3,33.9,12.8,9.5,8.7,33.6,27.5,71.8,20.5,14.6,42.1,14.9,4.0,9.6,40.8,3.3,21.7,5.3
18151,8.4,25.3,18.7,33.3,58.2,7.4,11.2,5.8,77.3,84.1,15.4,64.3,7.1,16.4,66.5,27.0,10.6,28.6,23.0,13.0,7.3,19.2,6.4,34.2,10.6,7.7,7.1,33.2,23.3,73.8,18.7,11.9,35.4,13.2,3.1,7.6,36.6,2.9,13.4,4.2
18153,9.7,26.9,17.7,37.1,61.0,7.4,11.3,6.7,77.2,82.2,17.3,60.4,8.9,20.2,56.4,26.0,12.0,33.4,24.0,17.3,10.7,22.8,7.3,34.9,13.1,9.2,9.0,32.9,27.2,71.7,19.5,14.4,43.4,14.8,4.0,10.0,37.7,3.4,16.7,5.3
18155,10.1,27.6,17.8,36.3,59.1,7.3,11.6,6.6,76.6,81.9,18.2,59.7,8.9,20.5,56.6,28.4,11.7,34.3,25.1,16.9,10.4,22.7,7.3,33.8,12.8,9.4,8.7,35.0,27.9,73.6,20.5,14.4,39.9,15.0,3.9,9.2,38.0,3.4,24.9,5.2
18157,8.8,24.8,16.2,33.5,60.8,7.2,10.8,6.1,78.9,84.8,15.0,60.6,7.2,15.2,60.0,23.8,11.6,28.3,22.7,15.0,9.1,19.5,6.5,35.9,11.9,7.8,8.0,32.1,22.6,76.2,17.5,12.5,30.8,12.9,3.5,9.2,37.6,3.1,9.6,4.9
18159,7.8,25.6,18.9,32.9,58.8,7.4,11.2,5.7,77.7,84.4,15.3,60.0,7.0,16.2,63.9,26.7,10.4,29.5,22.5,12.6,7.0,18.3,6.4,33.4,10.2,7.6,6.9,32.6,22.8,74.7,18.5,12.0,36.5,12.9,3.1,7.4,34.9,2.8,14.1,4.1
18161,7.6,25.6,18.9,32.7,58.4,7.4,11.3,5.5,77.6,84.5,15.4,61.6,6.9,16.2,58.9,27.0,10.1,29.4,23.2,12.0,6.6000000000000005,17.9,6.3,33.4,10.0,7.5,6.7,33.4,22.5,73.3,18.9,11.6,37.4,12.8,3.0,7.1,36.8,2.8,16.2,3.9
18163,8.4,26.5,17.5,35.1,61.2,7.3,11.6,6.0,80.5,84.4,16.1,58.5,7.6,16.8,62.4,27.9,11.2,30.4,22.3,15.5,9.5,20.5,6.5,33.6,12.1,8.5,8.3,32.0,25.4,74.5,19.3,13.2,38.6,13.6,3.6,9.4,40.5,3.1,21.2,4.8
18165,8.6,28.0,17.7,35.3,59.9,7.5,11.6,6.4,78.0,83.0,17.2,58.2,8.4,19.0,55.8,27.6,11.5,32.8,23.2,15.2,9.5,21.4,7.0,33.9,11.8,8.8,8.1,34.1,26.0,72.5,20.0,13.8,40.4,14.4,3.7,9.0,38.0,3.2,18.3,4.9
18167,9.1,27.8,16.8,36.3,61.7,7.3,11.6,6.6,78.4,83.3,17.2,58.7,8.9,19.1,56.3,26.9,12.8,32.7,22.8,17.5,11.3,23.0,7.0,35.2,13.6,9.4,9.2,34.2,25.6,74.8,20.0,14.3,42.6,14.6,4.1,10.4,40.5,3.4,23.3,5.4
18169,8.5,26.6,18.1,33.7,59.5,7.5,11.5,5.9,77.5,83.5,16.3,63.3,7.8,17.5,61.1,26.2,10.8,31.1,22.4,14.3,8.3,19.8,6.7,33.0,11.1,8.2,7.5,33.3,24.8,70.4,19.4,12.8,38.4,13.5,3.4,8.1,33.7,3.0,17.5,4.5
18171,8.4,26.2,18.4,33.7,59.2,7.5,11.4,6.0,77.1,83.6,16.3,61.4,7.7,17.8,60.4,27.3,10.9,31.1,23.4,13.8,8.1,19.7,6.7,34.0,11.0,8.2,7.5,34.5,24.7,75.3,19.5,12.7,41.4,13.6,3.3,8.1,40.3,3.0,12.6,4.4
18173,6.4,24.2,18.7,30.5,59.1,7.5,10.7,5.0,78.7,86.1,13.1,62.6,5.7,13.1,68.8,25.9,9.5,25.6,21.0,9.5,5.1,15.5,5.7,34.2,8.4,6.3,5.700000000000001,31.5,19.9,77.9,17.3,9.9,33.8,11.2,2.5,6.0,36.3,2.5,11.3,3.3
18175,9.4,27.1,17.9,36.9,59.4,7.4,11.7,6.5,77.3,82.4,17.8,60.2,8.9,20.0,59.6,28.6,11.9,33.9,23.5,16.4,10.6,22.2,7.4,34.5,12.5,9.4,8.7,33.5,27.1,71.3,20.2,14.3,41.0,14.9,3.9,9.3,36.9,3.3,21.3,5.2
18177,9.4,27.5,17.8,35.9,60.5,7.3,11.9,6.5,77.7,82.9,18.0,58.5,8.7,19.8,54.7,28.4,12.1,34.6,25.3,17.6,11.3,22.4,7.2,33.6,13.4,9.5,9.1,34.7,27.3,72.6,20.8,14.5,38.2,14.7,4.1,10.2,40.7,3.4,15.3,5.4
18179,8.3,26.4,18.1,34.3,58.7,7.4,11.0,5.7,77.1,84.1,15.5,63.6,7.1,16.8,60.1,26.9,10.4,30.2,23.1,13.1,7.3,18.8,6.4,32.8,10.6,7.7,7.0,34.2,24.2,73.4,18.8,12.4,41.9,13.0,3.1,7.6,39.6,2.9,14.2,4.2
18181,10.1,26.5,17.9,33.7,59.2,7.3,11.1,5.9,77.6,83.7,16.2,61.2,7.6,16.9,59.1,26.8,11.4,30.7,23.5,14.8,8.3,20.4,6.7,34.1,11.9,8.2,7.8,33.8,26.1,77.1,18.9,13.0,44.7,13.7,3.4,8.3,39.0,3.0,16.6,4.7
18183,8.0,25.6,18.5,32.8,59.3,7.5,11.1,5.7,77.6,84.2,15.2,63.6,7.1,16.1,62.7,25.8,10.2,28.1,22.7,12.5,7.2,17.9,6.4,32.8,10.4,7.6,6.9,33.0,22.7,73.2,18.6,11.8,39.4,12.9,3.1,7.6,36.4,2.8,12.5,4.1
19001,7.6,24.1,22.4,32.4,59.0,7.4,10.2,5.8,74.4,81.3,15.1,61.0,6.8,17.3,66.5,21.9,9.9,28.5,23.8,13.3,11.8,18.0,6.9,30.5,10.5,7.9,7.5,33.1,25.9,74.1,18.3,11.8,40.1,12.7,3.3,7.4,33.2,3.0,11.1,4.3
19003,7.1,23.8,22.5,31.1,58.4,7.4,10.2,5.5,75.4,82.0,14.7,61.3,6.3,16.4,66.0,22.2,9.5,27.4,24.0,12.2,10.4,17.1,6.6,30.9,9.8,7.5,7.0,33.8,24.9,77.0,17.9,11.1,39.2,12.3,3.1,6.8,34.3,2.8,9.0,3.9
19005,8.8,23.4,22.3,31.8,58.7,7.2,9.9,5.8,73.4,81.4,14.9,60.2,6.5,16.8,64.6,21.7,9.8,27.0,24.8,13.7,11.7,18.3,6.8,30.2,11.1,7.7,7.6,32.4,25.3,77.6,18.2,11.6,42.5,12.7,3.3,7.5,36.6,3.0,11.7,4.3
19007,8.8,25.8,21.5,35.2,59.9,7.4,10.9,6.6,75.2,79.8,17.3,56.7,8.3,20.4,62.0,23.8,11.5,32.4,24.3,17.2,16.7,21.5,7.7,31.4,12.3,9.7,9.2,33.6,29.0,73.5,19.6,14.1,43.5,14.5,4.2,9.1,33.5,3.5,15.0,5.4
19009,7.8,24.3,22.4,31.4,58.1,7.4,10.3,5.8,74.7,81.5,15.2,58.8,6.7,17.0,63.2,21.9,9.8,28.5,23.9,13.4,11.8,18.0,6.9,30.0,10.7,8.0,7.6,33.1,25.2,74.4,18.3,11.8,37.8,12.8,3.4,7.5,33.9,3.0,15.4,4.3
19011,6.5,22.9,23.4,30.1,58.2,7.5,9.9,5.2,75.6,82.9,13.6,62.7,5.7,15.2,66.6,21.3,8.6,25.2,23.7,10.5,8.6,15.7,6.2,30.6,8.8,6.8,6.3,31.8,22.1,82.0,17.2,10.0,40.6,11.6,2.8,6.0,34.7,2.6,8.8,3.5
19013,7.4,25.0,22.0,32.4,59.7,7.1,10.5,5.7,77.8,83.1,14.4,66.4,6.4,16.9,63.4,21.6,10.8,27.9,23.8,13.5,12.6,18.5,6.5,33.3,10.3,7.8,8.0,31.8,23.5,78.2,17.2,11.9,42.0,12.0,3.4,7.7,36.0,3.0,10.1,4.3
19015,6.6,22.9,23.7,31.0,57.5,7.5,9.9,5.1,75.4,82.9,13.4,60.7,5.5,14.4,67.9,21.3,8.9,24.8,24.3,10.3,8.2,15.5,6.1,31.0,8.8,6.6,6.2,33.7,23.3,80.2,17.1,10.1,42.9,11.4,2.7,6.0,35.3,2.6,9.2,3.5
19017,6.1,22.6,23.6,29.5,58.0,7.6,9.8,5.0,75.4,83.6,12.9,63.6,5.4,14.2,68.6,20.5,8.4,23.6,22.4,9.8,7.9,14.7,6.0,29.0,8.5,6.4,6.0,30.8,21.4,80.1,16.5,9.6,38.6,11.0,2.6,5.799999999999999,34.5,2.5,9.3,3.3
19019,6.8,22.9,24.1,30.5,57.7,7.4,10.0,5.2,74.9,82.4,13.9,62.6,5.8,15.6,69.7,21.3,8.9,25.8,23.9,11.0,8.9,15.7,6.3,29.8,9.3,7.0,6.4,32.4,22.6,78.6,17.3,10.4,37.4,11.7,2.8,6.2,35.4,2.7,13.4,3.6
19021,13.2,22.3,18.8,31.6,59.0,6.4,9.4,6.0,75.4,81.0,15.3,55.3,6.4,16.2,62.4,18.3,11.7,28.7,28.2,19.1,14.9,22.1,6.8,32.1,14.8,8.2,9.5,35.6,29.7,77.9,16.9,13.0,38.9,13.3,3.9,9.2,34.9,3.2,17.6,5.6
19023,7.3,24.6,24.2,31.6,58.1,7.4,10.1,5.6,75.4,81.8,14.6,61.9,6.4,16.4,68.4,22.0,9.5,26.3,23.8,12.4,10.6,17.5,6.6,31.1,10.0,7.5,7.1,32.1,25.7,78.4,17.9,11.3,39.3,12.5,3.2,6.9,31.3,2.9,13.1,4.0
19025,7.4,23.8,22.6,30.8,58.8,7.4,10.0,5.6,74.9,81.9,14.5,56.5,6.3,16.4,66.9,21.1,9.6,27.1,24.5,12.4,10.5,17.2,6.6,30.6,10.2,7.4,7.2,32.4,24.5,75.2,17.6,11.1,40.3,12.2,3.1,7.1,32.0,2.9,11.8,4.0
19027,7.3,23.6,23.0,30.8,58.5,7.4,10.0,5.4,75.6,82.3,14.3,60.7,6.1,15.9,65.7,21.2,9.3,26.2,23.4,12.1,10.2,16.8,6.5,30.3,9.8,7.3,7.0,31.9,25.2,79.6,17.6,10.9,40.0,12.3,3.0,6.8,32.4,2.8,12.2,3.9
19029,8.1,25.0,21.7,32.3,59.2,7.5,10.4,6.0,75.4,80.9,15.8,60.2,7.2,18.2,61.3,22.8,10.5,30.3,25.6,14.4,13.2,19.1,7.0,30.9,11.1,8.4,8.1,35.4,26.3,78.9,18.6,12.8,41.0,13.4,3.6,8.0,34.3,3.1,15.3,4.6
19031,6.9,22.7,23.4,30.2,58.3,7.3,10.1,5.2,75.1,82.5,14.2,61.7,5.9,15.4,68.4,22.1,9.2,26.4,24.1,11.2,9.4,16.0,6.4,29.5,9.4,7.1,6.6,34.1,23.6,80.5,17.7,10.5,40.5,11.9,2.9,6.4,34.6,2.7,14.0,3.7
19033,7.6,25.6,22.8,30.5,58.4,7.3,10.2,5.5,74.5,81.9,14.4,64.1,6.2,16.3,66.3,22.9,9.5,27.6,25.2,12.4,10.7,17.0,6.6,29.9,10.2,7.4,7.1,34.3,24.9,77.7,17.9,11.0,40.5,12.1,3.1,7.1,32.3,2.8,11.0,4.0
19035,8.4,23.5,21.7,32.1,59.0,7.3,10.2,5.8,75.0,81.2,15.2,59.5,6.8,17.2,64.2,22.1,10.2,27.8,24.7,14.2,12.3,18.5,6.9,31.9,11.1,8.1,7.9,33.5,27.4,75.8,18.3,12.0,41.0,12.9,3.5,7.8,32.2,3.0,15.8,4.5
19037,8.3,23.4,24.0,31.2,57.5,7.4,9.9,5.5,73.4,81.7,14.7,63.5,6.2,16.1,68.1,20.6,9.5,26.8,25.2,12.3,10.2,17.5,6.6,29.2,10.1,7.4,7.0,32.8,25.3,79.7,17.7,11.0,39.6,12.3,3.1,6.8,32.8,2.8,13.3,4.0
19039,12.0,24.4,21.1,32.8,59.2,6.9,10.2,6.4,74.0,79.5,17.2,53.6,7.7,19.2,58.3,21.6,11.6,31.8,25.6,18.8,16.7,22.3,7.5,31.2,14.2,9.3,9.7,34.3,30.3,74.4,18.8,13.9,43.2,14.4,4.2,9.6,34.1,3.4,19.5,5.7
19041,7.3,23.2,22.4,30.5,58.3,7.4,10.1,5.4,74.7,82.2,14.2,59.7,6.2,15.9,66.0,21.3,9.5,26.6,24.1,12.1,10.5,16.6,6.5,29.2,9.9,7.3,7.0,32.8,24.7,77.0,17.5,11.2,35.5,12.2,3.1,6.9,31.8,2.8,9.8,3.9
19043,8.3,23.8,23.2,32.6,58.0,7.3,10.3,6.0,75.2,80.5,16.0,56.9,7.2,18.7,65.6,21.4,10.1,28.6,24.9,14.7,13.2,19.2,7.1,30.6,11.2,8.5,8.1,33.8,27.9,74.5,18.7,12.4,41.2,13.4,3.6,7.9,33.3,3.2,16.2,4.6
19045,7.8,25.1,23.2,32.4,58.6,7.3,10.4,5.8,74.7,81.5,15.2,58.9,6.9,17.3,64.3,21.7,10.0,28.0,23.8,13.8,12.4,18.0,6.8,31.0,10.8,8.1,7.8,33.6,25.7,77.9,18.2,12.1,39.3,12.9,3.4,7.7,34.6,3.0,7.6,4.4
19047,14.3,23.0,21.0,33.2,59.6,6.7,9.6,6.3,75.2,80.8,16.2,55.9,6.9,17.1,61.0,19.5,12.2,30.5,26.6,19.8,15.7,22.7,7.3,30.8,14.9,8.6,9.9,35.3,31.5,78.9,17.6,13.6,43.1,13.9,4.1,9.7,35.6,3.3,22.2,5.8
19049,5.6,21.8,22.1,28.5,58.8,7.4,9.2,4.4,75.5,85.2,11.1,64.9,4.3,10.7,75.3,19.2,8.5,22.4,21.4,8.3,6.2,12.9,5.3,30.8,7.7,5.4,5.3,28.9,19.2,79.1,14.6,8.4,32.4,9.8,2.2,5.0,27.6,2.3,5.6,2.9
19051,9.3,24.2,22.0,31.8,58.0,7.3,10.5,5.8,74.2,80.5,16.4,61.4,7.1,18.1,63.9,22.7,9.7,29.7,26.0,14.1,11.8,19.5,6.9,30.7,11.0,8.3,7.7,34.8,26.8,77.1,18.8,12.3,37.8,13.4,3.5,7.1,33.0,3.0,10.7,4.4
19053,8.5,25.2,21.4,31.6,59.3,7.3,10.4,6.1,74.1,80.8,15.8,60.3,7.3,18.0,62.6,22.4,10.6,29.5,24.0,15.1,13.9,19.7,7.2,31.1,11.6,8.6,8.4,34.1,26.8,73.4,18.6,12.8,41.7,13.7,3.7,8.3,34.2,3.2,10.6,4.8
19055,7.5,23.7,22.5,30.6,58.2,7.4,10.1,5.6,74.6,81.3,15.1,61.9,6.5,16.9,68.6,21.3,9.5,27.6,24.3,12.7,10.8,17.4,6.8,30.4,10.0,7.7,7.2,33.6,25.8,80.3,18.2,11.3,39.8,12.4,3.2,6.9,31.5,2.9,13.0,4.0
19057,7.8,24.0,22.3,29.8,58.7,7.3,10.2,5.5,76.8,81.7,14.9,60.6,6.4,16.5,65.2,22.5,9.8,28.3,25.2,14.0,11.7,17.9,6.6,29.0,11.3,7.7,7.7,33.9,26.5,74.3,18.2,11.7,34.8,12.6,3.3,7.6,32.6,2.9,17.2,4.2
19059,6.1,21.9,22.6,29.3,58.0,7.5,9.9,5.0,74.7,83.4,13.1,58.6,5.4,13.9,65.9,20.6,8.5,24.7,22.5,9.9,8.1,14.7,6.1,29.2,8.5,6.4,6.0,31.5,21.5,77.2,16.6,9.7,37.6,10.9,2.7,5.799999999999999,34.7,2.6,10.6,3.4
19061,6.7,23.3,23.1,27.4,58.3,7.4,10.0,5.1,75.9,82.8,13.4,60.7,5.7,14.3,63.6,20.3,8.8,25.5,22.5,11.6,9.5,15.5,6.3,28.4,9.4,6.9,6.6,31.7,21.8,78.3,16.8,10.2,34.9,11.2,2.9,6.6,35.3,2.7,11.3,3.7
19063,9.5,23.5,22.6,32.1,58.1,7.3,10.1,5.8,74.7,81.1,15.3,61.9,6.6,17.0,66.1,21.0,10.0,28.3,24.6,14.2,11.8,18.6,6.9,30.4,11.5,7.9,7.9,33.5,26.2,79.7,18.1,11.9,43.2,13.0,3.4,7.6,34.2,3.0,15.5,4.5
19065,7.9,23.6,23.4,32.1,58.5,7.4,10.0,5.8,75.9,81.0,15.3,61.0,6.8,17.9,60.1,21.5,10.1,27.9,25.1,14.2,12.3,18.7,6.8,31.0,11.2,8.0,7.8,32.6,27.4,74.0,18.2,12.0,39.0,13.0,3.4,7.8,34.1,3.0,14.7,4.4
19067,7.8,23.7,21.7,31.0,58.6,7.2,10.2,5.7,74.4,81.4,15.0,58.0,6.5,16.9,65.2,21.9,9.8,27.9,24.4,13.2,11.4,17.6,6.7,30.4,10.7,7.7,7.5,34.4,25.4,76.6,18.2,11.6,40.0,12.5,3.3,7.4,32.5,2.9,10.2,4.2
19069,10.7,24.2,21.6,31.9,59.0,7.1,10.1,6.1,74.4,81.0,15.8,59.7,7.0,17.4,62.3,21.7,10.9,29.6,25.3,16.0,13.4,20.1,7.1,30.4,12.6,8.3,8.5,33.9,28.2,76.9,18.3,12.6,40.9,13.6,3.7,8.5,36.2,3.1,15.2,5.0
19071,7.1,23.8,22.5,30.6,57.9,7.4,10.2,5.4,75.1,82.3,14.4,60.5,6.1,15.9,69.3,21.9,9.3,26.5,23.6,11.7,9.9,16.9,6.5,30.2,9.7,7.3,6.8,33.2,23.4,77.3,17.8,10.8,40.0,12.1,3.0,6.7,32.7,2.8,12.8,3.8
19073,7.6,24.0,22.4,30.9,58.6,7.4,10.3,5.6,74.8,81.4,15.1,61.1,6.6,17.3,65.5,22.2,9.8,27.9,23.8,12.8,11.1,18.1,6.7,29.8,10.4,7.8,7.4,33.5,25.8,72.3,18.4,11.6,36.0,12.9,3.3,7.2,32.6,2.9,13.7,4.2
19075,6.2,22.5,23.2,29.2,57.3,7.5,9.9,5.0,75.3,83.3,13.1,64.4,5.4,14.3,70.2,21.0,8.6,24.9,23.1,9.7,7.699999999999999,14.6,6.1,30.1,8.5,6.4,5.9,32.9,22.1,82.0,17.2,9.8,37.5,11.2,2.6,5.7,32.9,2.5,8.9,3.3
19077,6.9,22.3,23.0,30.0,57.6,7.4,10.0,5.2,73.7,82.4,13.9,61.9,5.8,15.2,66.9,21.0,9.1,25.8,23.3,11.2,9.2,15.9,6.3,30.7,9.3,7.0,6.6,32.2,23.9,77.1,17.4,10.3,37.2,11.8,2.9,6.4,34.1,2.7,10.0,3.7
19079,8.1,22.6,22.3,30.5,58.4,7.3,10.0,5.3,76.0,82.5,14.0,62.2,5.8,15.2,68.4,20.9,9.5,25.4,24.0,12.0,9.4,16.5,6.3,29.2,9.9,7.0,6.9,32.8,23.8,76.4,17.0,10.5,36.6,11.8,3.0,6.6,32.0,2.7,9.4,3.9
19081,8.0,23.9,23.3,30.8,58.3,7.3,10.0,5.5,75.4,81.9,14.6,61.7,6.3,16.3,65.7,21.9,9.6,27.3,24.8,12.6,10.4,17.9,6.6,30.7,10.1,7.4,7.1,34.1,26.5,77.1,17.6,11.2,42.5,12.5,3.1,6.9,34.1,2.8,7.300000000000001,4.0
19083,8.0,23.4,23.0,31.6,58.2,7.4,10.1,5.6,75.0,81.6,15.0,58.8,6.5,16.9,64.1,21.6,9.9,27.1,23.8,13.1,11.3,17.8,6.7,29.8,10.6,7.8,7.5,32.7,25.2,77.2,18.0,11.5,39.2,12.5,3.3,7.4,32.8,2.9,11.3,4.2
19085,7.2,23.3,23.2,30.7,58.5,7.4,10.1,5.5,75.7,82.1,14.5,57.1,6.2,16.1,62.3,21.6,9.7,27.0,23.7,12.0,10.1,16.7,6.5,31.2,9.9,7.4,6.9,32.2,24.0,79.5,17.7,10.8,35.0,12.2,3.0,6.7,34.8,2.8,17.3,3.9
19087,8.2,23.5,22.3,32.1,58.6,7.3,9.8,5.7,74.5,81.4,14.8,60.2,6.5,16.7,62.2,21.2,10.2,27.6,24.9,12.9,11.4,18.1,6.7,30.6,10.6,7.6,7.5,31.6,24.8,76.6,17.7,11.5,39.1,12.4,3.3,7.4,38.9,3.0,10.1,4.2
19089,8.0,23.6,22.5,31.0,58.2,7.4,10.2,5.7,74.4,81.2,15.2,58.1,6.6,17.2,67.0,21.8,9.7,27.9,24.5,12.9,11.0,18.0,6.8,30.3,10.3,7.8,7.3,33.2,24.6,75.6,18.2,11.5,38.2,12.6,3.2,7.0,32.7,2.9,11.0,4.2
19091,8.1,24.3,22.5,32.0,58.7,7.4,10.3,5.9,74.8,81.3,15.3,62.2,6.9,17.4,63.8,21.7,10.2,28.8,23.8,13.9,12.4,18.3,7.0,30.4,11.0,8.1,7.9,32.3,25.5,78.1,18.4,12.0,41.6,12.9,3.5,7.8,35.3,3.1,10.0,4.5
19093,7.8,23.5,23.1,30.7,58.5,7.4,10.2,5.6,74.0,81.6,14.9,56.8,6.5,16.7,67.8,21.7,9.6,27.4,24.6,13.0,11.2,17.6,6.7,30.4,10.5,7.7,7.4,33.6,25.7,75.3,17.9,11.4,41.4,12.4,3.2,7.2,32.7,2.9,12.9,4.1
19095,7.0,22.6,22.7,30.5,58.0,7.4,10.0,5.3,75.8,82.7,14.0,61.8,5.9,15.0,70.3,21.5,9.1,26.2,23.7,11.2,9.3,16.3,6.4,30.9,9.1,7.0,6.6,33.1,23.1,76.7,17.6,10.6,43.1,11.8,2.9,6.3,29.6,2.7,12.1,3.7
19097,7.4,23.9,23.8,31.3,58.3,7.3,10.2,5.6,74.7,81.5,14.9,59.0,6.5,16.8,64.9,22.2,9.6,27.3,24.0,12.5,10.9,17.5,6.7,30.5,10.2,7.7,7.2,33.9,25.0,74.4,18.3,11.3,40.2,12.5,3.2,7.1,36.0,2.9,11.9,4.1
19099,7.5,23.4,22.3,31.7,57.8,7.2,10.0,5.5,75.6,81.8,14.7,59.7,6.3,16.9,67.1,21.5,9.7,27.9,24.4,12.4,10.3,17.4,6.5,30.4,10.3,7.5,7.1,31.5,24.1,76.1,17.9,11.4,38.3,12.3,3.1,6.9,32.0,2.9,12.7,4.0
19101,7.0,23.1,20.4,31.9,58.2,7.4,9.7,5.7,75.7,82.1,13.5,58.1,6.2,14.8,62.8,20.3,10.1,25.9,23.6,13.0,11.3,17.6,6.7,30.6,10.1,7.2,7.4,34.0,24.1,78.4,16.4,11.1,39.7,12.0,3.3,7.3,34.4,2.9,11.2,4.3
19103,6.4,21.8,22.2,30.8,60.9,7.2,9.7,5.2,77.5,84.0,12.4,60.2,5.4,12.3,70.0,20.4,9.7,23.7,22.7,11.2,9.5,15.1,6.0,29.4,9.5,6.6,6.7,31.2,19.2,81.6,15.7,10.2,32.8,10.6,3.0,6.8,30.8,2.7,13.8,3.9
19105,7.4,23.1,23.5,30.6,58.3,7.3,9.9,5.5,75.8,81.8,14.4,61.5,6.2,16.4,66.4,21.0,9.4,26.8,24.2,12.4,10.4,16.8,6.6,30.1,10.1,7.3,7.1,31.5,24.0,77.0,17.7,11.0,39.6,12.1,3.1,7.0,35.6,2.9,10.7,3.9
19107,7.8,24.3,22.3,32.8,58.7,7.4,10.3,5.9,74.3,80.7,15.7,60.9,7.0,18.2,64.9,22.7,10.4,29.2,24.8,14.0,12.7,18.7,7.1,30.2,11.0,8.3,7.8,34.4,26.7,75.0,18.8,12.2,41.5,13.2,3.5,7.8,33.2,3.1,15.9,4.4
19109,7.6,23.2,23.0,29.9,58.3,7.4,10.1,5.5,75.3,82.2,14.6,58.9,6.2,15.9,64.6,21.8,9.7,27.1,23.2,12.5,10.5,17.1,6.6,29.7,10.1,7.4,7.1,32.4,24.4,77.5,18.0,11.0,38.9,12.2,3.1,7.0,36.0,2.8,11.3,4.0
19111,7.8,24.8,21.1,31.2,58.6,7.4,10.3,5.8,74.6,81.2,15.2,58.1,6.8,18.0,62.9,21.6,10.0,28.7,24.5,13.8,12.6,18.6,6.8,30.8,11.0,8.1,7.8,31.8,26.1,77.9,18.4,12.4,37.5,13.3,3.5,7.8,36.5,3.1,16.1,4.4
19113,6.6,23.3,22.0,28.2,59.2,7.4,10.4,5.1,76.3,83.3,13.6,59.4,5.7,13.9,68.1,23.8,9.7,26.4,24.8,12.1,9.6,15.5,6.2,29.7,9.7,6.9,6.8,33.9,21.8,78.5,17.1,10.3,35.6,11.5,2.9,6.9,32.0,2.7,12.9,3.7
19115,10.4,23.2,21.3,30.3,58.4,6.9,9.8,5.5,75.1,81.7,14.8,63.8,6.1,16.0,64.3,20.7,10.1,28.0,25.9,14.5,11.1,18.6,6.6,30.5,11.7,7.4,7.7,33.5,27.2,80.9,17.3,11.6,40.0,12.5,3.3,7.3,37.8,2.9,11.5,4.4
19117,8.6,24.9,21.9,32.5,59.1,7.3,10.4,6.2,74.9,80.2,16.3,58.1,7.5,18.9,61.9,22.6,10.6,29.8,24.7,14.9,13.8,19.9,7.3,30.6,11.5,8.7,8.2,33.1,26.9,80.8,19.0,12.8,39.8,13.6,3.7,8.2,34.8,3.2,16.8,4.8
19119,7.8,24.3,26.3,32.4,59.8,7.8,10.4,5.5,76.6,83.1,14.8,61.4,6.1,16.6,68.5,22.2,9.8,28.9,24.1,11.0,9.0,17.4,6.7,31.9,9.3,7.3,6.5,33.3,26.0,78.8,18.5,11.4,42.6,12.6,3.0,6.2,31.7,2.8,10.0,3.8
19121,6.3,22.4,23.5,28.8,56.7,7.5,9.8,5.0,75.1,83.3,13.4,62.4,5.4,14.1,72.5,21.3,8.5,24.7,23.7,9.8,7.8,14.8,6.0,30.5,8.5,6.5,5.9,33.0,21.6,81.8,17.1,9.7,36.6,11.3,2.6,5.6,31.3,2.5,7.6,3.3
19123,7.4,24.3,21.8,31.6,58.9,7.3,10.2,5.7,74.3,81.3,14.9,60.0,6.6,17.1,67.4,22.1,9.7,27.9,24.4,13.0,11.4,17.9,6.7,30.5,10.4,7.7,7.4,33.0,27.1,75.3,18.2,11.7,39.0,12.7,3.3,7.3,35.1,3.0,16.7,4.2
19125,6.2,22.8,23.3,30.0,57.2,7.6,9.7,5.0,75.5,83.4,13.2,62.3,5.4,14.0,71.8,22.1,8.7,26.3,22.9,10.0,7.999999999999999,15.1,6.1,29.7,8.4,6.4,5.9,31.7,21.4,76.7,17.0,10.1,40.0,11.1,2.6,5.7,29.3,2.5,9.8,3.3
19127,11.5,22.6,21.6,30.6,57.9,6.8,9.5,5.6,76.6,82.0,14.8,56.9,6.1,15.5,63.2,20.0,10.8,28.7,24.7,15.7,12.2,19.4,6.8,31.0,12.7,7.6,8.2,32.6,27.4,74.5,16.8,12.0,44.4,12.9,3.5,8.0,35.1,2.9,17.4,4.8
19129,6.3,22.7,23.1,29.8,57.9,7.5,9.9,5.0,75.2,83.4,13.0,62.4,5.3,13.9,65.4,21.0,8.8,24.5,22.5,9.8,7.9,14.6,6.1,31.2,8.6,6.5,6.0,31.9,21.4,79.6,16.9,9.9,38.8,11.1,2.7,5.799999999999999,31.8,2.6,10.3,3.4
19131,7.3,23.5,23.3,31.0,58.8,7.4,10.1,5.5,75.0,82.0,14.4,60.1,6.2,16.0,64.3,21.0,9.3,26.4,23.2,11.8,10.0,16.6,6.5,30.1,9.7,7.4,6.9,32.5,24.3,78.2,17.6,11.0,40.4,12.1,3.1,6.7,34.2,2.8,9.9,3.9
19133,7.7,24.3,21.6,32.0,58.7,7.4,10.3,5.7,75.4,81.3,15.5,58.3,6.8,17.2,62.6,22.4,9.9,28.7,24.1,13.6,12.0,18.2,6.9,29.5,10.9,8.0,7.7,34.3,26.0,75.3,18.7,11.9,42.7,12.8,3.4,7.5,34.4,3.0,12.6,4.3
19135,7.0,23.2,22.9,30.7,57.8,7.4,10.1,5.4,75.1,82.2,14.3,57.7,6.1,15.9,66.6,21.8,9.1,26.5,24.1,11.6,9.6,16.4,6.4,30.7,9.5,7.2,6.7,33.0,23.8,79.4,17.8,10.7,38.1,12.0,2.9,6.5,35.0,2.7,18.2,3.7
19137,7.9,23.8,22.1,31.8,58.4,7.4,10.3,5.7,75.0,81.2,15.3,56.7,6.8,17.2,61.9,22.0,9.9,28.0,24.2,13.6,11.8,18.3,6.8,29.9,10.8,8.0,7.6,32.6,26.2,75.5,18.4,11.9,39.7,12.9,3.4,7.5,38.3,3.0,16.7,4.3
19139,10.5,23.3,22.9,31.0,58.7,7.0,9.8,5.6,74.3,81.8,15.1,57.4,6.2,16.2,65.4,20.1,10.3,28.3,25.1,15.0,12.1,18.9,6.7,29.6,12.0,7.6,8.0,33.1,28.1,78.3,18.0,11.9,41.4,12.7,3.4,7.8,34.4,2.9,11.2,4.6
19141,8.7,23.9,21.8,31.3,57.4,7.3,10.2,5.8,74.5,81.0,15.5,58.1,6.8,17.2,64.6,22.2,10.0,29.3,23.9,14.2,12.3,18.8,7.0,30.2,11.1,8.1,7.9,33.3,26.2,78.9,18.3,12.1,39.3,13.0,3.5,7.7,35.4,3.0,15.6,4.5
19143,10.3,23.7,21.5,31.8,58.3,7.1,10.2,6.0,73.9,80.2,16.1,57.8,7.1,18.0,64.1,21.7,10.6,30.3,25.7,16.0,13.4,20.1,7.2,30.7,12.4,8.5,8.5,34.3,27.8,80.2,18.3,12.8,40.1,13.5,3.7,8.2,33.8,3.2,11.4,4.9
19145,8.6,24.5,21.7,34.0,59.6,7.3,10.2,6.1,74.9,80.6,15.8,57.1,7.2,18.6,62.5,21.4,10.6,29.8,25.3,15.1,13.5,19.4,7.1,30.4,11.7,8.4,8.4,32.5,27.2,76.4,18.3,12.7,42.8,13.3,3.7,8.3,32.9,3.2,13.9,4.7
19147,7.3,23.2,23.1,30.9,58.5,7.4,10.1,5.5,75.1,82.0,14.5,57.6,6.2,15.9,67.3,21.5,9.4,26.4,23.8,12.0,10.3,16.7,6.6,30.0,10.0,7.4,7.1,32.1,23.9,78.3,17.7,11.0,40.6,12.2,3.1,6.9,33.7,2.8,9.6,4.0
19149,7.4,22.5,23.7,29.7,58.0,7.3,9.8,5.1,74.8,82.9,13.5,61.1,5.5,14.9,67.0,20.0,9.0,25.0,24.2,11.1,8.7,15.5,6.2,29.4,9.5,6.7,6.5,32.9,23.1,79.8,16.9,10.0,39.4,11.4,2.8,6.3,32.8,2.6,12.1,3.6
19151,8.5,23.4,22.4,30.6,58.5,7.3,10.2,5.6,75.1,81.6,15.1,59.2,6.5,16.7,67.9,21.4,9.8,28.0,24.9,13.6,11.4,18.1,6.7,30.4,11.0,7.8,7.7,34.1,25.9,80.7,18.1,11.6,36.7,12.7,3.3,7.4,33.9,2.9,15.7,4.3
19153,7.6,24.0,21.3,30.1,59.3,7.0,9.8,5.2,74.8,83.1,13.5,61.8,5.5,13.3,64.0,21.7,9.6,25.9,24.0,12.7,10.3,17.0,5.9,31.6,10.7,6.7,7.1,34.0,23.5,77.5,17.4,10.4,36.9,12.2,2.9,7.0,35.3,2.7,11.9,3.8
19155,8.6,23.0,22.7,30.8,59.3,7.2,10.4,5.5,74.8,81.6,15.2,60.2,6.5,17.4,62.2,22.8,9.7,29.5,25.7,14.8,12.1,18.0,6.7,31.1,11.3,8.0,7.9,35.9,26.2,74.0,18.3,12.1,39.2,12.6,3.4,7.6,35.5,2.9,14.0,4.4
19157,7.5,23.7,21.4,31.0,58.8,7.3,10.1,5.5,74.6,82.0,14.6,60.2,6.4,16.2,65.1,22.8,9.5,27.5,24.4,12.8,10.9,17.3,6.6,30.4,10.3,7.6,7.2,33.3,24.7,75.9,17.8,11.3,42.2,12.2,3.2,7.1,32.9,2.9,8.4,4.1
19159,6.9,23.1,23.4,30.4,58.2,7.4,10.1,5.3,75.4,82.5,14.2,58.7,5.9,15.5,65.5,22.3,9.1,26.4,24.0,11.6,9.5,16.3,6.3,30.0,9.4,7.1,6.6,33.7,23.6,77.0,17.6,10.7,43.0,11.9,2.9,6.4,35.5,2.7,16.0,3.7
19161,7.6,23.7,23.1,30.1,57.5,7.4,10.1,5.5,74.7,82.0,14.5,61.3,6.1,15.8,67.8,21.5,9.2,27.2,23.9,12.0,10.0,17.0,6.6,30.0,9.9,7.3,7.0,32.6,24.1,74.5,17.8,10.9,41.6,12.2,3.1,6.8,35.8,2.8,10.9,3.9
19163,7.2,25.1,23.0,29.3,59.4,7.2,10.6,5.2,76.9,83.1,13.3,63.8,5.8,14.3,69.8,21.2,9.4,24.6,23.9,13.3,11.1,16.8,6.1,30.1,11.2,6.9,7.2,34.2,23.2,83.3,17.2,10.6,40.6,11.9,3.0,7.4,35.5,2.8,9.6,3.9
19165,7.5,23.8,23.2,29.8,58.3,7.4,10.2,5.4,75.1,82.2,14.2,57.4,6.0,15.9,66.4,21.6,9.3,27.5,24.3,11.9,10.0,17.1,6.6,30.5,9.9,7.3,6.9,32.6,24.4,74.7,17.7,10.9,38.1,12.2,3.0,6.7,32.1,2.8,14.4,3.9
19167,8.3,21.1,22.1,30.5,57.1,7.3,9.7,5.1,75.5,83.1,13.5,56.9,5.4,14.0,67.3,20.8,8.9,24.5,24.0,11.3,8.5,15.5,6.1,31.3,9.7,6.6,6.5,33.5,23.0,80.1,16.4,10.0,34.5,11.5,2.8,6.2,27.8,2.6,9.2,3.7
19169,6.3,22.6,22.5,31.0,57.5,7.4,9.7,5.4,76.4,83.2,12.9,65.4,5.6,13.8,69.0,20.9,9.8,25.3,21.2,11.4,9.4,15.9,6.4,32.7,9.4,6.7,6.8,32.1,22.2,79.3,16.1,10.3,35.0,11.3,3.0,6.8,29.1,2.8,12.2,3.8
19171,10.0,24.0,21.6,31.4,58.4,7.2,10.3,6.0,74.4,80.9,15.9,59.2,7.0,17.8,62.8,21.4,10.7,30.6,25.8,16.2,13.8,20.2,7.2,30.2,12.7,8.5,8.8,33.9,27.8,76.2,18.4,12.8,40.4,13.5,3.7,8.7,35.3,3.2,13.6,5.0
19173,9.0,24.2,22.1,32.3,58.8,7.2,10.0,5.7,74.7,81.4,15.2,58.4,6.6,17.0,63.8,22.1,10.0,28.8,24.8,13.5,11.3,18.5,6.8,31.3,11.0,7.8,7.5,33.9,26.4,78.1,17.9,11.9,40.0,13.0,3.3,7.3,34.8,2.9,9.4,4.3
19175,7.8,23.8,21.6,31.9,58.7,7.4,10.2,5.6,75.6,81.8,14.8,60.0,6.5,16.5,63.5,21.8,9.8,27.8,23.8,13.1,11.5,17.7,6.8,30.9,10.5,7.8,7.5,32.6,25.6,76.8,18.0,11.6,37.6,12.6,3.3,7.3,32.8,2.9,10.9,4.2
19177,8.6,24.8,21.9,32.8,58.8,7.4,10.6,6.2,74.2,80.2,16.5,55.2,7.6,19.2,61.6,22.9,10.5,30.7,25.0,15.1,13.9,20.4,7.3,30.2,11.4,8.8,8.3,33.7,27.3,72.0,19.1,13.0,39.5,13.9,3.8,8.1,34.8,3.2,13.9,4.8
19179,10.4,24.5,20.3,31.8,60.4,7.0,10.3,6.1,75.1,80.6,16.2,61.4,7.3,18.3,58.4,21.1,11.5,31.2,25.6,17.0,15.2,21.0,7.3,32.0,13.3,8.8,9.2,34.8,29.6,71.9,18.3,13.5,41.9,14.0,4.0,9.2,38.4,3.3,15.7,5.3
19181,6.000000000000001,22.7,23.6,29.0,58.6,7.6,9.7,4.7,75.2,84.1,12.5,64.4,5.0,12.8,67.1,21.1,8.4,23.7,22.1,9.1,7.1,13.8,5.8,30.9,7.9,6.1,5.6,31.7,21.0,79.7,16.3,9.3,38.7,10.7,2.5,5.4,33.2,2.4,8.0,3.1
19183,8.2,23.6,23.0,31.6,59.2,7.3,9.9,5.4,75.1,82.1,14.4,61.3,6.2,15.6,68.2,21.9,9.6,26.9,23.8,12.2,10.4,17.1,6.4,30.6,10.0,7.4,7.1,33.8,24.6,78.7,17.5,11.3,38.8,12.4,3.1,6.9,31.7,2.8,10.5,4.1
19185,8.2,24.6,22.0,31.6,58.1,7.3,10.5,6.0,74.7,80.6,16.0,56.8,7.1,18.2,58.5,22.5,10.0,28.9,24.9,13.9,12.4,19.1,7.0,30.7,11.0,8.4,7.8,34.0,27.0,74.5,18.9,12.2,41.2,13.4,3.5,7.6,33.4,3.1,15.2,4.4
19187,8.3,24.1,23.0,33.1,58.7,7.3,10.2,5.7,75.8,81.6,14.9,59.5,6.6,17.1,67.6,21.3,10.1,27.2,24.9,14.1,11.6,18.0,6.7,30.0,11.1,7.7,7.8,34.8,26.6,76.7,18.0,11.6,42.2,12.5,3.4,7.8,37.7,3.0,12.6,4.3
19189,7.5,23.4,22.7,31.0,58.3,7.4,10.0,5.4,75.4,82.4,14.0,60.7,6.0,15.4,71.2,21.5,9.3,26.0,23.2,11.8,9.9,16.5,6.4,30.3,9.9,7.2,7.0,32.0,23.4,78.4,17.4,10.7,39.3,12.0,3.0,6.8,31.1,2.8,14.0,3.9
19191,6.3,22.0,22.9,28.6,57.4,7.5,9.7,5.1,75.8,83.2,13.0,62.1,5.4,13.7,71.0,20.6,8.5,23.6,22.2,9.6,7.9,14.4,6.1,29.3,8.4,6.4,6.0,31.1,21.5,77.6,16.7,9.6,36.1,11.0,2.7,5.799999999999999,28.8,2.6,8.4,3.4
19193,10.9,22.5,20.9,32.3,60.5,6.7,9.8,5.8,75.7,81.6,15.2,54.9,6.6,16.5,60.3,20.3,11.0,28.4,26.1,15.8,13.5,20.3,6.8,30.2,12.9,8.1,8.8,33.7,28.4,76.2,18.1,12.3,39.5,13.6,3.7,8.5,32.0,3.1,10.1,5.0
19195,7.3,23.8,22.6,31.0,57.7,7.4,10.0,5.4,75.4,82.3,14.3,62.1,6.1,15.9,69.7,21.6,9.4,26.5,23.9,11.6,9.7,16.8,6.5,30.9,9.8,7.2,6.8,32.5,24.0,78.4,17.6,10.8,40.4,12.0,3.0,6.7,33.5,2.8,11.5,3.8
19197,10.6,23.7,22.2,31.5,59.1,7.1,10.0,6.0,75.1,81.3,15.4,57.0,6.8,16.8,61.8,20.9,10.9,29.3,24.3,16.1,13.6,19.7,7.1,31.1,12.4,8.2,8.6,32.7,27.0,77.3,17.5,12.6,41.3,13.2,3.7,8.5,33.4,3.1,14.6,5.0
20001,9.6,24.6,17.7,31.4,60.2,7.3,10.5,5.9,74.8,81.5,16.6,52.9,7.0,17.4,58.1,23.9,10.1,31.9,21.7,14.3,8.9,18.8,7.2,31.1,12.2,8.5,7.9,31.5,27.7,68.5,18.6,13.0,38.0,13.0,3.5,9.4,38.5,3.0,14.1,4.5
20003,10.3,24.7,18.1,32.8,58.8,7.2,10.5,6.1,73.1,80.2,17.3,50.0,7.5,18.8,59.1,22.9,10.2,32.9,23.1,15.2,9.3,19.7,7.5,32.1,12.5,9.0,8.1,32.2,28.0,71.0,19.0,13.7,40.3,13.4,3.7,9.4,35.5,3.2,14.1,4.7
20005,9.3,24.4,17.8,32.6,59.8,7.0,10.4,5.8,73.6,81.4,16.2,56.0,6.8,17.0,60.7,22.3,10.0,31.5,21.9,13.8,8.4,18.6,7.0,31.0,12.2,8.3,7.7,32.4,27.4,68.9,18.5,12.8,38.8,12.6,3.4,9.3,36.3,3.0,14.9,4.4
20007,9.3,24.3,18.0,32.3,59.5,7.2,10.4,6.0,73.5,81.4,16.3,52.1,7.0,17.1,58.9,22.6,10.0,31.7,20.9,13.8,8.7,18.5,7.3,31.7,12.1,8.4,7.7,29.9,27.1,71.9,18.2,13.1,38.6,12.8,3.5,9.3,34.6,3.0,15.6,4.6
20009,12.3,24.4,16.9,32.5,59.1,6.9,10.2,6.1,74.8,81.2,16.8,56.1,7.2,16.9,60.8,21.5,10.8,33.4,21.8,16.5,9.9,20.2,7.4,32.4,14.0,8.7,8.6,31.1,28.7,68.0,17.7,13.7,39.2,13.2,3.8,10.4,34.6,3.1,15.6,5.1
20011,9.5,25.8,17.6,33.3,60.6,7.2,10.5,6.1,75.2,81.1,16.8,51.5,7.4,17.8,56.0,22.8,10.4,32.5,21.7,14.8,9.6,19.5,7.3,32.6,12.5,8.8,8.2,31.5,29.5,69.1,18.5,13.9,37.3,13.5,3.8,9.9,40.8,3.2,14.3,4.8
20013,9.6,25.3,17.4,33.3,59.5,7.1,10.7,6.0,74.9,81.5,16.6,54.2,7.1,18.2,61.3,22.6,10.3,31.7,22.2,14.9,9.2,18.7,7.4,31.3,12.8,8.7,8.3,31.5,27.2,71.1,18.8,13.3,39.6,13.1,3.6,9.8,33.3,3.1,13.1,4.7
20015,8.6,23.4,17.6,31.3,59.8,7.3,10.2,5.3,75.2,83.3,14.9,57.6,5.8,14.5,65.3,21.8,9.3,29.3,21.1,11.9,6.6000000000000005,16.2,6.7,32.1,10.9,7.3,6.7,32.7,22.5,71.1,17.4,11.6,38.8,11.8,2.9,7.9,37.3,2.7,12.2,3.8
20017,11.3,24.6,17.3,33.1,60.4,7.2,10.2,6.3,74.5,81.1,16.4,53.7,7.3,17.3,60.8,21.7,10.8,32.4,21.3,15.4,9.7,19.7,7.5,31.7,13.0,8.7,8.5,30.9,27.6,74.1,17.8,13.8,38.8,13.1,3.8,10.1,34.9,3.2,17.1,5.0
20019,11.5,25.4,17.1,34.3,59.7,7.0,10.9,6.8,73.4,79.9,18.4,52.0,8.3,20.1,56.3,23.2,11.3,35.4,22.8,18.0,11.8,22.0,8.2,31.5,14.6,10.0,9.8,31.8,30.6,69.1,19.7,15.3,40.9,14.5,4.3,11.5,37.0,3.5,13.9,5.7
20021,10.1,25.7,16.8,32.8,59.9,7.1,11.0,6.4,74.7,80.5,17.9,53.0,7.9,19.3,58.3,23.8,10.6,35.4,22.4,16.4,10.7,21.0,7.9,32.0,13.4,9.6,9.2,32.5,28.8,70.8,19.3,14.5,43.7,14.1,4.0,10.5,37.0,3.3,14.3,5.2
20023,11.9,24.7,17.2,32.9,59.7,7.0,10.4,6.4,73.8,80.3,17.5,52.4,7.7,18.6,58.8,22.9,11.1,33.5,22.5,16.7,10.6,21.0,7.8,31.6,13.7,9.3,9.0,33.9,30.8,70.8,18.8,14.3,38.5,13.9,4.1,10.5,34.9,3.3,14.9,5.3
20025,10.3,23.2,18.4,31.1,58.9,7.1,10.0,5.4,74.3,82.7,14.8,55.1,6.0,14.5,62.8,21.1,9.5,28.8,20.9,12.7,7.0,17.0,6.7,31.1,11.5,7.5,7.1,31.5,25.1,71.4,16.9,11.8,37.2,11.9,3.1,8.3,35.4,2.8,16.9,4.2
20027,9.2,24.5,18.8,32.3,59.6,7.3,10.3,5.8,73.8,81.6,16.0,55.2,6.8,17.3,59.2,23.3,9.7,31.4,22.1,13.2,7.999999999999999,18.0,7.2,30.8,11.7,8.2,7.5,32.9,25.8,72.5,18.0,12.8,39.8,12.6,3.4,9.0,35.5,3.0,11.1,4.3
20029,9.1,24.5,17.9,33.3,59.3,7.3,10.3,5.8,73.9,81.5,16.2,53.5,6.9,16.8,61.4,23.1,10.0,31.7,21.9,13.2,8.2,17.9,7.2,30.9,11.8,8.3,7.6,31.3,27.4,72.6,18.4,12.9,42.1,12.8,3.5,9.0,35.8,3.0,16.4,4.4
20031,9.2,24.4,18.6,31.5,59.5,7.3,10.4,5.7,74.6,81.8,16.1,55.0,6.7,16.8,55.9,22.4,9.7,30.9,21.5,12.7,7.6,17.3,7.1,30.9,11.3,8.1,7.2,31.0,25.4,67.4,18.1,12.3,36.9,12.5,3.3,8.4,35.8,2.9,15.6,4.2
20033,9.7,24.3,18.2,31.7,59.3,7.3,10.3,5.7,74.7,82.2,15.7,57.9,6.5,16.1,64.4,22.8,9.7,30.6,21.5,12.8,7.3999999999999995,17.6,7.0,31.9,11.6,8.0,7.3,31.1,26.5,76.4,18.1,12.3,39.8,12.6,3.3,8.7,35.3,2.9,12.9,4.2
20035,11.2,25.2,16.4,33.4,60.4,6.9,10.3,5.9,73.9,81.6,16.2,53.5,6.8,16.4,59.1,22.4,10.9,31.7,22.5,15.4,9.1,19.7,7.2,33.5,13.3,8.5,8.3,32.6,27.4,65.5,18.3,13.5,41.5,13.3,3.6,9.8,37.7,3.1,16.9,4.8
20037,10.2,25.8,17.0,34.9,61.2,7.3,10.5,6.4,75.0,81.2,17.1,54.0,7.6,18.1,59.1,22.8,10.8,33.6,20.7,15.8,10.7,19.9,7.6,33.3,13.5,9.2,8.8,34.9,27.9,69.9,18.5,14.3,38.8,14.0,4.0,10.9,35.3,3.3,14.5,5.2
20039,8.7,23.3,18.2,30.2,58.8,7.3,10.2,5.5,73.0,82.6,14.8,54.2,6.0,15.1,60.4,21.7,9.4,28.8,21.0,11.6,6.7,16.4,6.8,31.3,10.6,7.4,6.8,30.8,24.7,70.1,17.2,11.5,37.3,11.8,3.0,8.0,34.5,2.7,12.0,3.9
20041,9.1,24.0,18.4,30.9,58.2,7.4,10.3,5.5,74.3,82.2,15.5,56.1,6.2,15.3,64.1,22.0,9.3,30.8,22.1,12.1,6.8,17.5,6.8,31.3,11.1,7.7,6.9,32.1,26.4,75.4,17.8,12.3,39.4,12.3,3.1,8.0,34.7,2.8,7.1,4.0
20043,8.8,23.9,18.9,31.3,59.2,7.2,10.3,5.6,74.6,82.3,15.5,54.5,6.3,16.0,60.0,22.4,9.4,29.6,21.7,12.1,7.0,17.0,6.8,30.9,11.1,7.8,7.0,31.7,25.7,68.5,17.9,11.9,38.0,12.2,3.1,8.2,36.5,2.8,13.2,4.0
20045,7.8,23.2,18.8,29.2,59.7,7.2,10.1,5.2,77.4,83.7,14.1,57.2,5.7,13.3,62.6,24.0,9.2,27.9,21.0,11.4,6.8,15.6,6.6,31.4,10.5,7.2,6.8,28.9,20.0,75.3,16.5,11.4,33.1,11.4,3.0,8.5,34.7,2.7,10.9,4.0
20047,14.5,23.8,17.1,32.9,59.7,6.8,10.1,6.1,73.7,81.0,16.9,55.6,6.8,17.1,61.5,21.1,11.1,33.1,23.1,17.3,9.9,20.9,7.5,31.2,14.9,8.7,9.0,32.4,30.4,68.7,17.8,14.0,40.2,13.4,3.9,10.5,35.1,3.1,9.8,5.4
20049,10.5,25.5,17.3,33.5,59.5,7.2,10.7,6.5,74.0,80.3,17.7,48.1,8.0,19.3,55.2,23.4,11.0,34.9,22.5,16.4,10.9,20.9,7.9,32.0,13.7,9.5,9.1,32.7,31.8,69.3,19.3,14.8,40.5,14.2,4.1,10.8,39.4,3.4,20.4,5.3
20051,8.9,24.2,19.5,32.1,60.8,7.3,9.9,5.8,75.9,82.4,14.9,58.1,6.5,14.9,66.5,20.7,9.7,27.8,20.3,12.4,7.699999999999999,17.0,7.0,31.1,11.1,7.8,7.2,30.2,24.3,75.9,17.1,12.1,38.9,12.1,3.4,8.8,35.5,2.9,7.300000000000001,4.3
20053,9.9,23.1,18.5,32.4,59.8,7.1,9.5,5.5,73.8,81.9,14.8,53.9,6.0,15.6,59.4,19.5,9.6,29.8,23.0,12.1,6.7,17.3,6.8,30.2,11.2,7.3,7.0,31.2,25.7,70.8,16.6,11.8,39.9,11.9,3.1,8.3,35.5,2.8,15.5,4.0
20055,21.3,21.9,15.8,32.9,60.7,5.8,9.7,6.1,72.7,81.1,17.0,49.5,6.3,15.7,52.9,18.1,12.9,33.8,25.5,21.7,11.5,24.2,7.4,31.3,18.2,8.9,10.4,33.6,33.2,69.5,17.0,15.3,37.7,14.4,4.4,11.7,37.0,3.2,16.2,6.6
20057,22.2,23.0,16.3,33.1,59.4,5.8,9.2,6.3,72.1,80.4,17.4,51.1,6.5,15.8,53.2,17.9,12.9,34.7,25.2,23.4,12.4,24.5,7.5,31.1,19.4,9.0,10.8,31.7,34.2,69.9,16.6,15.7,39.6,14.2,4.6,12.5,38.3,3.3,10.8,6.9
20059,9.2,25.3,17.4,31.9,59.9,7.2,10.5,5.7,73.9,81.8,15.7,56.7,6.5,16.5,65.2,22.1,9.6,31.0,21.8,12.5,7.6,17.8,7.0,31.2,11.1,8.0,7.2,32.4,26.2,74.5,17.9,12.4,40.3,12.6,3.3,8.3,32.9,2.9,12.5,4.2
20061,12.0,25.3,15.6,35.5,61.5,6.4,10.4,6.3,76.3,81.6,16.9,55.5,7.2,17.6,58.0,20.7,12.2,34.0,22.9,18.9,12.3,21.3,7.4,31.4,16.3,9.3,10.1,33.1,31.8,70.2,18.1,15.2,36.1,13.9,4.4,12.6,37.4,3.5,12.5,5.8
20063,8.8,23.3,18.0,30.3,59.3,7.2,10.1,5.4,72.7,82.0,15.2,57.4,6.2,16.0,62.8,21.5,9.2,29.0,21.5,11.4,6.5,16.6,6.7,31.5,10.5,7.5,6.6,31.2,25.9,72.7,17.7,11.6,37.7,11.9,3.0,7.7,33.2,2.8,9.7,3.9
20065,9.1,24.5,17.3,32.8,60.4,7.1,10.3,5.9,74.4,81.9,15.7,54.8,6.8,16.4,65.1,21.8,10.2,31.0,21.3,13.7,8.5,18.3,7.2,31.9,11.9,8.3,7.7,31.7,27.0,66.5,17.9,12.9,37.3,12.6,3.5,9.2,32.9,3.0,14.7,4.5
20067,18.0,20.1,17.8,29.0,57.6,6.0,9.0,5.1,72.5,82.8,14.7,54.5,4.9,12.9,58.9,17.6,10.6,29.4,24.3,15.7,7.0,19.2,6.5,30.6,14.7,6.9,7.8,32.3,28.8,71.4,15.2,12.0,35.7,12.0,3.2,8.6,33.4,2.6,14.7,4.9
20069,13.3,23.3,17.2,30.5,58.9,6.9,10.2,5.8,72.6,81.0,16.5,50.8,6.6,16.1,61.2,21.7,9.8,31.9,22.8,15.0,8.3,19.6,7.2,32.2,12.9,8.3,7.9,32.0,28.4,74.6,17.8,13.0,39.9,12.8,3.5,8.9,32.0,2.9,16.6,4.8
20071,10.9,22.2,18.0,29.6,58.5,7.0,9.6,5.2,74.5,83.4,14.2,58.3,5.4,13.5,66.3,20.7,9.3,28.1,21.2,12.0,6.300000000000001,16.4,6.5,30.8,11.2,6.9,6.7,31.0,25.0,72.4,16.2,11.2,36.9,11.4,3.0,7.7,31.5,2.6,9.2,4.0
20073,9.9,25.0,18.4,32.7,59.4,7.2,10.5,6.2,73.0,81.2,16.8,50.3,7.3,18.1,59.1,23.1,10.2,32.0,21.4,14.6,9.3,19.1,7.5,32.0,12.4,8.7,8.1,31.7,27.1,71.0,18.9,13.2,40.7,13.0,3.7,9.6,36.4,3.1,15.3,4.7
20075,17.5,21.6,17.0,30.8,58.3,6.4,9.2,5.6,73.2,82.0,15.5,54.4,5.7,14.3,59.3,18.9,10.6,31.2,23.7,16.7,8.1,19.9,6.9,31.6,15.1,7.5,8.3,32.1,29.5,69.9,16.1,12.7,40.0,12.6,3.4,9.4,36.5,2.8,17.6,5.0
20077,12.0,26.1,17.3,33.5,60.3,7.1,10.5,6.6,73.3,79.5,18.1,52.8,8.3,19.9,52.1,23.2,11.4,35.0,22.6,17.9,11.9,22.3,8.0,33.0,14.3,9.9,9.5,32.5,30.8,71.8,19.0,15.2,42.1,14.3,4.3,11.1,36.8,3.4,19.5,5.6
20079,10.3,22.1,17.8,29.8,58.8,7.0,10.1,5.4,75.3,82.6,15.1,57.5,6.0,14.5,64.9,21.5,10.0,28.6,21.8,12.9,7.2,16.9,6.6,31.7,11.5,7.5,7.0,30.8,26.7,69.1,17.1,11.9,37.2,12.0,3.1,8.3,35.3,2.8,11.8,4.1
20081,16.8,23.0,16.7,31.6,58.7,6.5,10.0,6.1,72.6,80.4,17.4,53.2,6.9,16.9,57.1,20.7,11.5,33.4,23.6,18.6,10.2,21.9,7.4,32.8,15.3,8.9,9.2,32.8,32.1,69.6,17.6,14.4,42.4,13.8,4.0,10.2,35.1,3.1,17.7,5.7
20083,8.7,22.3,18.3,30.0,59.0,7.2,9.7,5.1,74.5,83.3,13.8,57.2,5.4,13.6,65.0,20.4,8.8,26.7,21.4,10.7,5.6,15.1,6.4,31.4,10.1,6.7,6.2,31.1,23.5,72.0,16.4,10.5,36.4,11.1,2.7,7.2,35.9,2.6,10.2,3.6
20085,9.3,23.8,18.3,30.6,59.1,7.1,10.4,5.7,74.1,82.1,15.8,57.7,6.4,16.3,64.2,22.1,9.7,30.4,21.8,12.9,7.3999999999999995,17.2,7.0,32.0,11.6,7.9,7.4,31.5,25.5,74.1,18.0,12.2,37.7,12.5,3.2,8.6,37.3,2.9,11.2,4.2
20087,8.2,22.7,19.7,29.2,58.9,7.2,10.0,5.2,75.3,82.9,14.6,58.4,5.7,14.7,66.9,22.1,8.7,29.0,21.0,10.4,5.6,15.7,6.5,30.3,9.9,7.0,6.2,32.0,23.5,71.2,17.1,11.0,34.4,11.4,2.8,7.2,33.4,2.6,11.6,3.5
20089,9.9,25.1,17.6,33.4,60.2,7.3,10.5,6.5,74.4,80.5,17.2,54.5,7.7,18.7,59.5,23.1,10.7,33.0,21.6,15.1,9.9,20.2,7.8,32.0,12.6,9.1,8.4,31.6,28.9,70.3,18.8,13.9,39.8,13.7,3.9,10.0,36.1,3.3,16.4,4.9
20091,6.8,20.2,18.4,29.3,58.5,7.3,9.4,4.4,77.8,86.7,11.5,63.1,4.1,9.7,74.2,18.8,8.3,23.6,17.1,7.699999999999999,3.8000000000000007,11.8,5.5,33.7,8.1,5.4,4.9,28.5,18.7,76.8,13.7,8.7,30.9,9.1,2.2,5.799999999999999,30.8,2.2,8.6,2.9
20093,16.9,22.6,16.7,30.9,59.1,6.3,9.7,5.8,72.0,80.7,16.8,49.2,6.3,16.1,54.1,19.6,11.2,32.5,24.0,17.9,9.6,21.2,7.2,31.4,15.5,8.5,9.0,32.2,31.1,74.0,17.3,14.0,37.9,13.5,3.8,10.2,35.9,3.0,16.7,5.5
20095,9.4,23.7,18.0,31.6,59.0,7.3,10.3,5.7,74.0,81.9,15.9,56.8,6.7,16.4,61.3,22.5,9.6,30.8,21.9,12.7,7.5,17.7,7.1,31.0,11.2,8.0,7.2,31.5,26.3,74.9,18.0,12.3,39.3,12.4,3.3,8.4,35.5,2.9,22.0,4.2
20097,9.1,23.4,17.7,31.1,59.0,7.2,10.0,5.5,74.6,82.7,14.9,55.6,6.1,15.1,65.8,22.0,9.3,28.6,21.8,12.4,6.9,16.9,6.7,31.5,11.0,7.5,7.0,31.9,25.0,74.5,17.3,11.7,40.2,11.9,3.1,8.0,32.0,2.8,14.5,4.0
20099,10.7,25.6,17.2,34.4,59.0,7.1,10.9,6.3,73.8,80.8,17.4,53.6,7.6,18.4,58.1,22.2,10.7,32.9,22.3,16.4,10.4,20.3,7.5,32.0,13.4,9.2,8.8,30.7,30.3,73.0,18.8,14.2,41.4,13.6,4.0,10.5,38.3,3.3,21.0,5.1
20101,10.0,23.9,17.8,30.9,59.2,7.2,10.3,5.6,74.5,82.8,15.4,54.0,6.2,15.1,63.3,22.2,9.6,29.7,21.1,12.9,7.3,17.4,6.8,31.5,11.9,7.8,7.4,31.3,26.1,67.5,17.7,12.1,37.0,12.3,3.2,8.7,36.6,2.8,15.6,4.2
20103,8.7,23.1,17.0,30.2,60.0,7.1,10.0,5.2,74.7,83.6,13.8,59.1,5.4,13.6,66.0,21.3,9.6,28.1,21.8,10.9,6.099999999999999,15.5,6.5,31.4,10.8,6.8,6.6,30.0,22.5,74.6,16.4,10.7,39.5,11.2,2.8,7.8,37.3,2.6,11.1,3.7
20105,9.2,24.9,17.8,32.8,59.4,7.3,10.4,6.1,74.4,81.4,16.3,58.4,7.1,17.2,63.9,22.8,10.2,31.9,21.5,13.7,8.7,18.7,7.5,31.8,11.9,8.6,7.8,31.5,27.1,71.3,18.5,13.3,40.5,13.1,3.6,9.4,34.2,3.1,13.6,4.6
20107,9.0,24.0,18.3,29.9,58.7,7.2,10.3,5.6,74.1,81.9,15.5,54.5,6.4,16.5,61.5,21.9,9.2,29.5,21.4,12.3,7.2,17.4,6.9,31.1,10.9,7.8,7.0,30.6,25.5,73.8,18.2,12.1,36.9,12.3,3.2,8.2,34.5,2.8,17.0,4.1
20109,10.2,23.7,17.3,31.4,59.3,7.2,10.3,5.9,73.8,81.5,16.0,54.9,6.8,16.4,61.1,22.5,10.0,30.9,22.1,13.6,8.3,18.5,7.2,31.3,11.9,8.2,7.7,32.2,27.7,72.9,17.8,12.7,40.1,12.7,3.5,9.0,34.2,3.0,14.8,4.5
20111,13.7,24.3,16.4,33.7,59.9,6.6,9.9,6.1,74.4,81.4,16.8,56.8,6.8,16.3,57.7,21.5,11.2,31.9,23.1,17.0,10.1,21.1,7.3,33.5,14.6,8.7,8.9,31.7,29.7,71.1,17.7,14.0,39.9,13.2,3.9,10.5,36.6,3.1,17.4,5.5
20113,8.2,23.3,17.6,30.8,59.4,7.3,10.1,5.2,74.4,83.1,14.5,56.0,5.8,14.6,65.5,22.2,8.8,28.4,20.8,10.9,6.099999999999999,15.9,6.6,31.2,10.0,7.2,6.4,31.0,25.3,72.3,17.0,11.1,38.0,11.6,2.9,7.4,33.9,2.6,13.2,3.7
20115,9.1,23.4,17.6,31.2,59.4,7.3,10.2,5.7,73.3,81.8,15.5,56.8,6.5,16.2,65.5,22.4,9.5,29.2,21.0,12.4,7.3,17.1,6.9,31.3,11.0,8.0,7.1,30.6,26.1,73.2,17.6,12.0,39.7,12.2,3.3,8.3,31.5,2.9,10.5,4.2
20117,9.6,23.9,18.6,31.4,59.4,7.2,10.4,6.0,73.7,80.9,16.6,56.5,7.1,18.0,62.6,23.1,9.8,30.8,22.3,13.8,8.3,18.5,7.3,31.3,11.8,8.5,7.6,33.1,26.8,73.9,18.7,12.8,37.5,12.9,3.5,8.9,36.1,3.0,14.5,4.4
20119,13.4,23.2,17.3,31.6,58.6,6.8,10.1,5.9,73.2,81.2,16.5,57.3,6.6,16.2,59.0,21.2,10.3,31.6,23.0,15.7,8.7,19.8,7.2,31.6,13.8,8.4,8.3,32.8,29.2,69.5,17.5,13.2,37.0,13.1,3.6,9.5,35.9,3.0,10.0,4.9
20121,8.2,23.7,17.6,28.8,59.0,7.4,9.9,5.1,73.7,83.2,14.1,59.8,5.6,13.9,68.3,22.0,8.8,27.9,20.0,10.1,5.6,15.3,6.4,31.2,9.7,6.9,6.1,30.2,22.6,73.9,16.9,10.7,34.7,11.0,2.7,7.0,33.3,2.6,9.4,3.5
20123,8.9,24.2,18.3,31.9,59.5,7.3,10.3,5.8,73.9,81.8,15.8,53.9,6.7,16.4,59.6,22.4,9.8,30.6,21.8,12.6,7.6,17.7,7.2,31.3,11.1,8.0,7.2,31.3,26.4,71.7,18.2,12.4,39.3,12.6,3.3,8.5,36.1,2.9,11.2,4.2
20125,11.2,25.7,17.4,34.4,60.7,7.0,10.8,6.3,73.7,80.6,17.6,53.4,7.7,18.6,56.1,22.9,11.1,33.7,23.1,17.3,11.0,20.6,7.7,32.3,14.2,9.5,9.4,33.6,27.8,70.9,19.2,14.3,39.3,13.8,4.2,11.1,38.8,3.4,22.3,5.4
20127,9.1,24.1,18.3,31.6,59.2,7.2,10.2,5.7,74.2,81.9,15.7,55.0,6.5,16.0,59.8,21.8,9.6,30.4,21.5,12.6,7.6,17.6,7.0,30.7,11.1,8.0,7.2,30.7,27.1,74.7,17.9,12.3,36.9,12.5,3.3,8.4,34.8,2.9,14.3,4.2
20129,15.2,23.8,16.7,31.6,59.3,6.6,10.1,6.0,73.5,80.6,17.2,52.3,6.9,17.2,59.1,21.0,11.1,33.1,24.0,17.8,10.0,21.3,7.3,32.1,15.1,8.8,9.0,32.6,30.8,72.8,17.9,14.1,38.4,13.6,3.9,10.4,37.7,3.1,23.6,5.5
20131,8.5,23.4,19.2,31.1,58.9,7.3,10.1,5.4,73.8,82.4,15.0,57.3,6.2,15.5,61.5,22.0,9.0,29.5,21.2,11.4,6.7,16.5,6.8,31.7,10.1,7.5,6.6,31.5,24.4,67.7,17.4,11.6,39.3,11.8,3.0,7.6,33.8,2.7,14.6,3.9
20133,9.9,24.1,17.1,32.8,60.1,7.2,10.4,6.1,74.3,81.3,16.6,52.9,7.3,17.4,58.9,22.0,10.6,31.5,21.5,14.9,9.4,19.1,7.3,32.0,12.8,8.7,8.2,30.8,27.1,73.7,18.6,13.4,39.9,13.0,3.7,9.9,36.4,3.1,19.1,4.8
20135,11.4,23.7,17.9,31.1,59.3,7.2,10.0,5.6,73.7,81.8,15.7,55.3,6.5,16.0,60.7,21.5,9.9,29.8,21.6,13.9,7.9,18.2,7.0,31.9,12.2,7.9,7.6,30.9,27.5,69.6,17.4,12.4,36.1,12.4,3.3,8.9,36.3,2.9,12.2,4.5
20137,11.0,24.6,18.3,33.4,60.1,7.1,9.8,6.4,73.7,80.4,16.3,54.9,7.2,17.8,60.6,21.3,10.8,31.8,22.9,15.0,9.1,19.7,7.6,31.9,12.8,8.4,8.3,31.8,28.6,73.1,17.7,13.4,42.9,13.2,3.8,9.9,36.3,3.2,13.1,4.8
20139,9.2,24.7,18.3,32.4,59.1,7.3,10.3,5.7,74.5,81.8,16.1,56.6,6.7,16.7,62.7,22.6,9.6,32.0,21.6,12.8,7.5,17.9,7.1,32.4,11.2,8.0,7.1,30.4,26.4,73.4,18.2,12.5,41.5,12.4,3.3,8.5,32.1,2.9,16.5,4.2
20141,8.8,23.9,18.0,31.4,59.9,7.3,10.3,6.0,74.7,81.4,15.9,54.8,6.8,16.6,61.7,22.3,10.0,30.9,21.7,13.1,8.1,18.2,7.3,31.2,11.5,8.2,7.4,30.3,26.9,73.4,18.2,12.7,39.2,12.7,3.4,8.9,33.7,3.0,10.4,4.4
20143,8.5,23.7,18.8,31.2,59.1,7.3,10.1,5.7,74.1,82.2,15.3,59.3,6.5,16.1,61.2,22.2,9.4,29.4,20.9,12.1,7.2,16.9,7.0,31.3,10.7,7.8,7.0,31.0,25.0,74.4,17.6,12.0,38.3,12.1,3.2,8.4,33.9,2.9,14.1,4.1
20145,10.9,22.8,18.2,32.1,59.5,6.9,9.8,5.8,73.4,81.3,15.6,57.1,6.4,16.8,62.8,20.5,10.0,31.2,22.8,13.6,7.6,18.4,7.1,31.4,12.4,7.8,7.6,32.1,26.8,73.1,17.0,12.3,38.0,12.4,3.4,8.9,36.3,3.0,14.6,4.4
20147,9.6,25.0,17.5,31.6,59.7,7.2,10.4,5.9,73.9,81.3,16.3,54.6,7.0,17.2,60.1,22.5,9.9,31.0,21.7,13.9,8.6,18.3,7.3,31.8,11.9,8.5,7.7,31.0,27.3,70.3,18.2,12.9,40.9,13.0,3.5,9.1,36.8,3.0,13.6,4.5
20149,7.9,22.1,18.9,30.2,58.6,7.3,9.8,5.1,73.6,83.1,13.7,57.2,5.4,13.7,69.3,20.5,8.5,26.8,20.3,9.9,5.5,14.2,6.3,30.9,9.6,6.7,6.0,30.9,23.1,72.4,16.5,10.3,35.8,10.9,2.7,7.1,35.4,2.5,12.1,3.5
20151,9.8,23.4,18.7,30.9,59.6,7.1,10.0,5.7,74.7,82.1,15.5,56.2,6.4,16.0,62.1,22.0,9.9,30.4,20.9,13.1,7.6,17.7,6.9,30.3,11.7,7.9,7.3,31.3,27.1,73.3,17.5,12.3,37.6,12.4,3.3,8.7,33.8,2.9,14.1,4.3
20153,10.1,24.7,17.8,31.7,59.7,7.2,10.4,6.1,73.8,81.4,16.5,54.3,7.1,17.7,61.1,22.9,10.4,32.1,21.6,14.4,9.0,19.0,7.5,31.4,12.7,8.6,8.1,30.6,27.7,68.6,18.8,13.3,42.4,13.3,3.7,9.8,37.0,3.1,15.3,4.7
20155,10.7,24.5,17.3,30.6,59.7,7.0,10.3,6.1,75.9,81.9,16.5,55.7,6.9,17.6,58.9,23.2,10.9,31.9,22.3,15.5,9.0,19.0,7.1,30.7,13.3,8.5,8.1,30.1,28.4,75.1,17.7,13.4,44.5,12.6,3.6,10.0,39.9,3.1,13.7,4.7
20157,9.1,24.6,18.1,32.6,60.3,7.4,10.4,6.2,74.6,81.4,16.4,57.6,7.3,17.3,64.3,22.6,10.3,31.5,21.0,14.2,9.2,18.7,7.5,31.1,12.1,8.7,8.0,31.1,27.6,70.5,18.4,13.3,41.6,13.1,3.7,9.7,32.2,3.1,15.1,4.7
20159,10.5,23.8,18.0,31.8,59.6,7.0,10.0,5.6,75.0,82.3,15.5,57.1,6.2,15.4,62.6,21.2,10.0,31.1,21.5,13.0,7.3999999999999995,17.7,6.9,31.9,11.9,7.7,7.4,31.4,27.4,69.0,17.3,12.5,40.6,12.5,3.3,8.7,33.7,2.8,10.3,4.3
20161,9.3,24.0,17.6,30.8,61.3,6.9,10.1,5.9,74.9,82.0,15.0,58.9,6.6,15.0,58.5,21.9,10.4,30.2,20.3,13.8,8.9,17.8,7.1,30.0,12.7,8.0,8.0,31.3,25.3,74.6,16.9,13.2,30.9,12.5,3.6,10.2,37.7,3.1,12.5,4.7
20163,9.1,24.0,18.8,30.8,59.3,7.2,10.1,5.4,74.6,82.2,15.5,59.7,6.3,15.6,65.0,23.0,9.2,29.5,22.3,12.2,7.0,17.0,6.8,32.2,10.9,7.7,6.9,31.9,26.2,75.9,17.5,11.7,40.6,12.0,3.1,8.1,36.2,2.8,12.6,4.0
20165,9.8,24.6,17.8,32.1,59.2,7.3,10.4,6.0,73.7,81.3,16.2,55.6,7.0,17.0,61.2,22.8,10.0,31.3,21.5,13.7,8.3,18.4,7.3,30.7,11.9,8.3,7.7,31.5,27.9,64.9,18.2,12.9,38.8,12.9,3.5,9.0,35.1,3.0,13.1,4.5
20167,10.2,25.3,17.1,32.7,60.1,7.1,10.7,6.1,73.9,81.1,17.2,56.2,7.4,18.1,62.5,22.7,10.2,32.9,22.2,14.7,9.3,19.6,7.5,32.6,12.7,9.0,8.3,31.7,28.3,70.6,19.1,13.8,41.8,13.4,3.8,9.8,34.1,3.2,12.7,4.8
20169,10.6,23.3,18.3,30.9,58.8,7.0,10.0,5.6,74.0,81.9,15.3,58.0,6.4,15.6,62.9,21.7,10.1,29.4,22.2,13.9,8.1,18.4,6.8,31.5,12.2,8.0,7.6,32.0,27.5,76.5,17.6,12.7,41.5,12.1,3.4,9.2,33.7,2.9,12.2,4.5
20171,11.6,22.4,17.6,30.1,58.6,7.0,9.6,5.4,74.1,82.9,14.4,52.9,5.7,13.8,57.4,20.0,9.5,28.2,21.2,12.7,6.8,17.0,6.6,31.0,11.5,7.2,7.0,31.5,25.2,72.6,16.2,11.6,38.6,11.7,3.1,8.0,35.6,2.7,17.9,4.2
20173,11.6,22.8,16.5,32.5,61.1,6.7,10.0,5.7,72.3,82.0,15.3,56.8,6.4,15.5,63.5,23.0,10.9,29.8,24.7,15.9,9.2,19.4,6.7,32.6,14.0,8.1,8.2,34.1,25.8,72.9,17.5,13.0,38.9,12.4,3.6,10.3,37.2,3.0,7.9,4.8
20175,25.1,21.5,15.1,32.2,59.4,5.5,9.1,6.2,72.5,80.5,17.6,49.9,6.1,15.4,52.8,17.6,13.6,35.6,26.7,24.5,12.7,26.0,7.6,33.0,21.1,9.0,11.4,34.5,38.1,70.1,16.7,15.8,43.4,14.5,4.6,13.1,39.7,3.2,15.0,7.3
20177,10.0,23.2,16.5,34.3,59.7,7.0,10.6,5.6,77.1,83.9,15.7,65.8,6.2,15.7,65.8,24.0,10.3,30.9,21.2,14.7,8.5,18.8,6.5,35.3,12.6,7.9,7.7,32.0,24.6,78.3,16.8,12.7,38.5,12.1,3.3,9.5,36.6,2.9,10.8,4.5
20179,8.3,23.3,19.3,29.7,58.5,7.3,10.1,5.3,74.2,82.9,14.6,59.0,5.8,14.7,68.4,21.8,8.9,28.4,20.2,10.7,6.0,15.8,6.7,30.5,10.1,7.1,6.3,30.4,24.2,72.9,17.3,11.0,34.8,11.7,2.9,7.5,32.7,2.6,13.6,3.7
20181,10.8,23.4,18.5,32.4,59.5,7.0,10.1,5.8,73.4,81.8,15.9,53.4,6.4,16.2,59.3,21.4,10.1,31.1,21.7,13.6,7.9,18.2,7.0,31.0,12.2,8.0,7.6,31.1,28.9,66.8,17.7,12.6,39.3,12.6,3.4,9.0,35.1,2.9,8.4,4.5
20183,8.5,23.4,18.5,30.6,59.3,7.3,10.1,5.5,74.4,82.3,15.2,56.0,6.2,15.9,63.4,21.7,9.2,29.4,20.9,11.5,6.8,16.3,6.9,31.5,10.5,7.6,6.8,30.4,26.4,74.2,17.6,11.6,39.6,12.0,3.1,7.9,35.8,2.8,13.2,3.9
20185,11.0,24.1,17.6,31.5,59.4,7.1,10.2,5.7,74.1,82.1,15.8,60.0,6.6,16.0,59.7,21.9,10.1,31.4,21.3,14.0,8.1,18.8,7.0,32.5,12.4,8.1,7.7,31.5,27.4,72.5,17.5,12.8,41.5,12.8,3.4,9.0,36.3,2.9,15.5,4.5
20187,20.2,23.0,15.9,31.8,59.5,6.2,9.8,6.3,73.0,80.4,17.9,49.1,6.9,16.8,55.4,19.9,12.5,35.0,24.5,22.1,12.3,24.4,7.7,32.1,18.3,9.4,10.6,33.1,34.1,71.7,17.2,15.4,40.2,14.4,4.5,12.1,36.7,3.3,14.7,6.7
20189,19.9,23.9,16.0,33.5,59.9,6.3,10.1,6.7,73.7,79.4,19.0,50.0,7.8,18.6,56.1,20.8,12.8,36.3,24.5,22.7,13.5,25.7,8.0,32.4,18.6,10.1,11.0,33.3,35.5,69.8,18.4,16.2,41.7,15.2,4.8,12.6,37.9,3.5,19.0,6.9
20191,9.4,24.2,17.5,31.8,58.5,7.2,10.2,5.8,75.5,81.7,16.0,55.8,6.8,17.2,59.2,22.5,9.9,29.8,21.3,13.5,8.4,18.0,7.1,32.9,11.8,8.2,7.6,31.2,25.7,70.1,18.0,12.8,39.8,12.7,3.5,9.1,38.4,3.0,15.7,4.5
20193,8.6,22.9,18.1,30.1,58.8,7.3,10.0,5.2,73.9,83.3,14.1,56.6,5.7,13.9,65.1,21.6,9.0,27.7,20.2,10.9,6.099999999999999,15.7,6.6,30.4,10.2,7.1,6.5,30.1,24.4,72.8,17.2,11.1,36.5,11.5,2.9,7.6,35.8,2.7,13.9,3.7
20195,7.9,23.6,18.8,29.9,58.8,7.4,9.9,5.2,74.6,83.1,14.1,56.7,5.7,14.3,64.6,21.6,8.7,27.6,20.8,10.5,5.699999999999999,15.1,6.5,30.2,9.7,6.9,6.1,31.5,24.0,74.8,17.0,10.8,40.3,11.3,2.8,7.2,36.4,2.6,13.6,3.5
20197,8.5,23.2,18.6,29.8,58.8,7.2,10.1,5.3,73.9,82.7,14.7,59.5,5.8,14.8,65.0,21.5,8.9,28.1,21.6,11.1,6.099999999999999,16.0,6.6,30.3,10.2,7.1,6.4,31.0,24.0,71.9,17.2,11.2,35.3,11.6,2.9,7.5,34.7,2.7,12.8,3.7
20199,10.3,24.5,18.0,31.6,59.8,7.2,10.3,5.9,74.4,81.8,16.0,54.3,6.8,16.6,62.8,22.3,10.2,31.1,21.1,13.7,8.3,18.4,7.2,31.5,12.1,8.2,7.7,31.2,27.3,70.1,18.0,12.8,37.3,12.8,3.5,9.2,35.9,3.0,12.0,4.5
20201,8.8,22.8,19.1,29.8,58.9,7.2,9.9,5.4,73.9,82.2,14.9,57.6,6.1,15.7,63.7,21.3,8.9,28.4,23.1,12.3,6.8,16.1,6.7,31.1,11.1,7.3,6.9,33.7,26.1,75.5,17.4,11.5,34.4,11.7,3.0,8.1,35.9,2.7,14.0,3.8
20203,15.7,23.2,16.9,32.4,59.6,6.6,9.6,6.2,72.9,80.9,16.7,54.0,6.7,16.5,60.2,20.2,11.4,33.3,23.5,17.7,9.9,21.2,7.6,31.1,15.2,8.5,9.1,31.4,32.0,70.5,17.4,13.9,42.2,13.3,4.0,10.7,34.1,3.1,17.1,5.5
20205,10.1,25.1,17.1,33.0,59.6,7.2,10.6,6.2,73.7,80.6,17.3,56.3,7.6,18.4,60.7,23.0,10.4,32.9,22.0,15.2,9.6,19.9,7.6,32.3,12.8,9.1,8.4,31.8,28.0,68.9,18.8,13.8,39.9,13.5,3.8,9.9,36.1,3.2,18.8,4.9
20207,9.4,24.3,18.0,32.1,59.0,7.2,10.4,6.0,74.2,81.5,16.5,54.5,7.0,17.2,58.4,22.7,9.8,31.4,21.4,13.4,8.2,18.3,7.2,31.3,11.6,8.4,7.6,31.3,26.7,69.9,18.3,12.8,39.5,12.8,3.5,8.8,36.4,3.0,16.3,4.4
20209,17.6,22.4,15.5,35.9,60.6,5.5,10.0,6.4,75.2,80.8,17.2,53.4,7.0,17.7,53.4,17.8,13.9,32.1,27.2,22.9,14.3,24.9,6.7,32.2,19.1,9.9,11.9,34.0,34.6,73.3,17.3,15.4,40.7,14.0,4.9,14.4,37.4,3.7,18.3,6.9
21001,9.660246310064682,32.00115563333146,19.266494759240537,36.24355866601891,54.05363731937372,7.962538929582783,13.888644001592299,7.292819627086949,73.41461221168558,82.18219816101708,22.646020194910456,56.1,10.915401879166623,23.899861343967057,55.2,38.59845962842252,11.570453851439607,39.5553303723062,28.866573574615003,19.805271008778483,24.707898951356306,27.024734565632933,7.6940785291697535,34.323981425972704,15.289393200100863,12.289072724774252,11.333905909743063,41.39800250754002,27.97431584573427,68.8,27.287851123942716,16.496612433922188,37.552995518233686,18.743186265295826,4.534494087750864,11.876648530265438,44.7,3.702707608754295,23.9,5.810793502399785
21003,-1.905108912023902,34.52993831078116,22.63699229730683,38.03621071449433,55.20364451457653,8.34550367625563,16.766139661598448,8.455961600785209,74.27253816757899,77.63001212670906,23.217682321243736,58.0,12.809089041647923,30.99330183388531,55.2,37.03447894736081,12.429126872940019,40.738320487528156,28.27905912829266,25.667600080797484,32.89779894306181,27.06382684652754,9.29032012778475,26.691172257338984,18.112635039117734,14.814170831224205,15.965613081782502,34.929649635454254,28.16066224718647,73.2,27.487330513118046,18.20900651984637,44.03915843393116,19.42736579357029,6.01730661951386,16.546846576122,39.5,5.012633527849577,31.3,7.271378594062671
21005,9.373315397324841,24.632369020344473,11.705077556213919,34.12286035569366,59.09184963269446,7.117043349048759,10.125619774275577,4.777224535751339,80.35739133765475,89.25136407682008,14.755865330914379,63.4,5.42403725894185,9.863748871159434,56.6,24.418942960901155,9.726557910909683,29.10860301628276,22.11163175310195,11.114325132728355,5.919837735442382,16.058428669417086,5.240159456503386,36.43438576998049,10.630723294886351,6.904682117477794,6.1310938261766665,34.930895677292106,21.560288185248133,74.3,17.40621357132371,11.430194324202311,29.840080462268197,11.667094834740558,2.6900607532144534,6.7912774900945045,39.2,2.5623613985502494,11.2,3.5466253169550748
21007,4.510873685208424,30.99477691291075,18.780891785831965,36.75626551102585,56.49979964836528,7.8590639859991915,14.011411053223167,7.113055092772313,76.03290205927553,82.2178561057592,20.593419809572442,59.0,10.213573801241603,23.197031620788124,54.7,33.47644263676419,11.55610225960858,37.085741048339344,26.91964105203127,20.19835257601786,23.081003046758987,24.02413537550047,7.679495898024949,31.60481482098483,15.389734816665648,11.901720930052088,11.996694067858323,36.799503276950574,26.646409130488284,72.5,24.490792835629946,15.89259855714021,38.72328808058868,17.005801692414888,4.708432518500658,12.60751837377029,41.0,3.986476838374534,23.7,5.859318884202068
21009,4.076651014299511,32.499395672910765,20.337756101410577,37.74030796173631,56.73869843794564,7.965399733025171,14.715468876746597,7.538915021458546,76.09964938938772,81.74792005785156,21.795536207414447,59.3,11.186618358986648,25.736188166883586,56.1,36.2365618371001,12.146356309742304,38.54488498665109,28.244211577830594,21.973808980974148,27.187004684604084,25.989423952705263,7.814857234093175,31.523421294388474,16.42379429481538,12.866932672534832,12.938310702730517,38.3432444338418,28.06286503896541,73.7,26.35246829083177,16.766913999627768,40.97105947771896,18.164647282873513,5.061814279684226,13.68009730432432,42.4,4.210562951575982,25.7,6.226106936944051
21011,3.3501174336621027,33.53222693709997,20.146770961909755,35.9660788935002,52.172895544149156,8.348872293500506,15.720406608060506,7.8888278588929275,72.12700729892748,79.02704562531298,23.424744198318283,55.7,11.967235414610006,27.322489468968016,55.1,38.85327196819634,11.367350683628402,40.76344727678344,27.87668426417421,21.88660986032791,28.01324730982156,26.694843371925153,8.901222398712028,29.94196248482026,16.056630389997068,13.607950833534353,13.55174232039915,37.36106121656204,26.476369238435193,68.2,27.664483951929686,17.25562408506096,38.52103389317928,19.32575700954355,5.178315384472134,13.940989776748285,41.3,4.31864687871677,28.0,6.455528238324873
21013,11.227101431106805,30.2311112749059,22.17002701100647,36.48018232856939,55.708578007435946,7.615011699424275,13.171800633886434,7.705575947495151,71.23852446872236,78.7322506930293,22.13245405946593,51.9,10.972556566891436,26.071778593290738,48.8,33.005994644421406,12.439593119438026,39.88569266815289,29.858489382246937,23.189737824260238,25.662481468119008,28.08638491913127,8.613053947297004,31.603248323973144,17.151724487948282,12.75130266064337,12.993223774462415,39.3151487614619,31.765511564407582,67.6,25.489244352816783,17.38204922030471,42.42166722884544,18.634705307661598,5.183705067168475,13.189793944861048,42.5,4.091356133649335,25.8,6.835064685621818
21015,8.705780098413786,26.740105214964544,14.677221757290697,33.426412635088965,56.028170459855254,7.426550707393033,11.754151128547164,5.667063680210972,76.76032886892803,85.74530988756614,17.295249961039236,61.1,7.158285093796067,14.748673593067219,61.3,29.36077259603218,10.147774009249023,32.3962198980249,23.21429716325572,14.140442174986312,13.033507129889944,19.392093106990977,6.363576430278675,34.02484126221763,12.134234657387438,8.804021481839758,8.179605397150743,35.4342635920513,22.799798355313097,73.3,20.4064476634159,12.97553744922313,32.42768310384793,14.013009086773316,3.3922285740680396,8.689273513639822,39.0,3.0013177663706663,15.3,4.461484778568695
21017,11.83048063497532,25.760601737786747,18.00834024040284,35.460220227237656,60.040904770513976,6.976929324678325,10.760919452789844,6.048948706528474,77.04485718838177,84.58608159631923,17.059474688764418,59.1,7.439453089642168,17.01620160823477,55.9,25.791288072060727,11.70356220837383,32.78132054696966,25.784249265558234,17.780115095736324,15.59236296298359,21.737797515026216,6.460425990223164,33.87752829040344,14.42432937495436,9.302792828210105,9.405656000553522,36.76362086221951,28.259926631982353,75.0,19.875897206414884,14.064459319262609,38.8020907727646,14.271214186856234,3.9720259086091914,9.918545436089817,40.1,3.2817670949577655,16.6,5.306308876039776
21019,2.753958368273855,27.544918173589167,11.376675630952064,34.40768374923575,56.55729913066347,7.71450709307595,12.328388737506199,5.3064478636859524,80.01803786551918,87.66153173515674,16.31223046547413,64.1,6.814875795751372,12.977240281671694,56.4,27.897160039127044,9.249177920279429,30.947177326228452,21.562881850192507,12.001148873144135,9.241231514400114,15.985956272232023,6.089779354885802,33.93036850102441,10.769711282474255,8.267567440311296,7.729824872712794,32.896803643190516,19.006416557167285,73.0,19.291427687568774,12.143247506535145,28.749735833872975,12.72664754040925,3.0911359353521806,8.408696610795142,38.0,3.033703404253906,15.3,3.7745787904127504
21021,9.190701680181423,27.972582594170635,16.26599300265042,33.64606081716744,54.624321595927725,7.590474270443894,12.39480676757222,6.215653542245022,74.53136213336231,83.64558710533429,18.944269666406917,58.3,8.27198802877261,17.7094928719058,58.9,31.48415386898128,10.449649804660213,34.761210395390506,24.66933339612454,16.035528728051336,16.315340422875725,21.669042906569445,7.095443866479967,33.3072220088726,13.112712085972905,9.908901512049585,9.341975235978731,36.40299401226594,24.3158151768436,70.7,22.163611864734392,14.095517557937288,33.87231541177244,15.466291093897983,3.7986423586667333,9.715515959038893,39.8,3.25054937674415,18.2,5.013666868917434
21023,8.714487437965143,28.568682226018357,19.07977654764709,35.37449284466956,56.917691880886835,7.476287625663931,12.668741067376956,6.76092322403714,74.93412004970295,82.26282197838992,19.434918867220194,57.9,9.12337724522814,20.994321051624123,57.1,30.791897259251886,11.608255341847393,35.73777302728976,26.408320758909788,19.468384056240488,20.666994599743187,23.67367651236212,7.416444442488678,32.07540248652971,15.110740936751256,10.957340084287122,11.045439000626871,36.785612238258885,27.609593359102714,72.9,22.776925172977958,15.260284540766138,38.97402668450304,16.200109399830996,4.458494008778379,11.497399892368165,40.2,3.68310267916062,20.8,5.7979986661531315
21025,7.5734633146878165,32.78370611552084,23.75033114595147,37.53191822642703,55.00597207023583,7.95523206962136,14.822023082467283,8.37896187105514,71.08724807529863,77.24359261709772,23.822364529523146,52.4,12.495353308872723,30.065221685809604,49.9,36.52192450418797,12.852870869309223,41.979891692577205,30.778585643327684,25.599110763673053,31.168830407260025,29.831483296522617,9.209440542387075,29.92204458398424,18.36225151116303,14.316682520013797,14.810369112453078,39.35581049383001,32.13993162915613,68.4,27.814628155281834,18.569550837778138,44.56150670904222,20.115645964140064,5.771920529397706,15.115541187571363,42.8,4.571268012425761,29.7,7.382564968244802
21027,2.187161900986629,32.82299514063071,17.235355216666875,38.85366323439415,57.21937219347452,8.12592600649334,14.452068009068634,7.1529279500608745,78.14939480139331,83.69417297866191,21.246889367732862,59.6,10.816815380265195,23.609698283471523,46.9,34.73371954663276,11.391598874837538,37.88333601960869,27.98294080450644,19.685407599446684,22.346262926614035,23.856822792485577,7.4984464082917945,33.256226856559884,15.104839520447154,12.143745401195535,11.93226616095105,38.11983631114852,26.007952006913477,70.5,25.59661115146332,16.165641789306658,37.148737621202365,17.262982921483655,4.627623231312034,12.735659521454238,43.4,4.04535107844164,25.3,5.531685046107668
21029,9.368314316848464,28.21768265507934,16.309668646383635,36.05951587543676,58.601460857351064,7.3925761425991725,11.870415294754082,6.041763078520135,78.51316155699315,86.46788281757371,18.265163869692607,61.6,8.110451995390093,17.14004333607289,58.0,31.027913630648676,11.205377111841017,33.6909757343857,25.819383104389907,16.27684974821378,16.605628846252017,21.76899912775412,6.099358738774788,35.51661686909861,13.547704459086813,9.623587271279247,8.927376423744839,38.577078105234264,25.85659844920358,74.9,22.197164155315516,14.01694423287783,35.83840701081922,15.014633733421377,3.729630577283175,9.710427017118413,42.3,3.1971583412995717,17.2,4.769907367416454
21031,1.9837058856506342,32.99122203024527,16.428026041669813,36.44634759291083,53.30315767191296,8.362824465714832,15.066030994721615,7.125297187982207,75.45679606415405,82.56689848875757,21.886956840748113,58.6,10.817538205507878,23.158343366838146,52.0,37.199392682547234,10.512376142812942,38.4624406841881,26.513644552613215,18.29425166995109,22.04154844233027,23.477532755111007,7.939206613755493,32.30655023977859,14.109975532316495,12.154271346906931,11.61566233546131,37.08202134910778,23.486544312280277,68.2,26.132483781022565,15.83805875563633,34.074341264639315,17.64909710799272,4.444985784044166,12.203144254074148,41.9,3.9195011812273544,25.0,5.389547945808687
21033,4.601843079557545,29.74825760149164,15.914422543439871,36.181802338340454,57.09543914661022,7.758200699067056,13.199124846466848,6.350990009729729,78.24360298778987,85.14215288597886,18.943650412956487,61.7,8.857016241409415,18.94749174413179,56.3,31.97038081496462,10.810165893452487,34.591320984183014,25.18014467787127,16.84199445770339,17.915590989798584,21.195243272962937,6.763216488321594,33.41064124559415,13.591585318793543,10.394302217319051,10.043164693982146,36.36141043823824,24.03560647259359,73.6,22.782313499457967,14.39140919324038,35.035345005790184,15.392341770919447,4.003953092803817,10.779973643773072,40.8,3.5363863576308665,19.9,4.942377889871335
21035,7.7644813093294225,29.16748467202371,18.768411637198906,35.43828977012379,56.71079390213845,7.56707898213049,13.026508606308248,6.741466280101794,75.60369181954042,82.89584726343797,19.60658364852511,59.3,9.237253196769608,20.975640224507522,59.6,32.282752247341186,11.528678676963741,35.704929049111065,26.173322423150555,19.11472844121716,21.31864259963774,23.56369116090753,7.239709591961683,32.30238880914352,14.912407806238907,11.026332116447445,10.940144635936015,37.067533781269276,26.849558256082286,74.0,23.321868488089063,15.166065673685004,38.48525452700045,16.314351170664246,4.40591442164732,11.502949326173338,40.5,3.6682516060343637,20.7,5.65676214106459
21037,5.169722237708067,26.45975200706943,13.850688940891043,33.630640127313455,57.48749445618553,7.403229846510947,11.997935001978579,5.4122810865958595,79.35813392346215,86.9797459324012,15.974261992363193,64.9,6.606300200955026,13.604667872098563,65.1,27.827967417963908,10.032437833544746,30.433643149311592,21.58990546029219,13.548152322532642,12.25200739117997,17.24561162751527,5.950252606305642,33.04912551708397,11.776838328247981,8.388078163305025,8.101398678008247,33.20712224992349,21.057146466247396,77.4,19.100541525822873,12.271866528075758,32.36396002395202,12.879705875215338,3.3274339759129044,8.804849204081073,37.2,3.059201187461998,14.2,4.213610825246728
21039,5.373844817525961,29.118948226814055,13.195257340604837,35.24740900926673,55.49529450949744,7.845614659799941,12.675255179882146,5.891647036456619,77.79958224635152,86.15059874653244,18.51805879561826,60.6,8.153359022075268,16.121486040137672,52.3,31.260939296133987,9.793330200524867,34.01643885286476,24.240467042312975,13.961878024707575,12.928972048844795,19.4458454532729,6.6200573470271,34.82660472980429,11.910868425521791,9.441061611960585,8.595599867505642,36.130455022973656,21.722563192459567,69.6,21.95571515474633,13.53695429521534,30.432058146602614,14.677841358193877,3.4381401129028215,9.194683447339088,40.9,3.1802847234381653,18.2,4.2845173137461146
21041,8.944788287222343,31.409348622544407,17.06358204475932,36.85978815556937,55.50586566496579,7.902214511703165,13.279026604512367,6.790589533509807,75.91134951580976,84.53673632301184,21.419534734301042,58.0,10.093160743201494,21.19402370627563,52.3,36.68937565400387,11.17418518326146,37.85031605486152,28.153658009829844,17.756870387368807,20.720157064418707,24.92543990200833,7.021015983855233,35.86661229085307,14.218837161017024,11.296609269506726,10.143045799476669,41.178390063200204,26.54490531472431,69.2,25.98642047162538,15.603532631172621,35.315160062996846,17.503502695874477,4.09711711993615,10.827620830235393,45.1,3.4658442027712595,21.9,5.170473358278578
21043,0.7772111288763739,34.061644355417606,17.797452616459534,35.720915333946806,51.02391904780727,8.587068890826457,16.099681855120338,7.627807234077633,72.98325872804075,80.06088820712218,23.21418590498398,56.8,11.748497905654006,25.863043318967843,53.6,39.302914550195084,10.523848004622902,40.2733483959494,26.68814538314618,19.864878755549313,25.4011839956233,24.83981404736245,8.795127976176182,30.258225485982926,14.793867466204738,13.210273461806766,12.899516989144477,36.315263187312084,23.573110474518952,66.7,27.436755648464434,16.642700012658718,34.95028885952491,18.815290691577154,4.854246691888459,13.31745261414273,40.9,4.210023929798079,27.6,5.924121686082518
21045,8.920045309855974,33.100297850358146,18.691147263460877,37.10267526410619,53.40333601832846,8.169268871903082,14.203624059970624,7.4763822414458625,73.04123831281208,81.79803224183011,23.529310664292524,54.3,11.524879684257167,24.877890033631765,48.2,39.283080830836106,11.387903581300856,40.89295239021678,29.81591189825552,19.928341829480257,24.409103276478085,27.492963488649167,8.03220310896682,34.809690652307566,15.282740830884432,12.69118986692466,11.6223463684202,42.017494091197804,27.969049088616508,65.2,28.148946760142096,16.982349035276087,36.5254260733505,19.289705625925023,4.590341663957506,12.110288125317364,45.9,3.7950056883955687,25.8,5.82224046105837
21047,8.314356250495914,29.068455699219598,19.55232528640472,37.528910516635754,59.68556688815544,7.389875099843394,12.469215521959212,6.851537088082908,77.17070405979811,83.25940192325359,19.331783574317726,58.8,9.394263304340823,21.76338085919448,52.6,29.912025613958136,12.25119830894691,35.73093182044604,27.78640663509924,20.551440443187126,21.408073358370753,24.20277584536785,7.097705641428388,33.03228935349324,15.868663918968855,11.148918068268166,11.37988730742238,37.9994811645167,29.35309085655023,74.3,22.9547950458826,15.660933138542495,41.04558637131582,16.1813942067607,4.6156544636461385,12.038761861500344,41.9,3.810425154727434,21.6,5.879139645613831
21049,6.594381761484438,30.258746574534076,16.612395254157864,35.573223969860805,55.42739615495387,7.833665190784039,13.378635750230732,6.550272378048971,76.32719649012552,84.33075223902885,20.058896706934036,60.0,9.324781429330946,19.89277939867629,57.7,34.481662997794885,10.831165665155428,35.98628352104071,25.90401243915526,17.134165563290644,19.518374206529934,22.777984973209797,7.010343494143036,33.815850146986364,13.751756961877621,10.80218562227271,10.113160008802373,37.892018050340845,24.64538890268562,71.9,24.149591235384612,14.816919872658122,34.928217645751246,16.37539522845915,4.046841718462956,10.75912619476882,41.8,3.4907695461306196,20.5,5.092427169857207
21051,-0.7626392015877563,36.68196248517856,22.147749952102544,38.760669441700344,52.489662321096716,8.73987627803703,17.32144940604829,8.881570978221333,71.82984310679912,76.46346784714393,25.66570665397304,53.4,14.143519530316858,33.10667691944471,45.1,40.57006838279915,12.09005140723597,44.154081832785174,30.49274190540496,25.824248200173912,33.46761450005728,29.259971573127146,10.000258473902957,28.206155319359638,18.09119440040315,15.723582148382675,16.273004336385103,37.629061109359846,28.644147462480028,65.5,30.14590462426837,19.303259554134257,41.882192056799894,21.192177087004854,6.072775679315837,16.676434409845783,42.6,5.057124485046603,34.6,7.352693906109227
21053,5.105775978871669,31.26738130512991,18.312926648649093,36.5014628669569,55.11740408557441,7.977035820345856,14.048332944109433,7.1848471736988735,74.6463856054728,81.5119140278107,21.20026066865522,56.8,10.448327163312129,23.414908397745833,50.7,33.87273307718171,11.237652104594744,38.03701900993936,27.27542850329789,19.886174201621248,22.22967672838289,24.329803916719435,8.028956931483517,31.84344039758051,15.135081941130796,12.016271953344981,11.95677439260264,37.07010946705807,26.434920387875344,69.0,24.8836174772325,16.09064509221679,37.352603636408,17.375248574275012,4.665249888334985,12.415498382537194,41.4,3.960900473296297,24.5,5.854919685097642
21055,6.2044230579026864,31.4989603734493,14.969745578093343,34.04036970094124,50.701257164330485,8.281948449456273,14.173530417234616,6.671302936780834,73.09407894676521,82.94048342500682,21.66170574695518,56.7,9.910701569632607,20.17617195093679,54.5,37.663555202649945,9.692423840293385,38.0352820254843,25.556860724008985,15.587197272682758,18.339579254630078,22.917213045430707,7.77531154279641,33.79301879252913,12.604238722704238,11.130112891848622,9.88952483264019,37.848379218560325,22.1417990052167,65.1,25.600699269646938,14.958111454610682,30.334829857219177,17.33375356959861,3.852302313497551,10.24250248449928,41.9,3.4028620359078117,22.0,4.895442434097698
21057,-0.7325611859600407,36.85969605456589,24.88953405322393,39.81165247044842,55.01532780650072,8.529143576590409,17.493022850402177,9.196414323148936,73.08031725627202,76.2780513266524,25.637944536045595,55.5,14.528894914576918,35.18377279348715,50.8,40.90052548529862,13.263937267247924,44.04724984028797,31.386459395903348,28.453952738585826,38.126824796848325,30.852646721008504,9.791509655378578,27.38244931093922,19.73056511836205,16.37220513062123,17.347984676706123,38.31819782551592,31.266770377671662,71.1,30.642148629347215,19.91465989925998,46.881679343882396,21.596617383629226,6.542481722865675,17.973626888311955,42.8,5.317137291026544,35.2,7.899629935802719
21059,8.93663934075806,25.9849274336394,16.565524384678675,34.67434310476787,59.05201773765028,7.138994138508762,11.308037371803497,5.831354589704351,77.86549090488471,85.27865445120366,16.586800449775208,61.4,7.126147522645917,15.865884282760895,59.9,26.37796963359228,11.08096613672418,31.823744146648956,24.03277811115823,16.338785122950423,14.539296702648924,19.94598181350732,6.3271189067623705,33.17364150361234,13.490919464806895,9.002784170318714,9.05273974482933,35.017006299756616,25.462732818871963,76.2,19.467890005239763,13.39216100661619,36.57832665135765,13.70820452397325,3.772817764654946,9.627831129935174,38.6,3.2358015475973603,15.8,4.945067816237952
21061,2.1600013541231533,34.56089500341881,20.548386095814426,38.76544748665306,55.73838103639949,8.285208086294695,15.706483266237178,7.9622121500239675,75.71124831880559,80.96944872631335,23.323703641248162,58.3,12.338121552186259,28.160336403661795,52.1,38.88765577617971,12.166764261403483,40.55597067873315,29.390800813725654,22.9640032498683,29.529808769097528,27.240347613558075,8.275899562453334,31.396708877306025,16.872302205108827,13.85562059630915,13.83983644786664,39.17588014269497,28.131429191133638,71.4,28.26042749747186,17.635705268320226,40.924962572056955,19.326609558591333,5.324934279920541,14.604980226662086,43.7,4.455308949865319,28.699999999999996,6.430247021458423
21063,12.713731836537455,27.190119451512658,20.18388910510089,36.2972235204686,58.97506810820951,7.135662686957801,11.351043879485145,6.785082494074052,74.36591253075869,81.77262856434362,19.076468513548566,54.8,8.890784104558628,21.0032868337629,49.5,27.382719835704865,12.241952681037422,35.884912373238706,28.133741254620855,20.605882526821784,19.3927382186721,24.767149840132348,7.449766028742762,33.08591172678362,15.92501223410238,10.728471153512505,11.037213244300112,38.08287173595505,30.950619407123494,71.0,21.857063705752118,15.657931170608816,41.218808367326744,16.055644846457774,4.553425089719992,11.355414301327384,41.4,3.6458265687553055,20.7,6.095810976898914
21065,-5.221873634993782,38.817943270435265,25.119916586178597,40.462788494577545,53.993523306281205,8.888627697758851,18.92232776547567,9.631876544347682,73.07468385806786,75.02085110586349,26.662691919579103,55.8,15.567797576159148,37.76988676083769,49.4,42.659484088295635,13.173209006601313,45.36699936743811,31.397278393484736,29.67889064565907,40.824908862221676,31.072857356649852,10.404211379563684,25.549285452898275,20.199150387138808,17.42245800917886,18.710823263550324,36.98130036593977,30.273413516179573,70.5,31.845751004103352,20.59301459677538,47.13097381542046,22.342832468970208,6.926782034753872,19.36137609928515,42.1,5.712203329868047,38.4,8.188863394992959
21067,5.28395775562057,27.158762520022346,8.764353552833349,32.68063469774841,54.162344587809294,7.793548681230881,11.867348722428249,4.728192526525731,79.5625359548707,89.80262484785769,16.249536544604474,64.7,6.0298800780389845,9.48773407472722,60.4,30.491033860061584,8.237661555681365,30.32131015707662,20.44825756167804,8.271465170914372,5.579973089546586,14.933193735070672,5.462364047493587,36.5620342543279,8.72485993513365,7.182956705569906,5.55168261930112,34.5369923333792,16.296795208925545,71.2,19.576762963783384,11.016266971223255,23.60649061608258,12.414923336153121,2.30885481444032,6.231434242611373,39.2,2.4437126523497152,12.0,2.8766807582051337
21069,4.0411491883254556,32.09184126331533,20.634479904597026,39.72510642739428,60.03077173922914,7.761160112934461,14.068747057088736,7.503939029464094,78.3113423824017,82.60066309262713,21.024670089275087,59.7,11.040233080942858,25.75226544978714,49.9,33.18563067472007,12.746029850651826,37.86371883219399,29.294989958982203,22.898853967970698,26.3817279919424,25.837533887091148,7.5108715617486865,32.2012345012967,17.093109270289297,12.70575086699859,13.131482653225682,38.67634612171299,29.937495709785324,74.8,25.424809325307884,16.934053502753482,43.07953566161936,17.585091428436037,5.175875221844459,14.003106108689561,43.3,4.3088773456579785,25.9,6.303807218474628
21071,6.352139469475277,35.19737658044275,23.516882476610704,39.33836596566397,55.549301261158,8.199886119649342,15.611187179348725,8.552359418038497,73.19364349219362,79.07968886966438,25.09363748984761,54.7,13.413467328118234,31.324044149012888,50.4,41.06568548897522,13.118743812275563,43.1590682972107,32.15502449412614,25.68881946933709,33.877896122308094,31.121428744596926,8.745253064716263,31.91431051082439,18.5242183544119,14.934786316231605,14.826812966286068,42.36902278981687,32.16591009847372,69.7,30.344661037325032,19.047265438613923,44.49175477596508,21.12226153565919,5.774100262897978,15.48692370305101,46.1,4.602447636840999,30.9,7.164383441796087
21073,7.164171700086073,28.731863824895633,13.476191504981077,34.066014700304,55.01865320269857,7.742954244474093,12.569198337475905,5.689914242756946,77.87075894113882,87.22795104562537,18.361370668250952,62.8,7.755949294760522,15.00152750965918,62.3,33.585274664925755,9.8332434890612,33.293129673401886,23.536570961754496,13.10123534671948,13.984907555232988,19.69648801479122,6.075639794098045,35.54107895659492,11.546592026306165,9.1047468698124,7.8195224383227675,37.24753919622703,21.26294238934689,73.0,22.387007305475393,13.037146766610892,30.303127217706393,14.70956031131722,3.216706876754913,8.544539483771779,41.1,2.9337328378995577,15.9,4.066735344090335
21075,1.7592721561609892,35.81451254466014,23.864552273991453,41.95075723089833,59.061682405938946,8.192831277797566,15.962388688815219,8.738028558368734,76.4325880046123,79.31066010801882,24.344953274447352,56.6,13.72686141605101,32.79619016937347,44.0,37.835653315198584,13.698192808043341,42.501340593745965,32.59944721331175,27.533177236840885,34.57953994315626,30.220726382772604,8.7607926888888,30.63932693199841,19.546526037091642,15.340594798166517,16.087127370067606,40.55072348907005,32.98019339410054,72.1,29.424701794950984,19.449393283686344,47.2509569560096,20.501007737745276,6.188006833937484,16.949222786197026,45.5,5.03981640075278,33.0,7.428516604768106
21077,10.689935403319852,30.712561037092186,19.72221804639684,37.5202690552533,57.842302685529695,7.588311211979384,12.88350430020109,7.03081116280535,76.12843720176757,83.83714301921178,21.159946909354804,58.2,10.190970374203975,22.67881684347088,55.0,35.41024161767859,12.25697849226283,37.7070375474659,29.175405008738167,20.187433084244603,23.757590634706922,26.462053870611722,6.960620135944934,35.19648867901604,15.749092903587727,11.659944639797887,10.977355097969136,41.74602107492822,29.69393138738713,72.8,25.783444013974872,16.148503054130433,39.989956269159684,17.697866413181824,4.497893951442954,11.725767103847181,45.1,3.642809236274921,22.1,5.748463948063663
21079,3.6141138551779175,32.261895585811494,17.8457034964785,36.22462705531528,54.11654157292827,8.159745263581598,14.733693057880522,7.189516388733524,75.09285763650851,82.12375789219901,21.647491911359417,58.6,10.688771039521418,23.526371244813447,55.2,36.59381907132646,11.004831784488779,38.20990886184342,26.758212930342484,19.28838359390735,23.408512740920354,24.23327476151345,7.885957456702266,31.925912338918284,14.7582432984269,12.198327268468763,11.84675634826652,37.326343284468386,24.989493306707544,70.2,25.874494071703502,15.969242774795905,36.27813584723222,17.690270670077965,4.591436472267957,12.429107760611029,41.6,3.9413698545115308,24.5,5.664551839350038
21081,3.6864757076173484,31.55366393703672,14.643434330307741,35.761246777525706,53.8996592298825,8.177762613092444,14.095728063268776,6.5099108772314915,76.71722006409713,84.77394467837067,20.556337295105898,60.2,9.62940011318896,19.665852711293198,54.1,35.87512641679913,10.083674416315013,36.49511763365305,25.40465817461947,15.798356416255633,18.089225727412746,21.725267657447304,7.162300207171099,34.031699618467535,12.837675954959309,10.876367445950894,9.933485033100451,37.32191237768585,22.19902648119605,69.2,24.734726828830574,14.676238144190902,31.72353336944269,16.44159460046559,3.877208958908167,10.589348430439538,42.0,3.498970709458181,21.5,4.729618379865745
21083,4.43037601576563,29.08418852403549,15.921930892175538,35.431080946262334,56.189231000925375,7.756450756243853,13.115205525813261,6.396405267525769,76.71450585669571,83.66627429769754,18.76092232608664,59.7,8.732355200518818,19.025793005374553,53.7,30.09669644711318,10.56022785539188,34.67656089817317,24.708498892778003,17.018584950368226,16.803479000990315,20.73357512349499,7.271700497047358,32.11581212573151,13.558965082389047,10.372725516328785,10.353309497805899,34.67488037343275,23.825241650047243,71.4,21.910448980193294,14.408071349528626,34.69290310438059,15.189711068730778,4.083491238533342,10.860416949559943,39.2,3.6088499121839543,20.4,5.126198481578735
21085,4.9000296615782455,32.593250615513675,26.984257953499156,39.748157249018,60.096048307422215,7.623355569813395,15.001197001830556,8.721233949507063,74.39230495987535,77.09663000052606,22.740184173030073,56.2,12.715427339983865,32.56965236664634,54.0,33.709930055369696,14.450269365113716,40.709000913103154,31.37381043887541,29.418653171148186,36.02852754729379,30.41459704879,8.94636786968285,27.720681109000797,20.672302864113604,14.991318781510316,16.631057045147074,38.08413805190084,35.28731137314412,76.9,26.96257054895107,19.18659298945926,51.85007076779754,19.72529500117537,6.5016010513041955,17.26618725880342,41.6,5.089676248186878,30.799999999999997,8.136012327123892
21087,1.3356352387202932,35.338300659443085,16.56876539870423,37.00007334079126,50.97762279787856,8.757846775393576,16.10670902517286,7.604540535838219,73.81936497832962,81.4491631921373,24.079680021990324,56.3,12.176466382769407,25.748603959018638,47.8,41.32765454246757,10.363114522321816,41.30751749323018,27.996080785928477,18.98471087616823,24.523608291792662,25.424221612585605,8.545063010867162,32.69173823423706,14.372184125242576,13.259080077886377,12.336354406506924,38.84495406985459,23.523570287278325,64.0,28.7965164529474,16.851628508101378,33.124415526904876,19.325196439352833,4.642913374244429,12.86766976873646,43.9,4.083205049916646,28.2,5.573798095343108
21089,4.36237673401535,30.35138899998011,16.058216405672844,34.997597464777684,54.32284211996188,7.972430159296861,13.82978031722064,6.581953469109275,75.75674120144788,83.44632320077432,19.960910362675882,59.7,9.342185300118162,20.021975417959037,57.0,33.82483820520783,10.411001304256605,35.934742158215364,24.95106131017338,16.930592491459116,18.89114628773644,21.803230350939362,7.401276211435788,32.37742113364494,13.461138019351658,10.884899912653783,10.453331291577024,35.87026369845796,23.217012610749617,70.8,23.674207310833822,14.708305085551244,33.87619289679761,16.166098754338826,4.0976456717248695,10.987346754574663,40.1,3.603231507976555,21.2,5.120365063388633
21091,10.529094353763469,25.431077220078684,12.50225767479919,33.197743779027526,56.60289537538159,7.283191629876224,10.655691201240167,5.085258878319444,77.78650866724429,87.7360125775398,16.148744821209302,61.3,6.096828444556916,11.382749310946288,58.3,27.339817417011005,9.624527912578953,30.88263397924023,22.61403360331489,11.624103231462483,8.069799086445979,17.674838401320585,5.755127190443875,36.089722178291936,10.826182856253062,7.552719388930815,6.529334111490414,35.832373719276745,21.75308795135276,72.0,18.975362767212935,11.985344812379836,29.550961264714854,12.855810768531843,2.820618905922517,7.039079198094441,39.6,2.599150512238295,12.5,3.7992446151491057
21093,2.6522329848798076,31.32394151815222,12.3945749956161,34.396713116225506,52.58170809444748,8.27717517631788,14.197948326116688,6.005535688449017,77.6945669826266,86.702837822427,19.85521013800627,63.1,8.852616284815985,16.836198148637763,60.6,37.28237811608456,9.231900889861393,34.99724015584222,23.365617426340293,12.91059447464681,15.612970722081446,19.66415375895953,6.585907788826352,34.7765447918347,11.18563085927305,10.007827148744639,8.539954237076387,36.70971473388701,18.83779941957922,70.6,24.315496495485792,13.489654746545659,27.99245514467932,15.65395887107849,3.3364739480880847,9.30147731336868,41.3,3.165769553584451,18.8,3.9950330974089168
21095,11.589541874422723,30.241507651653343,20.745761032462333,38.795708460501885,59.28829407073781,7.459551067248731,12.34353146724188,7.2989603367242015,75.38596665979196,82.24700254813858,21.194942324799374,54.7,10.48227643802786,24.106476993061463,44.5,31.896890051906773,12.729146081520739,38.50778789128449,30.720677880946273,22.04033337120474,23.25160051192959,27.253148317416795,7.5068635685924265,34.70302063303601,16.787574794728943,11.983327350229224,11.87055717459318,41.467832065627725,32.286444118073504,69.7,25.063402301139373,16.910361573696488,42.16304461864744,17.768450474183133,4.836695760853074,12.432086396060555,45.3,3.87565399989027,24.1,6.244833730004047
21097,6.587264004984654,28.797426609916577,16.519565198334558,36.24832303840011,58.269270486217344,7.535456463212764,12.531638266150207,6.259400747744886,78.37830502508564,85.36177702606514,18.434261078848845,61.5,8.49519606307158,18.4224004960496,56.6,30.58273241114054,11.145903025153958,34.04163164362975,25.49543890430604,17.120719341594576,17.547213650007247,21.447094824118693,6.54988335736685,33.843035191402194,13.868681489091067,10.100798911477204,9.819253452143572,36.86035299370502,25.328073110678236,74.6,22.149225800836934,14.308865131553004,36.2762463732757,15.108238456073531,3.9868131017983233,10.555484719073547,41.0,3.457993828933108,18.9,5.0078548260188
21099,14.77796653573341,29.79048647373383,25.68089262592835,38.285332823646584,59.511681860872294,7.189566122258371,12.441927907847658,8.042527311839489,72.14533135553098,78.63495930251653,22.19986931033983,52.0,11.324282341727015,28.187513735677257,50.0,32.25112081887422,14.098726078944004,40.203440708085054,32.326800667821004,26.43986076822798,29.902503158682073,30.952317190811836,8.286439516717083,32.24540741763859,19.31168357304053,13.289778643182963,13.857309480593816,42.01372033191229,36.87524738302326,71.9,25.98824425161785,18.333396903649113,48.794968838048035,19.234212801697915,5.661433097328551,14.236420270417394,44.5,4.259426461543677,26.2,7.515402348570945
21101,5.041228040114574,31.92978007660996,20.507918015248748,37.540546191293586,57.36752626079244,7.834873370646174,14.385303918698327,7.4029693200562825,76.54700546535854,82.33820856320236,21.350532395173104,60.2,10.840876526744264,25.00499817922891,58.9,35.955465546943174,12.283210025972423,37.86156153646114,28.03825174425753,21.749297335678804,27.04112770252611,25.874928939408147,7.51441572627278,31.876132874950667,16.38334704305831,12.571622491254963,12.589722262755583,38.63273739967493,28.31506233440675,75.4,25.997498944815117,16.504553008358933,41.40669996718874,17.88469347352452,4.975499273874194,13.388266144582555,42.4,4.110662515877546,24.5,6.151072939739888
21103,9.710362653591533,26.397196787620526,14.334472461072753,35.141259954148744,58.646065808248174,7.257235030793604,10.964530231799333,5.520745108940785,78.70603847594305,87.12760778520996,16.729957288790775,61.2,6.928473304103872,14.05717922976808,55.0,27.261595308277283,10.517143057165313,31.873568757747925,24.327490178926798,14.178063948539922,11.366471842306032,19.287498457815122,5.923803019350551,35.688060293396404,12.330039935803425,8.435872880429914,7.8134390314615265,36.66528973918274,24.25140691820682,73.3,19.817204474358864,12.977126030292725,33.187518141468225,13.528087155350658,3.3094945701775065,8.446906181089897,40.7,2.9426805808171235,14.9,4.32027827071566
21105,6.535145608477585,30.173427487877216,15.143883924981953,35.594655726102765,55.32681955433714,7.872834930515819,13.149047790648249,6.285667833970923,77.08234224515326,85.51025980638823,19.742562064166705,60.5,8.978067716539469,18.391844541218433,56.1,34.364817776742555,10.429414145007085,35.46495619960249,25.535080723686093,15.655690799621448,17.235054778742175,21.81387813406111,6.7197569861930395,34.9049996650951,12.93678377855504,10.299945790848456,9.319275977207882,38.119817661526525,23.494703973443375,71.0,23.849664661660384,14.345811261760545,32.84724811549867,15.938134431814465,3.7450542967811815,10.003280799617535,42.3,3.3118016901741285,19.5,4.681939894371965
21107,4.706720338978865,31.869048986105316,14.889950126903875,37.676138840629775,56.892048647742484,8.015184099569632,13.63033487695487,6.405199189852899,79.58987858771899,87.05106984445258,20.296635685972067,62.5,9.604748762792605,19.371716092917485,53.7,36.2403177500954,10.75828250515463,35.977634063506166,26.679462175746465,16.050396791761774,18.742590470018584,22.338641376041487,6.341702316541471,36.2174227198797,13.25144083582055,10.717492284404308,9.529959416819777,39.829489361428244,23.808369040240418,72.3,25.17995338431932,14.725181382808477,33.38873772812283,16.345121950279093,3.8128118119641177,10.515133548796522,44.6,3.419277093150054,20.7,4.5500242875468375
21109,-0.6296212677521975,34.509006543304615,19.17102492777898,38.99632561554558,55.57945598381787,8.411564114741342,15.861068358562978,7.885413890349378,76.0707359406652,80.59516087168859,22.82313647528039,57.7,12.194573434733146,27.7162214438352,46.0,36.48248461710593,11.656607778025853,40.171269326237024,28.63631074362911,22.418424446364362,26.990478548708474,25.535263964377947,8.596528618561681,30.442728376386007,16.398167845799787,13.683020214784051,14.011963068296433,36.89305288797991,26.665261616611392,69.1,27.128432132096616,17.42510113135614,39.307435442752514,18.656176995710133,5.300905796383667,14.671978131806416,42.3,4.564943095378103,29.5,6.3187679762650415
21111,0.6036803207775208,30.81363571025232,13.198739609957133,34.63269317929736,53.593541385490475,8.205074551134112,14.32039250626417,6.148394982058968,77.85039190431851,85.43908115909645,19.216494654087523,63.0,8.818987576662266,17.72159420343104,59.1,34.421766594526254,9.466898009013963,34.49405753088768,22.931152836437008,14.262402876487485,16.021261725367832,19.04431841371842,6.959938661904501,32.659950882077446,11.851858134518835,10.215417750699194,9.499320360305564,34.29678853247277,19.278331944041057,71.6,23.109646272293055,13.657031141312293,29.89694359612213,15.20128921965526,3.6574466894951696,10.18746063201852,39.2,3.4433425451577264,19.8,4.3721497478665485
21113,5.959839447623204,26.870601189365797,13.13081444295389,32.66987959151422,55.00524160753565,7.585858184335478,12.215081709529679,5.445703356292309,77.41074791173116,86.30861568082442,16.809006671067323,62.9,6.827206607389284,13.54426755636081,63.9,29.54572955104956,9.485071184221487,31.500371778875454,21.539478540206154,12.668378826272168,11.546651860299272,17.55168652725343,6.291385651419045,33.349583364895636,11.173992515900231,8.471283030832108,7.815783120952724,33.61603462222506,20.072529931375193,73.8,19.867118192396855,12.320562990870028,30.04520351061501,13.413225890748734,3.186151424656656,8.351876811937576,37.5,2.9533459575664396,14.6,4.104968073653755
21115,9.239333209234825,31.62006035771754,20.905810200858696,38.568373707567844,57.67115019872369,7.7307432872146675,13.402536211689851,7.571112177321369,74.75664229937168,81.40973515116346,22.136767154841124,55.0,11.176234649428899,25.66507309685852,46.6,34.41466973761072,12.545433673898211,39.55617140562613,30.500165305746993,22.47904197157515,25.47586428823496,27.65221967457549,7.887930303421185,33.629921719999274,16.88350916528787,12.678710508793767,12.558605263227877,40.97552292883258,31.224835530371006,69.4,26.299509968509838,17.274979746950535,41.77262443972433,18.49651348503349,5.017942671025146,13.125115955933524,44.9,4.056923900441123,25.8,6.379144333351946
21117,14.87912345329698,21.752645404837825,12.739761127207146,31.865140981825576,59.100757023453596,6.641229981465253,8.701939359481935,4.410081531667439,78.56818222371983,89.10222463662637,13.557615735136078,62.7,4.172785833337327,7.531326410394231,64.4,22.500533887577735,9.905233176653711,27.55690445854131,21.283742413185976,10.482246999161315,4.552968440726762,16.142489180935623,4.893401431706228,36.678081948879836,10.446698591748513,5.915228674353571,5.066937605101333,35.147115817726686,22.775658618841696,76.3,15.783176114009859,10.690759388993783,30.74280987106266,10.979373538109446,2.436561031009698,5.559168480501053,38.0,2.188416754616327,7.4,3.561983500024862
21119,11.249613761054686,29.24347894173447,18.85572389406507,36.093527078781506,55.915583634910774,7.586771998472016,12.38003639414546,6.963045007814387,73.18660145738424,81.55388811924544,20.73636127555673,53.7,9.74643600816666,21.876909891090907,47.3,31.528472561167128,11.531153877381136,37.810819316779984,28.378313300131087,19.613533878604194,19.816136053182795,25.25900953049157,7.820721787107508,33.70171344572514,15.196607466987507,11.280489015375121,11.00108886137751,39.045986764409285,28.99065127798628,66.9,23.947265956624857,15.973321207540394,37.942146871613595,17.13220511269667,4.4454349713749535,11.277695592013533,42.7,3.6376124187768903,22.5,5.869250068637392
21121,0.5570476590835884,37.14163360616575,24.336942088108273,37.71489645096738,50.62228504994424,8.788226082795838,17.88793803722023,9.337252161441686,69.01952579245663,74.19711292418461,26.919077405838785,51.6,14.872123615875537,35.51004643060878,49.9,43.01509933703993,12.423292261685134,45.80176184459775,31.02638913073603,27.576076056325775,37.47694146605811,31.42701841779357,10.612039679091701,26.8187290421992,19.006588372852384,16.626748674536156,17.250611579054652,38.07493966925018,29.89187119020645,65.3,31.54544642742197,20.081461209573213,43.81652070859358,22.472218893204754,6.44278854260849,17.504594636199126,42.2,5.223192048509028,36.1,7.94066313865658
21123,8.055987288916256,29.913559968903428,16.051043033301696,38.06572062917917,59.1612525438024,7.604802589694156,12.292054675681019,6.326063872048579,79.30179100437704,86.57389587097468,19.316390349290447,60.5,9.017195259214311,18.840693619623305,49.4,31.979357767454196,11.359235464099399,35.24569742553501,27.51886311390517,17.05659196359261,17.29861614255239,22.688258109848164,6.295257595761035,36.43625101747473,13.974537164584325,10.27228935550459,9.496490090956001,39.95387666831188,26.6216438938891,72.2,23.507758902141,14.793071901627625,35.89105931232453,15.735817395332788,3.897798609430625,10.356075348135493,44.5,3.382833189103419,19.8,4.838399424204532
21125,10.745842510885119,27.868582660011146,18.484055915276464,35.46909527517734,57.222134311126084,7.372317978237709,11.941862372269878,6.585909720236255,74.71759207765732,82.67900609517112,19.174531571277264,56.5,8.777754942051619,19.88633092944993,53.0,29.501889634293672,11.507590893440094,35.58310711163057,26.82378202576226,18.772237161924803,18.41650548664225,23.546100391554635,7.294693724226626,33.25970621000409,14.788237606868373,10.49907242620713,10.41870341545204,37.53391985310506,28.10641472108778,70.9,22.249919977506888,15.088569369021767,38.13407918653906,15.916222804537746,4.261400178424624,10.796840550002374,41.0,3.5128827962475166,20.0,5.634228864414374
21127,-5.207557081584495,37.52826849340991,17.051942462425075,37.76299466427285,50.82666476174129,9.109764804456738,17.955842205448135,8.0016122837845,75.41702433412466,80.92321424315999,24.643721593981695,59.7,13.124101884802855,28.359751180520675,52.3,43.63561144841884,10.44736800916836,41.710560199087475,27.21003112464128,20.39270659913954,28.6885711597839,25.069984357976352,8.84381703415901,30.165504052422268,14.962522100639896,14.347014997024914,13.88367845994545,36.754813036472115,21.84940275954184,67.5,29.91273593780996,17.291470579191785,34.31400315402601,19.783666010908632,5.089669681548449,14.634502569202699,42.4,4.555110241447463,30.9,5.826466841361224
21129,0.7489143257691673,36.53545084544349,26.992409236129987,41.152294354685665,56.666036522929005,8.356328844299474,17.05848560273239,9.626881675470589,72.0184699079614,74.25352104622465,25.978716916359033,52.0,15.0678215531162,37.55300904799964,42.4,38.092630281067606,14.089083855044464,45.23095584370479,33.37128812890222,31.236345891732398,39.4887828353816,32.57405830579856,10.390065538246429,26.620934889891284,21.328866118290303,17.019904496236016,18.628536827700422,38.55274696045453,34.8356765541059,69.1,30.409893442767583,20.993525102664776,50.5702430677131,22.069931405205974,7.049211369226132,19.090178598828956,43.2,5.624463502862341,37.6,8.629753723869316
21131,5.4929857194163585,31.10467286389595,19.93949187808197,36.2403829021086,54.871200621189516,7.926690104518208,14.197699187053747,7.496237784002573,73.12318570320636,79.66471722893425,21.552990339793435,55.2,10.800931952846815,25.092932784883352,50.9,33.341472448649846,11.598639058761702,38.761541148807574,27.67604044539072,21.569730857969354,24.23428135160178,25.367223164226147,8.540278823253397,30.36638362277812,16.02629135310871,12.55603364813919,12.898278392714662,36.45456784699986,27.79945829615405,68.8,24.960085116496444,16.653562299434967,39.4784364683595,17.839308858287282,5.015436751473186,13.219110093817465,40.5,4.167576632572594,25.8,6.374265806021427
21133,-4.85551093518349,39.67758015238801,18.509413520719114,37.50175161223795,47.87697841659646,9.44472295800849,19.13838681469187,8.6348964824526,72.56052344671285,78.8609279543251,27.117446623564877,57.2,14.609307126340017,31.76048295660227,53.1,48.70645646505634,10.547305005109722,44.85870976883094,28.62946462929609,21.912541772862497,33.27215614573629,27.93549897765624,9.610943024962927,29.72639449325001,15.691387215035636,15.741084018451534,14.968619031940419,38.56155383315033,22.55804966994607,64.6,32.94674632996643,18.508902793890186,34.75128778255291,21.88615736357888,5.448215617474723,15.613804143538196,43.8,4.763005687626327,34.1,6.296516968234458
21135,8.163725671216454,31.8797369857552,25.35045630937424,39.25345383155377,58.66573944658692,7.627317184832147,14.095240575287521,8.48259813839605,72.63405540560423,77.1408305818574,22.94340880912693,52.4,12.369273703531984,30.85047712183431,45.7,32.72282136941861,13.81863080217393,41.28786126850217,31.919851697012753,27.662480379749688,31.75120063942777,30.25338399956253,9.08018355447957,29.622087930554187,19.682543406748643,14.359782445158393,15.516131529462982,39.240746759022535,35.133054245972325,70.7,26.620343651293744,18.96469391213872,48.61304170879943,19.631247124941506,6.101253480394012,15.896607131886082,42.9,4.774555775577679,30.1,7.798444218190223
21137,6.510945402454526,30.870659163650984,24.900133090216023,38.569266435888366,60.0140135039478,7.46019854051259,14.001318933335888,8.07649152280301,74.95068455342879,78.81151104356333,21.32108471300859,57.0,11.412411912394347,28.815202799068537,55.2,31.77091476931703,13.786484382681074,38.720796428971994,29.88936201209373,26.641987794145777,31.213170167096415,28.276531331040303,8.360699564119466,29.01823303165041,19.175074748985697,13.617515338207063,14.917597184122561,37.58181944494772,33.529926159527896,76.7,25.186942789469235,17.923687663719246,48.78663229747943,18.38462955497617,5.901846332898288,15.517019946399088,41.0,4.6588779737564305,27.3,7.472224392277273
21139,8.974349017808192,28.632656065983088,17.94883623525235,34.44612918415376,55.28971778690798,7.587580767368354,12.745802779355369,6.593926480590464,74.2874962876552,82.62678860140512,19.592612745510667,57.8,8.942383965831276,19.926226918506156,58.5,32.043567497889484,11.0555393794877,35.745784758971226,25.742694440458763,18.018136880985782,19.351731661338103,23.14957666976934,7.372089104873077,32.587420681305154,14.241909101099594,10.669943488254198,10.380756356219322,36.88247800093549,26.064487230300724,71.5,22.986345384741604,14.872938263408512,36.54761399654112,16.18355398706533,4.191346419392972,10.782543088776004,40.2,3.5027706723925225,20.0,5.4860255213398075
21141,7.813811548892717,28.670095083238202,19.846575996828093,36.09907767113407,58.4151303680028,7.399813058849849,12.7672964573426,6.83446850751479,76.17336702664623,82.53447611646283,19.15395696468641,59.4,9.19605352238962,21.602345137890577,58.7,30.38225212186212,12.04627027583522,35.33722696851048,26.571455686832095,20.386963634264596,22.09046693460651,23.802961592208877,7.249645975076403,31.684629018815485,15.686624480776487,11.130404276879927,11.46724141718823,36.645028607679436,28.334762226193256,75.6,22.68275674574795,15.392299512297889,40.85896861814683,16.098348230457823,4.630803012300018,12.053794856165428,40.1,3.810430603338108,21.0,5.945905642300515
21143,15.708469573279306,25.145888937433288,18.593603541126388,34.93221754436113,59.94759552113505,6.803376542907054,10.110455422241664,5.950209931200369,76.24772847432992,85.08114971371205,17.242325071914777,58.5,7.215766900130335,16.337064153157506,58.9,26.915955375828602,11.931459994195304,32.90378259870654,26.41449840521354,17.474786937682854,15.819584530831607,22.892817101547987,6.1390912094532375,35.37631350865313,14.41857088047326,9.038250871214258,8.70746699117085,38.94812688297719,29.489342414877232,75.3,20.330180083738142,14.00372561521646,39.131067276704925,14.572922669391586,3.8073632085043845,9.219760846998927,41.5,3.0350207885433225,15.1,5.249474742163041
21145,8.338301505127856,29.341749767645215,21.61537468906486,37.697638677965216,60.257354640516574,7.319999795919806,12.819921278441754,7.178537959338913,76.8274176504046,82.2464802322067,19.714858677606667,59.2,9.852417267587834,23.704612231402397,56.7,30.694224889777683,12.91234856945489,36.22814828686557,28.30727876573067,22.510544673266207,25.03830812069439,25.58567546827015,7.267640194911768,31.89227923286964,17.00036183464499,11.811048068842151,12.348372622711803,38.1483341871615,30.93541159932031,76.9,23.581824992195383,16.238240402670534,44.15614918817034,16.777116963655264,5.000438227997099,13.054080169373492,41.6,4.028769875581575,22.6,6.3716843186048155
21147,4.679525779595348,36.214494281897004,24.50794160781363,39.580452344756864,54.21553478421503,8.414295619565587,16.393586874168236,9.070152480798999,71.21406479111262,76.49816002391333,26.23528175553696,51.8,14.381044860869647,34.12811687443876,45.2,41.21320972620745,13.162297839546792,45.05064948875685,32.88677712027467,27.51154384440251,35.857884697969226,32.17449045746403,9.723499953235125,30.041279621575274,19.34095801907641,15.955496040631186,16.28033965163297,41.31965667020161,32.77944534328863,66.4,31.114365548324947,20.01539878058892,45.42526052466106,22.03693299193575,6.230242235397908,16.73212594461784,45.4,4.97004613680454,34.3,7.727727396090185
21149,-1.415609062158703,32.9216133094124,14.730261534577432,36.58216230066498,54.70269377749122,8.370203848966899,15.287505753307167,6.662550374173466,79.01041693400913,85.21891000390701,20.467041724741538,64.0,10.052791222834017,20.90396384084961,58.4,37.02745292925493,10.204584092457129,36.04436532486613,24.572192673299718,16.520809278872935,20.64933970821442,20.929842614088066,7.079314969147239,32.478786527052875,13.152808217900251,11.410839825522459,10.81253825660287,35.719335782198684,20.80486962934576,73.3,25.136629418918073,14.731228728295164,32.70278118119283,16.371222438649877,4.12536169682266,11.72595430768332,40.9,3.7994676105739114,22.7,4.776626985780318
21151,12.416180929531873,27.646149833777866,12.88533317596181,33.953453053295206,55.45442880610826,7.5086173180523,11.236274692597396,5.344118154616339,77.57461312239522,88.73074233412162,18.195971394725106,61.4,7.153078549796186,12.863962274603985,60.3,33.500442254055145,9.852113868129344,33.08266568118023,24.509168752943673,11.671182547200647,11.377108577191338,20.323361273030816,5.497423269786808,38.60806882322567,10.981967855621726,8.278214161294002,6.311023738593008,40.24527919927666,22.50562512826143,71.3,22.315257439673616,12.680926895440022,29.159152490897352,14.578881170222738,2.775126557002274,7.020098486754154,43.6,2.4921180578628954,13.5,3.690873787414411
21153,-2.721363390369117,38.82463709168026,21.340707271847243,39.00356770263364,50.35950518719621,9.142340458448249,18.420704333432937,9.108907408826065,71.42890377703701,76.44447566818612,27.178369578180337,53.3,15.056499084745386,34.38262987590413,44.2,44.60419441194735,11.66887151406614,45.84856415663307,30.86140734566705,25.417202741564488,34.901922865800564,29.89546941004883,10.251296568404495,28.618107545452855,17.73473529461179,16.395060259794473,16.493297004318233,38.59832285064479,27.166300279097946,63.2,32.24147779113755,19.708100799155083,39.826521425125776,22.236944081479884,6.0723962851574464,16.94645079142208,43.9,5.124580262973911,36.5,7.218905097559793
21155,6.457121043268517,31.81234613578117,20.10579775051732,37.56707629551683,56.467594268908826,7.879806174681243,14.05824939941814,7.4687567374258705,74.97711321096679,81.42910179116782,21.81718618504636,56.9,10.994675394175385,25.1387088207442,51.6,35.07060287632513,12.048763984886829,38.85009207791323,28.80440566588563,21.632384644915696,25.368079819518563,26.262898108733552,7.930071553159803,32.32533710997807,16.262175302961083,12.590525788752307,12.545667736615844,38.99871271940701,28.828458257072686,70.8,25.991251860615588,16.78893771204263,40.32512641762179,18.13483537929657,4.945424922957256,13.130972986287212,43.0,4.082261593678408,25.4,6.206212514299086
21157,12.048726833641423,23.001352846288505,16.91971053085073,34.72275030687171,62.310041116008414,6.582721861406615,9.51901145575356,5.388580701904738,78.95030325341881,86.04100090066585,14.385134101325699,61.4,5.727506053861452,13.3730227358405,58.4,20.493762978687773,11.536181515125712,29.35527489973256,23.745554861833728,16.232800809988575,11.145921101368952,18.768750054132028,5.802103295091869,33.577048729189016,13.647756520527023,7.810769875846579,8.307023838429448,34.24680249918158,27.36119963295068,78.4,16.462066194167843,12.6846239063499,38.48674939111085,12.074688789245638,3.616376331413299,8.838249342538015,37.6,3.0434537796421486,12.8,4.919570736364426
21159,1.6499046441316771,36.53843068295221,22.053178432590574,41.07185325749924,56.17958511884175,8.482280908404,16.291754243788127,8.659295856532722,74.9323951693015,79.21289952859114,25.166741592828565,54.9,13.89317667728739,32.107203185088075,41.2,39.81692536811429,12.800637396814551,43.474629943945104,32.25389094167341,25.74748758414939,32.616132590242664,29.837787809192044,9.031051409548093,31.37353629151854,18.395257856345452,15.252128695302199,15.467048989018638,40.83136411043133,30.886087978484795,67.5,30.201656503832893,19.276672583640973,43.30941814724448,20.863796925443403,5.890951714699685,16.18186221734059,46.0,4.874231743296155,33.3,7.067874895845677
21161,7.679428070786745,31.358391168471492,16.360144057037896,36.131164315945526,54.368041053029685,8.00462493552346,13.538876780268469,6.732635891113426,75.39038422236206,84.13604828273353,21.299695695737864,57.9,9.973335022141809,20.7981916926339,52.7,36.50057843244352,10.7371459710409,37.67413442011416,27.24388500696215,17.124639414256936,19.80571311250561,24.05150858209196,7.224516274017772,35.08561222474414,13.740768654787692,11.200471206539671,10.105390262000949,39.837788305330335,25.13562412183522,68.3,25.623073277848654,15.354843388249718,33.921721888549826,17.28649797223838,4.0329494909335315,10.70426476466146,43.9,3.4686650455857344,21.9,5.080676602514348
21163,9.996410608211049,25.83493956075769,13.710844760811106,34.417298923781,58.448535271956004,7.204363987079931,10.768453730268831,5.273298743232019,79.04168506688175,87.8953519712941,16.18313801689441,62.4,6.425117098417108,12.657620644030892,58.6,27.25123946409203,10.282124209448773,30.952773690832878,23.4383365123707,13.104309446253717,10.278184924558268,18.46507125376697,5.623634973978616,35.947855338595204,11.750852333120276,7.952961231690694,7.174394502349706,36.37837844936094,23.270871476384425,74.5,19.30834123976969,12.416456930121424,32.17804399232098,13.057290894858243,3.087072311973661,7.840083732255916,40.2,2.7778997793929836,13.3,4.060127678329897
21165,3.278507421258757,32.93764710865524,22.472078023903187,39.73978151477716,59.04257606970433,7.879358774170358,14.806742004001826,8.042591645483608,76.39599138815133,80.17021049120564,22.143319442885115,57.7,11.968759534243468,28.722638702966677,49.2,34.10683025598011,13.092643475433636,39.57057457219496,30.0667195256756,25.12565844943107,29.81635106490942,27.466055271943034,8.302573216752847,30.345177574196455,18.214365164652634,13.777177607731629,14.596705211791797,38.199822523584686,31.171763881932346,73.7,26.44451154128909,17.91485897342372,45.225249624649926,18.646502081930088,5.679113763523244,15.328982986472102,42.7,4.652976616181854,28.699999999999996,6.957061624527192
21167,1.2496890469697952,31.162851961956072,15.571657749856673,35.730694216792635,55.30290958130857,8.07120548706148,14.41593749661658,6.529715779078993,78.07054581490439,84.67032971120294,19.64799206581862,63.0,9.403896490485867,20.023188738152783,60.0,34.61755045015695,10.435716739007221,35.19805233339308,24.335259454295006,16.763134768572726,19.75001282178241,20.924639015377966,7.048007257837786,32.146924139907384,13.366010805788774,10.95066778906341,10.575854832668988,35.2855869284532,22.02787281980581,74.0,23.82313688414372,14.490520697391153,33.951638155908164,15.871976428366514,4.108051914485901,11.35566071235703,39.9,3.6953586600226913,21.2,4.93689561443196
21169,14.391377826702076,25.40470160558397,17.53464910329851,35.820846968961135,60.23332895162613,6.903208692988075,10.058970366844967,5.945007012307581,76.64594790469384,85.00528265022128,17.19356801275982,57.2,7.314486918989624,16.29112124319154,50.7,25.2250777539988,11.672101585575748,33.14865460823506,26.736676966819783,17.238398102375207,13.754551466844548,22.17745708438739,6.360103944513215,35.52791468313828,14.210342051018685,8.997315484569688,8.805024485928051,38.324664272251766,29.163958691472942,72.3,19.87969890963003,14.100259972612967,38.00870544765673,14.312994758402374,3.79150149696742,9.251266682964559,41.7,3.108621041402917,16.2,5.166153784338482
21171,8.109573508372447,30.584482357214014,24.05386110762597,37.53251432807196,58.036035881265164,7.532817586335081,13.782774200024498,7.989331754086807,73.07428987385796,78.28969304461624,21.685960093725924,54.7,11.294672501566662,28.04183131373734,53.0,32.12365614936597,13.248932374784914,39.28446243312596,29.747562849609746,25.539168162729055,29.344110960563157,28.234939309606226,8.613190797929803,29.50371079920921,18.48334733745744,13.38370826347013,14.376088201984683,37.80924702621614,32.81768372222534,73.0,25.2484454532839,17.780119736087975,46.49292336394599,18.537204673417207,5.688127602346778,14.77282568040522,41.1,4.486533497416709,27.0,7.3202983559715
21173,1.7900314386218135,32.54416683741596,16.402764114848985,36.69392036293809,54.5609060044537,8.245061716216334,14.825926511935222,6.975903838597175,76.72951983983305,83.41488919274339,21.204379191779587,60.2,10.461172176922602,22.445801049585725,53.9,36.331670027731015,10.676534683551898,37.4826647010763,26.192476648980133,18.15459279556291,21.735058548978593,22.9258742987425,7.585797723816771,32.46434296350974,14.108713317812137,11.854693046302657,11.395685700318914,36.892757667656205,23.540634206070628,70.5,25.52466516174809,15.538648721292573,34.67817069445274,17.143789519653282,4.390528475755875,12.094229741222385,41.7,3.8814750212505458,24.0,5.290477599428961
21175,10.687363136349505,30.757763997098905,20.721886624886615,37.23030996905241,56.397679414463425,7.677625728768665,13.109697124095709,7.4481313316690025,73.25432208169757,80.85453573686762,21.949257365591908,53.9,10.79363046425953,24.768430946556833,48.4,34.03701450932408,12.237374611268617,39.340289148965184,29.837421096981238,21.78349891918302,24.324609551910132,27.37753710942533,8.01654486178936,33.373870123296065,16.451758015310045,12.352870789775029,12.155380802375443,40.474598271697666,30.742544294014106,68.3,25.786346151833953,16.966198829835122,40.759596564349344,18.334199823755903,4.878241305401692,12.560621275594368,44.0,3.9168262177724014,24.8,6.333408081391415
21177,6.167944791990121,31.02487607514501,15.545401648265422,35.92690353414349,54.756932303875246,7.99535257914425,13.559328264433567,6.516072354681118,76.53137261287746,84.90666307557281,20.53038293018172,59.7,9.535074169972907,19.67671745645938,54.7,35.665095149812004,10.506777855787194,36.525171463461,26.176155037820507,16.311984364276377,18.635087812334305,22.67727445813677,6.980501345509769,34.78103222624304,13.263524620105501,10.806027308259889,9.791536949125598,38.64677140393231,23.84246303386721,69.9,24.79781332558442,14.819841020359483,33.14146824882261,16.584385994070633,3.897618417945706,10.461049496828391,42.9,3.425170542675095,20.9,4.846892152912248
21179,2.8941872373737816,28.85323670506166,15.680318240997558,34.85254798320229,56.74985170087721,7.705137996052491,13.35782012955277,6.15200205196311,78.44776167236353,85.0361942414681,17.916985399961682,63.7,8.230563865603344,17.867790553576995,62.9,30.876758549254863,10.532657324980322,33.06891347947787,23.211296665271554,16.25816473828824,17.42548613482412,19.59084101049086,6.70205373570408,31.745850721690992,13.176414054613895,10.008499936703894,9.954563355641413,33.86699455714539,22.357049558026343,76.4,21.503109892003124,13.707665345892085,34.72070801767964,14.575000940461269,3.946241349273088,10.678080867852618,38.1,3.528727660703777,18.5,4.866691162814963
21181,6.01063652135603,31.46056749805479,21.80401218608917,37.681499011380915,57.46454765552013,7.750785844720754,14.16121588661802,7.690519996858908,74.83254815574801,80.30479183815346,21.593810780323633,57.1,11.126136322513808,26.47488785375137,53.8,33.89852493254448,12.598778483558034,38.72093742032684,28.886191827541758,23.399468114932652,27.5510309690496,26.78885378274975,8.145946075863499,30.742555119322272,17.255431753576875,12.976882941612791,13.469067713655534,38.020126768455654,30.168479512263332,73.1,25.613552898061606,17.143859291285153,43.24194271003878,18.181548506100377,5.302419562646669,14.04396485621156,41.8,4.309630715953979,26.1,6.673170953703716
21183,10.299895200536652,26.97214358850351,19.689187643015522,36.94220934012827,61.19597592052462,7.03896492743006,11.386023375086559,6.515032966579773,77.5240183967008,83.67178505026081,17.828972394158615,59.1,8.3592473430897,19.833096580534484,54.1,26.4505288907223,12.401680666963303,33.93208802653963,27.08237160435294,20.151603062097518,19.187549421784887,23.207437988461372,6.759712898981315,33.00732918993561,15.756689074266879,10.289764690829543,10.769766089164408,37.13176133761418,30.014965147968,76.1,20.927407268043524,15.021646302927731,41.84758746039822,15.06334478466987,4.462705472994461,11.378082815075613,40.7,3.6439554080131638,19.2,5.8183556013277204
21185,7.067613462822855,24.61004685604884,11.754356226840972,31.676998602044293,56.43106081659408,7.265419281372233,11.093100828145134,4.753049186974387,79.10907965171512,88.35612403517567,14.65634622182081,65.5,5.243341928651844,9.685003161363415,68.6,26.48837616060866,9.194336774216001,28.499826880672625,19.677071438283992,10.478921456995351,7.523790989648461,15.088381299327114,5.455233736439816,34.041529057236914,10.07428054313121,6.989197585460346,6.289123256918321,32.454884485155986,18.79835166177793,77.0,17.399180577211478,10.900009424088214,28.760092046647223,11.62526230103698,2.6853483737535973,6.8974945426946785,36.1,2.58310956986052,10.4,3.5401365218264007
21187,7.2028062453083255,28.405765630898905,17.271956298455027,36.49393760798683,58.93291522458322,7.4343613542736815,12.297854953360158,6.354975585688354,78.06508363123284,84.72928346594125,18.32361082536723,60.6,8.520995482559787,18.944406394596253,54.9,29.317728143230582,11.429410996957861,34.12771306456986,25.91959606844603,17.978078315523497,17.862510987457227,21.836696440805316,6.697959665753194,33.45143757261504,14.370669703632883,10.205927390973102,10.175403305010978,36.695702385591765,26.46927104123687,74.5,21.800800678727768,14.548159165018154,37.62390687285815,15.107001216503466,4.137484419149336,10.855809863388965,40.8,3.540151336752881,19.3,5.243411172782052
21189,8.240936170651974,32.63735340530167,24.576613419454276,37.41560755316123,54.71172448906,7.929165534118071,14.793792074320622,8.563931287879289,69.88007789294282,76.02728723715366,24.120026201474918,50.7,12.718109755237156,31.007875011353974,48.2,35.97973409147027,13.013758120426298,42.61058347662828,31.223362839225885,26.513291796624795,31.86136736705493,30.52871806470997,9.57945700617239,29.26535679174584,18.83950585615709,14.609297425561131,15.305798667201106,39.16780955553883,33.09179015035718,67.2,27.847468308528207,18.951721893514296,45.527382114875394,20.429737289251975,5.956345092381959,15.484865761482695,42.5,4.673921607264228,30.6,7.683993271519077
21191,6.576739314451233,30.944571793209644,18.691145075418174,37.21671344924471,57.27405174038909,7.7638644363332245,13.548699169458956,6.9883576341665945,76.72022530076065,83.45576445209656,20.64606657894062,59.4,10.09418199148487,22.522387788686245,54.9,34.28738953622671,11.75272621468357,37.02343722985533,27.646910544292343,19.756536955754065,22.83062395858647,24.59987601437122,7.224832071633748,33.37386888208371,15.302795954043837,11.65245492078346,11.360503418067676,38.81379544850259,27.428094956783983,73.0,24.920749118805443,15.818101527475502,38.73337621466777,17.091923477664967,4.53653573508699,12.083156059381603,42.8,3.8066191997004655,22.7,5.666669916142628
21193,3.383303247235089,33.254981474590565,19.77635893094997,36.830653726352985,53.565143112330745,8.267247028569354,15.31991776808516,7.786575754793266,73.23791367094081,79.69172529537663,22.962397596027724,55.8,11.774040951410035,26.819775468818662,51.3,37.24659220335599,11.483897972507812,40.30778000988143,28.23098306249487,21.815593944668677,26.728544896150638,26.28404984538347,8.708652325952459,30.559878767329007,16.081433976350237,13.35795027188763,13.384419116417359,37.50025995416907,26.962515341643428,68.1,27.07207935716216,17.18113095057911,38.729825519317444,18.90372077588298,5.131258346499055,13.823057731378901,41.8,4.304973206717046,27.8,6.36598851174397
21195,9.762108799939544,31.124305000392795,13.62578292031484,36.03074909969878,53.89199372101486,8.03356500833603,12.78306584749236,6.184528604312907,76.33613565451066,86.76181831152883,21.02419156325668,58.2,9.299079497561268,17.60376480876411,50.0,37.32051890906149,10.020591529835915,37.04197031327102,27.10615696975689,13.963191477510437,15.382951656738054,22.966063970650545,6.509445065093031,38.34721161578066,12.081181509470067,10.134867704882387,8.133370245743654,41.856138735124375,23.5266042502447,65.9,25.58333359080732,14.482965533117824,29.652883350550102,16.755282192118212,3.332660900546243,8.803046582952197,46.1,2.9740860198126806,19.4,4.213315521736393
21197,3.7483845549973998,31.857815516377595,21.39569594159404,36.739336176214984,55.41024727356151,7.96783997490022,14.867962065001368,7.821420100495503,73.42576308926591,78.86467997702222,21.927788641885336,56.2,11.363813533141446,27.094893578323777,53.7,34.16093493584644,12.080337021216252,39.2126359694552,27.935654225651923,23.30039077095096,27.547949457941286,26.168765794221297,8.741593580419956,29.00468719764126,16.969673391444577,13.278373825345582,13.975235504796895,36.00639289286696,28.540008850915186,71.2,25.596536490604162,17.18599111618414,41.912788637682944,18.320343249260727,5.3975671678889885,14.382875714129522,40.0,4.448830458182844,27.3,6.7739105355860145
21199,-3.1515722167414673,36.2175392836931,15.068474027804914,36.02711220743328,48.9210321728696,9.085496796074342,17.23101180593775,7.5465754591551,74.02052252603627,81.33616088877042,24.070750585784324,58.2,12.230633684299374,25.473105518451636,51.4,42.666288084075504,9.542968293183973,40.963282924701005,26.025192673805826,17.79114074136878,24.193626663637982,23.625311623803864,8.766891265628741,31.08516871034095,13.452137164928091,13.335408160685208,12.45503304518326,36.31424124997988,20.005826422022597,64.2,28.80805747127816,16.390250252183396,30.45283232552238,19.076114744462817,4.56130719469172,12.992689268746297,41.8,4.16669128063837,28.6,5.316202619030361
21201,2.830131513366556,32.14048341478425,16.61987111177714,37.4919058706566,55.90969052466842,8.116343419071615,14.311134236844689,6.957503242428658,77.21843024234498,83.63054519739093,20.94021615775393,59.5,10.364904031483837,22.362798518024327,50.0,34.76625713551669,10.959441097515583,37.3688396582903,26.94096189078926,18.556227199853577,21.02860549946829,23.139781917270298,7.4915759576287355,33.06685578112816,14.420917792308309,11.729211737698824,11.37236160293743,37.43601810207595,24.804480518993287,70.1,25.09804954251955,15.66665643450839,35.581738662501074,16.959009337816628,4.417056384746487,12.075894226062061,42.4,3.881001953264507,24.0,5.347609027633585
21203,10.50960739303584,27.72386623526845,17.067142133788543,37.290836804551056,59.91719572509207,7.2709613488823015,11.259765549208433,6.262907200049016,77.76055942009219,85.06610180149069,18.302336347485284,58.0,8.347010302030455,18.2808605993115,47.1,27.6004496871588,11.594084287442845,34.47872332111297,27.35962950741168,17.8240359214271,15.649092708178316,22.476067127094385,6.601342481740766,35.31979309009062,14.420379735229755,9.852790823366586,9.637246257943934,38.48416259177504,28.29076097424928,71.4,21.48443423358666,14.706366197017822,37.55228481785861,15.0539084638774,4.002085299695947,10.229540999706145,42.7,3.382529790640088,19.0,5.188811026723598
21205,4.323892576618105,32.33600317442895,21.19135260261765,37.530393939185934,56.312120834994964,7.954593310301112,14.770158767211452,7.748304379941377,74.75085267682728,80.26261238761944,22.062170630138358,57.5,11.424351185314876,26.810235895717682,54.3,35.45080635215807,12.270746298284198,39.170287611014196,28.53462240200041,22.991696699689236,27.903076394350883,26.55404363308391,8.28135090418013,30.48268470468557,16.926130089602797,13.20482032605991,13.569817885157233,37.70836715570337,28.872398107143344,72.4,26.262070507426436,17.162335575959606,41.962053180768386,18.445698656863332,5.283848392001965,14.160134848632968,41.7,4.351793505242753,26.8,6.57140512898166
21207,4.929631078066485,33.197975904417454,18.718920191968028,37.67879252385411,54.4827907814735,8.216398192078211,14.705147716746676,7.560445922585895,74.33096653254296,81.26758829780145,22.830677743163367,55.7,11.544345305418187,25.55567149349958,47.1,37.05427761076089,11.430680878730316,40.12890157127734,28.9666853389933,20.766843758657984,24.646019141373692,26.175193267192086,8.258589965092057,32.74874218726902,15.626573351149792,12.889425702430744,12.511057851009138,39.254494304773935,27.256650233775716,66.9,27.100232061381902,16.97570398499303,37.55899591793538,18.68137121023352,4.847593399893589,13.035541247615694,43.8,4.094002603127397,26.9,6.001399787369636
21209,8.616958674528362,26.94946218950708,14.56978821000553,35.04694626186249,58.9921600520703,7.27943579760634,11.435883187208086,5.466256129135933,80.1391913720075,88.31488530870409,16.664015541826327,64.6,6.929458036159369,13.971087168337798,63.2,29.586664421565146,10.676212367014331,31.26620147209816,23.732299635143136,13.99401753552492,13.42219379716598,19.25395254753348,5.443807312906913,35.77996255563104,12.293454811494955,8.492548837247877,7.682126549461071,37.09921019155253,23.506241917127223,77.6,20.4863578086161,12.729192081748822,33.693319145044036,13.585656591957758,3.2758527054308337,8.56046285082342,40.8,2.915446243700494,14.0,4.176827867893907
21211,7.742034159922685,26.680752502452982,13.743457297920832,33.79492245795535,56.84877670644372,7.418337176798004,11.654920411740816,5.450000866892877,78.32756506678588,87.01714577643493,16.72040700533187,62.8,6.831105166626918,13.651644808841215,61.5,28.908722236642497,10.0145508171722,31.497995762074463,22.747948821875852,13.285788292886899,11.786206466727608,18.37497998915227,5.983328483696398,34.585293955980696,11.692802798307055,8.419481379804488,7.718229181654997,35.24972856250978,21.951548423295804,74.5,19.947849021786848,12.550639469205551,31.62904525991123,13.454512948656983,3.218324939918903,8.352492010310568,39.1,2.922313935159538,14.4,4.161831451786535
21213,11.77088463862095,27.02519357380211,15.905963728226624,34.68119564997444,57.389728348537915,7.291405804773359,11.265044813249332,5.842478598938686,76.8401268338015,86.06205942585827,17.969647575429857,59.9,7.5689065482199585,15.754250400238233,58.4,30.15938248509743,10.851690751912274,33.403563843136766,25.30064574105314,15.27398322467635,14.540706385826216,21.461406834931253,6.17720734211854,35.74310041452624,12.972608537122099,9.097718817951586,8.245127692251796,38.396848576216755,25.578345113736333,73.0,21.46514549788246,13.624788416071553,34.47011190391914,14.740974374363327,3.503229530488798,8.83127049008192,41.7,2.9783447294530454,15.8,4.6576707474349215
21215,0.8456394121598318,30.29183792834,9.261838826416692,34.0608931464291,53.05958032087263,8.268398445768547,13.672205900042059,5.331360101420285,79.88358510230135,88.94848280613992,18.154044718280687,65.3,7.6438495615257525,13.09280126259841,59.0,34.68443311573497,8.336040750564976,32.62094110494356,21.39443025332188,9.85719295847284,10.04321049263502,16.269481408790064,5.992593430184035,35.60054034759258,9.443769576259328,8.674362130469124,7.062952228204041,34.901239658522606,15.747409616378432,70.6,22.231283360047655,12.106354911603386,24.115957426852784,13.902066246069857,2.752263668800289,7.885817767887346,40.2,2.8704835007572584,16.1,3.174806790749214
21217,13.694274098759465,26.84746328335875,18.564133681001127,34.76048666711562,57.41208503793975,7.173494570781889,11.225926405183621,6.346350185429226,74.48626715257825,83.45470457821023,18.7601206647603,56.7,8.218422895280318,18.453179863749206,56.5,29.517470301224016,11.575788871638963,34.91328587277061,26.728661340642216,18.010699973758282,17.58724561257272,23.71194340677213,6.88552438334234,34.37583691389569,14.49989585665158,9.94756256587818,9.56584523633345,38.66085522403738,28.58641305492238,71.9,21.925354319505413,14.68206057006278,38.018481150862385,15.67787944628853,4.025052842717254,9.951589503850215,41.5,3.2508068639820564,17.9,5.462433443236699
21219,7.196292835040417,30.60059054701671,16.32543930814255,36.561400253521484,55.72501457526368,7.876697451581119,13.152898203185021,6.64838326309608,76.11993011539101,84.11688973904904,20.490163096452328,57.9,9.631667847932121,20.37816710498625,49.9,33.76483298780388,10.857375264334753,36.865355368472066,27.076711122035753,17.393341437851703,18.548293479137218,23.26901760075117,7.207801267239042,34.628811709998914,13.902870429705773,10.940806035320547,10.218508763159267,38.73157881810146,25.541754163481198,68.7,24.387336524337975,15.219049437270282,34.66249327456222,16.622041645532015,4.078503789291118,10.79725479882952,43.1,3.5271986287230246,21.7,5.134130427137702
21221,6.611307527708531,31.30370799994019,17.8485620858651,34.77375096580326,52.54959413750984,8.075634960024425,14.217582594024101,7.08385687855342,72.91977010644088,81.45781446481806,21.74251834779075,56.5,10.351599227403769,22.636283327551702,56.3,36.62219404635671,10.742637220723958,38.40626044489296,26.574338121301302,18.57726769240843,22.225081988550517,24.572460151126826,8.03040637055444,32.25345067858958,14.356850736658066,11.868529496214501,11.274988511791344,37.73208194532921,25.09562193131061,68.1,25.666703490920668,15.775637603292255,35.21750502080285,17.785121487398403,4.4151186820818795,11.65096424706966,41.4,3.730396647661418,23.4,5.638172427937592
21223,10.715638919092742,26.090560486291295,17.95640885530458,35.37391547447696,59.74080289793053,7.048690324307939,11.09376706322645,6.0899343483596935,77.17471903208552,84.49465735967313,17.14251854936286,59.7,7.551945620889587,17.28968993129653,57.2,26.310876289425156,11.631603629797127,32.80210081498286,25.47232033836949,17.816688259765236,16.13085316275702,21.558889494103568,6.515266410860754,33.4144744586972,14.39768989096882,9.439249657851088,9.585656458855373,36.30047515095126,27.707988857306702,75.5,20.041016427162237,14.063932716122093,38.6800508334363,14.323227754654893,4.0134401757830735,10.123032766040122,39.7,3.338435920715808,16.9,5.312828025457712
21225,10.00470498164898,27.96322863836688,17.539566996789354,35.94311084819034,57.81927299504936,7.393758712749128,11.850626799579326,6.419599124937744,75.95722591656164,83.73716021591457,18.83439563405843,57.5,8.582989448386071,19.034950470707667,51.6,29.173908994198744,11.354617389468421,35.058459557299074,26.646050926519834,18.002947191671737,17.12660297976276,22.775322348364746,7.0177233706484685,33.949861410457004,14.382997838725181,10.20641908913761,10.016978511795617,37.591339594832235,27.435782801539617,71.1,21.990950889744074,14.802094511671575,37.1938927613447,15.526318761686923,4.104697560595354,10.485945890858943,41.4,3.445007431977999,19.5,5.365763933626516
21227,10.61220275254394,25.98118287367065,17.33339701838843,34.15530146527192,58.083899256004266,7.132911717670988,11.288016705065555,5.9821390440184645,76.27274593316879,84.36061256338527,17.190474183471807,59.8,7.366126582516054,16.56623703067224,60.5,27.30455404866677,11.170605357692894,32.679124225838606,24.52177185315112,16.81595054113014,15.547522705217988,21.04237441406448,6.578225908000552,33.1280219372878,13.754442610263945,9.25978726845234,9.21498475035315,35.73492375180559,26.24636526857951,75.0,20.063355158556256,13.71154206871785,36.98486143114558,14.288118449811535,3.851974081227928,9.68098854260055,38.9,3.227891309372478,16.2,5.145475925542845
21229,4.76757088822599,29.134514311362228,18.414581105559428,35.93906372201768,57.84922643728482,7.5796290911188,13.288068201225144,6.688534767697422,77.1878748375311,83.1462278897182,18.832654535098452,61.1,9.065669952210762,20.87296949791496,59.4,30.56580018780278,11.515036799520235,34.71485072518875,25.3566815232875,19.28553511608095,20.94509666194584,22.220598808756467,7.194100112804407,31.17479410032798,14.94843343094987,10.959849041268393,11.301229993087723,35.14161236208649,26.020688943461867,75.9,22.373369000567468,14.94353970284119,38.89431523239955,15.630290667354883,4.49487474512797,11.94856655320096,39.1,3.8240142576847753,20.9,5.6411289302715195
21231,6.056053478359836,32.69218527149551,23.038721395416655,38.12711938193836,55.869391300239826,7.96340519645541,14.76273890499857,8.284103601602457,72.19040329186501,77.64517324866682,23.294934576893887,52.9,12.32267940127497,29.618756015914073,46.7,34.894548980010136,12.747769455573563,41.40178461743287,30.51598853762654,25.361319906520823,29.790993839282073,28.82530942144853,9.156610957127128,29.775853918891734,18.20298634766414,14.122944374739749,14.81362966591121,38.42014656581111,31.662979340721858,68.3,27.06424858928363,18.395532109013033,44.197963994389205,19.57381853937651,5.745291834402343,15.149360522267909,42.4,4.620166765231137,29.800000000000004,7.273970427654254
21233,9.573196067601087,31.02442576938876,22.357344949079728,37.92170518833441,57.95164648030098,7.5906948899152775,13.43893245644938,7.672741335412533,74.24680945824264,80.58947367857462,21.86246197394346,55.6,11.08338344865745,26.26518181137989,52.1,34.075908928578826,12.918201495448887,39.178275747551844,30.112257434677453,23.53120450275369,27.391687519536855,28.050587505269753,7.962306298041483,32.32976333549247,17.488007145090425,12.840265081868086,13.035120045885058,40.22807813974599,31.97666592885761,72.1,25.983857383556206,17.341199593651247,43.88393982745506,18.50608802629748,5.223829538016556,13.586933151080235,43.6,4.1490456158037565,25.5,6.6993659686498255
21235,5.489499563994986,32.26911300436958,13.943606097543006,34.52650678952853,50.47710423168528,8.41917387525617,14.371268413829702,6.6008143807863595,73.89260493523985,83.90484637264154,21.958310622686128,57.3,10.053420411183499,19.829073854723696,52.9,38.92204243436227,9.450071060823525,38.25828166402208,25.70889325125345,14.758405635858457,17.71082613397902,22.68459582456258,7.59036742650335,34.8091633044774,12.142079641971964,11.0862735568301,9.526928973460292,38.62206345219249,21.291068113473195,64.3,26.201108426535196,14.873609621393454,28.840532003300773,17.42836149280341,3.6958317760589723,9.971623887911132,43.0,3.334641951787348,22.1,4.61233061760464
21237,1.360150069095969,38.41059326528743,29.406595495130222,42.56052686810795,56.66702562000788,8.484704195356617,17.778432621993062,10.321545719761419,70.92281756082089,72.70451694735303,27.94175069064866,50.1,16.555881508964813,41.5110893156701,40.0,41.089842299614254,14.927782229619663,47.9438326923756,35.86127309295044,34.10586381076636,44.67032596878397,35.84803943722984,10.899099874462848,26.5382726863068,22.969845717315174,18.466664527886007,20.1082807666277,40.911578491669765,37.67808761064067,68.2,32.94585507520648,22.513449692765995,53.80252631925392,23.905105598130085,7.606931899077381,20.602128419716188,45.4,5.9595402085019415,41.1,9.305062421072428
21239,0.4417629662293425,28.543009719964978,12.407287755449158,32.527094663614314,53.668847042857216,7.957298309001912,13.746032288629241,5.596858118804497,78.30969434227076,86.14394733099722,17.183556279457758,65.6,7.348826573741981,14.599862325070848,68.0,31.780802428650222,9.03749856604961,31.607100971285185,20.14656937192183,12.537597365130207,13.341734815017437,16.458172026783444,6.5238657608647905,31.494695091225076,10.87242907302781,9.036478288787867,8.53709586644798,31.493926261687175,17.23853884380376,75.4,20.594349282786027,12.27632756174049,28.881235204346922,13.567834870022367,3.3235195805584823,9.19417631392928,35.9,3.2025333034889796,16.1,4.0384481744445475
22001,10.8,29.1,18.8,40.8,63.0,6.8,10.8,7.3,78.7,82.2,22.5,57.9,9.8,22.2,53.9,31.4,14.3,41.8,29.0,27.1,24.5,27.9,8.5,34.2,19.0,12.5,13.3,37.6,35.0,75.4,22.8,18.8,41.7,17.3,5.6,14.3,38.0,4.2,18.9,7.5
22003,11.9,27.5,19.1,42.3,62.5,6.5,10.1,7.4,78.3,82.2,21.4,58.0,9.1,21.6,52.9,27.6,14.3,40.9,31.1,26.7,22.3,27.3,8.4,34.9,19.3,11.4,13.0,36.9,34.4,75.7,21.2,17.8,43.9,16.5,5.4,14.1,39.4,4.2,24.0,7.4
22005,8.2,25.5,19.0,37.0,61.9,6.7,9.7,5.6,80.7,86.2,17.0,65.4,6.1,15.1,64.5,27.2,11.2,32.8,27.3,17.3,13.0,19.6,6.5,35.2,14.1,8.3,9.0,35.1,25.7,79.6,19.2,13.0,35.0,13.0,3.6,9.8,39.8,3.1,14.5,4.9
22007,10.6,27.2,18.3,39.4,63.0,6.4,10.8,6.8,79.7,83.2,21.2,56.6,8.6,20.9,51.5,28.5,13.4,40.5,30.9,25.9,22.2,26.1,7.8,34.6,19.2,11.4,12.7,38.8,33.4,76.9,21.6,17.3,38.3,15.8,5.1,13.7,39.5,4.0,20.1,6.9
22009,11.7,29.2,17.9,44.1,64.2,6.5,11.2,7.8,79.1,81.8,23.3,58.7,10.4,23.7,48.5,28.9,15.2,42.3,32.1,30.9,28.9,30.1,8.6,35.1,22.5,13.4,15.5,38.7,36.6,73.6,23.1,19.8,43.2,17.8,6.4,17.1,41.4,4.6,24.6,8.6
22011,8.8,27.6,19.4,36.5,60.8,7.1,10.3,6.4,79.0,83.7,19.2,60.0,7.9,18.7,56.3,29.5,11.8,36.8,28.1,19.5,15.7,22.7,7.7,35.5,14.6,9.9,10.1,36.4,28.8,77.4,20.9,15.0,40.5,15.0,4.2,10.4,36.7,3.5,14.9,5.6
22013,11.5,30.6,15.9,45.6,66.0,6.1,11.4,8.0,80.8,82.3,23.5,56.7,10.8,24.5,44.8,28.7,17.5,45.0,31.6,35.1,34.5,32.1,8.4,35.5,25.0,14.3,17.3,39.9,40.0,77.1,23.2,21.7,47.6,18.2,7.2,20.3,45.3,5.1,30.799999999999997,9.5
22015,8.3,25.5,18.0,37.0,62.4,6.7,10.1,6.0,80.7,85.9,17.5,63.2,6.9,16.3,58.0,27.2,12.1,33.2,27.7,19.4,15.5,21.6,7.0,33.4,15.6,9.0,10.1,36.5,29.3,76.6,19.2,13.9,40.9,13.7,4.1,11.2,42.9,3.4,15.0,5.5
22017,9.2,27.8,16.0,42.5,65.6,6.0,10.9,6.7,82.2,85.1,20.0,60.3,8.0,18.6,54.1,27.6,14.5,39.0,31.7,28.8,25.0,26.0,7.0,34.7,21.9,11.3,14.0,39.0,31.8,76.0,20.8,17.5,42.3,15.4,5.5,16.5,40.0,4.2,23.0,7.3
22019,8.6,26.8,18.3,39.0,62.3,6.7,10.3,6.2,79.8,84.7,18.6,60.5,7.2,17.3,58.6,28.1,12.5,37.2,28.1,20.5,17.0,22.7,7.1,34.4,15.7,9.6,10.7,36.7,32.0,77.8,19.8,14.8,42.9,14.0,4.3,11.7,39.4,3.6,14.6,5.7
22021,11.0,28.9,19.1,41.0,62.5,6.8,10.6,7.7,78.6,81.5,22.6,56.9,10.1,23.6,50.9,30.1,14.2,42.6,30.2,27.0,24.2,28.3,8.7,35.1,19.3,12.5,13.5,38.0,34.3,72.0,22.7,18.7,38.8,17.1,5.7,14.5,41.6,4.3,25.2,7.6
22023,8.1,26.1,21.0,35.5,60.0,7.3,9.9,6.1,78.5,84.5,18.4,59.2,7.2,17.4,57.8,29.6,10.6,35.0,26.6,16.2,12.3,20.3,7.5,34.0,12.7,8.9,8.7,36.4,26.4,76.6,20.4,13.6,36.3,14.1,3.6,8.8,38.5,3.2,20.0,4.8
22025,12.5,28.5,17.8,42.1,63.7,6.4,10.7,7.6,78.8,81.8,22.6,57.6,9.9,22.8,54.1,27.7,15.0,43.0,31.8,30.0,26.9,29.6,8.5,34.7,21.7,12.7,14.9,38.0,35.7,76.0,22.0,19.4,41.6,17.4,6.1,16.1,42.3,4.5,26.8,8.3
22027,13.6,30.4,15.5,48.6,66.9,5.9,11.1,8.7,80.8,81.0,24.7,53.0,11.6,26.6,42.2,26.2,18.8,47.8,34.9,40.0,39.4,35.3,8.9,35.1,28.4,15.3,19.8,39.2,41.5,73.6,23.0,23.4,48.9,19.0,8.2,23.299999999999997,47.9,5.6,28.6,10.9
22029,11.5,30.0,16.0,45.6,65.6,6.3,11.2,8.0,80.6,82.3,23.0,57.8,10.5,23.6,46.6,28.4,16.8,43.7,32.0,33.7,32.3,31.0,8.4,35.6,24.4,13.8,16.7,39.7,37.7,74.5,22.8,20.9,45.9,17.8,6.9,19.5,43.8,4.9,22.9,9.2
22031,9.9,28.4,17.4,42.0,64.2,6.4,11.0,6.9,80.6,83.8,21.2,57.6,8.8,21.0,55.4,28.4,14.6,40.7,30.4,27.5,24.1,26.8,7.6,34.1,20.1,11.8,13.7,38.3,32.7,75.8,21.9,18.1,44.2,16.2,5.5,15.2,42.9,4.2,17.7,7.3
22033,7.8,26.2,17.2,40.3,64.8,6.2,10.3,5.9,81.5,87.1,17.7,62.3,6.6,15.0,59.4,25.9,13.6,34.1,28.8,21.9,18.9,21.6,6.3,33.3,17.9,9.2,11.5,36.2,24.9,81.8,18.9,14.6,36.6,13.2,4.4,13.5,43.0,3.7,15.5,6.0
22035,16.0,30.3,14.5,52.5,67.1,5.3,11.6,9.5,81.0,80.2,26.4,51.7,12.7,29.1,38.7,25.0,21.3,50.1,37.8,46.8,46.6,39.7,8.8,35.4,33.6,17.2,23.5,41.8,44.1,75.4,23.5,26.3,51.7,20.2,10.0,27.8,48.4,6.5,43.5,13.100000000000001
22037,9.3,26.1,19.0,42.4,64.0,6.2,10.1,6.4,79.9,84.6,18.9,59.7,7.2,18.4,57.1,25.3,13.2,37.5,31.5,23.2,18.4,24.0,6.9,34.8,18.7,9.8,11.7,38.5,32.1,79.9,20.0,15.7,41.9,14.4,4.5,13.3,43.9,3.8,21.1,6.1
22039,12.0,29.0,18.4,42.2,63.7,6.5,11.0,7.5,79.7,82.1,22.4,55.0,9.9,22.5,45.5,28.9,15.0,43.4,30.3,29.3,26.5,29.1,8.5,35.3,21.2,12.7,14.4,36.9,35.8,74.9,22.2,19.3,44.9,17.5,6.0,16.0,43.0,4.4,29.3,8.1
22041,11.1,29.3,16.6,42.7,64.2,6.5,11.3,7.6,79.7,82.2,23.1,55.8,10.4,23.4,48.8,29.4,15.1,43.3,30.6,30.799999999999997,29.200000000000003,30.1,8.4,35.4,21.7,13.5,15.3,38.2,36.0,75.4,22.8,20.2,42.2,17.8,6.3,16.8,41.8,4.6,31.1,8.4
22043,10.9,26.9,19.4,40.1,61.8,6.8,9.8,6.8,78.4,83.0,20.1,55.5,8.3,20.1,52.5,27.2,12.7,38.1,30.5,22.3,17.6,24.9,8.0,35.0,16.7,10.3,11.2,38.5,30.7,71.1,20.7,16.0,39.6,15.5,4.6,11.9,42.6,3.7,20.7,6.2
22045,10.8,27.8,16.4,40.9,64.9,6.3,10.8,7.1,81.3,83.6,21.4,57.6,9.0,20.7,52.1,28.6,14.7,41.5,31.5,27.4,24.5,27.7,7.8,34.1,20.1,12.0,13.8,40.4,34.2,78.0,21.7,18.2,42.4,16.3,5.6,15.1,40.9,4.2,20.2,7.5
22047,10.4,27.1,17.3,41.0,63.9,6.0,10.7,6.6,80.4,84.7,20.0,60.7,7.8,19.1,52.5,25.9,14.4,39.5,32.9,27.1,22.8,26.0,6.9,34.2,21.2,10.9,13.4,38.4,33.2,79.7,20.8,17.3,42.9,15.3,5.2,15.1,43.1,4.1,19.5,7.0
22049,10.3,27.8,17.9,42.0,63.3,6.5,10.6,7.2,79.7,82.8,21.3,55.3,9.2,21.3,49.5,27.9,14.4,40.2,30.3,26.7,23.8,27.3,8.1,35.1,19.4,11.8,13.3,36.9,35.0,74.3,21.6,17.9,45.1,16.5,5.5,14.7,41.7,4.2,25.8,7.3
22051,10.4,25.0,18.2,38.0,63.4,6.2,9.8,6.0,81.3,86.3,17.6,61.0,6.5,15.0,57.2,25.1,13.6,33.6,28.6,21.5,16.3,22.2,6.7,33.0,17.3,9.1,10.9,38.1,29.0,80.0,19.0,14.4,41.5,13.4,4.2,12.2,41.5,3.4,15.2,6.0
22053,9.4,26.8,19.6,38.7,62.5,7.0,10.4,6.7,78.7,83.4,20.8,59.2,8.6,20.1,57.1,29.3,12.6,39.7,28.9,22.2,19.0,24.7,7.9,34.9,16.4,10.9,11.3,38.2,32.2,74.9,21.8,16.8,42.5,16.0,4.7,12.0,38.5,3.8,20.8,6.3
22055,8.0,24.3,19.1,37.1,62.7,6.7,9.7,5.9,81.0,86.1,17.2,60.3,6.7,15.9,58.6,26.2,11.9,33.6,26.0,19.4,15.7,20.7,6.8,33.3,15.1,9.0,10.2,36.3,23.9,81.6,18.7,14.0,34.3,13.1,4.0,10.9,38.1,3.4,12.1,5.4
22057,9.6,27.9,20.1,39.5,61.6,6.8,10.2,6.7,78.9,83.7,20.2,56.7,8.3,19.4,54.2,30.8,12.7,39.5,29.2,22.2,18.1,23.3,7.9,34.7,16.4,10.6,11.2,36.1,31.7,78.2,21.5,16.4,47.2,15.5,4.6,11.6,42.3,3.6,19.5,6.2
22059,11.2,26.0,20.3,37.2,61.1,6.9,9.7,6.4,78.0,83.4,19.5,59.4,7.9,19.1,54.5,27.2,12.4,37.9,29.6,20.9,16.1,23.9,7.7,35.0,15.8,9.8,10.6,37.7,30.0,79.1,20.2,15.5,38.9,15.0,4.3,10.8,40.3,3.5,14.9,5.9
22061,8.7,28.3,16.5,42.7,64.9,6.5,10.8,7.1,80.8,84.6,20.0,58.6,8.6,18.9,53.6,27.8,15.1,40.0,28.6,26.6,25.3,26.4,7.6,34.3,20.2,11.7,13.9,35.8,32.5,77.1,20.9,18.2,46.3,15.9,5.6,16.3,43.7,4.3,20.1,7.4
22063,8.5,26.7,19.5,38.3,61.4,7.2,9.9,6.1,80.5,84.9,18.7,64.2,7.2,17.0,59.1,29.9,11.7,36.9,26.7,18.7,14.4,21.2,7.6,35.1,14.0,9.2,9.1,34.6,26.9,77.4,20.1,14.1,38.6,14.4,3.8,9.6,38.4,3.2,14.9,5.2
22065,13.3,30.9,14.3,49.6,67.5,5.6,12.2,8.6,82.0,82.1,25.3,53.1,11.8,26.2,43.5,27.2,19.6,47.3,34.8,42.6,43.1,36.4,8.3,35.4,30.9,16.4,21.5,40.3,42.5,72.9,23.8,24.5,50.1,19.3,8.9,25.5,47.1,5.9,31.5,11.7
22067,11.3,30.1,15.8,47.5,66.3,6.1,11.6,7.8,81.1,83.0,22.9,57.3,10.3,23.5,45.3,27.7,16.8,44.2,34.3,35.4,33.6,31.4,8.0,36.1,25.9,13.9,17.6,41.2,37.1,77.5,22.6,21.1,44.9,17.5,7.0,20.6,46.3,5.0,30.5,9.2
22069,9.3,29.0,16.9,43.4,65.3,6.3,11.0,6.9,81.0,84.5,20.4,58.5,8.5,19.8,51.1,28.2,14.8,39.4,30.2,27.4,25.5,26.7,7.5,33.9,20.9,11.6,14.0,37.0,32.4,77.3,21.3,18.1,42.4,15.9,5.6,16.2,40.8,4.3,21.1,7.4
22071,8.4,24.7,19.4,39.0,64.3,5.5,10.6,6.1,80.4,86.2,17.6,65.8,6.6,15.2,58.9,27.4,14.4,33.7,31.4,24.9,21.4,22.0,6.1,32.1,19.8,9.7,12.7,40.0,26.1,81.1,19.2,15.2,34.2,13.3,5.0,15.2,39.4,4.0,24.4,6.8
22073,8.8,28.2,16.7,42.1,63.4,6.5,10.9,6.6,80.8,84.8,19.4,60.0,8.0,18.2,54.9,26.2,13.9,38.4,29.9,25.2,21.6,24.0,7.2,34.4,19.3,11.0,12.7,37.8,32.3,78.0,20.6,16.9,44.1,14.6,5.1,14.8,40.9,4.0,25.3,6.8
22075,9.4,25.3,19.2,37.3,61.8,6.5,9.9,6.1,79.2,85.0,18.1,60.0,6.9,16.6,57.1,26.4,12.4,34.9,29.4,20.2,15.6,22.1,7.1,34.2,15.9,9.2,10.4,37.5,28.8,78.0,19.4,14.6,38.4,14.1,4.1,10.9,39.8,3.4,15.6,5.7
22077,9.7,27.1,18.1,40.4,63.5,6.4,10.8,6.5,80.4,84.3,20.2,58.3,8.1,19.2,52.7,27.8,13.3,38.2,30.3,24.8,21.1,24.5,7.2,34.4,18.9,10.8,12.4,38.1,32.0,76.7,21.3,16.6,40.0,15.3,5.0,13.7,42.2,3.9,23.9,6.6
22079,9.1,28.7,16.7,39.9,63.5,6.5,10.7,6.5,80.3,84.6,20.0,61.9,8.0,19.1,54.2,28.2,13.4,39.7,30.0,24.0,20.9,25.3,7.5,34.5,18.3,10.6,12.2,39.7,30.3,79.0,21.1,16.8,40.7,15.4,4.9,13.8,41.8,3.9,17.2,6.5
22081,11.7,28.9,16.4,43.9,64.9,6.1,11.2,7.6,80.3,82.5,23.0,55.9,10.1,23.7,48.9,27.8,16.1,43.5,32.3,33.2,30.9,30.6,8.1,34.0,24.2,13.5,16.1,39.1,38.0,74.7,22.8,20.4,43.9,17.6,6.5,18.5,45.4,4.7,28.1,8.8
22083,10.6,28.7,17.2,42.3,64.3,6.4,11.1,7.3,80.4,83.2,21.9,57.1,9.5,21.9,50.8,28.4,15.0,41.2,30.6,29.1,26.6,28.4,7.9,34.7,21.4,12.5,14.5,39.0,34.7,75.8,22.2,18.9,43.1,16.7,5.9,16.3,41.4,4.4,23.5,7.8
22085,10.0,28.9,18.7,40.9,62.5,6.8,10.9,7.3,79.4,82.6,21.7,56.8,9.3,21.9,52.5,29.6,14.3,40.6,29.5,26.8,23.0,26.9,8.6,35.2,19.0,11.9,13.5,37.3,34.3,76.3,22.6,18.1,44.9,17.0,5.3,14.4,41.1,4.1,19.5,7.3
22087,11.3,27.7,17.2,40.3,63.1,6.4,10.6,7.0,79.7,84.0,20.8,59.1,8.5,19.7,52.2,28.1,14.3,40.6,30.2,27.2,23.0,26.9,8.0,35.5,20.4,11.3,13.4,38.0,33.2,77.0,21.2,17.8,42.2,16.2,5.4,14.8,40.9,4.0,23.1,7.4
22089,8.2,25.0,19.6,37.4,61.7,6.6,9.9,5.6,80.4,86.2,16.9,63.3,6.2,14.9,62.3,26.1,11.3,33.1,26.8,17.2,13.2,19.7,6.6,33.8,14.4,8.4,9.2,34.2,26.8,80.4,19.1,13.3,37.2,13.2,3.7,9.9,39.7,3.2,13.6,5.0
22091,11.0,28.7,16.0,43.7,65.8,5.9,11.5,7.4,81.2,83.5,22.3,57.5,9.4,22.4,49.4,27.0,16.2,43.0,33.8,33.4,31.1,30.5,7.5,34.3,24.7,13.2,16.3,39.9,37.3,75.4,22.3,20.3,42.9,17.0,6.4,19.1,43.2,4.8,27.6,8.6
22093,8.2,26.4,18.6,40.3,64.4,6.1,10.7,5.9,81.6,86.1,18.2,62.5,6.8,16.8,56.6,25.7,13.4,35.6,31.6,22.7,19.2,22.9,6.3,32.3,18.6,9.7,11.6,38.0,30.7,82.8,20.1,15.5,43.7,13.9,4.5,13.4,44.3,3.8,18.1,6.0
22095,10.0,25.9,16.0,42.8,65.5,5.6,10.7,6.2,82.4,86.2,18.7,60.8,6.8,16.7,54.9,24.6,14.9,37.3,32.7,27.5,22.5,24.9,6.2,34.0,22.1,10.3,13.5,38.7,30.9,80.6,19.9,16.4,41.5,14.3,5.0,15.7,44.9,4.0,20.6,6.9
22097,11.2,28.7,17.5,43.4,64.5,6.1,11.2,7.5,80.7,83.0,22.5,58.6,9.7,22.4,49.4,27.4,15.7,43.9,31.9,31.2,29.5,30.5,8.0,34.6,23.0,13.3,15.8,39.3,35.2,75.5,22.5,20.3,40.5,17.4,6.4,18.0,40.9,4.7,22.7,8.5
22099,10.1,27.2,18.1,39.3,63.4,6.5,10.6,6.6,79.6,84.0,20.4,59.8,8.3,19.7,54.6,29.4,13.1,39.2,29.7,24.5,20.9,25.4,7.4,34.2,18.9,10.9,12.1,38.1,32.0,76.6,21.7,16.8,45.0,15.5,4.9,13.5,42.3,3.9,15.5,6.6
22101,11.7,27.9,17.5,41.6,63.1,6.2,10.8,7.1,80.2,83.2,21.8,57.0,9.0,21.7,48.4,28.6,14.7,42.0,31.8,28.9,25.4,28.4,7.9,35.9,21.4,12.0,14.2,40.2,34.8,77.8,22.2,18.8,44.9,16.8,5.7,15.6,44.4,4.3,24.0,7.8
22103,7.3,23.4,19.9,34.0,62.0,7.1,9.6,5.6,78.6,86.4,16.4,62.1,6.1,14.6,63.6,26.2,10.9,32.1,25.4,15.9,11.9,18.8,6.7,32.0,13.3,8.0,8.5,33.5,24.8,80.7,19.4,12.6,37.1,12.7,3.4,9.2,39.6,3.0,11.6,4.7
22105,9.6,28.0,19.4,39.0,62.7,6.5,10.5,6.7,79.8,84.5,19.7,62.4,8.0,18.9,57.8,26.7,13.5,38.2,29.4,23.8,20.7,24.4,7.4,33.4,18.6,10.6,12.3,39.5,30.0,76.1,21.3,16.7,43.1,15.0,4.8,13.5,39.2,3.8,20.1,6.5
22107,12.4,29.8,15.1,47.4,66.6,5.7,11.7,8.1,81.2,82.5,23.9,52.5,10.7,24.5,41.1,27.1,18.1,45.8,34.1,38.3,37.7,33.2,8.0,34.5,27.9,14.8,19.0,40.0,39.8,76.9,23.2,22.5,49.2,18.2,7.7,22.3,46.7,5.4,32.6,10.2
22109,9.7,27.2,18.7,37.8,62.1,6.7,10.4,6.6,80.0,84.1,19.7,61.6,7.9,18.8,58.2,28.0,13.2,37.3,29.1,22.5,17.8,24.4,7.6,34.1,16.5,10.2,11.3,36.5,32.2,75.9,21.1,16.0,41.0,15.5,4.5,11.7,42.7,3.7,16.6,6.2
22111,10.6,28.3,18.0,41.0,63.3,6.7,10.7,7.2,79.1,82.9,21.6,56.9,9.4,21.6,52.4,28.8,14.3,40.0,29.5,27.0,24.5,27.3,8.2,35.3,19.6,12.0,13.5,37.4,33.6,77.1,22.0,17.9,37.2,16.5,5.5,15.0,41.2,4.2,18.5,7.4
22113,9.6,27.6,18.8,38.6,62.3,6.8,10.4,6.8,78.5,83.1,20.8,57.2,8.7,20.3,55.9,29.6,12.8,38.6,28.7,22.5,19.8,24.5,8.0,34.8,16.6,11.0,11.6,37.3,31.0,75.8,21.5,16.7,42.6,15.8,4.8,12.1,38.7,3.8,17.9,6.5
22115,9.8,27.4,18.3,39.2,61.9,6.9,10.0,6.6,79.5,83.9,19.7,57.8,8.0,19.2,56.2,27.4,12.6,37.9,28.4,21.7,17.9,23.9,7.9,35.9,16.0,10.1,11.0,35.9,31.9,79.9,20.4,16.0,39.4,15.1,4.5,11.6,42.3,3.6,19.4,6.1
22117,10.5,29.1,16.9,42.1,64.4,6.5,10.9,7.3,78.4,83.1,21.6,56.2,9.5,22.2,52.8,28.3,14.9,40.4,30.7,28.1,25.8,28.0,8.0,34.6,20.7,12.2,14.0,35.8,36.2,76.9,21.9,18.5,45.6,16.8,5.7,15.7,42.4,4.3,24.5,7.7
22119,10.7,29.0,16.9,43.4,64.9,6.5,11.3,7.7,79.9,82.4,22.8,56.4,10.3,23.4,48.8,28.9,15.7,43.4,31.0,31.5,30.3,30.0,8.3,34.5,22.6,13.5,15.8,37.8,37.0,76.2,22.9,20.4,44.7,18.0,6.4,18.1,42.2,4.7,25.3,8.5
22121,8.2,26.0,18.4,40.1,63.7,6.3,10.4,5.8,81.2,86.1,17.6,62.8,6.6,16.1,56.1,25.9,12.6,35.1,30.3,21.3,17.1,21.7,6.4,33.2,17.2,9.2,10.9,37.3,27.5,81.7,19.5,14.7,41.3,13.5,4.2,12.4,41.9,3.5,14.4,5.6
22123,10.1,27.6,19.4,38.8,61.6,6.9,10.6,6.9,78.6,82.9,21.1,56.1,8.9,20.8,49.0,29.5,12.9,39.2,28.8,23.2,20.0,25.4,8.0,34.0,17.1,11.2,11.7,37.2,31.5,73.9,21.7,16.7,40.3,16.0,4.9,12.3,39.6,3.8,27.3,6.5
22125,9.0,24.0,19.8,40.6,63.0,6.1,9.1,6.1,79.9,85.5,16.7,61.2,6.1,16.1,57.3,22.5,12.8,34.1,31.9,19.9,14.6,21.3,6.6,33.5,16.5,8.2,10.3,36.6,27.3,81.0,17.9,13.7,39.3,12.8,4.0,11.5,41.4,3.5,18.9,5.3
22127,11.5,27.6,18.1,42.5,63.8,6.5,10.3,7.2,79.3,83.0,21.1,57.4,8.9,21.1,51.0,27.2,14.7,41.4,30.9,27.4,23.7,27.3,8.1,35.0,20.1,11.5,13.6,37.6,34.2,78.0,21.1,17.9,46.0,16.2,5.5,15.1,43.1,4.2,21.5,7.5
23001,9.5,27.8,16.4,29.6,54.4,7.2,13.4,6.0,77.6,83.3,17.9,61.3,7.6,16.9,61.2,30.8,10.3,32.6,25.0,14.6,19.4,19.3,7.1,32.1,14.1,9.0,10.3,35.0,25.8,80.1,21.0,12.6,36.1,14.3,3.5,10.7,37.8,3.1,19.6,4.6
23003,10.1,27.7,16.2,34.4,56.0,7.2,13.6,6.4,78.5,82.4,18.7,63.0,8.3,18.6,56.1,27.9,10.7,34.7,26.6,15.1,21.5,21.2,7.5,32.5,13.6,9.3,10.0,36.4,29.2,78.0,21.1,13.8,40.0,15.3,3.7,10.3,39.1,3.2,24.3,4.8
23005,6.7,22.8,19.4,27.8,52.4,7.5,12.0,4.7,77.9,86.0,14.1,68.5,5.1,11.1,68.9,26.7,7.4,24.5,22.4,8.5,10.7,13.6,5.7,28.5,8.9,6.6,7.1,32.8,16.1,81.3,17.9,8.8,26.7,11.2,2.4,6.6,30.9,2.4,9.2,3.1
23007,8.8,26.4,17.7,30.6,52.5,7.4,13.4,6.1,76.2,83.5,18.2,64.7,7.4,16.6,59.6,30.1,8.8,32.5,25.1,13.4,17.9,18.8,7.2,31.2,13.2,8.6,9.2,36.8,23.7,82.0,21.0,11.8,35.2,13.8,3.4,9.4,37.1,3.0,14.0,4.4
23009,8.1,24.7,18.7,27.9,54.1,7.5,12.3,5.4,78.9,84.7,16.2,64.2,6.2,13.9,65.7,27.7,8.1,28.0,22.3,10.6,13.7,15.6,6.4,30.6,10.6,7.3,7.8,32.7,18.7,81.1,18.9,10.2,29.4,12.1,2.9,7.8,31.1,2.7,8.0,3.8
23011,8.7,27.0,14.9,29.2,54.4,7.1,12.6,5.8,78.4,83.8,17.5,64.2,7.3,15.8,61.5,29.6,9.4,32.4,23.9,12.2,16.3,18.7,7.1,30.8,12.1,8.4,8.8,32.0,23.2,77.5,20.0,11.9,32.5,13.6,3.2,8.7,35.8,2.9,22.7,4.2
23013,8.2,25.4,17.7,27.7,53.1,7.3,12.1,5.3,77.8,84.4,15.2,60.5,6.3,14.3,67.4,27.7,8.0,26.6,23.8,10.0,13.0,15.3,6.3,31.0,10.2,7.3,7.8,31.9,19.4,78.1,17.8,10.4,28.8,12.0,2.9,7.7,31.0,2.7,18.3,3.8
23015,7.8,26.8,17.1,29.1,54.1,7.6,12.4,5.2,78.9,84.3,15.4,64.7,6.1,13.5,62.9,29.3,8.1,27.5,22.9,9.9,13.0,15.7,6.2,31.6,10.0,7.1,7.4,32.4,18.8,78.3,19.1,10.4,31.0,12.2,2.8,7.4,31.5,2.6,12.2,3.6
23017,9.6,27.5,18.4,30.4,54.5,7.4,13.6,6.3,77.8,82.6,18.4,60.6,8.2,18.0,56.0,28.2,10.1,30.6,25.5,15.1,20.3,20.1,7.1,32.8,13.9,9.4,10.0,34.6,23.3,76.6,20.2,12.5,34.6,14.9,3.7,10.3,34.3,3.2,16.2,4.8
23019,8.8,27.0,17.7,32.7,53.9,7.6,13.4,6.1,79.8,83.5,17.6,61.9,7.3,16.2,59.4,29.9,9.5,32.1,24.3,12.5,17.1,19.6,7.1,31.9,11.3,8.4,9.3,35.8,25.0,81.2,20.8,12.7,38.3,14.5,3.3,8.8,36.3,2.9,17.7,4.3
23021,10.1,27.5,17.6,30.8,53.6,7.2,12.9,6.6,77.7,82.0,18.9,59.1,8.2,18.6,59.9,28.8,9.6,32.2,25.0,15.4,20.3,20.4,7.3,31.5,13.6,9.6,10.2,34.9,25.3,74.3,20.9,13.1,34.3,15.1,3.8,10.5,35.5,3.2,20.9,4.9
23023,7.9,25.5,18.6,27.7,52.8,7.4,12.5,5.3,78.6,84.4,15.5,61.8,6.2,14.3,63.7,29.2,8.0,27.3,21.7,10.2,13.2,15.400000000000002,6.3,30.6,9.8,7.4,7.5,32.1,20.2,78.9,18.5,10.4,29.5,12.2,2.8,7.9,30.8,2.6,8.2,3.7
23025,10.2,27.9,16.6,31.9,53.3,7.2,13.7,6.7,79.4,82.2,19.7,60.0,8.9,20.0,56.4,30.8,10.4,34.9,24.8,15.6,22.4,21.3,7.7,33.0,14.0,10.0,10.7,36.5,25.9,79.5,22.1,13.7,36.7,15.3,3.9,11.4,38.9,3.3,15.5,5.1
23027,8.7,26.3,17.6,28.6,54.5,7.4,13.5,5.7,78.2,83.8,17.2,62.4,6.8,15.9,63.1,30.4,8.6,31.0,23.9,11.8,16.4,18.2,6.8,31.4,11.8,8.5,8.7,33.7,21.6,77.0,20.6,11.6,34.1,13.7,3.1,8.5,34.4,2.8,19.7,4.1
23029,10.5,30.1,17.2,34.0,54.5,7.3,13.5,6.5,78.2,81.9,19.4,60.4,8.4,19.2,56.4,29.1,10.7,37.3,26.3,16.2,22.0,21.7,7.8,29.8,14.2,9.8,11.1,37.4,29.8,74.7,22.1,14.5,39.9,16.1,3.9,10.7,40.1,3.2,20.6,5.2
23031,7.7,25.0,19.7,29.2,55.7,7.8,12.8,5.3,77.8,85.2,16.3,61.5,6.2,13.7,65.5,26.8,8.0,28.9,22.8,9.7,12.3,16.2,6.4,30.5,10.0,7.1,7.5,32.3,19.7,81.6,18.7,10.1,32.9,11.8,2.7,7.3,31.7,2.6,13.4,3.5
24001,9.8,27.4,16.6,35.6,57.8,7.4,11.4,6.2,77.5,84.8,16.9,52.8,8.3,18.8,58.5,26.6,11.3,32.8,25.9,19.3,17.3,21.6,6.9,32.7,15.3,9.2,9.4,36.1,30.7,77.6,20.2,13.6,37.4,14.6,4.0,10.2,42.5,3.5,19.2,5.2
24003,7.3,22.3,17.5,31.4,56.9,7.3,10.0,4.6,78.2,88.9,12.0,63.8,4.6,10.5,68.3,20.4,9.1,24.9,22.5,11.9,8.5,15.5,5.0,31.6,10.9,6.1,6.3,34.2,19.8,86.0,15.3,9.8,34.2,11.0,2.6,6.8,38.7,2.5,13.0,3.4
24005,8.4,23.7,14.2,32.9,59.3,6.5,11.1,5.0,78.5,87.9,12.9,63.5,5.6,11.4,63.3,21.4,11.3,24.7,26.4,16.4,12.6,17.4,4.9,33.1,14.9,7.0,8.6,35.8,25.3,79.2,17.1,10.9,34.2,11.0,3.2,9.2,37.2,2.9,11.3,4.2
24009,6.9,23.8,17.7,32.6,58.1,7.4,10.5,4.5,77.3,88.4,12.4,62.3,5.0,11.0,70.7,20.5,9.1,25.2,22.0,10.9,7.999999999999999,14.9,5.2,32.6,10.7,6.1,6.2,33.9,18.8,82.1,15.9,9.7,35.9,11.1,2.6,6.6,36.9,2.6,9.1,3.3
24011,11.2,27.9,16.0,36.5,58.0,7.3,11.8,6.3,76.4,85.1,17.2,60.4,8.0,17.4,55.3,25.1,11.8,31.8,25.3,20.0,17.8,21.1,6.7,34.9,16.4,9.4,10.0,36.0,27.3,75.1,19.4,13.9,41.3,14.2,4.2,10.8,41.3,3.5,15.1,5.6
24013,6.8,23.1,18.6,29.8,55.3,7.8,10.1,4.7,73.5,87.8,12.2,61.6,5.0,11.0,66.0,23.5,8.5,23.5,20.4,9.5,7.2,13.4,5.3,32.7,9.3,6.0,5.700000000000001,32.1,22.0,81.2,16.1,9.3,37.4,10.5,2.4,5.7,35.1,2.4,7.0,3.2
24015,8.4,25.2,16.2,34.9,59.3,7.4,10.5,5.4,75.2,86.2,14.8,57.0,6.6,15.4,63.6,24.0,11.0,29.0,22.4,13.9,11.6,18.5,6.1,34.1,12.4,7.7,7.6,33.4,26.7,72.6,18.5,11.8,40.8,13.0,3.3,7.8,38.8,3.0,14.3,4.2
24017,7.9,23.1,14.2,38.5,61.7,6.0,10.7,4.7,79.9,89.2,12.5,65.2,5.0,11.3,62.6,17.9,11.8,25.4,27.5,16.7,12.7,16.8,4.7,32.8,15.6,6.9,8.8,36.2,22.6,80.2,16.6,11.2,41.3,11.2,3.3,10.2,40.8,3.1,7.6,4.4
24019,10.8,27.9,15.9,36.9,60.4,6.9,11.7,6.2,78.5,85.8,16.5,58.3,7.7,16.6,55.8,21.6,12.8,31.1,26.2,21.0,19.7,22.1,6.3,31.1,18.1,9.5,11.0,33.8,27.8,81.2,19.1,14.4,41.9,14.6,4.5,12.0,40.7,3.7,14.6,5.8
24021,8.0,22.5,16.3,31.0,57.7,7.3,9.5,4.7,77.2,88.6,11.5,63.7,4.6,9.100000000000001,66.7,21.0,9.4,22.1,23.5,10.9,7.699999999999999,14.1,5.1,35.0,10.5,5.7,6.2,33.0,19.5,74.7,15.7,8.7,34.3,9.9,2.5,6.7,35.4,2.5,6.199999999999999,3.4
24023,8.4,26.8,17.2,34.3,57.3,7.8,11.3,5.7,75.9,85.3,15.0,60.8,7.1,14.8,60.2,22.7,10.4,28.5,22.4,13.4,11.8,18.9,6.5,35.4,11.6,8.0,7.4,33.3,24.7,75.6,18.6,11.9,36.2,13.3,3.3,7.4,38.2,3.0,12.7,4.2
24025,7.1,23.4,15.9,31.7,56.7,7.2,10.2,4.7,77.6,88.1,12.3,62.7,5.2,10.9,67.4,22.4,9.7,23.1,22.1,11.4,8.8,15.0,5.2,34.8,10.9,6.3,6.5,33.4,19.7,80.6,16.5,9.4,35.4,11.2,2.7,6.9,36.6,2.6,5.1,3.5
24027,6.000000000000001,21.4,14.5,31.3,57.6,6.6,9.1,4.1,79.3,90.4,9.5,64.3,3.5,7.300000000000001,71.7,18.2,9.1,20.1,22.0,9.7,6.4,11.8,4.4,35.5,9.2,4.8,5.6,31.6,15.8,82.9,13.0,7.9,29.6,8.9,2.1000000000000005,5.6,37.4,2.3,6.6,3.0
24029,8.6,25.3,18.6,35.2,58.3,7.4,10.9,5.3,76.7,86.9,13.9,63.8,6.1,13.2,67.4,24.0,10.3,25.7,23.5,14.1,11.8,17.3,5.7,33.9,12.7,7.4,7.7,32.9,22.4,81.5,17.3,11.1,36.4,11.9,3.2,8.3,35.3,3.0,11.9,4.3
24031,9.1,18.1,14.6,28.8,56.6,6.1,9.2,4.3,75.4,89.6,10.5,66.0,3.8,7.199999999999999,68.7,17.7,9.2,21.1,22.8,12.5,8.1,14.5,4.6,36.6,11.3,5.3,6.4,33.8,18.3,80.2,12.8,8.3,25.9,9.7,2.5,6.3,33.9,2.4,4.5,3.7
24033,13.0,22.6,13.0,37.3,59.6,5.0,11.5,4.9,76.9,88.7,12.9,63.6,5.0,10.5,59.7,15.1,13.6,26.8,27.5,22.4,15.9,20.2,4.2,32.9,20.3,7.6,10.6,37.0,26.5,80.7,14.8,13.2,41.9,12.0,4.0,12.1,43.8,3.5,13.4,5.5
24035,7.3,23.8,20.6,31.6,57.0,7.7,10.0,4.9,74.0,87.6,12.6,63.6,5.3,11.9,64.4,23.9,8.8,24.3,22.4,10.9,8.3,14.7,5.5,30.7,10.2,6.4,6.3,33.7,19.3,81.5,16.6,9.6,29.2,11.1,2.7,6.4,34.6,2.6,9.1,3.4
24037,7.9,25.1,17.7,32.6,59.0,7.3,10.7,5.1,76.5,87.8,13.1,66.6,5.4,12.7,64.3,21.5,10.3,25.3,23.8,12.3,10.0,16.6,5.4,33.8,11.7,6.6,7.0,36.3,22.3,77.4,16.9,10.5,37.2,11.5,2.9,7.3,37.7,2.7,8.4,3.8
24039,11.3,27.1,15.6,41.6,61.1,6.7,11.6,6.7,78.6,85.6,16.9,58.6,8.0,18.2,50.6,21.1,13.3,32.8,29.1,24.2,22.6,23.5,6.4,34.0,20.4,10.0,12.4,35.5,31.2,75.6,18.9,15.4,39.8,14.6,4.9,14.2,45.4,4.0,17.9,6.3
24041,8.4,23.2,18.4,31.5,57.9,7.5,10.6,5.0,77.7,87.9,13.1,66.3,5.6,11.8,67.9,22.8,9.2,25.8,22.1,13.1,10.7,16.2,5.6,32.9,12.3,6.8,7.2,34.1,21.5,79.9,16.3,10.6,30.8,11.8,3.0,7.6,34.0,2.8,9.9,4.0
24043,9.9,26.4,14.9,34.8,58.6,7.4,10.8,5.9,77.5,85.9,15.7,57.9,7.2,15.3,59.3,23.7,11.4,30.5,25.8,16.7,14.2,19.4,6.2,30.9,14.9,8.2,8.9,36.1,28.4,74.7,18.0,12.4,39.0,13.4,3.7,9.7,41.0,3.2,14.8,4.7
24045,9.5,26.0,15.1,35.0,62.7,6.9,11.1,5.7,80.0,87.4,14.8,64.0,6.7,14.4,56.4,22.0,11.5,27.6,25.0,17.6,15.8,20.4,5.6,35.7,14.8,8.5,9.4,35.1,27.9,76.6,18.0,12.9,40.9,12.8,3.8,10.3,36.6,3.4,12.9,5.0
24047,7.7,24.5,20.6,32.5,57.9,7.4,10.4,5.1,78.4,87.6,13.3,63.4,5.7,13.1,63.0,22.6,9.7,25.3,21.7,12.8,10.3,16.1,5.5,32.8,11.9,7.0,7.2,33.0,23.1,77.7,17.2,10.7,33.5,12.0,3.0,7.6,32.1,2.8,7.1,3.8
24510,10.1,24.7,15.8,39.6,61.9,5.5,12.7,5.9,80.1,87.3,16.1,63.1,6.9,16.0,53.7,23.6,13.7,33.0,28.6,25.4,24.4,22.8,5.0,33.6,22.0,9.6,12.8,40.6,27.2,81.4,18.6,15.9,38.8,13.6,4.9,14.8,42.1,4.1,14.7,6.5
25001,4.1,24.1,19.1,27.5,57.1,7.9,11.8,4.7,80.0,89.2,13.1,66.7,4.9,11.4,73.3,25.3,7.1,23.7,22.8,9.8,11.3,13.4,5.2,29.7,9.7,6.4,6.4,33.1,16.5,82.4,16.9,9.1,26.800000000000004,11.3,2.5,6.6,32.5,2.4,10.6,3.2
25003,5.2,23.7,18.9,27.7,55.4,7.5,12.2,5.3,77.9,87.5,15.4,62.8,5.9,13.3,67.2,27.0,8.2,27.6,24.2,12.6,15.5,16.1,5.7,29.5,11.5,7.6,8.0,34.5,20.4,78.4,19.1,10.4,31.5,12.4,3.0,7.8,38.2,2.7,10.1,3.9
25005,6.3,24.0,18.6,29.7,55.5,7.3,12.7,5.6,80.2,87.5,16.4,61.4,6.5,16.0,68.1,24.5,9.1,29.5,25.5,15.7,18.5,19.0,6.0,31.7,14.3,8.6,8.9,34.9,23.9,82.0,19.7,12.1,32.0,13.7,3.4,9.0,35.3,2.9,14.5,4.5
25007,4.2,22.3,19.6,27.1,54.3,7.7,11.7,4.7,78.8,88.7,13.5,64.9,4.9,11.2,72.0,25.7,7.3,24.3,22.3,9.7,11.4,13.5,5.2,28.9,9.6,6.5,6.6,33.1,16.9,81.8,17.3,9.0,25.300000000000004,11.0,2.5,6.4,34.3,2.4,5.6,3.2
25009,6.5,21.4,17.3,28.0,55.5,7.1,11.5,5.0,79.1,88.2,14.4,63.5,5.3,11.5,70.1,23.0,8.7,26.3,23.7,14.1,14.9,16.1,5.5,30.6,12.6,7.2,8.1,32.8,23.2,83.6,16.3,10.4,30.0,12.2,3.0,8.0,36.7,2.6,15.6,4.1
25011,5.0,24.2,19.2,29.1,54.1,7.7,12.0,5.2,78.5,87.6,15.4,64.5,6.0,13.1,72.3,27.1,8.1,27.1,23.6,12.0,15.2,15.7,5.8,30.2,11.1,7.6,7.7,35.6,20.4,81.4,18.2,10.6,26.1,12.3,3.0,7.8,34.2,2.7,14.1,3.9
25013,8.5,25.7,17.6,31.2,57.1,7.1,12.8,5.8,78.7,86.5,17.7,59.6,6.7,15.2,60.5,27.5,10.5,33.8,29.5,19.7,23.7,22.0,6.2,30.6,17.5,9.5,11.0,38.0,29.0,80.9,19.9,14.3,35.2,15.1,4.0,11.3,39.5,3.1,14.5,5.5
25015,4.500000000000001,22.4,17.9,25.9,54.7,7.7,12.1,4.9,79.8,88.8,14.1,65.5,5.2,11.4,69.5,27.8,7.8,24.9,22.8,10.7,12.8,14.1,5.4,28.1,10.3,7.0,7.4,35.8,17.7,83.8,17.6,9.5,24.4,11.7,2.7,7.0,33.6,2.5,13.7,3.5
25017,4.1,20.8,17.4,25.6,53.7,7.1,11.1,4.3,78.9,90.0,12.4,65.3,4.1,9.3,73.1,24.1,7.7,23.1,21.9,9.8,10.6,13.0,4.7,31.8,9.4,6.1,6.6,34.8,17.9,81.6,15.3,8.6,23.8,9.6,2.3,5.6,31.3,2.3,10.1,3.1
25019,4.8,21.1,20.1,25.8,55.0,7.4,10.8,4.3,79.6,90.0,11.8,65.8,3.9,8.8,74.9,22.7,7.2,22.2,22.1,9.0,9.4,12.3,4.7,30.3,9.4,5.4,6.0,33.0,16.4,82.1,15.2,8.1,26.9,9.9,2.2,5.9,31.6,2.2,9.3,2.9
25021,4.0,21.7,18.3,26.3,55.6,7.3,10.8,4.3,79.8,90.0,12.5,64.6,4.2,9.3,70.9,22.6,7.7,22.6,23.4,9.8,10.9,12.6,4.7,31.5,9.0,5.8,6.4,33.9,16.4,86.4,15.5,8.5,23.4,10.1,2.3,5.9,33.7,2.3,8.9,3.1
25023,4.7,22.0,19.7,27.5,55.5,7.4,12.1,4.8,79.5,88.7,14.6,66.4,5.3,12.1,70.5,24.9,8.2,27.5,24.4,12.2,13.9,14.7,5.4,31.9,12.3,6.9,7.5,35.0,19.2,86.6,18.4,9.7,29.7,11.7,2.7,7.6,36.0,2.5,7.800000000000001,3.5
25025,6.5,20.7,19.2,29.4,58.6,6.2,11.4,5.2,79.6,88.4,14.2,60.0,5.3,11.6,62.1,22.5,10.1,26.1,24.8,17.2,19.7,17.9,5.1,32.7,15.6,7.8,10.2,37.2,24.7,85.0,16.7,11.6,25.2,11.9,3.5,10.3,34.7,3.0,14.9,4.9
25027,5.7,23.5,19.2,29.9,55.8,7.2,12.1,5.0,79.7,88.2,14.9,59.8,5.5,12.5,69.3,26.2,9.0,27.0,24.9,13.7,15.6,16.6,5.3,30.9,12.0,7.4,8.1,35.3,23.1,84.0,18.1,10.6,32.5,12.7,3.0,8.0,35.3,2.6,12.3,4.0
26001,7.2,26.5,18.4,32.1,57.4,7.7,11.7,6.1,77.4,84.3,16.4,60.4,7.8,17.0,62.2,29.3,9.9,31.4,22.8,15.2,14.9,18.7,7.0,31.0,11.9,9.0,8.4,33.2,24.7,76.8,20.0,12.4,39.1,14.0,3.5,8.8,36.2,3.1,8.9,4.6
26003,7.4,25.7,18.9,33.2,57.8,7.5,11.2,6.0,76.9,84.6,15.6,65.3,7.3,16.7,65.4,26.2,10.0,30.6,25.5,15.7,14.4,18.6,6.9,30.3,12.8,8.4,8.8,33.7,23.7,75.6,19.0,12.2,36.6,13.5,3.4,9.4,35.9,3.1,12.7,4.6
26005,7.6,24.8,20.1,30.0,56.1,7.6,11.1,5.6,77.1,85.1,15.1,63.4,6.8,15.0,69.2,26.9,9.4,29.5,23.0,14.0,12.6,17.4,6.5,29.2,11.2,8.1,7.7,33.2,23.6,78.0,18.5,11.4,35.3,13.1,3.2,7.9,31.6,2.9,11.8,4.3
26007,7.5,27.8,18.7,33.4,57.8,7.8,12.1,6.5,77.5,83.6,17.3,58.4,8.7,18.4,63.4,30.2,10.5,33.5,23.0,16.8,17.3,20.2,7.4,30.9,12.8,9.8,9.2,33.4,26.1,73.1,20.6,13.8,41.3,14.8,3.9,9.9,35.0,3.3,13.6,5.1
26009,6.1,25.0,19.1,30.3,56.1,7.9,11.2,5.4,77.4,85.7,14.3,64.0,6.4,14.1,73.5,27.8,8.8,27.7,21.9,11.9,10.9,15.9,6.3,30.3,9.9,7.5,6.9,31.7,20.8,76.0,18.4,10.6,36.4,12.3,2.9,7.2,32.2,2.7,9.0,3.8
26011,7.9,27.0,19.1,33.0,57.2,7.7,12.0,6.4,76.6,83.6,17.3,62.3,8.4,18.4,63.3,29.7,10.3,33.2,23.8,16.6,16.3,20.3,7.3,30.7,12.8,9.6,9.0,34.0,25.6,76.2,20.8,13.3,38.4,14.7,3.8,9.4,34.5,3.3,13.4,4.9
26013,8.3,27.0,18.1,35.0,58.9,7.4,12.1,6.7,77.0,83.5,17.3,61.1,8.5,19.4,63.9,27.6,11.6,34.6,26.4,20.2,19.5,22.0,7.6,30.7,15.7,10.0,11.1,34.8,26.9,74.2,20.3,14.4,40.7,15.2,4.2,12.0,38.0,3.6,14.6,5.7
26015,6.7,25.4,18.8,29.8,56.7,7.8,11.3,5.5,76.9,85.1,15.0,64.2,6.8,15.1,72.8,27.6,8.9,29.5,22.2,12.7,11.5,16.9,6.5,31.5,10.5,7.9,7.2,32.1,22.6,77.1,18.7,11.0,36.6,12.7,3.0,7.4,33.3,2.8,11.7,4.0
26017,7.7,26.3,18.2,31.7,57.1,7.7,11.6,5.8,76.9,84.7,16.0,62.3,7.5,16.2,70.7,28.4,9.9,29.9,22.8,15.3,14.4,18.3,6.7,29.8,12.0,8.7,8.3,33.0,24.6,77.6,19.4,12.1,37.9,13.7,3.4,8.8,33.2,3.0,14.0,4.5
26019,6.2,25.5,19.4,30.3,56.5,7.9,11.3,5.4,77.4,85.7,14.5,62.6,6.5,14.1,70.1,28.4,8.9,28.5,21.7,11.9,11.0,16.1,6.3,29.6,10.0,7.7,7.0,32.3,21.1,74.1,18.7,10.8,35.4,12.7,2.9,7.3,31.6,2.7,9.9,3.8
26021,7.7,26.3,17.1,33.7,58.2,7.5,11.9,6.0,77.1,85.1,15.9,63.4,7.4,15.5,65.3,27.1,10.7,31.9,23.7,17.1,16.5,19.3,6.6,29.9,13.7,9.0,9.2,33.5,25.6,74.6,19.0,12.9,38.9,13.9,3.7,10.2,39.0,3.2,9.7,4.9
26023,9.1,26.7,18.0,34.3,56.9,7.6,11.7,6.4,76.3,83.2,17.5,58.8,8.5,18.3,63.0,28.7,10.9,34.7,24.1,18.0,17.5,20.9,7.4,30.8,13.7,9.8,9.5,34.7,26.8,72.8,20.1,13.5,35.9,15.0,4.0,10.0,36.0,3.4,12.8,5.3
26025,8.0,26.8,16.4,34.9,59.5,7.4,11.9,6.1,77.9,84.6,16.5,63.7,7.8,17.0,63.9,27.9,11.2,33.0,24.6,18.1,17.6,19.7,6.8,31.6,14.1,9.5,9.5,34.8,26.6,74.2,19.7,13.5,42.5,14.0,3.9,10.5,35.5,3.3,9.3,5.2
26027,7.8,26.1,18.0,32.3,57.2,7.5,11.8,6.0,77.0,84.6,16.3,62.8,7.6,16.8,67.0,28.6,10.0,31.4,24.0,15.7,14.9,19.1,6.8,31.0,12.5,9.0,8.7,33.7,24.9,76.7,19.8,12.5,36.1,13.9,3.6,9.1,35.8,3.1,9.9,4.7
26029,5.9,25.1,19.6,29.8,56.5,7.9,11.4,5.3,77.5,86.1,14.0,64.5,6.3,13.7,67.3,27.1,8.6,27.6,21.3,11.4,10.3,15.3,6.3,30.2,9.6,7.4,6.7,31.5,20.1,77.9,18.1,10.3,35.0,12.1,2.8,7.0,37.5,2.7,6.1,3.7
26031,7.5,26.6,18.4,32.7,57.7,7.8,11.9,6.2,77.4,84.1,16.7,64.0,8.0,17.5,67.0,29.3,10.2,32.0,23.5,16.0,15.7,19.3,7.1,30.7,12.4,9.2,8.9,33.0,24.1,72.2,20.0,12.9,41.0,14.2,3.6,9.2,34.0,3.2,7.9,4.8
26033,7.7,26.9,17.8,35.6,58.9,7.4,12.2,6.5,77.9,84.2,16.9,60.6,8.0,18.6,62.7,27.4,11.2,33.5,25.3,19.0,18.0,20.8,7.5,31.2,14.8,9.6,10.6,34.6,25.8,75.6,20.2,13.8,36.4,14.9,3.9,11.2,35.5,3.5,16.8,5.4
26035,8.6,28.2,17.6,35.4,57.8,7.6,12.3,6.9,77.2,82.6,18.7,62.0,9.5,20.0,62.6,30.4,11.1,35.1,24.0,19.5,20.4,22.4,7.8,32.2,14.4,10.8,10.3,33.8,27.8,71.5,21.8,14.7,40.1,15.9,4.4,11.0,34.9,3.6,21.9,5.7
26037,6.1,25.2,18.9,29.3,57.0,7.8,11.3,5.2,78.5,86.4,13.8,67.1,6.1,13.0,74.0,28.1,8.6,26.8,22.5,11.8,10.2,15.3,6.0,31.2,9.9,7.3,6.8,32.9,20.6,78.5,17.9,10.5,35.0,12.1,2.8,7.1,30.0,2.6,9.4,3.7
26039,7.5,27.0,19.2,32.5,57.5,7.7,11.9,6.5,77.4,83.8,17.0,62.0,8.5,18.2,65.1,30.2,10.4,32.8,23.0,16.2,16.5,20.1,7.3,30.2,12.5,9.6,9.0,33.7,26.0,75.1,20.6,13.3,37.1,14.6,3.8,9.5,34.2,3.3,16.7,5.0
26041,7.3,26.7,18.1,31.6,57.1,7.7,11.9,6.1,76.7,84.2,16.7,64.0,7.9,17.2,68.5,30.6,10.0,32.9,22.9,15.4,14.9,18.9,7.1,29.2,12.0,9.2,8.6,33.1,24.3,74.3,20.3,12.8,40.0,14.1,3.6,9.0,31.0,3.1,10.0,4.7
26043,6.3,25.9,19.2,31.5,56.9,7.8,11.5,5.7,77.7,85.2,15.3,63.2,7.1,15.7,69.5,29.7,9.3,30.6,22.4,13.0,12.3,17.1,6.6,30.1,10.7,8.2,7.5,33.0,23.5,79.5,19.4,11.6,38.1,13.1,3.1,7.8,31.7,2.9,7.9,4.1
26045,6.6,24.9,18.6,31.0,56.5,7.6,11.5,5.3,78.4,86.1,14.3,63.4,6.2,13.6,71.5,27.9,9.3,28.1,22.4,12.9,11.5,16.4,6.0,30.6,11.1,7.5,7.3,32.5,22.7,77.3,18.8,10.9,38.8,12.4,2.9,7.7,32.8,2.7,7.5,3.9
26047,5.6,24.2,19.6,30.1,55.8,7.9,11.2,5.2,77.9,86.4,13.7,65.8,6.0,13.3,73.0,27.2,8.5,26.6,21.3,10.9,9.8,15.0,6.1,30.0,9.5,7.1,6.6,32.1,19.5,77.9,18.0,10.0,32.7,11.8,2.7,6.9,30.0,2.6,14.3,3.6
26049,7.6,27.5,16.4,34.4,59.6,7.3,12.4,6.2,78.1,84.9,17.1,64.3,8.0,17.4,67.8,28.3,11.0,33.7,26.1,20.1,19.7,20.9,6.4,31.8,15.5,9.9,10.6,37.4,26.8,76.7,20.7,14.5,40.6,14.9,4.1,11.7,39.3,3.5,13.9,5.3
26051,7.9,27.2,18.4,33.4,57.9,7.7,12.0,6.5,77.2,83.4,17.5,60.9,8.7,18.8,65.1,29.6,10.4,32.2,24.3,17.2,17.3,20.6,7.3,31.2,13.0,9.8,9.2,34.3,26.3,75.6,20.9,13.5,40.3,14.9,3.9,9.8,34.7,3.3,16.0,5.1
26053,7.1,26.8,18.7,33.4,57.8,7.8,11.8,6.5,77.7,84.3,16.5,64.4,8.2,17.5,66.1,29.0,10.5,32.1,22.6,16.4,16.4,19.7,7.3,31.4,12.6,9.4,9.1,33.3,25.3,74.4,20.2,13.1,37.1,14.5,3.8,9.8,34.6,3.3,11.6,4.9
26055,5.7,24.3,19.4,29.4,56.4,8.0,11.1,5.1,77.8,86.2,13.8,66.7,6.0,13.2,73.2,27.0,8.4,27.8,20.8,11.0,9.8,15.6,6.0,29.5,9.5,7.2,6.5,32.5,21.0,75.7,17.9,10.2,35.3,12.1,2.7,6.8,31.1,2.6,13.4,3.5
26057,8.5,26.5,18.1,33.5,58.6,7.5,11.3,6.3,77.1,83.9,16.4,60.4,8.0,17.4,68.9,27.3,10.5,32.1,24.3,17.2,16.6,20.2,7.0,31.0,13.6,9.1,9.3,34.9,25.8,75.5,19.5,13.0,37.5,14.2,3.8,10.0,33.2,3.2,16.4,5.0
26059,7.9,26.9,18.3,34.4,57.6,7.8,11.9,6.5,77.0,83.4,17.4,62.3,8.5,18.6,64.2,31.0,10.6,33.5,23.4,17.4,17.3,20.6,7.2,32.5,12.8,9.8,9.1,34.6,26.6,74.8,20.7,13.6,37.8,14.8,3.8,9.5,35.0,3.3,12.3,5.0
26061,6.5,25.8,18.6,31.5,57.3,7.8,11.4,6.0,77.4,84.6,15.1,61.7,7.4,15.7,68.9,27.0,9.8,30.4,21.6,13.9,13.6,17.5,6.9,29.8,11.1,8.4,7.9,31.7,22.4,73.6,18.8,11.8,36.9,13.2,3.4,8.4,30.9,3.0,7.6,4.4
26063,7.7,26.3,18.5,32.4,57.2,7.7,11.7,6.1,76.7,83.8,16.6,63.0,7.9,17.5,65.1,29.0,10.1,32.2,24.2,15.9,15.2,19.2,7.0,30.2,12.2,9.2,8.6,34.2,26.0,74.2,20.0,12.9,38.8,14.3,3.6,9.0,35.4,3.1,9.7,4.7
26065,7.1,26.1,17.2,33.5,58.1,7.2,11.6,5.6,78.6,86.0,14.7,62.3,6.7,14.6,69.2,26.9,10.6,29.5,23.5,15.3,14.4,17.7,6.3,30.1,12.5,8.2,8.6,34.1,22.9,77.2,18.0,11.7,36.6,12.9,3.4,9.2,35.4,3.0,14.4,4.6
26067,7.9,25.8,18.6,33.4,56.3,7.6,11.2,5.9,77.1,84.5,15.8,64.3,7.3,16.4,67.2,27.1,9.9,30.4,24.3,15.3,13.9,18.5,6.7,29.9,12.3,8.5,8.4,34.0,24.3,75.6,19.3,12.0,40.1,13.4,3.4,8.9,35.9,3.0,13.9,4.5
26069,8.6,27.0,17.9,34.3,57.5,7.7,12.0,6.7,76.8,83.0,17.9,58.9,8.9,19.2,62.6,30.0,10.7,34.2,23.5,18.1,18.4,21.4,7.5,31.4,13.7,10.2,9.7,33.6,27.3,73.4,20.8,14.3,38.8,15.4,4.1,10.2,34.8,3.4,15.5,5.4
26071,7.5,26.6,18.3,33.3,57.8,7.7,11.7,6.2,76.5,83.9,16.7,63.8,8.0,17.7,64.2,28.9,10.2,32.7,23.1,15.9,15.7,19.5,7.2,30.8,12.3,9.3,8.7,32.8,25.2,76.5,20.2,12.9,39.2,14.3,3.6,9.2,35.0,3.2,12.2,4.7
26073,7.9,27.9,17.5,35.5,58.3,7.7,12.1,6.7,78.4,83.7,17.4,61.4,8.8,18.6,64.0,29.8,11.6,34.2,22.9,18.5,19.0,21.4,7.6,31.0,14.0,10.2,10.1,35.1,27.3,73.9,20.8,14.5,43.1,15.3,4.2,11.0,35.6,3.5,17.4,5.6
26075,7.5,27.5,17.8,34.4,57.1,7.7,11.7,6.0,76.1,84.7,16.0,64.5,7.4,15.8,63.3,28.0,10.4,33.0,24.2,15.5,14.6,20.1,6.6,30.5,12.7,8.7,8.7,33.4,26.2,77.6,19.8,13.3,39.3,13.9,3.5,9.2,42.2,3.1,12.9,4.6
26077,6.5,24.6,18.3,30.9,58.3,7.5,11.5,5.4,78.5,86.4,14.3,64.9,6.6,14.0,68.8,29.1,9.4,28.0,22.7,14.6,13.7,16.7,6.3,31.0,11.6,8.1,8.0,34.8,23.0,77.8,18.8,11.2,38.9,12.7,3.2,8.7,29.5,2.9,10.1,4.3
26079,7.7,27.3,18.4,33.4,57.7,7.7,11.9,6.4,76.9,83.6,17.1,62.7,8.4,18.0,63.8,29.5,10.3,32.6,23.5,16.4,16.3,20.2,7.3,30.7,12.6,9.6,9.0,34.0,25.3,73.0,20.6,13.3,38.2,14.7,3.8,9.4,35.3,3.3,14.2,4.9
26081,7.4,23.6,17.9,30.8,57.6,7.5,11.0,5.2,78.4,86.3,13.7,66.1,6.0,13.2,68.9,27.7,9.6,26.9,23.4,13.9,11.9,16.5,6.1,28.2,11.5,7.5,7.7,32.4,21.4,77.9,17.4,10.5,34.9,12.3,3.0,8.0,32.9,2.8,7.699999999999999,4.1
26083,5.2,24.8,19.4,30.1,56.6,8.0,11.1,5.3,77.7,86.5,13.4,65.8,6.0,12.8,72.4,28.1,8.5,26.7,20.1,10.5,9.8,14.9,6.2,30.3,8.9,7.0,6.3,31.3,19.5,75.8,17.8,10.0,34.3,11.8,2.7,6.7,33.5,2.6,9.8,3.5
26085,11.9,28.2,18.0,36.7,58.8,7.1,11.8,7.4,76.7,81.9,19.3,56.3,9.9,21.3,55.9,28.1,12.5,36.8,27.0,24.2,24.6,25.4,8.0,31.0,17.9,11.4,12.4,35.4,31.5,70.3,20.9,16.2,40.3,16.6,5.1,13.4,38.7,4.0,20.3,6.9
26087,7.6,25.5,19.1,31.3,56.9,7.7,11.4,5.7,76.6,84.5,15.6,63.3,7.2,16.2,67.2,27.5,9.3,29.9,23.2,14.0,13.1,17.8,6.6,29.8,11.5,8.4,7.9,31.7,23.9,75.3,19.2,11.8,35.0,13.4,3.2,8.1,35.7,2.9,17.0,4.3
26089,5.3,23.7,19.9,28.1,56.2,8.0,10.8,4.9,78.1,87.3,12.4,67.6,5.3,11.4,76.2,26.6,7.9,24.9,20.1,9.5,8.1,13.5,5.8,29.4,8.4,6.4,5.9,31.0,17.9,77.5,16.7,9.1,31.9,11.0,2.4,6.0,29.9,2.4,7.300000000000001,3.2
26091,8.1,24.6,18.4,32.3,56.6,7.5,11.4,5.8,75.8,84.4,16.1,62.2,7.2,16.0,66.6,29.0,10.0,31.0,23.1,15.1,14.1,18.8,6.7,31.5,12.2,8.6,8.4,33.1,25.0,76.7,19.8,12.1,40.8,13.8,3.4,8.7,37.7,3.0,8.6,4.6
26093,5.1,22.8,20.1,26.9,56.0,8.0,11.1,4.7,78.0,87.0,12.5,66.6,5.5,12.0,72.6,26.6,7.6,23.7,20.7,9.3,7.699999999999999,13.3,5.7,29.7,7.9,6.3,5.700000000000001,30.9,19.5,77.6,17.0,8.7,31.9,11.1,2.4,5.799999999999999,32.2,2.4,10.8,3.1
26095,8.4,26.2,18.2,36.5,59.5,7.3,11.3,6.7,77.5,83.6,16.6,59.0,8.2,18.6,62.2,25.5,11.6,33.8,26.6,19.2,18.8,21.4,7.5,31.0,15.2,9.4,10.5,33.9,26.0,73.1,19.3,13.8,41.3,14.5,4.1,11.8,37.0,3.5,15.4,5.5
26097,8.1,27.2,17.5,33.1,58.4,7.4,12.4,6.5,77.7,83.9,17.4,61.5,8.4,18.6,66.6,28.5,11.5,34.5,25.4,20.3,19.3,21.5,7.6,30.6,15.5,10.1,11.1,34.1,26.4,72.7,20.5,14.3,41.3,15.2,4.1,11.8,35.2,3.5,9.8,5.7
26099,6.8,25.7,18.2,33.5,60.6,7.3,11.4,5.5,79.7,86.1,15.1,65.4,6.9,15.4,65.3,26.9,9.6,30.3,24.6,15.9,14.1,18.7,5.9,32.5,13.0,8.4,8.5,34.8,25.2,78.5,18.5,11.9,37.3,13.1,3.3,9.2,39.0,2.9,10.3,4.3
26101,7.7,26.0,18.8,32.1,57.3,7.7,11.6,6.0,77.3,84.5,16.1,61.4,7.6,16.6,65.5,28.3,9.9,31.2,24.1,15.5,14.5,18.9,6.9,30.1,12.5,8.8,8.5,33.5,26.0,75.8,19.6,12.5,37.0,13.9,3.5,9.0,33.9,3.1,11.4,4.6
26103,6.1,25.4,19.4,31.6,58.0,7.9,11.5,5.7,78.9,85.5,15.0,65.9,7.0,14.9,68.9,28.6,9.4,29.0,21.5,13.0,12.4,16.7,6.6,29.9,10.6,8.1,7.6,31.1,21.0,71.3,18.8,11.2,38.0,13.0,3.2,8.1,31.1,2.9,10.1,4.1
26105,7.5,27.1,18.3,32.2,57.7,7.8,11.6,6.0,77.5,84.6,16.1,59.7,7.6,16.3,66.7,28.7,10.1,31.5,22.6,15.3,14.9,18.6,6.9,30.3,12.0,8.9,8.4,32.7,23.2,75.7,19.6,12.5,40.5,13.9,3.5,9.0,34.2,3.1,11.3,4.6
26107,7.7,27.2,18.0,33.4,58.1,7.8,11.8,6.5,77.7,83.7,17.2,60.1,8.6,18.1,62.8,30.1,10.4,34.0,23.2,17.2,17.7,20.7,7.3,30.7,13.2,9.8,9.5,33.5,26.4,73.1,20.2,13.8,38.3,14.7,4.0,10.2,35.9,3.4,11.2,5.2
26109,7.5,26.6,19.5,32.7,56.3,7.7,11.7,6.1,76.8,84.1,16.5,62.9,7.8,17.4,63.9,29.8,9.9,32.6,24.3,15.6,14.9,19.2,7.0,30.2,12.2,9.0,8.6,34.3,25.0,77.9,20.1,12.8,38.9,14.1,3.5,8.9,37.3,3.1,9.5,4.6
26111,6.000000000000001,25.2,19.0,30.3,56.6,7.7,11.1,5.4,77.5,85.9,13.9,61.0,6.3,13.5,70.0,27.2,8.7,26.8,21.0,11.8,10.7,15.8,6.1,30.9,9.7,7.4,6.9,30.3,20.2,78.0,17.7,10.5,31.7,12.4,2.9,7.1,30.6,2.7,11.4,3.8
26113,7.9,27.0,19.0,33.1,57.2,7.7,11.8,6.2,77.4,83.9,17.0,60.3,8.1,17.8,63.8,29.4,10.2,32.3,23.5,15.8,15.5,20.0,7.1,31.3,12.2,9.4,8.6,33.3,26.2,73.8,20.3,12.9,39.2,14.4,3.7,9.0,35.0,3.2,14.1,4.8
26115,7.0,27.0,19.6,32.0,57.7,7.7,11.8,5.7,76.7,85.3,15.1,64.3,7.1,15.4,68.1,28.0,9.8,30.3,22.4,13.5,12.7,17.8,6.6,31.7,11.2,8.3,7.7,33.1,23.4,68.2,19.4,12.1,40.3,13.4,3.2,8.0,36.8,2.9,12.4,4.2
26117,8.6,26.4,18.5,33.8,56.7,7.5,11.5,6.3,77.8,83.4,17.1,59.2,8.2,18.5,64.3,28.0,10.6,33.0,24.9,17.3,16.3,20.4,7.1,31.5,13.5,9.4,9.3,33.5,25.8,75.2,20.0,13.4,42.2,14.5,3.8,9.8,37.3,3.3,17.7,5.0
26119,8.0,27.1,18.2,33.0,57.5,7.6,11.9,6.6,76.8,83.1,17.7,58.0,8.8,19.2,63.3,29.9,10.5,33.6,23.6,17.5,17.6,21.0,7.6,31.0,13.1,10.0,9.4,34.2,26.2,73.7,20.9,13.8,38.3,15.1,4.0,9.9,35.5,3.4,14.2,5.2
26121,8.1,26.3,18.4,32.6,58.0,7.3,12.2,6.0,77.6,84.7,16.2,60.5,7.8,17.3,62.8,28.5,10.7,32.0,23.8,17.3,17.3,20.4,6.6,30.4,14.2,9.3,9.5,33.4,26.8,78.3,19.7,13.0,44.2,14.0,3.8,10.5,39.3,3.2,12.1,5.0
26123,8.6,27.2,19.2,33.5,57.7,7.6,11.7,6.4,76.9,83.8,17.0,62.0,8.3,18.3,63.8,28.4,10.3,32.8,23.4,17.2,16.8,20.4,7.2,31.0,13.0,9.6,9.2,33.0,26.1,70.9,20.0,13.3,37.5,14.5,3.8,9.6,33.7,3.3,11.0,5.1
26125,5.5,20.9,17.1,30.3,59.3,7.1,10.6,4.8,79.3,88.5,11.6,64.1,5.0,10.9,72.8,21.5,8.5,21.9,21.9,11.4,9.1,13.8,5.1,29.6,9.5,6.2,6.4,32.0,18.2,74.9,15.8,8.8,30.9,10.4,2.5,6.8,32.1,2.5,7.0,3.4
26127,10.1,26.3,18.0,32.3,57.7,7.5,11.3,6.3,75.9,83.8,16.6,59.8,7.8,17.1,65.1,27.9,10.6,32.7,23.6,17.9,16.6,20.6,7.2,30.8,13.8,9.2,9.3,33.4,26.5,75.6,19.5,13.3,40.7,14.7,3.8,9.8,33.3,3.2,12.0,5.2
26129,8.1,28.1,18.1,33.7,57.4,7.7,12.0,6.6,76.5,83.2,17.7,57.9,8.7,19.0,62.8,30.1,10.7,34.2,24.0,17.6,17.7,21.1,7.5,30.4,13.3,10.0,9.4,34.0,26.7,72.0,20.9,13.9,39.2,15.2,4.0,9.9,39.4,3.4,17.8,5.2
26131,7.3,26.8,19.1,33.1,57.0,7.7,11.7,6.3,77.0,84.0,16.6,61.2,8.0,17.7,63.3,29.3,10.1,32.0,23.5,15.8,15.4,19.2,7.2,31.2,12.4,9.2,8.7,33.6,24.7,70.7,20.3,12.8,37.2,14.2,3.6,9.2,35.7,3.2,12.8,4.7
26133,8.1,27.4,18.5,33.2,57.1,7.6,12.0,6.5,77.2,83.3,17.7,60.5,8.6,18.6,63.7,29.6,10.4,34.1,24.0,17.4,17.2,20.9,7.4,30.7,13.0,9.9,9.2,34.5,26.9,76.0,20.8,13.6,39.4,15.2,3.9,9.8,36.0,3.3,12.8,5.1
26135,9.0,27.8,18.0,34.3,57.6,7.7,12.2,7.0,76.4,82.5,18.7,56.3,9.6,20.2,63.0,30.2,11.2,35.5,24.1,19.4,20.1,22.7,7.8,31.1,14.3,10.9,10.3,34.5,28.2,72.1,21.4,14.9,38.2,16.0,4.4,10.8,34.1,3.6,16.9,5.7
26137,6.6,25.6,19.2,31.5,56.3,7.8,11.6,5.7,77.9,85.0,15.4,63.6,7.2,15.5,62.4,29.0,9.4,30.3,22.0,13.4,12.5,17.5,6.6,30.4,10.9,8.3,7.6,33.1,23.9,76.9,19.5,11.7,37.9,13.3,3.2,7.9,35.8,2.9,9.0,4.1
26139,6.7,22.9,19.2,29.3,57.8,7.6,11.0,5.1,79.7,86.6,13.6,66.5,5.8,12.1,71.8,27.0,8.5,27.4,21.9,11.8,10.1,14.8,6.0,29.3,10.0,7.1,6.8,31.7,19.9,78.8,17.3,10.2,33.2,11.8,2.7,6.9,29.6,2.6,4.699999999999999,3.7
26141,7.3,27.2,18.5,32.1,57.2,7.7,11.8,6.3,77.4,84.0,16.7,61.9,8.1,17.5,64.7,29.9,10.1,32.0,22.9,15.8,15.8,19.5,7.2,31.1,12.2,9.3,8.7,33.3,25.0,74.4,20.2,12.8,41.1,14.4,3.7,9.2,35.7,3.2,11.2,4.8
26143,7.4,25.9,18.6,32.3,57.4,7.7,11.8,6.2,77.0,84.2,16.6,62.8,8.1,17.4,65.4,29.4,10.0,31.4,22.8,15.7,15.5,19.4,7.1,30.1,12.3,9.2,8.6,33.5,24.9,71.4,20.1,12.8,39.0,14.3,3.7,9.1,34.4,3.2,15.7,4.7
26145,8.6,26.8,16.0,35.3,60.6,7.2,12.3,6.2,78.8,84.3,16.8,64.6,8.0,17.0,61.9,27.6,11.6,33.2,25.9,20.8,20.1,22.1,6.7,29.6,15.6,10.0,10.5,35.7,29.2,77.1,20.0,14.3,37.1,14.8,4.2,12.0,36.9,3.5,14.6,5.6
26147,7.2,25.9,18.1,32.7,57.6,7.7,11.7,5.8,78.0,85.0,16.1,62.7,7.4,16.6,68.2,28.9,9.5,31.6,23.9,14.7,13.5,18.5,6.6,29.8,11.8,8.6,8.1,35.2,24.2,71.8,20.1,12.3,36.2,13.8,3.3,8.5,36.1,3.0,15.3,4.4
26149,9.2,26.3,18.1,32.6,57.0,7.5,11.6,6.1,76.4,83.8,17.1,58.3,8.0,17.8,60.7,28.7,10.5,32.7,23.9,17.0,15.8,20.4,6.9,29.7,13.1,9.3,9.0,34.2,24.9,74.2,20.0,13.1,38.3,14.4,3.7,9.2,36.4,3.2,19.0,5.0
26151,8.3,26.6,18.6,33.2,57.3,7.6,11.8,6.3,76.8,83.6,17.2,61.9,8.3,18.5,59.3,29.6,10.3,33.2,24.1,16.7,16.2,20.1,7.2,31.0,12.8,9.5,8.9,34.2,28.0,72.8,20.5,13.3,39.9,14.5,3.7,9.4,34.2,3.2,13.4,4.9
26153,7.8,27.4,18.1,33.2,57.6,7.7,12.3,6.5,77.3,83.6,17.5,55.2,8.5,19.0,61.4,29.5,10.8,33.6,24.1,18.2,17.9,21.1,7.5,30.8,13.8,10.0,10.1,34.4,26.5,72.1,20.8,13.9,40.1,15.1,4.0,10.5,37.3,3.4,20.7,5.4
26155,7.2,26.6,18.3,32.1,57.1,7.8,11.7,5.9,77.9,84.6,16.1,63.3,7.5,16.6,68.3,29.6,9.9,30.7,24.1,14.5,13.7,19.0,6.7,31.1,11.6,8.8,8.1,34.3,24.5,73.8,20.3,12.5,38.5,14.1,3.4,8.5,35.9,3.0,12.2,4.4
26157,7.9,26.6,18.7,32.6,57.2,7.6,11.7,6.2,76.5,83.7,16.7,61.9,8.1,17.7,62.6,29.1,10.1,31.9,23.9,15.9,15.4,19.9,7.0,30.9,12.4,9.2,8.6,33.4,25.5,74.3,20.2,13.0,41.4,14.3,3.6,9.0,36.9,3.2,19.6,4.8
26159,9.3,26.9,17.3,32.7,57.8,7.5,11.7,6.1,77.5,84.6,16.8,61.4,7.8,16.6,61.7,28.6,10.8,32.5,23.3,17.5,16.5,20.4,7.0,30.9,13.7,9.4,9.3,33.1,26.6,74.2,19.8,13.4,39.2,14.5,3.8,9.9,35.0,3.2,9.2,5.1
26161,5.4,21.9,18.0,28.3,57.5,7.4,10.7,4.9,77.0,87.6,12.2,65.5,5.3,10.8,71.9,26.7,8.6,23.5,19.4,11.5,10.2,13.5,5.6,27.6,9.6,6.6,6.8,30.7,16.5,77.9,15.8,9.2,29.0,10.9,2.7,7.1,28.7,2.6,7.800000000000001,3.7
26163,8.3,26.5,15.2,37.1,60.7,6.5,12.4,6.3,79.5,85.8,16.0,60.7,8.1,17.2,62.5,24.9,12.5,32.8,27.3,24.2,23.8,23.3,6.1,31.8,19.3,10.3,12.4,33.7,28.8,76.6,20.6,14.9,37.3,14.7,4.7,14.6,42.1,3.9,10.0,6.2
26165,7.8,26.8,18.6,33.2,57.0,7.7,11.9,6.3,76.9,83.7,17.0,60.1,8.3,17.8,64.4,29.5,10.3,32.7,23.1,16.5,16.4,19.9,7.2,30.5,12.5,9.5,9.0,34.0,24.7,70.0,20.2,13.1,38.8,14.4,3.8,9.4,34.1,3.2,15.3,4.9
27001,8.5,21.4,22.0,29.2,56.5,7.3,10.6,5.7,71.9,81.1,15.6,57.7,6.1,17.7,61.7,26.8,9.7,29.3,22.5,14.2,10.8,17.5,7.0,28.1,11.1,8.3,8.6,30.7,25.0,75.7,17.8,11.5,33.4,12.4,3.4,7.3,34.3,3.0,9.3,4.4
27003,7.8,19.1,19.0,28.4,58.7,6.9,9.9,5.0,71.4,83.4,13.6,65.0,4.6,13.5,69.6,25.1,9.3,27.2,24.9,12.1,7.9,15.3,6.1,28.2,10.7,6.7,7.5,32.2,23.9,75.2,16.3,9.9,35.8,10.7,2.8,6.3,30.1,2.7,6.800000000000001,3.6
27005,8.0,21.4,22.9,30.7,57.9,7.4,10.3,5.5,73.5,82.3,14.7,64.4,5.6,16.0,66.4,25.8,8.9,27.6,20.8,13.3,9.7,16.7,6.7,28.1,10.5,7.9,8.2,28.8,22.7,73.7,17.6,11.0,37.3,11.9,3.2,6.8,29.5,2.9,13.5,4.2
27007,8.5,23.9,18.8,30.0,56.8,7.2,11.3,5.9,71.6,81.3,16.0,61.1,6.3,18.8,63.1,27.5,10.2,31.4,22.7,16.6,12.7,18.9,7.3,28.7,12.5,8.9,10.0,30.5,25.9,77.3,18.4,12.4,39.8,12.8,3.8,8.5,32.7,3.2,13.8,5.1
27009,8.2,20.5,19.8,28.9,56.7,7.2,10.4,5.3,73.1,82.3,14.6,64.0,5.5,15.9,67.6,26.1,9.3,27.7,21.7,12.8,9.6,16.3,6.5,29.3,10.7,7.7,8.0,30.8,23.3,79.2,17.3,10.9,41.2,11.7,3.2,6.9,28.8,2.9,8.2,4.1
27011,8.6,20.9,20.5,27.9,56.8,7.3,10.3,5.5,71.4,81.7,14.8,61.0,5.7,16.6,63.9,24.8,9.3,27.7,21.3,12.9,9.9,16.7,6.7,28.9,10.5,7.8,8.0,30.6,24.7,76.8,17.3,11.0,38.2,12.0,3.3,6.8,31.0,2.9,11.9,4.2
27013,8.2,21.4,19.3,30.8,57.5,7.2,10.5,5.5,73.5,82.3,14.7,60.3,5.6,15.6,59.2,26.3,10.0,28.3,20.6,13.4,10.5,16.4,6.7,29.1,10.6,7.8,8.3,30.1,24.1,81.1,17.2,11.0,36.8,11.7,3.4,7.2,31.5,3.0,12.5,4.3
27015,8.6,20.3,20.6,28.4,56.6,7.3,10.1,5.2,73.2,82.4,14.3,62.1,5.3,15.5,62.0,25.1,9.0,27.4,21.5,12.2,8.9,16.0,6.4,27.9,10.1,7.4,7.6,29.9,23.1,78.3,17.0,10.8,36.2,11.6,3.0,6.3,29.2,2.8,10.4,3.9
27017,8.3,20.3,21.7,29.0,56.0,7.4,10.6,5.4,70.4,81.6,14.6,62.3,5.4,16.2,64.3,27.5,9.7,29.3,21.7,12.3,9.1,16.7,6.6,28.4,10.4,7.6,8.2,33.7,24.3,77.8,17.0,11.4,38.5,11.8,3.1,6.7,36.0,2.9,11.4,4.1
27019,6.1,18.2,20.9,23.9,55.4,7.3,9.5,4.3,73.2,84.9,11.1,66.3,3.8,11.0,72.7,23.5,7.3,22.6,20.1,8.3,5.199999999999999,11.9,5.3,26.3,7.3,5.4,5.6,29.4,18.3,81.7,14.3,8.0,31.3,9.2,2.2,4.5,26.4,2.2,6.300000000000001,2.9
27021,8.2,20.9,20.9,29.7,57.1,7.3,10.6,5.8,72.0,81.6,15.1,58.8,5.9,17.8,62.1,25.4,10.0,30.5,21.9,14.4,11.0,18.0,7.1,28.9,11.5,8.3,9.1,29.2,25.5,76.1,18.1,11.9,36.9,12.6,3.4,7.7,37.9,3.0,11.0,4.5
27023,10.4,21.5,19.5,28.6,57.0,7.2,10.2,5.8,71.1,81.2,15.4,62.4,6.0,17.0,66.3,25.6,10.1,29.6,22.8,15.5,11.5,18.5,6.9,28.7,12.2,8.3,9.1,31.4,27.0,74.5,17.6,12.3,40.8,12.7,3.6,7.8,30.6,3.1,11.7,4.7
27025,7.4,21.3,20.9,28.1,56.6,7.3,10.0,5.0,72.9,83.1,13.4,62.4,4.8,14.7,65.9,25.0,8.6,26.9,20.9,10.6,7.2,14.7,6.2,29.7,9.4,6.7,6.7,29.0,21.8,79.0,16.3,9.9,35.9,10.8,2.7,5.6,31.9,2.6,11.5,3.5
27027,7.3,20.0,19.6,30.1,56.3,7.3,10.4,5.3,72.6,82.9,13.8,63.5,5.1,14.6,68.1,25.9,9.3,27.0,21.4,12.4,9.2,15.400000000000002,6.3,30.7,10.2,7.3,7.6,31.4,22.1,78.7,16.4,10.3,34.1,11.0,3.1,6.7,32.8,2.8,11.3,3.9
27029,9.4,21.4,20.1,28.8,57.1,7.2,10.7,6.0,70.1,80.4,16.4,58.4,6.4,19.4,63.4,26.5,10.0,30.5,24.2,15.9,12.2,19.6,7.3,27.9,12.3,8.9,9.6,32.7,26.6,70.8,18.6,12.6,34.7,13.3,3.7,8.0,31.9,3.2,9.3,4.9
27031,6.9,19.5,20.7,27.5,56.4,7.4,10.1,5.0,72.9,83.9,12.8,63.5,4.6,13.5,70.9,24.9,8.8,25.1,20.9,11.0,7.8,14.4,6.2,28.2,9.4,6.6,7.2,30.5,21.4,78.2,15.9,9.6,35.2,10.7,2.8,6.1,30.7,2.6,8.5,3.7
27033,10.7,21.2,19.7,30.1,56.7,7.1,10.0,5.8,71.7,81.2,15.3,62.3,5.9,16.7,60.7,25.1,10.2,29.5,23.2,15.6,11.6,18.6,6.9,29.8,12.2,8.2,9.1,31.7,27.6,77.2,17.1,11.9,39.8,12.5,3.6,7.7,33.5,3.1,13.9,4.8
27035,7.5,21.0,21.4,28.7,55.7,7.4,10.5,5.4,71.9,82.4,13.8,63.0,5.2,15.4,64.4,24.8,8.7,27.5,19.6,11.2,8.4,15.0,6.4,26.7,9.4,7.3,7.2,28.9,22.3,78.2,16.5,10.4,37.4,11.1,3.0,6.1,30.9,2.8,14.4,3.8
27037,7.4,19.4,18.5,26.8,58.4,7.1,9.8,4.4,73.8,85.7,11.7,65.3,4.0,11.3,71.6,23.5,8.4,24.8,21.0,10.0,6.7,13.7,5.4,30.1,8.7,6.1,6.4,30.4,21.8,78.6,14.8,9.3,34.2,10.2,2.5,5.6,28.5,2.4,6.1,3.3
27039,7.3,19.9,20.9,26.4,55.8,7.4,9.9,4.8,71.5,83.4,12.9,65.1,4.5,13.4,71.1,24.9,8.3,25.0,21.5,9.8,6.6000000000000005,14.4,5.9,28.3,8.7,6.4,6.4,31.3,21.7,79.0,16.0,9.2,34.9,10.5,2.5,5.3,30.2,2.5,8.4,3.3
27041,7.3,20.9,19.9,26.5,55.4,7.3,10.2,5.0,72.6,82.9,13.5,63.9,4.9,14.5,65.2,26.4,8.5,26.4,20.8,10.7,7.6,14.9,6.2,29.4,9.3,6.9,6.8,30.0,21.6,76.2,16.6,9.9,35.5,10.8,2.8,5.799999999999999,30.7,2.6,9.4,3.6
27043,9.9,21.4,20.2,29.3,56.7,7.2,10.4,5.8,71.4,81.1,15.6,57.9,6.0,17.1,67.1,25.5,9.7,31.1,22.5,14.8,11.2,18.0,7.0,29.3,11.9,8.3,8.8,33.3,26.7,75.5,17.7,12.1,37.8,12.6,3.6,7.6,30.6,3.1,14.6,4.7
27045,8.1,20.5,20.7,29.4,56.0,7.3,10.3,5.3,71.7,82.0,14.6,63.0,5.4,16.1,63.9,25.6,9.0,28.5,21.3,11.9,8.7,16.1,6.4,28.7,9.9,7.5,7.5,30.7,23.4,77.5,17.3,10.5,40.7,11.8,3.1,6.2,32.0,2.8,10.1,3.9
27047,10.5,20.9,21.1,28.9,57.2,7.0,10.1,5.7,71.3,81.3,15.3,58.2,5.7,16.7,60.4,24.1,9.9,29.4,23.1,14.8,10.6,18.7,6.8,28.3,11.8,7.9,8.6,31.7,27.9,74.8,17.4,11.8,36.2,12.4,3.4,7.2,34.3,3.0,12.6,4.6
27049,8.2,19.5,20.9,28.6,56.1,7.3,10.1,5.1,71.1,82.4,13.8,61.5,5.1,14.9,66.7,24.4,8.5,26.4,21.8,11.6,8.3,15.7,6.3,28.2,9.9,7.2,7.3,29.8,23.7,76.5,16.9,10.4,35.8,11.4,2.9,6.1,33.2,2.7,14.1,3.8
27051,8.4,21.2,20.2,29.8,57.6,7.3,10.5,5.8,71.8,81.7,15.3,60.6,5.9,17.2,63.2,26.7,9.6,29.2,22.3,13.6,10.5,17.3,7.0,29.6,11.0,8.2,8.4,31.9,24.5,78.1,17.9,11.5,39.9,12.3,3.4,7.2,30.9,3.0,12.7,4.3
27053,7.6,17.1,19.0,26.9,54.5,6.9,9.6,4.5,73.7,85.1,12.6,64.7,4.0,11.1,67.5,25.8,7.4,24.4,22.0,11.4,7.6,14.1,5.4,29.3,10.2,6.2,7.2,33.6,18.5,77.9,14.9,8.9,27.1,9.4,2.7,5.9,28.2,2.5,7.800000000000001,3.5
27055,7.3,20.1,21.5,26.1,56.0,7.4,10.2,5.0,71.5,83.1,13.4,64.3,4.9,14.2,63.7,24.5,8.4,25.5,20.1,10.4,7.3,15.0,6.1,28.1,8.9,6.8,6.7,31.1,23.5,75.2,16.2,9.8,34.0,11.1,2.7,5.6,30.6,2.6,6.199999999999999,3.5
27057,7.7,21.2,20.6,26.3,57.0,7.3,10.1,5.4,73.0,82.7,14.0,63.6,5.3,14.8,65.7,24.4,9.3,26.5,20.7,12.0,9.0,15.5,6.4,27.2,9.9,7.3,7.6,31.5,21.9,78.5,16.7,10.4,35.3,11.3,3.0,6.4,30.4,2.8,9.9,3.9
27059,8.3,21.1,20.5,28.0,56.3,7.3,10.1,5.3,71.1,81.8,14.5,64.9,5.4,16.1,65.2,25.4,8.8,27.6,22.7,12.2,8.7,16.1,6.4,29.3,10.0,7.5,7.6,30.6,23.6,75.3,17.1,10.5,32.4,11.9,3.1,6.3,31.8,2.8,11.0,3.9
27061,7.7,21.3,20.1,29.7,55.9,7.4,10.5,5.6,71.8,82.0,14.8,63.3,5.6,16.7,65.1,26.0,9.9,29.4,21.3,12.9,9.7,16.6,6.7,27.3,10.4,7.8,8.0,30.5,23.1,74.0,17.4,11.1,36.1,12.1,3.2,6.8,28.8,2.9,9.7,4.1
27063,8.3,20.0,20.2,28.3,56.4,7.3,10.0,5.2,71.9,82.5,13.8,63.0,5.1,14.8,68.8,24.5,8.9,27.2,21.6,11.5,8.2,15.400000000000002,6.4,28.9,9.9,7.0,7.3,29.5,23.1,76.2,16.6,10.4,36.1,11.2,2.9,6.1,29.9,2.7,7.699999999999999,3.8
27065,9.1,22.1,20.7,29.4,57.0,7.2,10.5,5.7,69.9,80.6,16.0,60.6,6.2,18.2,60.6,26.7,9.8,31.2,23.2,14.7,11.3,18.1,7.0,28.0,11.5,8.5,8.7,33.3,26.0,77.2,18.1,12.3,37.3,12.8,3.5,7.3,33.1,3.1,10.1,4.5
27067,10.5,20.2,19.6,28.3,57.9,7.1,10.2,5.4,72.7,82.3,14.3,60.8,5.4,14.9,66.5,24.4,10.0,27.7,21.8,14.2,10.4,16.8,6.6,28.3,11.7,7.6,8.5,31.6,24.1,79.6,16.2,10.9,41.0,11.7,3.3,7.2,32.3,2.9,10.2,4.5
27069,7.6,20.6,20.9,28.2,56.4,7.4,10.2,5.2,72.0,82.6,13.9,61.8,5.2,15.2,64.2,25.6,8.8,26.9,21.4,11.5,8.4,15.6,6.4,28.6,9.6,7.2,7.3,31.1,23.1,76.4,16.9,10.3,34.4,11.3,2.9,6.2,32.6,2.7,6.800000000000001,3.8
27071,8.0,20.9,21.0,29.7,56.8,7.4,10.4,5.6,71.6,81.8,14.9,62.5,5.6,16.8,62.3,25.9,9.3,28.8,21.9,12.6,9.3,16.6,6.8,28.4,10.3,7.7,7.9,31.8,25.1,76.9,17.5,10.9,37.1,12.0,3.2,6.7,32.3,2.9,10.3,4.1
27073,7.9,20.0,21.5,27.3,56.2,7.3,10.0,5.2,72.1,82.5,13.8,61.9,5.1,15.2,65.2,24.9,8.7,26.9,21.3,11.1,7.9,15.6,6.3,28.8,9.5,7.0,7.1,30.6,23.0,79.7,16.7,10.1,34.8,11.1,2.9,5.9,30.7,2.7,10.6,3.7
27075,7.8,20.8,21.2,26.7,56.2,7.4,10.1,5.4,70.5,82.2,14.5,65.6,5.4,15.6,67.5,25.5,8.7,28.4,21.4,11.7,8.7,15.8,6.6,28.0,9.9,7.4,7.5,31.8,22.8,78.4,17.1,10.4,35.3,11.6,3.0,6.3,28.6,2.8,12.2,3.9
27077,7.8,20.5,20.7,27.9,56.4,7.3,10.1,5.3,71.9,82.2,14.2,62.9,5.2,15.6,63.1,25.1,8.9,27.7,22.3,11.6,8.3,15.7,6.5,28.9,9.9,7.2,7.4,31.0,23.3,74.6,16.9,10.4,35.6,11.4,3.0,6.2,31.8,2.8,11.9,3.8
27079,8.2,19.8,21.5,27.8,56.3,7.4,9.9,5.0,72.2,82.8,13.5,63.4,4.8,14.4,61.5,24.7,8.7,25.2,21.1,11.0,7.5,14.9,6.0,28.1,9.5,6.8,6.9,31.2,21.1,73.7,16.2,9.8,35.0,10.9,2.8,5.799999999999999,35.3,2.6,11.1,3.6
27081,8.2,20.4,20.4,28.2,56.7,7.3,10.1,5.3,72.7,82.1,14.4,59.6,5.4,15.7,63.1,25.2,8.9,28.4,21.6,12.2,9.0,16.0,6.6,27.9,10.0,7.5,7.6,30.6,23.8,78.1,17.0,10.8,36.9,11.7,3.1,6.4,31.0,2.8,10.8,3.9
27083,8.9,20.6,20.2,28.3,57.6,7.1,10.1,5.3,72.8,82.6,14.1,59.5,5.3,15.2,65.5,23.7,9.5,27.4,22.4,13.1,9.5,16.7,6.4,28.4,10.5,7.5,8.0,31.3,24.0,76.1,16.5,10.7,38.4,11.6,3.2,6.7,31.4,2.8,10.0,4.1
27085,8.7,21.2,21.1,28.3,56.1,7.3,10.0,5.1,71.1,82.2,14.3,63.5,5.2,15.4,66.3,24.6,9.2,27.0,21.5,11.7,8.3,15.8,6.4,28.6,10.2,7.2,7.4,30.8,24.2,77.3,16.7,10.3,42.2,11.4,3.0,6.2,34.1,2.7,11.5,3.9
27087,12.0,24.2,18.0,33.2,58.3,6.8,12.8,7.5,72.1,78.4,20.8,55.9,8.5,25.7,50.4,27.9,14.0,40.1,27.6,28.0,22.8,27.2,9.2,28.7,20.2,12.5,16.6,36.0,33.2,69.8,21.5,17.6,44.4,16.9,5.5,14.1,35.9,4.3,23.3,8.0
27089,8.7,21.1,21.8,28.8,56.5,7.2,10.2,5.3,71.5,81.9,14.7,59.8,5.4,15.9,63.1,25.3,9.1,28.6,22.2,12.5,8.9,16.8,6.5,29.3,10.2,7.5,7.7,31.3,23.5,76.2,17.1,10.8,39.2,11.7,3.0,6.3,31.7,2.8,12.5,4.0
27091,9.0,20.5,20.3,27.7,56.9,7.3,10.1,5.6,71.8,81.6,14.7,61.7,5.7,16.4,64.7,25.0,9.7,28.4,21.5,13.7,10.2,17.3,6.7,28.8,11.1,7.9,8.3,30.5,26.3,77.7,17.2,11.4,36.6,12.1,3.3,7.1,31.1,2.9,9.7,4.3
27093,8.3,20.1,21.4,28.0,56.9,7.3,10.1,5.4,72.3,82.1,14.4,62.7,5.4,16.1,66.5,25.4,9.4,26.6,21.8,12.1,8.9,15.9,6.6,27.9,10.1,7.5,7.6,30.4,24.3,74.7,17.2,10.6,37.1,11.4,3.1,6.4,30.3,2.8,8.7,4.0
27095,8.7,20.4,20.7,30.7,56.5,7.4,10.6,5.6,71.1,81.1,15.8,61.0,5.9,17.6,60.8,26.0,9.7,30.8,22.3,14.5,10.5,17.1,7.0,30.0,11.5,8.3,8.4,30.7,26.7,75.4,17.7,11.7,38.0,12.2,3.4,7.1,34.6,3.0,12.2,4.4
27097,8.2,22.0,20.1,29.1,57.2,7.3,10.5,5.6,71.9,81.4,14.8,63.2,5.7,16.7,65.4,25.9,9.3,27.6,21.8,12.6,9.5,16.4,6.7,29.2,10.3,7.8,7.8,30.8,24.5,79.6,17.1,11.0,37.1,12.2,3.2,6.6,33.2,2.9,8.9,4.1
27099,11.1,20.9,18.5,29.2,57.3,7.0,10.0,5.6,71.8,81.4,15.1,59.6,5.7,16.3,60.5,25.2,10.1,28.9,24.1,15.9,11.2,17.8,6.7,28.0,12.5,8.0,9.0,31.7,27.5,79.2,16.9,11.4,38.3,12.0,3.5,7.6,34.8,3.0,14.3,4.7
27101,8.9,20.7,20.0,28.2,56.5,7.3,10.2,5.4,71.0,82.1,14.6,61.8,5.3,15.5,62.3,26.1,9.1,27.8,22.5,12.6,9.0,16.8,6.5,28.4,10.5,7.5,7.7,32.4,24.4,76.4,17.2,10.9,36.7,11.7,3.1,6.5,32.7,2.8,6.800000000000001,4.0
27103,7.6,20.4,21.0,27.3,57.3,7.3,10.1,5.1,71.4,83.1,13.7,65.2,5.0,14.7,65.7,25.5,8.8,26.9,20.9,11.5,8.3,14.9,6.2,27.3,9.9,7.1,7.3,29.5,22.7,78.7,16.5,10.0,34.3,11.0,2.9,6.4,30.9,2.7,11.7,3.8
27105,17.3,20.0,17.4,29.1,58.1,6.4,9.6,6.2,70.9,79.9,16.2,57.9,6.2,17.1,56.9,22.1,11.7,31.2,25.6,21.2,14.8,22.1,7.2,30.0,16.2,8.9,11.2,32.5,32.7,70.4,16.7,13.6,39.2,13.5,4.3,9.4,32.1,3.3,12.9,6.2
27107,9.0,20.7,20.7,30.1,56.4,7.3,10.3,5.6,71.2,81.5,15.1,63.1,5.7,16.4,63.2,25.6,9.6,28.8,21.8,13.7,10.1,17.6,6.8,28.7,11.0,7.9,8.3,30.3,24.8,76.2,17.3,11.5,35.8,12.2,3.4,7.1,33.1,3.0,9.2,4.4
27109,6.8,19.3,17.0,27.4,56.9,7.3,9.8,4.6,71.4,84.6,11.7,64.0,4.2,11.4,70.1,24.7,8.4,23.6,19.7,10.1,7.0,13.4,5.5,29.8,8.6,6.1,6.6,28.2,20.6,81.8,14.5,9.5,36.5,9.9,2.5,5.5,30.5,2.4,6.699999999999999,3.4
27111,8.1,20.9,20.6,25.6,57.1,7.5,10.2,5.3,71.2,82.2,14.2,65.3,5.3,15.9,60.3,25.4,8.7,27.0,21.6,12.2,8.9,16.0,6.5,30.2,10.1,7.5,7.6,33.1,23.5,81.0,17.1,10.5,34.4,11.6,3.1,6.5,33.7,2.8,11.0,3.9
27113,8.3,21.0,21.0,29.7,56.4,7.4,10.4,5.3,72.4,82.3,14.6,62.5,5.3,16.0,68.1,26.0,9.3,28.7,22.6,12.4,9.0,16.4,6.5,29.5,10.4,7.6,7.9,32.3,23.5,77.2,17.5,10.7,40.5,11.8,3.1,6.5,29.8,2.8,9.7,4.0
27115,9.4,21.7,20.8,31.8,57.0,7.2,10.1,5.9,72.3,80.8,15.8,58.3,6.1,18.2,63.3,26.4,10.1,31.4,23.8,14.9,11.0,18.9,7.1,29.0,11.8,8.3,8.9,33.2,25.8,74.1,18.4,12.1,39.1,12.9,3.5,7.5,33.3,3.1,12.0,4.5
27117,9.6,21.2,19.4,29.9,57.1,7.2,10.4,5.7,72.3,81.5,15.3,60.5,6.0,17.2,64.1,25.8,10.0,29.5,22.3,14.6,11.0,17.9,6.8,29.5,11.6,8.3,8.8,30.9,26.0,77.1,17.5,12.0,38.9,12.5,3.5,7.5,31.0,3.0,12.3,4.6
27119,8.7,21.0,20.7,27.4,57.2,7.3,10.3,5.5,71.9,82.0,14.6,62.1,5.5,15.8,67.0,25.7,9.2,27.6,22.4,13.5,10.0,17.0,6.6,27.5,11.0,7.7,8.2,31.7,24.6,79.1,16.9,10.9,39.7,11.9,3.3,7.0,33.1,2.9,10.7,4.3
27121,7.7,20.7,20.7,28.6,56.7,7.4,10.2,5.4,72.8,82.3,14.2,61.9,5.3,15.2,64.4,25.7,8.9,26.7,21.7,11.4,8.5,15.7,6.5,28.5,9.7,7.4,7.4,29.7,22.7,79.1,17.0,10.5,38.9,11.6,3.0,6.3,32.3,2.8,6.6,3.8
27123,7.8,19.1,16.3,28.6,57.3,6.9,10.1,5.1,73.7,83.7,13.4,61.7,4.8,12.8,63.5,25.9,9.8,27.1,25.3,14.9,9.9,17.8,5.8,30.3,11.4,7.3,8.7,37.5,20.0,78.8,16.3,11.0,32.3,11.4,3.1,7.0,30.1,2.8,9.8,4.2
27125,8.1,20.8,20.4,28.7,56.6,7.3,10.3,5.4,72.3,82.2,14.5,58.7,5.3,16.1,64.9,25.8,9.1,27.9,21.9,12.3,8.9,16.2,6.5,28.6,10.3,7.4,7.7,31.6,24.5,78.5,17.3,10.6,38.8,11.8,3.0,6.5,30.9,2.8,9.0,3.9
27127,9.0,21.3,20.3,28.8,57.1,7.2,10.4,5.6,71.6,81.5,15.4,64.6,5.8,17.1,64.1,25.4,10.0,28.7,22.2,14.7,10.9,17.7,6.9,29.3,11.4,8.1,8.7,32.3,24.3,75.4,17.7,11.4,36.9,12.3,3.4,7.3,29.3,3.0,14.4,4.5
27129,10.4,20.6,19.7,29.1,57.0,7.2,10.2,5.7,71.6,81.3,15.3,60.7,5.9,17.1,61.5,24.7,10.2,30.3,23.3,14.6,10.9,18.3,7.0,29.3,11.9,8.2,8.8,34.5,26.2,73.9,17.2,11.7,39.1,12.6,3.5,7.4,31.0,3.0,13.6,4.6
27131,9.2,20.4,18.7,30.3,57.7,7.2,9.9,5.3,73.6,82.9,13.9,60.7,5.0,14.9,66.3,23.3,9.4,27.1,21.9,13.3,9.3,15.8,6.4,28.3,10.9,7.3,8.0,29.6,25.4,76.6,16.2,10.5,38.7,11.5,3.1,6.8,32.1,2.8,7.199999999999999,4.1
27133,8.5,20.5,20.3,27.9,56.2,7.4,10.1,5.4,72.4,82.1,14.5,63.0,5.5,16.0,63.7,25.5,9.2,28.2,21.5,12.6,9.4,16.4,6.5,28.6,10.3,7.6,7.8,31.3,24.5,74.6,17.1,10.9,37.0,11.7,3.1,6.6,30.6,2.8,12.3,4.1
27135,8.3,20.3,21.7,26.9,56.8,7.2,10.1,5.4,71.5,81.7,14.8,60.2,5.5,15.9,67.2,24.6,9.2,28.4,22.8,12.8,9.2,16.2,6.7,28.3,10.3,7.6,7.8,31.3,23.4,77.5,17.1,10.7,35.7,11.7,3.1,6.5,30.7,2.8,10.9,4.0
27137,7.2,21.4,21.4,28.1,57.4,7.3,10.6,5.5,72.3,82.8,14.2,59.3,5.5,16.3,63.1,26.1,9.4,28.7,22.1,12.3,9.5,16.7,6.6,27.0,9.9,7.5,8.2,33.9,22.6,77.4,17.6,11.3,36.2,12.1,3.2,6.6,34.5,2.9,16.7,4.0
27139,6.9,18.4,20.1,28.4,56.7,7.1,9.5,4.5,73.1,84.9,11.8,67.2,4.0,11.9,67.9,22.6,8.5,23.5,22.0,9.9,6.300000000000001,14.1,5.5,28.7,8.9,5.9,6.3,29.6,22.2,79.7,14.8,9.0,31.5,10.0,2.4,5.2,28.2,2.4,5.4,3.2
27141,7.4,20.1,22.5,27.4,56.2,7.2,9.8,4.8,71.1,83.5,13.3,64.0,4.6,13.9,67.7,24.2,8.3,27.3,21.2,10.7,7.2,14.3,6.1,28.4,9.2,6.6,6.8,30.6,22.9,77.9,16.3,9.5,38.4,10.6,2.7,5.6,29.3,2.5,11.2,3.4
27143,9.6,20.7,20.8,28.7,56.5,7.1,10.0,5.5,71.6,81.9,14.8,59.6,5.4,16.0,64.4,24.7,9.2,28.2,22.0,13.3,9.6,17.0,6.6,28.2,11.0,7.7,8.0,30.2,25.8,74.8,17.0,11.0,38.8,12.0,3.2,6.8,31.3,2.9,10.7,4.2
27145,8.2,20.2,19.6,28.7,57.6,7.3,10.3,5.4,73.3,82.5,14.4,65.3,5.4,15.1,66.7,25.5,9.4,26.5,22.7,13.6,10.2,16.4,6.3,29.4,11.5,7.6,8.1,31.2,23.0,78.0,17.0,10.6,37.4,11.7,3.3,7.3,31.3,2.9,9.2,4.2
27147,8.7,20.2,20.2,28.5,56.6,7.2,10.0,5.2,71.5,82.7,13.7,63.5,5.1,14.6,67.8,24.2,9.0,26.2,22.0,12.4,8.6,15.8,6.2,28.2,10.4,7.1,7.5,31.8,23.0,80.2,16.4,10.3,37.6,11.3,3.0,6.4,29.1,2.7,5.0,3.9
27149,10.3,21.3,20.6,28.3,56.7,7.2,9.9,5.4,71.3,82.4,14.2,59.1,5.3,14.8,64.2,24.7,9.6,28.2,21.8,13.2,9.4,17.0,6.6,28.5,11.1,7.4,8.1,30.5,25.1,77.2,16.5,11.1,39.4,11.8,3.2,6.9,31.1,2.8,14.7,4.3
27151,9.7,21.3,20.1,30.6,57.6,7.3,10.2,5.8,71.8,81.2,15.3,58.6,6.0,17.6,63.0,26.7,10.1,30.2,22.2,14.8,11.4,18.3,7.0,29.9,12.0,8.3,8.9,32.3,25.8,75.5,17.5,11.9,39.1,12.4,3.6,7.8,31.1,3.1,9.7,4.7
27153,11.2,21.5,19.7,30.2,55.9,7.1,10.2,5.9,70.4,80.4,16.1,60.8,6.3,18.6,60.9,26.0,9.9,31.0,23.1,15.8,12.2,19.3,7.2,29.2,12.5,8.7,9.2,33.4,26.7,75.8,17.8,12.3,39.6,12.9,3.7,7.7,31.4,3.2,11.4,4.9
27155,9.2,21.1,20.7,29.4,56.5,7.2,10.4,5.7,71.3,81.6,15.1,61.6,5.7,16.8,65.5,25.4,9.7,29.6,22.6,14.0,10.3,17.5,6.9,29.5,11.5,8.0,8.6,31.4,25.2,76.3,17.4,11.6,39.3,12.3,3.4,7.4,32.4,3.0,9.7,4.4
27157,7.6,20.8,21.6,26.3,56.5,7.4,10.1,5.0,72.3,83.0,13.5,64.3,4.9,14.4,69.1,24.4,8.5,25.3,20.9,10.7,7.6,15.0,6.2,28.0,9.1,6.9,6.8,30.2,21.7,77.3,16.6,9.8,37.5,11.0,2.8,5.7,31.3,2.6,8.7,3.6
27159,9.2,22.4,19.6,29.2,57.1,7.3,10.7,5.9,71.3,80.8,16.1,62.7,6.4,17.8,60.0,26.8,10.1,31.8,22.4,14.9,11.7,18.4,7.2,28.2,11.5,8.7,8.9,33.1,27.4,77.0,18.4,12.7,38.5,12.9,3.7,7.6,31.2,3.2,16.0,4.6
27161,9.3,21.0,19.9,28.1,56.1,7.2,10.4,5.4,72.4,82.2,14.8,64.2,5.5,15.7,64.8,25.7,9.5,28.9,22.3,13.4,9.8,16.9,6.5,29.1,11.2,7.7,8.1,31.2,25.3,76.2,17.4,11.1,39.2,11.9,3.2,7.0,29.8,2.8,12.0,4.2
27163,6.1,18.1,17.9,25.8,56.7,7.3,9.3,4.3,74.0,85.4,11.3,61.8,3.8,10.9,74.9,23.5,8.7,22.3,19.1,8.8,5.5,12.7,5.2,29.5,7.9,5.5,5.8,29.8,18.2,83.0,14.1,8.1,32.1,9.3,2.3,4.8,25.7,2.3,8.3,3.0
27165,14.0,20.1,19.4,28.7,56.6,6.7,9.7,5.5,72.1,81.6,15.1,59.8,5.4,15.5,59.7,23.6,10.4,30.1,23.3,16.9,11.2,19.5,6.8,28.8,13.7,7.9,9.3,31.0,27.9,79.3,16.5,12.0,37.4,12.6,3.6,7.9,33.1,3.0,12.6,5.1
27167,8.5,21.3,20.9,29.5,56.9,7.3,10.5,5.7,71.6,81.6,15.0,63.7,5.9,16.8,63.2,26.2,9.6,29.0,22.0,13.3,10.1,17.3,6.9,28.7,10.7,8.0,8.3,31.5,24.6,79.8,17.5,11.4,38.3,12.4,3.4,7.1,30.9,3.0,15.3,4.3
27169,7.7,20.4,20.9,28.8,57.7,7.4,10.3,5.4,71.6,82.2,14.1,61.9,5.4,14.9,64.0,25.5,9.1,27.7,20.9,11.9,9.0,15.9,6.5,28.0,9.8,7.4,7.6,31.1,22.7,75.6,16.9,10.9,36.3,11.5,3.1,6.5,30.1,2.8,8.2,4.0
27171,7.1,20.2,20.8,28.4,56.7,7.3,10.0,4.7,73.5,83.7,12.7,66.4,4.4,12.5,69.3,24.8,8.2,25.5,19.9,9.6,6.4,13.9,5.8,29.4,8.6,6.2,6.2,30.3,19.8,77.6,15.8,9.2,34.8,10.1,2.5,5.3,31.3,2.4,7.9,3.3
27173,9.1,21.8,20.2,29.3,57.1,7.2,10.4,5.6,72.0,81.6,15.2,61.3,5.7,16.6,62.0,26.0,9.7,28.6,21.8,13.6,10.2,17.5,6.8,28.4,11.2,8.0,8.4,31.7,25.1,75.6,17.5,11.4,38.9,12.2,3.3,7.2,33.9,3.0,9.4,4.4
28001,16.0,27.6,13.2,45.8,66.6,5.8,10.4,7.3,80.6,83.3,20.4,56.9,9.0,20.7,7.100000000000001,18.2,16.8,41.8,33.0,32.9,22.1,29.3,7.6,33.9,24.6,12.5,16.9,38.0,39.8,72.0,19.0,20.8,41.5,15.8,6.7,17.1,40.4,4.9,31.3,9.1
28003,12.3,27.0,15.9,40.7,63.2,7.1,9.8,6.6,78.0,83.3,19.1,51.6,8.3,19.8,9.199999999999996,22.9,12.4,36.9,27.9,20.1,11.8,23.4,7.9,36.1,15.1,10.2,10.9,38.1,33.6,70.2,18.9,16.4,40.0,14.8,4.6,9.8,37.5,3.7,20.1,6.2
28005,13.5,28.2,13.9,43.2,65.7,6.3,10.5,7.2,79.5,83.2,20.8,52.7,9.2,21.5,6.599999999999994,20.9,15.1,41.9,31.9,28.1,18.7,27.2,7.9,33.9,21.2,12.1,14.7,37.6,38.4,73.1,20.0,19.5,45.4,15.9,5.9,14.6,42.2,4.5,19.5,7.9
28007,12.7,28.0,13.8,43.1,65.9,6.2,10.4,6.5,80.3,84.4,19.2,55.6,8.1,18.8,7.5,19.9,13.9,37.6,31.0,25.9,16.6,25.1,7.2,33.6,20.3,11.1,13.7,37.5,35.5,72.3,19.1,17.9,43.0,14.8,5.4,13.6,40.4,4.2,19.0,7.2
28009,13.4,27.6,15.3,42.3,64.3,6.4,10.2,6.7,79.1,83.7,19.8,54.4,8.3,19.7,9.199999999999996,20.5,14.0,39.4,31.4,24.9,15.4,25.6,7.5,34.4,19.5,11.1,13.2,38.0,34.8,71.7,19.1,18.1,42.3,15.1,5.3,12.8,38.3,4.2,24.6,7.1
28011,14.2,29.7,12.0,48.5,68.4,5.6,11.2,7.4,82.8,84.3,20.6,51.5,9.4,20.4,8.100000000000001,19.5,17.9,41.3,32.3,34.4,25.5,30.9,7.3,35.3,25.8,13.4,18.0,39.2,41.3,74.3,19.6,21.7,46.8,16.2,7.3,18.9,38.0,5.2,23.5,9.8
28013,14.9,28.2,14.1,42.8,64.0,6.6,10.3,7.1,78.4,82.7,20.9,54.0,9.3,20.8,6.8999999999999915,21.2,14.6,40.4,29.4,26.7,17.4,27.5,8.1,33.8,20.1,12.0,14.2,37.7,35.6,69.8,19.8,19.1,41.3,16.1,5.8,13.5,40.4,4.4,21.7,7.9
28015,13.7,27.0,14.9,42.5,65.0,6.5,10.0,7.1,79.0,83.0,19.9,53.2,8.8,20.3,7.200000000000003,20.1,14.3,39.2,30.8,25.8,16.4,26.3,7.9,34.3,19.4,11.4,13.7,37.8,36.2,69.8,18.9,18.2,40.4,15.4,5.6,13.1,39.3,4.3,23.3,7.5
28017,14.5,28.1,13.5,43.5,65.7,6.1,10.5,7.0,79.4,83.5,20.5,55.0,9.0,20.6,6.599999999999994,19.9,15.7,41.5,32.2,29.1,19.4,28.5,7.7,35.6,22.3,12.1,15.4,38.4,37.5,70.8,19.4,20.2,43.8,16.0,6.1,15.2,41.0,4.6,24.9,8.2
28019,12.0,26.5,14.6,40.2,64.0,6.7,9.9,6.2,78.9,84.1,18.3,55.0,7.6,18.0,9.0,20.8,12.9,36.6,29.0,21.7,12.5,22.9,7.2,34.2,16.6,10.0,11.4,36.8,32.7,73.8,18.2,16.1,40.5,14.0,4.6,10.8,38.1,3.8,20.3,6.2
28021,14.5,29.3,10.7,51.4,69.7,5.0,11.5,7.5,83.4,84.8,21.1,54.8,9.2,21.1,6.700000000000003,17.8,19.6,43.6,35.8,39.9,29.9,32.2,6.7,34.1,30.6,14.2,20.8,40.9,42.1,73.0,19.8,23.3,50.5,16.4,8.0,22.9,45.7,5.7,32.6,10.7
28023,12.3,28.0,14.4,42.7,65.0,6.5,10.3,6.7,79.7,84.0,19.7,55.2,8.5,19.8,8.299999999999997,21.6,14.0,38.9,29.9,25.3,16.2,25.7,7.5,33.9,19.4,11.3,13.5,37.6,33.5,74.2,19.3,18.1,38.9,15.3,5.4,13.2,38.5,4.2,23.7,7.2
28025,13.5,28.0,12.7,45.8,67.1,5.8,10.7,6.9,81.7,84.5,20.0,53.2,8.7,19.7,7.0,18.9,16.0,39.2,33.9,30.9,21.3,27.7,7.0,34.1,23.6,12.3,16.2,38.6,37.3,75.6,19.2,19.7,47.9,15.6,6.3,16.8,43.2,4.7,24.7,8.4
28027,15.6,30.0,10.9,50.7,69.2,5.2,11.5,7.7,83.0,84.0,21.8,51.4,9.8,22.0,5.799999999999997,18.4,19.5,43.7,34.4,39.3,30.5,32.7,7.2,35.6,29.799999999999997,14.6,20.9,38.8,42.1,74.0,20.1,23.6,47.1,17.1,8.2,22.5,47.0,5.7,27.3,11.0
28029,13.0,27.5,13.4,44.1,66.5,6.1,10.4,6.7,80.8,84.6,19.2,56.3,8.2,18.6,8.100000000000001,19.7,15.3,39.2,31.8,27.7,18.3,26.5,7.2,33.2,21.8,11.4,14.7,38.4,36.1,73.8,18.8,18.7,42.4,15.0,5.8,15.1,42.1,4.4,28.699999999999996,7.8
28031,12.1,26.7,14.5,42.1,65.1,6.5,10.2,6.4,80.0,84.6,18.6,55.1,7.8,18.2,8.5,19.9,13.3,36.8,30.2,23.5,14.2,23.7,7.3,33.5,18.3,10.4,12.5,37.7,33.8,72.5,18.6,16.8,40.4,14.3,4.9,11.9,39.2,4.0,24.8,6.6
28033,10.0,24.6,15.6,38.2,64.0,6.6,9.6,5.2,80.3,86.8,15.5,62.7,5.8,13.8,11.899999999999999,19.9,11.4,32.2,28.5,17.2,8.6,19.0,6.3,33.3,14.5,8.0,9.3,36.5,27.5,74.1,16.8,13.5,36.9,12.0,3.6,9.0,37.9,3.2,15.8,4.9
28035,11.0,27.3,14.9,41.0,65.8,6.6,10.0,6.2,80.2,85.5,17.8,58.7,7.5,16.6,9.600000000000001,20.6,13.5,36.8,27.6,23.2,13.7,22.7,7.1,32.9,17.6,9.9,12.1,35.5,30.6,76.0,18.1,16.4,37.6,14.0,4.8,12.1,39.7,3.9,17.3,6.5
28037,12.8,28.4,14.6,43.7,65.6,6.6,10.4,7.2,79.4,83.5,20.2,56.7,9.1,20.7,7.70000000000001,20.9,14.6,39.9,29.7,26.8,17.8,26.6,8.0,35.2,20.2,11.9,14.2,38.1,36.1,69.3,19.5,18.9,40.6,15.6,5.8,14.2,38.5,4.4,21.4,7.7
28039,11.6,26.5,16.9,37.3,61.9,7.2,9.5,6.4,77.0,83.5,18.5,55.5,7.9,18.2,9.300000000000004,21.9,11.7,36.6,26.8,18.1,10.1,22.0,8.0,34.2,13.7,9.7,10.0,35.8,31.0,71.6,18.5,15.4,36.9,14.3,4.2,8.8,34.6,3.5,19.9,5.7
28041,13.4,26.5,16.0,41.5,62.7,6.7,9.3,6.7,77.8,82.8,18.8,53.8,8.2,19.5,7.79999999999999,20.0,13.1,38.1,31.1,22.0,12.3,24.1,7.9,34.3,16.8,10.1,11.7,37.2,33.1,70.6,18.2,16.7,41.9,14.6,4.8,11.0,38.0,3.9,20.4,6.4
28043,12.7,27.2,13.7,43.3,66.4,6.3,10.4,6.7,79.2,84.1,19.3,55.8,8.4,19.0,7.70000000000001,20.1,14.7,38.5,30.4,26.6,17.2,25.9,7.3,33.8,20.4,11.2,14.0,38.4,35.4,71.3,18.9,18.2,46.1,14.9,5.5,13.9,42.7,4.3,24.8,7.4
28045,10.4,25.8,17.0,35.9,61.8,7.2,9.4,5.9,77.6,84.6,16.9,56.5,6.9,16.0,8.699999999999989,21.1,10.8,34.1,25.5,15.8,8.4,19.6,7.5,34.3,12.8,8.7,9.0,34.0,29.0,72.5,18.0,13.9,37.0,13.3,3.7,8.0,36.4,3.2,12.3,5.1
28047,11.5,25.0,15.0,39.0,63.1,6.7,9.7,6.1,79.9,84.9,17.6,55.2,7.0,16.5,9.600000000000001,21.6,12.3,36.4,28.7,20.3,11.3,22.0,7.3,34.8,15.5,9.3,10.9,36.5,34.1,71.3,18.2,15.5,36.6,13.7,4.3,10.1,41.1,3.5,14.8,5.9
28049,11.4,25.7,12.7,45.7,67.7,5.4,10.6,6.1,82.6,86.6,17.4,55.8,7.0,16.5,7.899999999999999,17.6,15.3,36.3,33.6,28.3,18.1,25.0,5.9,34.0,22.9,10.7,14.8,39.2,34.2,77.4,17.9,17.9,44.6,13.7,5.6,15.9,44.1,4.4,21.1,7.5
28051,16.1,31.1,10.6,53.1,69.9,5.0,11.6,8.0,83.1,83.3,22.7,54.0,10.4,23.5,5.399999999999999,18.3,21.0,45.3,37.8,43.0,33.9,34.8,7.3,34.9,32.5,15.5,22.5,43.8,44.4,74.9,20.4,24.7,51.5,17.5,9.0,24.8,44.2,6.2,39.0,11.9
28053,16.8,30.5,10.6,52.4,69.3,5.2,11.8,8.3,82.5,82.9,23.3,52.7,11.1,24.1,5.0,19.5,20.6,46.3,36.2,43.6,34.8,36.0,7.6,34.5,32.1,16.1,23.0,41.6,46.2,72.6,20.8,25.4,53.0,18.1,9.3,24.8,45.0,6.2,31.8,12.3
28055,20.0,27.9,13.2,48.9,66.6,5.5,9.9,8.0,79.0,81.1,22.1,54.7,10.0,24.0,6.000000000000007,17.1,17.8,44.2,37.2,36.9,24.6,33.1,8.2,34.7,27.2,13.3,18.8,39.9,42.1,72.4,19.0,22.2,47.3,17.0,7.5,18.5,43.7,5.4,29.6,10.1
28057,10.9,26.6,16.8,37.2,61.1,7.3,9.6,6.0,77.8,84.3,17.8,57.6,7.3,17.1,9.600000000000001,21.8,10.8,34.4,26.7,16.1,8.3,20.1,7.5,35.1,12.5,9.0,9.1,36.4,31.1,69.3,18.4,14.5,37.0,13.8,3.8,7.8,33.1,3.3,13.0,5.1
28059,11.6,25.3,16.7,40.8,63.1,6.8,9.5,5.8,79.3,85.1,16.7,59.1,6.7,15.5,10.5,20.4,12.8,33.9,27.6,18.4,9.6,20.3,7.0,33.5,14.9,8.7,10.0,36.6,29.4,73.5,17.6,14.9,40.5,13.0,4.0,9.1,38.2,3.4,14.4,5.5
28061,13.0,27.6,13.4,44.3,66.3,6.0,10.4,6.7,80.9,84.5,19.3,56.7,8.1,19.4,7.79999999999999,19.3,15.2,38.5,32.6,28.2,18.1,26.1,7.1,33.7,21.7,11.3,14.5,38.4,38.1,75.7,19.1,18.5,45.2,14.9,5.6,14.9,39.9,4.4,22.0,7.6
28063,15.6,28.8,11.0,52.2,69.5,4.9,11.3,7.6,82.9,83.9,21.3,55.1,9.6,22.1,6.200000000000003,17.3,19.8,43.7,36.4,40.4,30.2,33.2,6.8,34.6,30.3,14.3,20.8,40.2,43.3,71.7,19.8,23.5,51.7,16.7,8.2,22.5,43.9,5.800000000000001,29.7,11.0
28065,13.6,28.3,12.4,47.1,67.8,5.7,10.9,7.1,81.5,84.1,20.4,56.8,9.0,21.0,7.399999999999999,19.3,16.8,40.4,33.4,33.1,23.1,28.7,7.2,34.4,25.200000000000003,12.7,17.1,40.8,38.8,73.7,19.7,20.6,45.8,15.7,6.6,18.0,41.6,5.0,22.4,8.9
28067,12.4,27.2,14.4,42.4,65.0,6.7,10.0,6.6,79.3,84.2,18.5,54.8,8.0,18.2,9.899999999999999,20.7,13.6,37.2,29.2,22.7,13.9,23.7,7.6,34.7,17.7,10.6,12.5,37.5,35.1,75.2,18.1,17.1,41.9,14.5,5.0,11.9,32.2,3.9,16.2,6.7
28069,13.2,27.3,13.1,46.0,67.0,5.7,10.6,6.8,81.1,84.7,19.4,54.4,8.0,19.3,7.70000000000001,18.2,15.8,39.6,33.8,29.7,19.1,27.1,7.0,33.9,23.0,11.5,15.599999999999998,39.4,36.6,74.8,18.7,19.0,45.6,14.9,6.0,15.9,40.3,4.6,18.4,8.0
28071,9.5,25.9,17.1,37.0,64.6,6.9,9.5,5.8,79.9,85.9,16.0,58.1,6.6,14.6,10.699999999999989,20.0,11.8,32.8,25.3,16.9,9.8,19.1,6.9,34.5,13.7,8.6,9.7,34.0,28.1,74.9,16.6,14.2,37.0,12.7,4.0,9.3,35.8,3.4,17.7,5.3
28073,9.7,25.5,15.9,38.0,63.4,7.2,9.4,5.7,80.1,85.9,16.0,58.1,6.4,14.8,10.100000000000001,21.7,11.2,33.2,25.8,16.3,9.0,19.2,6.9,34.5,13.4,8.4,9.3,33.7,28.7,70.5,16.8,14.0,38.5,12.5,3.7,8.7,38.7,3.2,14.3,5.1
28075,12.4,27.6,13.8,43.1,66.6,6.3,10.4,6.7,80.3,84.8,18.9,56.9,8.2,19.0,8.100000000000001,19.6,14.1,38.1,30.3,26.2,16.8,24.9,7.3,33.2,20.5,11.2,14.0,37.0,34.3,74.8,18.7,18.0,42.3,14.8,5.5,13.9,42.2,4.3,18.8,7.4
28077,14.4,28.4,14.2,44.4,65.2,6.4,10.6,7.4,79.2,82.5,21.5,53.4,9.7,22.1,6.599999999999994,21.8,15.2,42.2,31.2,28.7,19.4,28.4,8.3,33.6,20.9,12.7,15.0,38.7,39.0,70.0,20.2,19.9,46.1,16.5,6.200000000000001,14.5,40.2,4.6,22.8,8.3
28079,14.1,27.4,14.3,43.6,65.4,6.2,10.4,6.8,79.7,83.9,19.7,55.2,8.3,19.6,7.5,19.9,14.5,40.2,31.5,27.5,17.1,26.5,7.6,33.9,21.3,11.4,14.5,38.1,36.8,74.2,19.1,18.7,42.8,15.5,5.6,14.2,40.8,4.3,23.5,7.7
28081,10.5,25.5,15.1,41.3,64.3,6.9,9.8,5.7,80.2,85.9,17.0,56.8,6.6,15.5,9.199999999999996,20.5,12.3,34.1,28.4,18.6,9.8,20.7,6.7,34.7,14.7,8.8,10.0,38.6,31.2,70.0,17.3,14.3,36.3,13.0,3.9,9.5,36.1,3.4,10.2,5.4
28083,15.0,29.1,11.9,49.2,69.5,5.3,11.3,7.5,83.2,84.2,21.5,52.0,9.6,21.6,5.200000000000003,18.0,19.0,43.0,34.2,38.4,29.0,32.1,7.1,34.8,28.8,14.3,20.0,39.6,41.1,74.0,19.5,23.0,43.9,16.7,7.9,21.5,42.8,5.6,30.3,10.6
28085,11.5,26.1,14.9,40.6,63.9,6.7,10.0,6.4,78.7,84.2,18.8,55.1,7.8,18.1,7.899999999999999,20.6,13.1,36.8,28.0,21.9,13.4,23.2,7.3,34.2,17.2,10.4,11.9,36.7,33.4,68.0,18.6,16.7,40.1,14.4,4.8,11.5,38.1,3.9,19.5,6.5
28087,11.2,25.4,13.9,41.9,66.0,6.3,10.1,6.0,80.5,85.5,17.6,59.3,7.1,16.5,9.199999999999996,19.5,13.6,36.4,29.7,22.8,13.8,22.8,6.6,32.8,17.9,9.9,12.3,37.3,32.3,77.2,17.7,16.5,37.9,13.5,4.8,12.1,40.8,3.9,15.6,6.4
28089,8.4,23.0,15.3,37.1,64.4,6.6,9.3,4.9,81.1,87.8,13.9,61.5,5.1,11.9,12.899999999999999,18.2,10.8,29.4,25.5,14.6,7.699999999999999,16.9,5.7,31.5,12.8,7.2,8.6,35.1,25.6,77.0,15.4,12.1,36.0,10.8,3.3,8.1,33.4,3.0,8.4,4.5
28091,13.3,28.8,14.6,43.1,64.8,6.5,10.4,7.0,79.2,83.3,20.6,52.9,9.0,20.9,7.0,21.3,14.4,40.6,30.8,26.8,17.0,26.6,7.9,34.2,19.9,11.8,14.0,38.3,35.7,70.2,19.4,18.9,43.6,15.7,5.7,13.5,40.9,4.3,25.6,7.6
28093,14.9,28.6,13.3,44.9,66.8,6.1,10.5,7.1,80.2,83.5,20.5,51.3,8.9,20.8,7.600000000000001,20.1,15.7,41.6,32.3,29.7,19.4,28.2,7.7,34.8,22.6,12.2,15.5,40.1,36.9,71.4,19.5,19.7,42.1,16.0,6.1,15.3,41.8,4.6,23.2,8.4
28095,12.3,26.9,14.3,42.1,65.1,6.6,10.1,6.5,79.6,84.0,19.6,57.7,8.2,19.3,8.5,20.9,13.5,39.7,30.3,23.7,14.2,25.1,7.5,35.0,17.8,10.8,12.3,37.2,36.4,74.8,19.4,17.9,42.9,15.0,5.0,11.8,40.1,4.0,22.7,6.8
28097,13.5,28.1,14.1,44.3,66.4,6.3,10.5,7.2,80.3,83.5,20.2,50.7,9.0,20.3,6.399999999999999,20.0,15.3,39.9,31.3,28.8,19.5,27.7,7.7,34.7,21.7,12.2,15.1,37.7,37.7,68.6,19.6,19.5,43.8,15.7,6.1,15.0,40.5,4.6,37.2,8.2
28099,13.2,28.7,15.4,41.2,64.5,6.7,10.8,7.2,78.8,82.9,21.0,52.9,9.2,21.7,6.700000000000003,22.0,14.5,39.7,30.8,26.9,17.1,27.1,8.5,34.5,19.7,12.1,14.7,38.6,36.9,72.1,20.2,18.8,43.4,16.2,5.6,13.4,38.4,4.3,22.1,7.9
28101,12.2,27.3,14.3,41.3,64.3,6.5,10.3,6.7,79.1,83.9,19.4,53.7,8.3,19.4,7.399999999999999,20.9,13.7,38.2,29.6,24.8,15.1,24.9,7.6,33.7,18.7,11.0,13.3,36.6,33.4,70.2,19.2,17.7,41.5,15.0,5.2,12.7,39.4,4.1,24.1,7.1
28103,15.7,28.5,11.5,47.7,68.0,5.2,11.2,7.3,81.4,83.5,21.7,54.8,9.4,21.9,6.5,18.7,18.0,43.2,35.4,37.3,26.7,31.5,7.1,33.2,28.2,13.8,19.1,40.9,40.6,75.9,20.0,22.5,46.5,16.7,7.5,20.0,43.4,5.4,25.3,10.1
28105,10.4,27.7,14.5,42.1,66.7,6.3,9.8,6.5,80.6,85.4,16.8,55.6,7.4,15.6,7.899999999999999,19.0,13.9,34.5,26.1,21.0,14.2,21.9,7.1,33.1,17.0,9.9,12.2,33.9,30.8,75.5,17.1,16.6,39.6,13.4,5.0,12.4,38.9,4.0,19.2,6.8
28107,13.7,28.5,13.3,44.5,66.7,6.2,10.8,7.1,80.5,84.0,20.5,52.3,9.1,20.8,7.100000000000001,20.8,15.6,41.7,32.1,30.3,20.9,28.2,7.7,34.1,23.0,12.4,15.7,37.5,38.4,72.2,19.7,20.1,46.4,15.8,6.3,16.2,39.5,4.7,19.7,8.4
28109,11.7,27.3,16.2,37.6,62.7,7.0,9.7,6.3,78.1,83.8,18.5,54.6,7.7,18.1,9.800000000000004,22.1,11.8,36.8,27.7,19.2,10.2,22.2,7.8,34.0,14.6,9.7,10.3,37.0,31.4,70.9,18.6,15.5,38.1,14.3,4.2,9.3,40.0,3.5,17.2,5.8
28111,12.1,27.5,15.6,41.5,63.2,6.9,10.0,6.7,78.9,83.2,19.6,51.2,8.6,20.0,6.8999999999999915,22.2,13.4,38.8,28.8,22.0,13.5,24.3,8.0,35.5,16.7,10.8,11.9,36.6,34.7,70.1,19.5,17.0,43.6,15.1,4.9,11.2,38.8,4.0,24.7,6.6
28113,14.0,28.3,12.5,46.5,66.6,5.9,10.9,7.1,81.8,84.0,20.6,55.6,9.1,21.0,6.599999999999994,20.0,16.3,39.7,32.2,31.6,22.0,28.5,7.3,34.1,24.2,12.6,16.6,39.6,37.7,70.4,19.8,20.0,46.5,15.8,6.5,16.8,43.8,4.8,23.6,8.7
28115,12.8,27.0,15.9,39.2,62.6,6.9,9.8,6.3,77.7,83.9,18.6,56.4,7.8,17.9,9.699999999999996,21.3,12.2,37.0,27.9,20.1,10.8,23.4,7.6,34.2,15.4,9.9,10.6,36.7,33.5,73.2,18.6,15.8,38.8,14.3,4.4,9.6,35.8,3.6,20.3,6.0
28117,11.4,26.4,15.6,39.1,63.2,7.1,9.9,6.4,78.3,83.8,18.9,53.5,8.1,18.5,9.0,22.3,12.3,37.2,27.9,19.6,11.2,23.0,7.8,34.7,14.9,10.1,10.8,35.5,33.2,74.0,18.8,16.0,41.3,14.5,4.5,9.8,37.7,3.6,20.8,6.0
28119,16.0,29.9,11.1,50.6,69.2,5.3,11.7,7.9,82.1,83.1,22.8,49.6,10.6,23.7,5.600000000000001,19.1,19.5,45.2,34.8,40.7,31.8,33.9,7.5,34.2,30.4,15.4,21.4,39.8,43.8,71.1,20.7,24.4,51.1,17.6,8.6,23.0,44.9,5.9,33.0,11.4
28121,9.1,24.9,16.8,37.5,62.4,7.0,9.2,5.1,79.4,86.8,15.1,59.1,5.6,13.1,11.500000000000007,19.8,10.7,30.7,26.8,14.7,7.3,17.5,6.3,34.5,12.0,7.5,8.3,36.2,26.3,77.2,16.2,12.6,36.4,11.7,3.3,7.6,38.8,2.9,11.9,4.4
28123,17.2,28.1,13.5,42.8,65.3,6.1,10.4,7.3,79.0,82.9,21.3,54.4,9.1,20.7,6.8999999999999915,20.6,15.8,41.9,32.1,30.7,19.6,28.7,8.0,34.9,23.0,12.4,15.8,39.0,39.8,74.6,19.7,20.2,43.2,16.5,6.3,15.3,39.9,4.6,26.6,8.7
28125,16.5,29.8,10.9,51.2,69.2,5.2,11.5,8.1,82.0,83.1,22.6,50.8,10.5,23.5,4.8999999999999915,18.8,19.6,44.9,35.4,41.5,32.4,34.3,7.7,34.3,30.6,15.1,21.6,40.0,44.3,72.7,20.6,24.2,50.5,17.5,8.5,23.1,46.1,5.9,29.6,11.4
28127,12.5,26.8,14.9,40.9,64.4,6.5,10.2,6.3,79.5,84.3,19.0,55.5,7.9,18.5,8.699999999999989,20.6,13.2,37.6,30.4,23.4,13.7,23.8,7.2,34.2,18.2,10.5,12.3,38.3,33.5,76.6,18.9,16.9,40.1,14.4,4.9,11.7,36.2,3.9,21.3,6.6
28129,13.1,27.7,14.8,42.3,64.0,6.8,10.3,6.9,78.6,82.9,20.4,55.1,9.0,20.6,7.5,22.2,13.5,39.5,29.1,24.6,15.1,25.6,8.0,35.0,18.1,11.5,12.7,37.4,35.5,72.3,19.7,17.9,43.8,15.4,5.3,12.1,40.7,4.1,25.4,7.1
28131,11.4,26.5,16.2,39.7,62.3,7.0,9.8,6.3,78.6,84.2,18.2,55.1,7.6,17.7,8.5,21.6,12.1,36.2,28.8,19.1,10.5,22.0,7.6,34.0,15.0,9.6,10.5,36.4,32.4,72.4,18.4,15.5,41.3,14.0,4.3,9.7,38.5,3.6,18.6,5.7
28133,16.5,28.3,12.4,49.5,68.6,5.2,10.8,7.6,82.0,83.0,21.4,56.8,9.5,21.9,6.300000000000004,17.2,18.3,43.6,36.0,37.2,26.4,31.9,7.3,34.0,27.7,13.5,19.2,40.2,41.5,73.3,19.2,22.4,48.9,16.5,7.7,19.9,42.3,5.5,29.2,10.2
28135,16.0,28.0,13.2,48.0,67.1,5.7,10.3,7.4,80.1,82.9,20.6,51.4,9.2,21.2,6.100000000000001,18.8,17.0,41.5,34.5,32.6,22.1,29.9,7.6,35.4,24.8,12.5,17.0,39.0,39.8,73.3,18.8,20.9,45.1,16.2,6.8,17.5,43.4,5.0,27.7,9.1
28137,11.6,26.5,15.7,39.0,63.6,6.6,9.8,6.1,79.1,84.7,17.9,55.0,7.2,17.0,9.100000000000001,20.5,12.5,35.6,29.4,20.8,11.7,22.5,7.1,34.7,16.5,9.7,11.1,37.9,32.1,68.9,18.1,15.9,36.4,13.9,4.4,10.5,38.5,3.6,19.1,5.9
28139,12.9,27.6,15.4,39.7,63.4,7.0,9.9,6.7,78.6,83.2,19.6,50.5,8.5,19.2,8.5,22.1,13.1,38.1,27.5,22.0,13.1,24.1,8.0,34.7,16.4,10.8,11.8,35.7,34.8,69.0,19.3,17.2,43.5,15.2,4.9,10.8,38.5,3.9,26.6,6.6
28141,12.2,28.4,16.5,38.2,62.0,7.4,9.8,6.8,77.4,82.7,19.6,50.5,8.7,19.5,9.399999999999999,23.5,11.9,37.7,26.2,19.3,11.1,23.2,8.4,35.0,14.0,10.5,10.5,34.8,33.1,67.0,19.2,16.5,39.4,15.3,4.6,9.2,36.1,3.7,19.8,6.1
28143,16.5,29.7,10.7,51.2,69.5,5.2,11.7,8.0,82.7,83.4,22.8,51.1,10.5,23.6,5.299999999999997,18.7,19.9,45.2,35.5,42.7,33.3,34.7,7.5,34.3,31.7,15.4,22.1,40.4,44.8,72.9,20.7,24.5,50.8,17.6,8.7,23.799999999999997,46.4,5.9,31.200000000000003,11.7
28145,13.2,26.8,15.6,39.4,62.4,7.1,9.8,6.4,77.7,83.3,19.2,57.5,8.2,18.8,10.600000000000009,22.0,12.3,37.7,28.4,20.9,11.7,23.5,7.9,36.5,15.8,10.3,11.2,36.9,32.4,71.8,18.8,16.3,41.5,15.0,4.6,10.0,32.4,3.7,22.7,6.3
28147,13.6,28.0,14.3,43.7,65.2,6.2,10.5,6.8,79.6,83.5,20.1,54.3,8.6,19.8,8.100000000000001,20.3,14.4,39.6,32.0,27.5,17.1,26.9,7.4,34.8,20.8,11.6,14.2,40.0,35.8,74.0,19.4,18.7,43.2,15.5,5.6,13.8,38.6,4.3,22.6,7.5
28149,11.0,26.1,14.1,41.5,65.8,6.1,10.2,5.9,81.1,85.9,17.2,58.1,6.9,16.4,9.399999999999999,19.1,13.5,35.4,29.7,23.1,13.8,22.4,6.4,32.9,18.5,9.7,12.3,35.9,31.5,73.8,17.5,16.2,43.8,13.3,4.7,12.3,38.2,3.9,17.9,6.3
28151,15.0,28.9,11.1,49.4,68.4,5.3,11.3,7.3,81.6,84.1,21.1,54.7,9.4,21.2,7.399999999999999,17.7,17.6,41.1,34.1,37.3,27.9,31.2,7.0,33.0,28.1,13.9,19.5,38.2,39.4,71.2,19.6,21.9,44.2,16.3,7.6,20.4,42.8,5.4,23.5,10.1
28153,13.7,28.6,13.7,43.1,65.8,6.3,10.6,7.1,79.6,83.3,20.5,54.2,9.1,20.6,8.199999999999996,20.6,15.0,40.2,31.2,28.5,19.1,27.3,7.8,34.1,21.3,12.1,14.9,38.9,36.6,70.9,19.6,19.3,44.4,15.9,5.9,14.8,42.1,4.5,22.7,8.0
28155,11.2,25.8,15.6,38.3,62.0,6.9,9.7,5.8,78.4,84.3,17.8,55.9,7.2,17.1,9.199999999999996,21.1,11.3,35.1,27.2,17.9,9.6,20.9,7.1,35.3,14.0,9.2,9.7,36.9,30.6,72.3,17.9,14.9,36.3,13.6,4.0,8.6,35.8,3.4,13.0,5.4
28157,14.8,28.3,12.7,48.8,67.9,5.4,10.5,7.3,81.4,83.7,20.2,54.5,8.9,21.2,5.899999999999999,17.5,17.6,41.6,34.7,34.5,24.0,30.2,7.2,34.3,26.3,12.6,17.9,38.8,40.3,73.0,19.0,21.2,47.7,15.8,6.9,18.9,45.8,5.2,27.2,9.3
28159,13.7,28.9,13.0,44.8,66.2,6.1,10.4,7.2,81.0,83.5,20.1,57.0,9.0,20.5,7.600000000000001,19.8,15.7,39.8,31.2,29.7,19.9,27.2,7.6,34.1,21.9,12.1,15.3,37.8,36.0,71.5,19.4,19.7,42.0,15.5,6.1,15.4,39.7,4.6,25.3,8.2
28161,13.9,28.4,13.7,44.1,65.7,6.3,10.5,7.1,79.2,82.9,20.7,52.3,9.2,21.3,7.600000000000001,20.7,15.0,40.4,31.6,29.1,19.1,27.6,7.8,34.7,21.5,12.2,14.9,38.2,37.7,71.4,19.7,19.5,40.1,15.8,5.9,14.8,38.4,4.5,23.9,8.1
28163,18.3,28.5,12.9,48.6,67.3,5.7,10.4,7.9,79.9,81.8,22.1,53.5,10.2,23.4,6.100000000000001,18.7,17.9,44.5,35.2,36.2,25.6,32.7,8.1,35.3,26.5,13.7,18.8,39.9,42.3,72.9,19.6,22.5,50.2,17.1,7.5,18.9,42.1,5.3,32.4,10.2
29001,8.8,26.4,17.1,33.0,59.0,7.6,10.8,6.2,76.9,81.8,18.7,55.9,7.9,17.6,56.8,27.2,10.9,35.5,19.2,14.6,12.4,20.8,8.0,32.4,12.8,9.8,9.1,30.5,29.8,70.9,19.0,14.7,38.9,14.4,3.9,10.0,39.4,3.3,22.1,5.1
29003,8.1,24.9,18.9,32.3,57.3,7.6,10.4,5.3,75.3,82.6,17.1,58.9,6.5,15.6,60.9,25.0,9.2,32.6,19.4,11.3,8.4,17.5,7.2,32.4,10.6,8.1,7.2,30.7,25.5,77.8,18.2,12.2,35.8,12.9,3.0,7.7,37.5,2.8,15.2,4.0
29005,9.5,26.4,17.7,34.7,58.9,7.5,10.7,6.3,75.7,80.9,19.4,55.9,8.2,18.8,56.4,27.0,10.9,36.8,20.4,14.9,12.5,21.3,8.1,32.2,12.8,10.0,9.1,33.9,31.0,69.7,19.5,14.9,41.6,14.6,3.9,9.7,38.5,3.3,19.5,5.1
29007,10.4,27.3,17.5,34.6,59.4,7.3,11.4,6.5,76.5,80.1,21.1,52.2,9.0,20.6,49.5,27.1,11.6,39.1,21.1,17.8,15.3,23.6,8.2,31.2,15.0,11.2,10.5,33.1,33.2,70.0,20.9,16.2,39.9,15.9,4.4,11.4,41.7,3.6,21.2,5.9
29009,12.8,27.2,17.5,34.0,58.7,7.1,10.8,6.7,74.7,79.7,21.1,51.4,8.9,20.7,53.5,26.0,11.6,39.6,21.5,18.8,15.1,24.4,8.6,32.9,15.4,10.9,10.7,34.9,34.4,70.3,20.1,16.5,37.7,16.0,4.4,11.0,37.6,3.5,19.1,6.0
29011,11.5,28.0,17.1,35.6,59.2,7.4,11.3,7.1,75.4,79.1,22.0,52.4,9.9,22.2,50.6,27.1,12.0,41.0,20.9,19.1,17.1,25.3,9.0,33.2,15.4,11.9,11.2,32.2,33.8,70.7,20.9,17.6,40.8,16.7,4.9,11.9,39.8,3.8,23.0,6.4
29013,10.5,26.8,17.5,34.6,58.3,7.3,11.0,6.5,75.3,79.9,20.8,52.8,8.8,21.0,56.2,27.6,11.1,38.8,21.0,16.8,14.3,23.1,8.4,33.1,14.2,10.7,9.9,32.4,32.2,66.5,20.6,16.0,41.0,15.5,4.2,10.7,40.5,3.5,21.0,5.6
29015,10.3,26.7,17.8,33.4,58.5,7.4,10.9,6.5,75.6,80.3,20.2,53.7,8.6,20.4,54.1,27.3,11.0,37.6,20.8,16.0,13.4,22.2,8.4,33.0,13.6,10.3,9.5,32.8,30.7,71.8,20.0,15.3,38.9,15.2,4.1,10.1,38.7,3.4,16.0,5.4
29017,10.5,27.1,17.7,34.7,57.6,7.3,11.0,6.5,75.5,79.7,20.9,52.7,8.9,20.9,50.8,27.6,10.8,38.8,21.0,16.1,13.8,23.1,8.4,32.5,13.6,10.7,9.7,33.3,32.4,70.6,20.5,16.0,38.9,15.6,4.2,10.1,40.1,3.5,25.2,5.5
29019,7.6,24.6,18.0,32.0,58.9,7.3,10.3,5.4,77.2,83.5,16.1,58.5,6.3,13.5,64.5,23.7,10.1,32.2,18.4,12.4,9.8,17.6,7.1,32.5,11.4,8.2,8.0,29.0,24.9,72.5,16.8,13.2,31.6,12.4,3.3,8.7,33.9,2.9,13.8,4.4
29021,11.0,26.1,17.1,34.6,59.6,7.2,10.9,6.4,76.2,81.1,19.5,57.3,8.2,19.1,58.0,25.5,11.4,37.5,20.1,16.8,13.7,22.5,8.0,34.0,14.4,10.1,9.9,31.3,31.7,72.1,19.4,15.4,43.1,14.9,4.1,10.8,39.9,3.4,25.4,5.6
29023,11.8,29.4,16.1,37.6,59.8,7.2,11.7,7.1,75.9,79.2,22.6,53.7,10.0,22.7,52.9,28.7,12.6,42.4,22.0,20.7,18.1,26.7,8.8,34.5,16.5,12.3,11.6,34.1,36.1,63.6,21.7,18.2,41.3,17.3,5.0,12.8,39.6,3.9,21.0,6.6
29025,9.7,26.2,18.1,33.2,58.2,7.5,10.8,6.1,75.4,80.9,19.4,55.6,8.0,19.0,56.8,26.3,10.3,36.9,20.5,14.7,11.8,21.0,8.0,33.0,12.8,9.7,8.9,33.1,30.7,69.1,19.7,14.5,38.9,14.6,3.8,9.5,38.7,3.2,20.6,5.0
29027,9.0,25.8,18.3,33.3,58.4,7.4,10.6,5.9,75.8,81.8,18.1,57.2,7.3,17.2,55.5,25.5,10.2,34.4,19.9,13.6,10.5,19.5,7.5,32.5,12.4,8.9,8.4,31.5,28.0,75.7,18.7,13.5,37.1,13.6,3.5,9.0,39.4,3.1,19.1,4.6
29029,8.9,25.5,17.9,31.4,57.3,7.5,10.6,5.8,76.1,82.0,18.0,59.1,7.2,17.2,59.2,25.8,9.9,33.9,19.9,12.7,9.9,19.3,7.5,33.1,11.5,8.9,8.1,31.3,28.5,75.5,18.8,13.5,35.5,13.7,3.4,8.5,37.6,3.0,16.6,4.5
29031,8.5,25.4,17.8,33.3,59.6,7.4,10.6,5.7,77.4,82.9,17.4,60.8,7.0,16.1,55.9,25.1,10.2,33.9,18.8,13.4,10.8,19.4,7.3,32.1,12.2,8.9,8.4,31.7,28.0,73.4,18.6,13.8,35.9,13.5,3.5,9.2,39.3,3.0,17.0,4.6
29033,9.9,26.2,17.6,32.9,58.4,7.3,10.8,6.1,75.4,80.9,19.6,57.7,8.1,19.1,56.3,26.7,10.6,36.5,20.9,15.1,12.2,21.4,7.9,31.9,13.0,9.9,9.0,32.1,31.3,69.5,19.8,14.8,38.8,14.8,3.8,9.6,39.0,3.2,20.0,5.1
29035,11.5,29.0,17.2,36.5,59.3,7.3,11.4,7.2,75.9,78.8,22.5,53.3,10.2,23.1,52.3,28.3,12.2,42.3,21.4,19.9,17.8,26.2,9.1,33.2,15.8,12.3,11.4,33.4,34.8,69.7,21.5,18.1,39.8,17.2,4.9,12.2,38.4,3.9,26.7,6.5
29037,8.4,24.4,17.4,30.9,57.8,7.5,10.2,5.1,76.1,83.4,16.4,63.2,6.2,15.1,63.7,24.9,9.5,30.4,19.6,11.3,7.999999999999999,17.2,6.7,32.0,11.1,7.8,7.2,29.6,25.0,77.7,17.9,11.7,37.8,12.3,3.0,7.7,39.3,2.7,12.5,3.9
29039,10.8,27.4,17.0,34.8,58.9,7.4,11.2,6.9,75.3,79.2,21.5,54.1,9.5,21.4,49.9,27.3,11.7,39.4,20.6,18.0,15.9,24.3,8.7,33.3,14.7,11.4,10.6,33.4,32.7,66.2,20.7,16.8,40.1,16.1,4.6,11.3,40.4,3.7,18.8,6.1
29041,9.5,26.3,17.9,32.8,58.3,7.4,10.7,6.1,75.6,80.9,19.5,55.7,7.9,18.9,61.2,26.0,10.4,36.1,20.0,14.4,11.8,20.6,7.8,32.2,12.6,9.7,8.8,31.3,29.3,74.4,19.7,14.5,38.8,14.5,3.8,9.4,37.8,3.2,23.5,4.9
29043,7.7,25.4,18.4,31.1,57.9,7.6,10.4,5.2,76.6,83.6,16.6,59.9,6.3,14.8,59.6,25.5,9.1,33.1,19.0,10.8,7.9,17.3,7.1,31.4,10.3,7.9,7.1,31.5,25.3,73.8,17.8,12.6,35.9,12.7,2.9,7.4,39.7,2.7,15.4,3.9
29045,10.6,27.5,17.9,34.6,58.2,7.5,11.0,6.8,75.1,79.2,21.1,53.7,9.3,21.5,51.2,27.2,11.3,39.7,20.6,17.2,14.7,23.8,8.7,32.9,14.1,11.1,10.1,32.6,33.0,70.3,20.8,16.4,41.4,15.9,4.4,10.8,41.5,3.6,21.9,5.7
29047,8.1,24.8,16.5,32.5,57.8,7.3,10.3,5.2,76.0,83.9,15.9,60.8,5.8,14.1,62.6,23.8,9.7,32.0,19.1,11.3,8.3,16.8,6.8,32.8,11.2,7.6,7.4,33.4,23.9,75.9,17.0,12.2,37.1,12.1,3.0,7.9,33.9,2.7,10.1,4.0
29049,8.6,25.3,18.4,32.8,57.8,7.4,10.5,5.8,75.5,82.1,18.1,57.9,7.1,17.1,58.2,26.2,9.6,35.3,19.9,12.6,9.6,19.2,7.5,32.3,11.5,8.8,7.8,30.5,28.5,72.0,18.9,13.5,39.1,13.7,3.3,8.3,36.5,3.0,17.9,4.4
29051,7.9,24.5,19.0,33.2,58.1,7.4,10.3,5.2,77.3,83.8,16.4,61.3,6.1,14.2,63.7,23.9,9.4,33.1,19.8,11.7,8.8,17.4,6.8,31.8,11.2,7.8,7.5,32.8,26.3,78.0,17.4,12.2,36.7,12.3,3.0,8.1,36.8,2.8,9.2,4.1
29053,9.0,25.3,18.5,32.7,58.6,7.4,10.5,5.7,75.8,82.1,18.1,57.2,7.2,17.2,56.4,25.1,10.0,34.2,20.2,13.4,10.3,19.4,7.4,32.3,12.2,8.9,8.3,31.6,29.2,76.5,18.7,13.5,37.7,13.6,3.4,8.8,39.7,3.0,16.9,4.6
29055,10.8,26.5,18.1,32.9,58.0,7.3,11.0,6.5,75.3,79.8,20.8,57.2,8.8,20.8,50.3,27.3,11.0,39.4,21.4,16.4,13.6,22.9,8.3,32.6,13.9,10.6,9.7,34.0,31.7,71.8,20.5,15.8,41.7,15.5,4.2,10.1,40.7,3.4,21.0,5.5
29057,10.5,27.4,17.5,35.3,58.9,7.4,11.2,6.9,75.8,79.7,21.2,52.9,9.4,21.5,51.0,27.5,11.8,39.9,20.3,17.5,15.4,23.7,8.8,33.2,14.5,11.2,10.4,32.2,32.3,73.8,20.7,16.6,40.5,16.0,4.5,11.3,40.7,3.6,23.8,5.9
29059,10.8,27.3,17.2,34.6,58.9,7.4,11.1,6.8,75.1,79.3,21.5,54.2,9.5,21.8,53.9,27.5,11.7,40.0,20.4,18.1,15.7,24.0,8.8,32.3,14.8,11.4,10.5,32.3,33.0,69.4,20.7,16.7,39.3,16.1,4.5,11.3,38.7,3.6,22.8,6.0
29061,10.7,27.1,17.7,34.4,57.7,7.5,11.0,6.6,75.0,79.9,20.9,52.8,8.9,20.7,52.0,27.4,11.0,39.0,20.2,16.3,13.7,22.9,8.5,34.2,13.7,10.7,9.7,33.1,31.7,72.6,20.2,15.9,38.7,15.5,4.2,10.3,39.3,3.5,20.7,5.6
29063,9.7,25.7,18.8,33.5,58.3,7.4,10.5,5.8,75.4,81.1,18.7,53.4,7.4,18.1,57.2,24.6,10.1,35.6,21.2,13.7,10.3,20.0,7.5,32.2,12.4,9.0,8.4,32.5,28.2,76.3,18.9,13.9,39.2,13.9,3.5,8.9,36.9,3.1,19.2,4.6
29065,10.5,26.8,17.4,34.3,58.4,7.4,11.0,6.6,75.6,79.9,20.6,51.2,8.8,20.4,53.4,26.2,11.1,38.5,20.5,16.4,13.9,22.8,8.5,32.0,13.8,10.8,9.9,31.4,31.6,69.4,20.1,15.9,39.3,15.5,4.3,10.4,40.7,3.5,22.7,5.6
29067,10.8,27.5,17.5,34.6,58.1,7.4,11.3,6.6,75.5,79.7,21.0,52.9,9.0,20.8,54.1,27.4,11.3,38.8,21.1,17.0,14.3,23.5,8.5,32.8,14.3,10.9,10.1,32.7,32.0,65.6,20.5,16.2,37.9,15.7,4.3,10.6,41.2,3.5,25.7,5.7
29069,13.5,29.1,15.4,38.7,60.4,7.0,11.5,7.2,75.7,79.0,23.5,52.9,10.3,23.4,49.6,27.8,13.1,44.1,22.9,23.3,20.7,28.0,8.8,33.5,18.7,12.8,12.9,36.5,40.6,68.6,21.7,19.6,46.4,17.9,5.3,13.8,40.3,4.0,26.6,7.2
29071,8.5,25.7,19.8,31.9,58.1,7.5,10.5,5.6,76.1,82.3,17.9,59.1,7.0,16.6,61.2,26.8,9.7,34.2,19.5,12.0,9.2,18.9,7.4,32.8,11.2,8.7,7.7,30.4,27.7,71.3,18.6,13.0,39.3,13.5,3.3,8.0,34.5,2.9,11.7,4.3
29073,9.1,26.3,18.0,32.8,57.7,7.5,10.8,5.9,75.7,81.3,19.1,54.9,7.7,18.2,59.7,26.7,10.0,36.2,20.0,13.4,10.7,20.3,7.8,32.6,12.0,9.4,8.3,31.8,28.0,69.2,19.6,14.1,39.2,14.1,3.6,8.7,37.6,3.1,19.5,4.7
29075,10.1,26.2,17.6,33.5,58.5,7.4,10.9,6.2,75.0,80.5,20.0,54.1,8.4,19.5,54.0,26.2,10.6,37.7,20.4,15.5,12.9,21.8,8.0,32.4,13.1,10.2,9.2,32.7,31.4,68.2,19.8,15.4,40.9,14.9,3.9,9.7,39.2,3.3,21.0,5.2
29077,8.6,26.3,16.5,31.6,59.0,7.4,10.8,5.8,76.7,82.7,18.1,56.5,7.3,16.4,62.1,24.8,10.2,35.2,19.2,13.9,10.9,19.3,7.5,31.9,12.3,9.0,8.5,31.9,25.8,69.3,18.6,13.9,37.8,14.0,3.5,9.3,37.6,3.1,21.8,4.7
29079,10.7,26.7,17.4,34.2,58.4,7.4,11.0,6.5,75.6,79.9,20.9,55.6,8.9,20.5,55.0,27.1,11.2,39.2,20.9,16.9,14.0,23.2,8.4,32.9,14.1,10.8,10.0,33.0,32.5,70.6,20.4,16.0,39.6,15.7,4.3,10.5,38.7,3.5,15.8,5.6
29081,10.5,27.3,17.6,34.2,58.3,7.4,10.9,6.6,75.6,80.0,20.7,54.4,9.1,20.7,54.1,26.9,11.3,38.5,20.1,16.8,14.6,23.0,8.5,33.5,14.0,10.9,10.0,31.4,32.3,70.9,20.5,16.1,39.7,15.7,4.3,10.7,42.8,3.5,20.3,5.7
29083,10.4,27.0,17.1,34.2,58.3,7.4,11.0,6.5,75.5,80.3,20.6,55.7,8.8,20.3,57.2,26.9,11.0,38.1,20.7,16.4,13.9,22.7,8.4,32.6,14.0,10.6,9.8,32.4,31.5,73.5,20.3,15.7,38.6,15.4,4.2,10.6,38.9,3.4,14.0,5.5
29085,11.9,29.5,16.7,37.1,59.8,7.4,11.6,7.6,75.6,78.1,23.6,55.4,11.1,24.6,48.4,28.5,12.9,43.5,21.0,22.0,20.7,27.4,9.6,34.1,17.0,13.2,12.5,33.4,36.5,69.9,22.1,19.2,43.1,17.7,5.4,13.7,41.0,4.1,27.8,7.2
29087,9.4,26.0,18.2,32.8,58.0,7.5,10.7,6.0,75.4,81.0,19.1,58.0,7.8,18.7,54.5,26.0,10.3,36.0,20.1,14.2,11.4,20.3,7.9,32.6,12.5,9.5,8.7,31.9,30.4,74.6,19.4,14.1,37.0,14.2,3.7,9.2,39.5,3.2,20.3,4.9
29089,8.7,26.0,18.2,32.8,57.9,7.4,10.7,5.8,76.4,82.1,18.2,59.7,7.3,17.0,57.3,26.2,10.1,35.1,19.9,13.2,10.4,19.7,7.5,32.9,12.0,9.0,8.3,32.7,28.3,71.8,18.8,13.8,36.0,13.8,3.5,8.8,38.6,3.1,17.9,4.6
29091,11.3,29.0,16.2,35.1,58.2,7.4,11.3,7.0,75.5,79.0,22.1,55.1,9.9,22.1,50.6,28.1,12.0,40.6,20.7,19.4,17.2,25.8,8.8,32.4,15.4,11.9,11.1,33.1,32.6,72.0,21.0,17.6,36.8,16.6,4.8,11.8,40.2,3.8,24.7,6.4
29093,10.7,27.8,17.3,35.3,58.4,7.4,11.1,6.7,75.6,79.6,21.3,53.7,9.2,21.0,56.3,28.1,11.5,39.9,20.7,17.4,15.0,23.9,8.6,33.2,14.4,11.1,10.3,33.3,33.0,74.2,20.7,16.5,42.1,16.1,4.5,10.9,38.0,3.6,22.2,5.8
29095,10.1,24.5,18.0,33.4,58.4,6.6,10.5,5.5,76.1,83.6,17.8,57.5,6.7,16.0,63.0,25.8,11.0,35.3,23.2,16.9,12.6,20.8,6.8,34.9,16.1,9.4,9.9,33.5,30.2,75.7,19.5,14.8,37.2,13.4,3.9,11.6,34.8,3.2,15.3,5.2
29097,11.1,26.7,16.9,34.8,58.4,7.3,10.8,6.3,75.7,81.0,19.9,59.1,8.4,19.0,56.3,26.3,11.5,37.7,20.6,16.5,13.8,22.6,8.1,32.8,14.4,10.3,10.0,33.0,31.8,68.8,19.9,15.5,40.2,15.1,4.2,10.6,41.1,3.4,14.0,5.7
29099,8.2,25.3,17.7,31.5,58.2,7.6,10.5,5.5,76.7,82.6,17.4,61.2,6.8,16.3,59.3,24.7,9.4,33.4,19.5,11.6,8.6,18.5,7.3,31.3,10.9,8.4,7.5,30.6,26.6,73.6,18.4,12.7,39.7,13.0,3.1,7.9,37.4,2.8,15.0,4.2
29101,8.7,25.7,17.8,32.0,57.3,7.4,10.5,5.8,77.1,81.8,18.3,58.5,7.2,16.9,61.4,26.4,10.3,34.2,20.4,13.3,10.4,19.1,7.4,32.4,12.2,8.8,8.5,31.2,27.2,72.7,19.0,13.4,37.5,13.8,3.5,9.1,38.5,3.1,11.3,4.6
29103,11.4,27.4,17.1,35.1,59.0,7.4,11.3,7.0,75.1,78.6,22.0,52.0,9.9,22.2,48.8,26.9,11.6,40.0,21.2,18.5,16.2,24.8,8.8,33.0,14.8,11.8,10.8,32.5,33.0,70.7,20.9,17.0,39.8,16.4,4.7,11.3,38.7,3.7,18.6,6.2
29105,11.2,27.6,16.6,34.9,58.9,7.3,11.2,6.8,75.6,79.3,21.5,55.2,9.4,21.4,52.4,27.1,11.5,39.2,20.8,18.2,15.9,23.9,8.7,33.7,14.8,11.3,10.6,32.6,33.0,70.6,20.6,16.4,38.3,15.9,4.5,11.3,40.1,3.6,20.4,6.0
29107,9.0,25.1,18.3,31.6,57.4,7.4,10.6,5.6,75.1,82.1,18.2,57.0,7.0,16.8,57.0,25.9,9.5,35.2,19.9,12.4,9.5,19.2,7.4,33.7,11.5,8.7,7.9,31.2,27.2,70.7,19.0,13.1,36.8,13.4,3.3,8.3,40.3,2.9,11.1,4.4
29109,12.1,26.9,17.5,34.5,58.6,7.3,11.0,6.8,75.5,79.7,21.2,53.5,9.1,20.8,57.1,26.7,11.5,39.3,21.2,18.1,15.1,24.1,8.6,33.2,15.0,11.1,10.5,33.0,33.9,73.1,20.3,16.5,40.1,16.0,4.5,11.2,39.7,3.6,21.8,6.0
29111,10.3,26.8,17.1,33.8,58.5,7.3,11.1,6.4,75.4,80.3,20.5,51.7,8.7,20.6,52.5,26.9,10.9,37.9,20.9,16.6,13.8,22.8,8.2,31.7,13.9,10.6,9.8,32.8,31.8,69.6,20.2,15.6,38.2,15.4,4.1,10.3,41.1,3.4,18.4,5.5
29113,8.9,25.0,18.8,31.7,56.9,7.4,10.6,5.7,75.8,81.7,18.4,55.4,7.1,17.5,59.1,25.3,9.9,35.7,19.9,12.4,9.5,19.1,7.4,32.1,11.7,8.8,7.9,32.1,28.1,75.2,19.0,13.6,39.4,13.8,3.3,8.2,39.1,3.0,17.0,4.4
29115,10.1,26.3,17.7,33.0,58.5,7.4,10.8,6.2,75.8,80.6,20.1,55.3,8.3,19.5,52.5,26.7,10.5,36.9,20.1,15.5,12.9,22.0,8.1,32.8,13.2,10.1,9.3,32.0,30.9,74.4,19.8,15.1,35.9,14.9,3.9,9.8,39.8,3.3,21.0,5.3
29117,9.8,26.8,17.3,33.5,58.5,7.4,11.3,6.0,76.2,81.0,20.2,57.4,8.2,19.1,59.6,27.4,10.5,37.7,20.6,15.9,13.3,21.7,7.8,32.5,13.7,10.4,9.4,33.3,30.6,73.8,20.4,15.3,39.6,15.0,3.9,10.2,38.2,3.3,15.4,5.2
29119,14.7,28.1,16.0,36.8,59.3,7.0,11.3,7.5,75.7,78.1,23.3,48.5,10.3,23.3,48.3,27.3,13.5,43.2,22.6,23.7,20.2,28.2,9.4,33.5,18.9,12.8,13.1,35.5,37.4,64.6,21.4,19.0,42.7,17.5,5.4,14.0,41.5,4.1,23.5,7.5
29121,9.0,25.8,18.2,32.2,58.2,7.4,10.6,5.8,75.9,81.6,18.7,58.2,7.3,17.6,56.8,25.5,9.9,35.7,20.7,13.4,10.4,20.1,7.6,32.1,12.0,9.1,8.3,32.2,29.2,73.3,19.2,13.9,34.6,14.0,3.5,8.6,38.9,3.1,18.9,4.6
29123,10.1,26.3,17.8,33.2,58.1,7.4,10.7,6.1,75.0,80.7,19.8,57.6,8.1,19.6,55.5,26.7,10.6,37.5,20.7,15.0,11.9,21.5,7.9,32.2,13.0,9.9,9.0,32.6,30.4,75.1,19.7,15.0,37.5,14.8,3.8,9.4,38.8,3.2,20.0,5.1
29125,10.0,26.3,17.9,33.0,57.7,7.4,10.9,6.1,75.4,80.6,20.0,57.5,8.1,19.2,52.4,26.9,10.3,37.4,21.0,15.0,11.9,21.4,8.0,32.2,12.9,9.9,9.0,33.2,30.7,72.3,20.0,14.8,37.9,14.8,3.8,9.2,43.0,3.2,13.5,5.0
29127,9.2,26.2,17.9,33.7,58.0,7.4,10.7,5.9,76.3,81.3,19.0,58.9,7.7,17.8,56.4,26.1,10.6,35.3,20.3,14.5,11.8,20.6,7.6,31.4,12.8,9.5,8.9,32.2,30.0,75.0,19.3,14.3,39.8,14.3,3.7,9.5,40.9,3.2,17.9,4.9
29129,11.4,27.9,17.1,35.4,58.7,7.4,11.0,6.7,75.6,79.9,21.0,55.1,9.1,20.8,56.8,27.4,11.8,39.8,20.6,17.9,15.4,23.8,8.7,33.1,14.8,11.0,10.5,32.5,33.2,73.0,20.4,16.6,41.4,15.8,4.4,11.3,38.7,3.6,21.6,5.9
29131,9.7,26.4,18.3,33.1,58.4,7.4,10.8,6.2,75.9,80.8,19.6,54.4,8.1,19.0,55.9,27.2,10.6,37.2,20.0,15.0,12.2,21.3,8.0,33.0,12.9,10.0,9.0,32.3,29.6,72.2,19.8,14.8,37.3,14.7,3.9,9.6,38.0,3.3,11.3,5.1
29133,13.2,29.8,15.3,40.0,62.3,6.7,11.7,7.4,76.9,78.7,23.0,52.6,10.5,24.2,43.9,26.0,14.1,44.1,24.5,25.2,23.5,29.4,8.8,33.1,20.2,13.1,14.0,36.1,39.8,71.3,21.2,20.0,47.7,17.5,5.7,15.8,44.6,4.3,29.7,7.6
29135,10.7,25.6,18.1,32.5,57.7,7.3,10.5,5.9,75.1,81.0,19.1,56.6,7.6,18.2,56.1,25.6,10.2,36.1,20.9,14.5,10.9,20.9,7.7,32.5,12.8,9.3,8.7,33.2,29.5,72.2,19.1,14.1,39.1,14.3,3.6,9.0,38.3,3.1,22.7,4.8
29137,10.3,26.4,17.5,33.7,58.5,7.3,10.9,6.4,75.8,80.3,20.3,58.5,8.6,20.2,54.4,27.2,11.0,37.5,21.0,16.3,13.7,22.4,8.2,32.3,13.8,10.4,9.7,32.1,31.1,73.2,20.2,15.4,38.0,15.1,4.1,10.4,40.3,3.4,23.0,5.4
29139,10.2,27.1,17.8,34.0,58.4,7.4,11.0,6.3,75.2,80.3,20.3,53.9,8.5,19.9,54.1,26.6,10.9,37.8,20.8,15.9,13.2,22.3,8.2,33.0,13.5,10.4,9.5,32.4,31.6,72.7,20.1,15.4,37.1,15.1,4.0,10.0,39.7,3.4,18.0,5.4
29141,12.0,26.9,17.6,34.7,58.5,7.3,11.1,6.9,74.0,78.8,22.2,50.2,9.6,21.9,53.6,28.2,11.6,40.4,21.7,18.6,15.8,25.1,8.8,32.5,15.0,11.7,10.8,34.7,34.1,65.4,20.8,17.0,38.2,16.5,4.7,11.1,40.7,3.7,24.2,6.1
29143,11.9,28.7,15.3,37.4,60.9,6.9,11.6,6.8,75.7,79.6,22.4,55.6,9.7,21.8,50.2,27.2,12.7,42.0,22.4,22.0,19.8,26.2,8.3,33.0,17.6,12.5,12.4,34.4,36.9,70.5,21.2,18.3,43.0,16.7,5.1,13.6,42.8,4.0,28.0,6.8
29145,10.5,26.5,16.8,33.5,58.6,7.4,10.8,6.2,76.0,81.1,19.3,58.5,7.9,18.4,59.9,26.1,11.1,35.9,20.4,15.9,12.5,21.3,8.1,32.8,13.6,9.9,9.5,31.0,29.9,76.1,19.5,15.0,38.9,14.7,3.9,10.0,38.1,3.3,17.3,5.3
29147,8.7,25.9,18.3,33.3,58.7,7.5,10.6,6.1,76.9,81.6,18.4,56.8,7.6,17.5,55.3,26.4,10.4,35.4,19.8,13.8,11.1,20.1,7.9,32.6,12.4,9.2,8.6,31.5,28.3,76.3,19.0,13.8,39.5,14.0,3.6,9.3,44.4,3.1,18.6,4.7
29149,11.6,28.9,16.7,36.1,59.3,7.3,11.3,7.3,75.3,78.3,22.8,50.7,10.4,23.6,48.9,27.9,12.5,41.8,21.8,20.5,18.9,26.2,9.2,33.2,16.2,12.5,11.8,34.0,34.4,70.5,21.6,18.1,41.2,16.9,5.1,12.6,39.1,3.9,30.1,6.7
29151,8.1,24.8,19.0,31.3,57.1,7.6,10.3,5.5,75.7,82.3,17.5,59.0,6.8,16.4,60.6,25.3,9.2,33.3,19.3,11.4,8.5,18.0,7.3,32.4,10.6,8.4,7.3,30.9,26.5,76.3,18.4,12.7,35.6,13.1,3.1,7.6,38.3,2.8,14.1,4.1
29153,12.4,28.4,16.9,36.7,59.2,7.4,11.4,7.6,75.0,78.1,23.4,51.3,10.8,24.0,44.8,28.4,12.5,43.1,21.3,20.9,19.3,27.2,9.5,33.0,16.6,12.8,12.1,32.3,35.5,66.0,22.0,18.6,42.3,17.6,5.3,13.0,41.2,4.0,23.0,7.0
29155,13.6,30.3,14.4,40.1,62.9,6.7,12.3,7.7,78.1,78.6,24.5,50.4,11.3,25.3,47.3,26.8,14.9,45.5,23.8,27.9,27.1,30.8,8.9,34.8,21.6,14.4,15.2,35.8,40.5,73.1,22.0,21.1,44.9,18.3,6.4,17.7,44.1,4.6,33.8,8.5
29157,9.5,25.6,18.1,32.6,57.8,7.4,10.5,5.8,75.2,81.2,18.9,56.7,7.5,18.0,58.9,25.9,9.9,35.4,20.2,13.7,10.6,20.1,7.7,32.2,12.0,9.2,8.3,33.1,29.1,76.5,19.0,13.8,36.0,14.0,3.5,8.6,39.2,3.1,13.9,4.7
29159,11.0,26.1,17.3,32.4,58.5,7.3,10.8,6.0,76.2,81.5,19.3,54.8,7.8,18.2,57.2,25.4,10.8,37.0,20.9,15.7,12.3,22.0,7.8,31.7,14.1,9.8,9.3,32.2,30.9,71.4,19.2,15.0,36.3,14.8,3.9,9.9,38.6,3.2,18.3,5.2
29161,9.1,26.9,17.8,33.9,58.2,7.4,10.5,6.2,75.6,81.4,18.9,51.5,7.8,17.9,56.1,26.5,10.9,36.8,19.9,14.5,11.9,21.3,8.0,32.3,12.4,9.5,9.0,32.0,29.1,73.2,18.7,14.5,36.2,14.3,3.8,9.7,41.6,3.2,17.0,5.1
29163,11.1,26.6,18.0,35.6,59.1,7.2,10.6,6.6,75.9,79.6,20.5,55.1,8.7,20.7,53.3,25.1,11.3,38.2,22.0,17.2,14.6,23.2,8.3,32.8,14.6,10.5,10.1,32.1,31.9,74.0,19.8,15.8,38.3,15.3,4.3,10.8,40.4,3.5,24.5,5.7
29165,7.2,23.0,17.7,30.9,58.0,7.4,9.9,4.8,78.7,85.1,14.6,63.1,5.2,12.1,65.4,23.4,8.8,28.7,18.1,9.7,6.8,15.1,6.3,32.6,9.8,6.8,6.6,28.9,22.1,74.1,16.1,10.6,36.7,11.3,2.6,7.1,35.6,2.5,11.9,3.6
29167,10.2,26.9,17.6,34.2,58.9,7.4,11.0,6.5,76.3,80.5,20.4,55.5,8.8,20.0,51.4,27.1,11.2,38.3,19.9,16.5,14.0,22.8,8.4,33.3,13.8,10.6,9.8,32.6,32.1,72.3,20.1,15.9,39.5,15.3,4.2,10.5,40.3,3.5,22.9,5.6
29169,10.3,26.1,17.2,34.1,59.4,7.0,10.2,5.8,76.7,82.2,17.8,57.1,7.0,16.8,58.8,24.0,10.9,35.3,21.0,15.1,11.5,20.6,7.5,32.1,13.8,8.9,9.1,31.6,29.1,72.7,17.9,14.2,38.4,13.8,3.7,10.0,42.6,3.2,17.4,5.0
29171,9.3,26.8,18.4,33.1,58.2,7.5,10.6,6.0,76.5,81.4,18.8,55.0,7.7,17.8,59.9,26.2,10.2,36.5,20.3,13.8,10.9,20.2,7.8,32.8,12.3,9.3,8.6,32.1,29.1,74.2,19.3,14.1,35.1,14.2,3.6,9.0,38.6,3.1,14.0,4.8
29173,9.5,26.9,18.4,33.7,58.4,7.4,10.8,6.1,75.7,80.9,19.7,55.1,8.1,19.3,58.4,26.8,10.4,37.3,20.1,14.5,11.8,20.9,8.0,32.4,12.6,9.8,8.8,32.6,29.9,72.6,19.8,14.7,39.7,14.6,3.8,9.3,37.9,3.2,17.2,4.9
29175,10.1,26.6,17.1,34.1,58.5,7.3,10.9,6.3,75.4,80.5,20.1,55.4,8.4,19.7,54.8,26.2,11.0,37.6,20.7,16.1,13.5,22.2,8.2,32.3,13.8,10.2,9.8,34.5,30.7,72.1,19.8,15.1,37.6,15.0,4.1,10.4,40.0,3.4,20.2,5.4
29177,9.6,26.2,17.8,33.9,58.0,7.4,10.7,6.0,75.1,81.1,19.3,55.5,7.9,18.9,58.3,26.4,10.6,36.5,20.4,14.3,11.3,20.8,7.9,32.9,12.6,9.6,8.7,32.4,31.3,68.4,19.7,14.5,39.3,14.5,3.7,9.2,38.8,3.2,19.7,4.9
29179,11.6,27.8,17.5,35.0,58.6,7.3,11.2,7.1,74.7,78.8,22.1,51.1,9.8,22.4,49.9,27.5,11.8,41.0,21.6,18.8,16.3,25.1,9.0,33.1,15.1,11.7,10.9,33.0,33.8,69.9,20.9,17.1,41.0,16.5,4.8,11.4,41.1,3.8,20.9,6.2
29181,11.8,28.6,17.0,35.9,59.1,7.4,11.5,7.4,75.8,78.6,23.0,54.8,10.6,23.4,48.7,28.5,12.5,42.9,21.5,20.1,18.6,26.7,9.3,33.7,16.0,12.6,11.7,33.6,35.4,70.6,21.8,18.4,41.1,17.0,5.1,12.5,39.5,3.9,28.9,6.7
29183,6.7,22.8,20.2,28.4,57.7,7.6,10.1,4.6,76.3,85.1,14.7,63.9,5.1,12.2,65.6,23.5,8.8,30.0,17.3,8.8,5.800000000000001,14.4,6.2,32.1,9.0,6.6,6.0,29.3,22.2,77.4,16.1,10.1,35.5,11.1,2.5,6.3,40.6,2.4,12.9,3.3
29185,11.0,27.2,17.4,35.8,58.4,7.4,11.0,6.9,75.1,79.4,21.5,56.7,9.4,21.8,52.6,27.6,11.8,40.3,20.8,17.8,15.5,24.4,8.8,32.8,14.6,11.3,10.5,33.9,33.7,71.4,20.7,16.7,37.7,16.3,4.5,11.2,37.3,3.6,21.3,6.0
29186,8.9,26.1,18.7,33.1,57.6,7.4,10.5,5.8,75.7,81.6,18.4,57.1,7.3,17.5,57.1,25.9,9.8,35.7,20.6,12.9,10.0,19.4,7.6,32.5,11.8,8.9,8.1,32.0,28.2,72.2,18.9,13.5,37.1,13.8,3.4,8.6,38.6,3.0,14.4,4.5
29187,10.8,27.3,18.1,36.1,58.6,7.4,10.8,6.6,75.6,79.9,20.4,55.4,9.0,20.9,54.9,26.5,11.4,39.0,22.2,17.2,14.3,23.6,8.4,33.0,14.5,10.6,10.1,34.1,33.4,72.9,20.1,16.1,40.3,15.8,4.3,11.0,40.7,3.5,15.3,5.6
29189,7.3,23.7,17.8,32.5,60.9,6.8,10.7,4.8,77.3,84.8,15.4,60.8,5.5,13.6,62.2,23.6,9.6,31.0,21.1,12.6,9.7,16.8,6.0,31.2,12.6,7.8,8.0,34.1,24.2,76.8,17.1,11.8,31.5,11.7,3.0,9.3,35.0,2.8,12.2,4.1
29195,11.2,25.7,17.6,33.0,58.8,7.1,10.6,6.0,76.0,81.7,19.1,54.8,7.4,17.6,57.4,25.3,11.2,37.5,20.8,16.2,12.4,21.7,7.7,33.0,14.2,9.5,9.6,34.0,31.5,72.3,18.7,14.9,39.2,14.4,3.9,10.2,40.9,3.2,18.1,5.3
29197,8.9,25.6,18.5,32.6,57.7,7.4,10.6,5.7,75.2,81.4,18.9,56.4,7.4,17.9,60.1,25.7,9.8,35.6,20.5,12.8,9.7,19.7,7.6,32.3,11.6,9.0,8.0,32.5,29.3,75.8,19.4,13.6,39.0,14.0,3.3,8.3,38.7,3.0,15.5,4.4
29199,11.1,26.2,17.5,33.0,56.9,7.4,11.0,6.3,74.9,79.5,20.8,54.8,8.7,20.1,53.8,26.5,10.4,37.5,20.7,15.5,12.5,22.6,8.2,32.6,13.1,10.6,9.3,32.5,31.5,70.1,20.2,15.4,37.7,15.3,4.0,9.4,38.5,3.3,20.6,5.3
29201,10.2,26.3,16.4,35.1,59.7,7.2,11.1,6.2,76.9,81.1,19.9,54.2,8.3,19.6,55.6,25.7,11.1,37.6,20.5,18.0,15.2,22.3,7.8,33.0,15.7,10.6,10.2,33.2,34.7,69.0,19.6,15.5,38.2,14.8,4.2,11.2,41.4,3.4,21.0,5.5
29203,10.9,27.1,17.4,34.4,58.2,7.4,11.1,6.6,75.1,79.7,21.1,56.2,9.0,21.2,49.9,26.9,11.2,38.8,21.0,17.3,14.3,23.3,8.5,32.2,14.2,10.9,10.1,34.4,31.9,74.1,20.5,16.2,36.8,15.6,4.3,10.6,41.1,3.5,23.8,5.7
29205,10.6,27.5,17.4,35.6,58.6,7.4,11.0,6.9,74.8,79.2,21.4,53.9,9.4,21.4,53.9,27.1,11.5,40.1,20.7,17.7,15.9,23.8,8.8,33.0,14.5,11.3,10.5,32.8,32.7,69.9,20.6,16.5,40.6,16.0,4.5,11.3,38.8,3.6,22.9,6.0
29207,11.3,28.8,17.2,34.4,57.2,7.3,11.0,6.7,73.8,79.2,21.7,55.4,9.4,22.2,49.4,27.6,11.3,41.3,20.8,18.0,15.2,25.0,8.7,32.0,14.4,11.5,10.3,34.2,33.2,69.7,20.7,16.9,37.6,16.1,4.5,10.9,41.8,3.6,26.2,5.9
29209,9.4,26.4,17.5,33.5,58.3,7.4,10.7,6.1,75.8,81.4,19.0,57.6,7.8,18.3,57.3,26.5,10.3,35.6,19.8,14.2,11.7,20.8,7.9,33.1,12.6,9.6,8.8,32.7,29.2,69.2,19.4,14.2,41.1,14.3,3.7,9.4,38.9,3.2,15.1,4.9
29211,14.1,26.5,17.2,34.5,58.7,7.0,10.5,6.5,75.4,80.3,20.5,53.1,8.2,19.3,51.4,25.4,11.9,38.2,21.6,18.7,14.5,24.0,8.3,33.1,15.9,10.4,10.5,33.0,33.4,69.3,19.5,16.0,40.4,15.6,4.3,11.1,41.1,3.4,20.4,6.0
29213,10.1,26.4,17.2,33.5,58.0,7.5,10.8,6.1,75.6,81.7,19.0,55.6,7.7,17.9,55.1,25.8,10.6,36.9,19.9,15.1,12.0,20.9,7.8,32.4,13.2,9.7,9.1,31.7,29.4,73.2,19.2,15.0,36.4,14.6,3.8,9.7,38.4,3.2,16.8,5.1
29215,11.8,28.0,16.8,37.9,59.9,7.4,11.0,7.2,75.9,78.8,22.1,54.2,10.0,22.3,53.1,26.8,12.7,42.1,21.4,19.8,17.8,26.0,9.2,33.4,15.9,11.9,11.6,32.1,34.5,67.8,20.9,17.9,42.2,16.6,5.0,12.4,41.1,3.9,19.0,6.5
29217,10.7,27.6,17.5,34.8,58.7,7.4,11.3,6.8,75.7,79.9,21.3,52.5,9.3,21.4,52.9,28.1,11.5,40.2,20.6,17.7,15.3,24.0,8.7,33.6,14.5,11.3,10.5,32.8,32.5,68.5,20.8,16.7,38.1,16.0,4.5,11.1,39.7,3.6,24.3,5.9
29219,9.4,25.8,18.4,32.9,57.1,7.4,10.6,5.7,75.4,81.8,18.4,54.9,7.3,17.3,58.3,26.0,10.0,34.7,20.7,13.3,10.0,19.9,7.6,32.4,12.1,9.0,8.2,31.9,29.6,73.3,19.2,13.6,38.7,13.9,3.4,8.6,37.7,3.0,18.5,4.6
29221,11.6,27.7,17.1,36.1,59.3,7.3,11.2,7.2,75.2,78.6,22.3,53.5,10.1,22.9,51.7,27.4,12.2,41.1,21.4,19.4,17.1,25.6,9.0,33.0,15.6,11.9,11.2,33.1,33.8,67.8,21.2,17.5,41.3,16.5,4.9,12.0,42.2,3.8,26.8,6.4
29223,12.4,28.5,16.9,36.4,58.8,7.3,11.5,7.5,74.4,77.7,23.4,50.5,10.9,24.7,53.4,28.1,12.6,41.7,21.8,21.4,19.6,27.1,9.4,33.0,16.7,12.9,12.1,32.7,36.0,68.0,22.0,18.5,41.3,17.7,5.3,12.8,41.2,4.0,24.6,7.0
29225,10.0,26.0,17.7,33.9,58.4,7.4,10.8,6.4,75.7,80.6,19.8,55.7,8.4,19.5,58.9,26.8,10.6,37.3,20.9,15.2,12.3,22.0,8.1,32.5,13.1,10.1,9.2,32.7,30.1,74.1,19.8,15.1,41.5,14.9,4.0,9.7,37.8,3.3,20.5,5.2
29227,9.9,27.4,17.4,34.8,58.6,7.4,10.8,6.5,75.3,80.1,20.3,55.8,8.7,20.4,56.0,26.8,11.2,38.1,20.6,16.2,13.9,22.5,8.3,32.8,13.5,10.5,9.6,32.2,31.9,71.6,20.2,15.6,40.7,15.2,4.1,10.4,41.2,3.4,21.3,5.4
29229,12.1,28.2,16.6,35.6,59.2,7.3,11.3,7.2,75.7,78.5,22.8,53.4,10.4,23.5,53.6,28.1,12.5,42.1,21.5,20.6,18.7,26.4,9.2,33.3,16.2,12.5,11.7,32.5,36.3,71.3,21.6,18.1,42.1,17.1,5.1,12.5,40.6,3.9,33.0,6.7
29510,9.1,24.7,17.4,36.6,59.6,6.2,11.7,5.8,80.3,84.0,18.4,59.4,7.0,16.6,56.5,23.9,12.7,35.1,24.9,19.7,17.0,22.1,6.5,30.9,18.2,10.3,11.6,35.7,26.9,79.6,18.4,15.7,37.0,13.6,4.6,14.3,37.2,3.8,16.8,6.1
30001,10.1,24.3,22.2,28.9,51.9,7.4,11.1,5.5,69.3,79.6,15.1,56.9,6.2,14.2,62.3,25.6,8.4,29.4,21.6,12.6,9.1,17.3,7.4,28.4,10.3,8.0,8.0,30.8,19.9,73.4,18.4,11.1,29.3,13.1,3.3,7.4,31.4,2.9,11.4,4.4
30003,14.5,25.5,18.3,33.5,54.6,6.4,14.1,7.4,68.9,76.2,21.0,49.2,9.2,25.3,50.5,25.6,13.8,38.7,28.3,30.1,23.6,28.8,10.4,26.8,22.1,13.4,18.7,37.8,28.0,65.7,22.9,18.0,35.8,18.6,5.8,17.2,36.7,4.6,27.5,9.2
30005,12.3,26.3,20.1,33.1,54.5,6.9,13.4,6.7,68.2,77.6,18.8,48.7,8.0,21.6,55.4,25.2,12.3,37.8,27.2,23.7,17.5,25.1,9.6,28.4,17.5,11.3,14.6,34.4,26.6,68.1,21.1,16.0,41.6,17.2,4.8,13.3,32.3,4.0,23.7,7.2
30007,9.7,23.4,23.1,28.4,51.8,7.5,11.0,5.2,68.0,80.2,14.8,54.7,5.8,14.1,59.5,24.7,7.8,28.3,21.8,11.1,7.6,16.5,7.1,27.5,9.5,7.5,7.2,31.3,19.8,71.5,18.4,10.4,30.3,12.7,3.0,6.5,31.3,2.8,11.5,3.9
30009,9.2,24.6,23.4,30.6,51.6,7.6,11.1,5.2,68.7,80.4,14.6,55.6,5.8,13.8,64.8,25.2,8.2,28.1,22.3,11.1,7.8,16.7,7.1,27.5,9.4,7.4,7.3,32.2,19.9,73.2,18.0,10.4,32.6,12.7,3.0,6.7,33.1,2.8,12.5,3.9
30011,10.2,24.3,22.9,29.8,52.7,7.5,11.6,5.6,67.9,78.8,16.3,54.3,6.8,15.9,61.2,26.1,8.5,30.0,22.4,13.1,9.8,18.7,7.6,28.4,10.6,8.6,8.4,31.1,21.9,72.7,19.5,11.9,33.2,13.9,3.6,7.7,31.9,3.1,12.5,4.5
30013,10.2,26.9,22.0,30.1,53.7,7.4,12.4,5.3,71.8,80.0,16.1,55.9,6.5,15.1,62.5,28.1,8.8,32.5,23.0,13.6,9.6,19.4,7.6,29.3,10.5,8.3,8.2,34.3,22.5,75.4,20.0,12.2,35.9,14.3,3.3,7.7,36.0,3.0,14.9,4.5
30015,10.9,24.7,21.7,30.8,53.2,7.1,12.1,5.6,69.2,78.6,16.6,53.3,6.7,17.4,58.6,25.5,9.5,31.9,24.6,16.4,11.3,19.7,7.9,28.2,12.9,9.0,10.1,35.0,22.7,72.4,20.1,12.4,35.8,14.6,3.6,9.1,35.5,3.2,13.5,5.1
30017,9.5,24.9,22.9,28.9,52.6,7.5,11.2,5.3,69.0,79.7,15.2,57.0,6.2,14.8,62.2,25.2,8.5,30.0,21.7,12.3,8.7,17.3,7.3,27.1,10.0,8.0,7.8,31.6,22.2,75.4,18.4,10.9,32.7,13.1,3.2,7.3,33.0,2.9,9.4,4.3
30019,9.6,23.9,23.1,28.4,52.2,7.5,11.1,5.3,68.4,80.0,15.1,54.8,5.9,14.2,62.0,24.7,8.2,28.4,21.8,11.8,8.2,16.8,7.2,27.6,9.9,7.7,7.7,31.2,20.3,71.7,18.5,10.7,34.0,13.0,3.1,7.1,32.9,2.8,12.1,4.1
30021,9.5,23.7,23.2,28.2,51.4,7.5,11.0,5.1,67.0,80.4,14.8,59.3,5.8,14.1,60.5,24.5,8.2,27.7,22.0,10.9,7.3999999999999995,16.5,6.9,26.9,9.4,7.5,7.3,31.8,21.1,72.7,18.4,10.6,33.0,12.9,3.0,6.6,34.5,2.8,11.9,3.9
30023,11.5,24.9,22.7,30.5,52.7,7.4,11.4,6.1,67.4,77.4,17.3,53.0,7.5,17.5,60.6,26.0,9.5,31.8,22.9,15.3,11.9,20.2,8.2,27.2,12.0,9.3,9.4,30.8,23.1,70.0,19.6,12.8,32.2,14.8,3.9,8.9,35.6,3.3,19.7,5.2
30025,9.5,24.2,22.9,27.9,52.3,7.5,11.2,5.3,67.1,79.5,15.4,57.4,6.2,14.7,63.6,25.1,8.3,29.4,22.5,11.8,8.4,17.4,7.2,27.3,9.8,8.0,7.6,31.3,22.0,75.8,19.2,11.1,31.4,13.2,3.2,7.0,33.9,2.9,10.0,4.1
30027,9.8,23.5,22.5,29.7,52.4,7.5,11.3,5.5,68.9,79.2,15.6,57.8,6.5,15.1,63.7,25.1,8.4,29.7,22.1,12.9,9.5,17.6,7.5,26.9,10.5,8.3,8.0,31.6,21.7,74.5,18.7,11.5,31.2,13.5,3.4,7.6,30.2,3.0,15.1,4.4
30029,9.3,23.4,22.8,26.1,50.5,7.7,10.8,5.0,67.5,80.1,14.2,58.1,5.7,12.9,61.7,25.0,7.4,28.3,21.7,10.7,7.3999999999999995,16.4,7.0,27.0,9.4,7.2,7.2,30.4,18.1,71.3,17.2,10.0,30.8,12.5,2.9,6.5,32.0,2.7,12.1,3.8
30031,8.2,23.0,23.1,25.2,50.6,7.7,10.7,4.6,69.0,81.9,12.5,60.4,4.8,10.4,66.8,22.4,7.2,24.2,18.9,8.6,5.800000000000001,13.5,6.4,26.8,7.5,6.3,6.2,30.0,14.500000000000002,71.2,16.3,8.5,24.0,11.2,2.6,5.5,28.9,2.5,9.3,3.4
30033,9.8,24.4,22.8,28.7,52.4,7.5,11.5,5.5,68.2,79.0,15.9,52.1,6.6,15.5,59.6,26.6,8.5,29.5,22.4,12.6,9.4,17.9,7.4,27.5,10.3,8.4,8.0,31.7,22.2,73.2,19.5,11.5,30.7,13.6,3.4,7.5,32.5,3.0,12.6,4.4
30035,14.6,27.7,19.0,34.8,54.2,6.5,14.6,7.9,67.8,75.6,22.2,47.9,10.1,26.9,42.2,26.0,14.5,42.2,27.8,32.4,26.800000000000004,30.8,11.1,27.2,22.7,14.3,20.0,36.0,32.0,67.0,23.7,20.4,39.9,20.2,6.4,18.1,40.3,5.0,26.4,10.0
30037,11.9,25.9,21.2,30.9,52.7,7.3,11.9,6.0,68.3,77.9,17.6,53.7,7.5,17.4,56.0,26.5,9.5,33.0,23.5,16.2,12.5,20.9,8.0,27.9,12.5,9.7,9.8,32.9,24.3,71.7,20.4,13.2,32.8,15.1,4.1,9.1,34.1,3.3,12.4,5.3
30039,10.5,24.1,23.0,29.4,52.4,7.5,11.2,5.5,68.4,78.9,15.7,56.4,6.4,15.1,60.7,24.7,8.4,29.0,22.3,12.9,9.5,18.0,7.4,27.4,10.4,8.2,8.1,31.5,21.4,73.3,18.7,11.4,30.6,13.5,3.4,7.4,33.1,3.0,17.2,4.5
30041,11.7,26.0,22.4,33.8,53.9,7.2,12.3,6.4,70.0,77.9,18.1,53.4,7.7,18.9,59.5,26.8,10.9,33.7,26.3,19.0,14.7,22.7,8.6,29.5,14.3,10.1,11.7,37.5,24.8,67.4,21.0,14.1,39.0,16.1,4.3,11.0,36.0,3.6,15.2,6.0
30043,8.8,23.4,23.0,26.5,51.0,7.6,11.0,4.8,68.3,80.9,14.1,58.3,5.3,12.7,66.5,24.3,7.6,26.4,21.8,10.1,6.5,15.5,6.7,26.6,8.6,7.0,6.7,29.0,19.6,70.9,17.5,9.9,32.1,12.1,2.8,6.0,30.9,2.6,8.8,3.6
30045,10.2,25.6,21.5,30.3,52.9,7.5,11.3,5.9,68.7,79.0,16.0,53.9,6.8,15.7,61.7,25.9,9.0,30.3,21.4,13.6,10.5,18.6,7.8,28.1,10.8,8.7,8.5,31.5,22.3,72.5,19.1,12.0,31.7,13.9,3.7,8.1,31.9,3.2,12.2,4.7
30047,10.8,25.5,21.6,29.3,52.1,7.2,12.3,5.8,70.3,78.9,16.5,53.7,6.8,16.2,56.3,26.7,9.3,30.9,23.0,16.6,12.1,19.8,7.9,26.0,13.3,9.3,10.8,32.7,21.9,72.8,19.8,12.9,33.2,14.6,3.9,9.7,33.8,3.3,17.9,5.4
30049,8.4,25.6,22.0,25.9,51.8,7.6,11.3,4.7,71.7,81.7,13.8,58.5,5.2,12.2,70.8,27.0,7.5,27.8,20.3,10.0,6.9,15.3,6.7,27.8,8.3,6.9,6.7,30.6,17.3,76.5,18.1,10.3,30.8,12.4,2.7,6.0,28.1,2.6,9.9,3.6
30051,12.4,26.8,20.7,31.8,53.6,7.5,12.2,6.5,68.3,76.9,18.7,49.3,8.5,18.6,48.5,27.2,9.9,34.6,22.8,18.2,15.4,22.8,8.4,28.4,13.2,10.8,10.8,33.2,25.4,68.8,20.8,14.6,34.5,15.9,4.6,10.0,37.5,3.6,23.3,5.9
30053,11.8,27.1,22.5,31.7,52.2,7.4,11.8,6.1,69.2,77.6,17.7,55.0,7.6,17.4,53.4,27.4,9.4,32.4,22.7,15.6,12.7,20.5,8.1,28.1,12.2,9.6,9.6,30.0,24.0,69.5,20.4,13.0,37.6,15.1,4.0,8.9,36.7,3.4,15.7,5.2
30055,9.1,23.6,23.5,28.7,51.1,7.6,11.0,5.0,67.6,80.3,14.6,56.4,5.7,13.7,64.1,24.6,7.7,27.8,22.1,10.5,7.1,16.1,6.9,28.1,9.2,7.3,7.0,30.8,20.0,74.4,18.4,10.3,32.9,12.7,2.9,6.4,33.3,2.7,7.300000000000001,3.7
30057,9.3,23.5,23.7,26.8,51.7,7.5,10.8,4.9,68.1,81.0,13.9,59.0,5.2,12.7,64.8,23.9,7.3,26.3,22.0,10.2,6.8,15.400000000000002,6.7,27.3,9.1,6.9,6.8,31.1,17.3,71.8,17.7,9.6,28.6,12.0,2.8,6.1,30.0,2.6,7.800000000000001,3.6
30059,9.6,24.1,22.6,28.1,52.2,7.5,11.1,5.3,68.9,79.7,15.1,52.4,6.1,14.3,64.8,25.3,8.3,28.9,22.0,11.9,8.6,17.0,7.2,27.4,9.9,7.9,7.6,30.9,20.7,73.8,18.4,11.1,32.6,13.1,3.2,7.1,31.3,2.9,12.1,4.1
30061,10.6,25.0,22.2,29.3,52.8,7.4,11.4,5.7,67.8,79.1,16.2,55.6,6.7,15.6,60.0,26.1,8.8,30.7,22.2,14.0,10.4,18.5,7.5,28.5,11.1,8.5,8.5,30.9,22.3,72.8,19.0,12.1,35.8,13.8,3.5,7.9,34.4,3.1,12.2,4.6
30063,8.5,21.7,24.1,25.4,51.3,7.5,10.8,4.8,70.0,80.9,13.4,60.9,5.2,12.1,65.6,26.7,7.9,25.6,21.0,10.1,7.1,15.3,6.7,28.6,9.0,7.0,6.9,31.1,16.5,76.8,17.8,9.3,26.9,11.8,2.8,6.2,27.9,2.6,8.5,3.7
30065,11.3,24.4,21.9,29.8,52.8,7.3,11.4,5.7,68.0,78.6,16.3,51.8,6.7,15.9,58.3,25.5,9.0,30.5,22.9,14.4,10.4,19.2,7.6,27.3,11.3,8.7,8.7,31.7,24.3,70.1,19.2,12.1,35.3,14.1,3.6,8.0,34.8,3.1,20.8,4.8
30067,8.7,23.0,21.9,27.3,52.2,7.6,10.9,5.2,68.3,80.6,14.4,54.0,5.9,13.7,63.8,24.2,7.9,28.0,20.4,10.9,7.999999999999999,16.3,7.0,27.1,9.2,7.5,7.2,29.3,20.4,74.8,17.9,10.7,30.0,12.7,3.1,6.8,30.2,2.8,12.4,4.0
30069,9.6,23.7,23.0,28.5,51.7,7.5,10.9,5.3,67.5,79.5,14.9,58.5,5.9,14.6,62.5,24.4,8.2,28.1,22.0,11.6,8.2,16.7,7.3,27.3,9.7,7.6,7.5,31.4,20.6,72.3,18.3,10.6,32.9,12.8,3.0,6.9,32.9,2.8,15.5,4.0
30071,10.0,23.9,23.0,28.1,52.6,7.3,11.5,5.6,68.4,79.1,16.2,57.6,6.5,15.8,60.9,26.0,8.8,29.5,22.7,13.7,10.1,18.3,7.6,27.8,11.5,8.5,8.9,31.6,22.7,71.0,19.6,11.6,39.0,13.7,3.5,8.1,36.0,3.1,16.9,4.6
30073,12.3,26.5,21.6,31.0,53.9,7.3,12.5,6.4,67.6,77.4,18.7,54.6,8.2,19.9,58.0,26.8,10.5,34.9,23.8,19.7,15.1,23.1,8.6,27.8,14.6,10.7,11.6,33.9,27.1,67.8,21.0,14.8,37.5,16.2,4.5,10.6,34.3,3.7,19.1,6.1
30075,10.1,23.8,22.4,27.1,51.4,7.4,11.1,5.1,67.9,79.8,15.1,56.3,5.9,14.1,56.7,24.4,8.0,29.0,22.5,11.7,7.9,16.6,7.0,27.6,9.8,7.6,7.5,31.5,19.7,74.6,18.5,10.6,30.6,12.8,3.0,6.7,34.7,2.8,14.1,4.0
30077,11.6,24.6,23.4,30.2,51.5,7.2,10.4,6.0,67.2,77.2,16.0,55.1,6.7,17.1,56.5,23.0,9.2,32.2,24.4,14.0,9.7,19.4,8.2,28.4,11.2,8.1,8.8,31.1,23.7,71.9,18.3,12.0,35.6,14.0,3.5,7.9,35.4,3.2,16.2,4.7
30079,13.2,26.0,20.6,30.8,53.7,7.3,11.9,6.6,67.3,76.7,18.8,50.4,8.4,19.2,51.0,26.2,10.2,34.4,23.5,18.7,15.4,22.7,8.6,27.7,14.0,10.6,11.2,31.9,26.5,66.5,20.9,14.2,34.0,15.9,4.6,10.5,34.0,3.6,27.1,6.1
30081,9.8,24.2,23.3,26.1,50.2,7.5,10.7,4.9,68.0,80.4,14.8,57.8,5.6,13.2,65.8,24.4,7.3,30.0,22.0,10.7,7.3,16.3,6.9,27.2,9.0,7.3,7.0,32.3,18.3,74.0,17.8,10.7,31.7,12.9,2.9,6.2,32.5,2.7,12.8,3.8
30083,9.6,22.4,23.7,27.6,51.3,7.4,10.8,5.1,67.7,79.9,14.5,55.5,5.5,13.8,63.4,23.8,7.7,27.5,21.6,10.5,7.0,16.2,7.0,26.7,9.2,7.2,7.0,29.7,22.3,74.1,17.8,10.1,37.6,12.6,2.9,6.3,32.8,2.7,12.2,3.8
30085,13.1,27.8,18.5,35.4,55.3,6.8,14.1,7.3,68.5,76.1,21.1,49.3,9.2,23.7,46.5,26.9,13.5,41.6,27.2,28.1,22.2,28.2,10.4,28.8,20.5,13.0,17.4,35.3,29.5,65.7,22.7,17.8,41.3,18.7,5.6,16.2,42.5,4.5,22.2,8.7
30087,12.7,26.7,20.3,35.2,54.0,7.0,13.0,6.7,68.3,77.1,19.1,50.9,8.1,21.0,50.4,25.4,11.5,37.0,26.6,23.3,17.4,24.3,9.3,26.7,16.7,11.1,13.8,35.8,26.4,72.3,21.6,15.3,39.8,16.5,4.7,12.5,37.0,3.8,18.8,6.9
30089,11.7,25.1,22.2,29.1,52.5,7.4,11.4,6.2,65.5,77.5,17.3,50.6,7.5,17.5,59.4,26.0,9.0,32.4,22.7,15.7,12.3,20.4,8.1,27.3,12.0,9.5,9.6,31.4,23.1,70.2,19.9,12.9,34.8,14.8,4.0,9.0,34.5,3.4,21.2,5.3
30091,10.7,24.2,22.7,29.5,52.4,7.4,11.3,5.4,68.6,79.2,15.7,56.9,6.3,15.2,67.1,25.6,8.4,29.2,22.7,12.9,9.2,17.9,7.3,28.2,10.5,8.1,8.1,32.2,21.6,71.5,18.8,11.3,35.4,13.4,3.3,7.3,29.9,2.9,17.6,4.4
30093,10.4,24.4,22.1,29.1,53.5,7.4,11.2,5.6,69.1,79.4,16.0,55.2,6.6,14.8,63.8,26.0,8.7,30.9,21.7,13.8,10.0,19.2,7.5,27.2,10.7,8.4,8.4,31.0,21.3,73.3,19.6,12.2,32.8,14.2,3.5,7.7,32.8,3.0,10.5,4.6
30095,9.4,23.9,22.5,27.2,50.8,7.4,10.9,4.9,68.4,80.2,14.4,57.1,5.6,13.2,68.3,24.7,7.7,26.9,21.7,10.5,7.1,15.8,6.8,27.5,9.1,7.2,6.9,29.8,19.0,72.0,17.8,10.0,29.9,12.3,2.9,6.1,32.9,2.7,7.300000000000001,3.8
30097,9.3,23.7,22.8,27.5,52.0,7.5,11.0,5.0,67.9,80.3,14.8,58.7,5.7,13.9,67.2,25.1,7.7,28.5,22.5,10.9,7.3999999999999995,15.8,7.0,27.2,9.4,7.3,7.1,31.6,19.6,75.3,18.4,10.2,29.7,12.7,2.9,6.5,31.5,2.7,11.1,3.8
30099,10.1,24.0,22.0,28.1,51.4,7.4,11.4,5.4,67.3,79.1,16.0,53.1,6.3,14.9,61.4,25.5,8.3,30.7,23.1,12.6,9.1,17.7,7.3,28.6,10.3,8.2,8.0,31.9,21.9,67.0,19.2,11.5,31.3,13.3,3.3,7.2,30.1,2.9,17.4,4.3
30101,13.4,25.1,22.8,31.4,52.4,7.1,11.0,6.5,66.2,76.1,17.6,52.7,7.9,19.4,54.6,23.7,10.3,34.0,25.0,17.3,13.5,22.2,8.7,28.6,13.0,9.7,10.4,32.6,25.9,74.8,19.6,14.1,35.4,15.1,4.3,9.6,32.1,3.6,18.6,5.8
30103,9.6,24.2,22.5,28.9,52.1,7.4,11.3,5.3,68.5,80.0,15.2,54.9,6.1,14.4,63.6,25.1,8.3,28.7,21.6,12.4,8.9,17.2,7.2,26.8,10.3,7.9,8.0,30.8,20.7,74.4,18.4,11.0,34.1,13.1,3.2,7.4,30.6,2.9,10.0,4.3
30105,9.9,25.5,22.7,31.4,52.6,7.5,11.6,5.5,68.8,79.4,15.9,54.3,6.4,15.1,62.3,25.3,8.6,30.2,22.3,13.6,9.6,18.4,7.6,28.5,11.2,8.5,8.7,31.8,22.3,67.6,19.5,11.7,33.2,14.1,3.4,8.0,33.4,3.1,12.1,4.6
30107,12.3,26.4,21.2,30.9,53.0,7.3,11.7,6.2,67.5,77.5,17.7,52.9,7.7,17.9,56.5,26.8,9.6,33.4,23.5,16.8,13.0,21.4,8.1,28.4,12.7,9.8,9.8,32.3,24.6,71.5,20.3,13.5,32.3,15.2,4.1,9.3,33.6,3.4,21.8,5.4
30109,10.1,24.3,21.7,29.4,52.6,7.5,11.3,5.5,68.3,79.6,15.9,53.7,6.4,15.3,57.5,25.9,8.6,30.1,22.1,13.2,9.6,18.1,7.4,27.9,10.6,8.3,8.2,31.4,21.9,67.7,19.2,11.6,33.1,13.5,3.4,7.7,34.3,3.0,12.9,4.4
30111,9.2,23.9,21.8,28.3,52.0,7.6,10.8,4.9,72.8,81.3,15.3,58.3,5.6,14.2,61.2,28.2,8.2,29.9,22.6,11.9,7.9,17.4,6.9,27.4,9.8,7.7,7.6,32.4,20.0,78.9,18.6,10.8,34.0,12.9,3.0,6.7,35.6,2.8,11.8,4.0
31001,10.2,22.7,22.2,31.4,58.7,7.2,9.3,5.6,75.0,81.9,12.8,53.3,5.9,14.3,64.2,20.6,9.9,27.2,21.2,13.2,9.5,16.9,6.8,28.5,10.2,7.1,7.1,29.4,25.8,72.7,15.0,11.5,41.9,11.7,3.1,7.1,30.4,2.8,9.7,4.3
31003,9.3,22.5,23.7,30.6,59.4,7.3,9.5,5.4,73.7,80.9,13.1,58.7,6.1,15.4,63.3,18.2,9.6,27.0,21.1,12.3,9.0,15.5,7.0,28.6,9.8,7.2,6.8,29.9,26.0,73.2,15.5,11.1,43.0,11.6,3.1,6.7,30.5,2.8,13.2,4.1
31005,7.6,22.2,22.2,30.7,58.9,7.6,9.5,5.6,73.5,81.6,12.8,56.7,6.0,14.6,64.0,19.1,9.3,26.7,19.4,11.5,8.9,15.1,7.1,28.7,9.0,7.2,6.7,29.2,24.5,72.8,15.4,10.9,42.4,11.5,3.1,6.8,30.5,2.9,11.6,4.0
31007,9.6,21.4,22.0,29.1,58.8,7.3,9.3,5.2,73.7,82.5,12.3,54.9,5.3,13.0,68.4,18.3,9.0,26.0,20.0,11.7,8.1,14.8,6.6,28.7,9.5,6.7,6.5,30.2,24.6,77.4,14.8,10.4,38.1,11.1,2.9,6.4,29.3,2.6,10.2,3.9
31009,8.6,22.5,22.3,30.9,58.8,7.3,9.7,5.5,72.4,81.1,13.3,55.7,6.0,15.5,61.6,19.2,9.4,27.7,20.8,12.4,9.5,15.8,7.0,29.4,9.7,7.4,7.0,31.2,26.3,73.7,15.9,11.1,38.8,11.7,3.1,7.0,33.6,2.8,10.0,4.1
31011,9.8,22.4,23.1,29.4,58.7,7.2,9.1,5.5,72.7,80.9,13.2,54.5,6.0,15.5,61.7,18.4,9.4,26.2,21.1,12.7,9.4,15.5,7.0,29.5,10.0,7.3,7.0,29.4,26.8,72.2,15.2,10.9,33.4,11.6,3.1,7.0,30.2,2.9,11.7,4.2
31013,11.2,22.2,20.3,30.8,59.3,7.0,9.4,5.7,72.0,81.0,13.7,55.5,6.1,15.3,61.4,17.9,10.4,28.3,22.0,14.8,10.5,17.7,7.1,28.5,11.5,7.7,7.9,31.2,28.7,74.1,15.6,11.8,39.0,12.5,3.4,7.8,31.6,3.0,14.7,4.7
31015,9.3,22.5,22.6,31.6,59.8,7.3,9.4,5.8,73.0,80.4,13.5,55.8,6.4,16.3,61.9,18.2,10.0,28.8,21.2,13.5,10.2,16.5,7.3,28.3,10.3,7.6,7.4,30.8,26.9,72.6,15.8,11.7,38.7,12.1,3.3,7.4,30.9,3.0,12.1,4.4
31017,10.7,22.6,22.1,31.4,58.7,7.3,9.5,5.7,72.2,80.6,13.7,55.3,6.4,15.7,63.7,18.6,9.9,27.8,21.5,14.2,10.4,16.8,7.1,28.7,10.9,7.7,7.6,29.9,26.8,72.1,15.8,11.7,41.0,12.3,3.4,7.6,33.1,3.0,13.4,4.6
31019,9.4,21.9,21.9,31.1,59.3,7.3,9.3,5.3,74.1,82.1,12.3,53.5,5.5,13.3,57.9,18.3,9.1,25.1,20.8,12.3,8.5,15.2,6.6,28.9,9.6,6.8,6.7,29.1,23.7,73.5,14.9,10.3,38.9,11.5,3.0,6.7,33.8,2.7,9.6,4.0
31021,9.3,21.4,22.2,31.8,59.5,7.3,9.4,5.6,72.9,80.7,13.4,55.7,6.1,16.0,62.5,18.9,9.7,28.1,21.2,13.4,10.0,16.0,7.2,28.3,10.4,7.5,7.3,31.6,26.7,75.0,15.8,11.3,40.6,11.8,3.2,7.3,34.1,2.9,14.0,4.3
31023,9.4,21.3,23.8,28.8,58.2,7.2,9.3,5.2,72.7,81.5,12.5,55.1,5.6,14.5,65.1,17.4,8.8,25.1,20.8,11.6,7.999999999999999,15.3,6.6,27.6,9.4,6.7,6.5,30.0,25.6,70.5,15.0,10.1,38.6,11.1,2.8,6.3,31.5,2.7,16.1,3.9
31025,8.1,21.0,22.9,29.2,59.2,7.4,9.2,5.0,75.0,82.6,11.8,59.8,5.1,13.0,65.4,19.1,8.6,24.9,19.9,10.1,7.0,13.4,6.5,27.5,8.5,6.2,5.9,29.0,23.8,74.5,14.6,9.7,39.6,10.7,2.6,5.799999999999999,29.6,2.5,12.0,3.5
31027,8.1,20.9,22.8,28.3,59.2,7.3,9.1,5.1,71.8,81.6,12.1,55.1,5.3,13.2,64.7,17.4,8.4,25.5,20.1,10.4,7.2,14.0,6.7,27.1,8.6,6.4,6.0,29.4,23.3,78.8,14.8,9.8,40.5,10.5,2.7,5.9,30.1,2.6,11.4,3.6
31029,11.9,21.6,21.8,29.4,58.7,7.2,9.2,5.5,72.0,81.0,13.2,50.1,5.9,14.5,59.8,17.7,9.7,27.6,21.0,14.0,9.7,16.3,7.1,29.0,10.9,7.3,7.4,30.5,27.7,74.0,14.9,11.3,37.3,11.7,3.3,7.3,31.9,2.9,14.6,4.6
31031,9.0,22.5,21.6,30.5,58.9,7.3,9.7,5.8,72.0,80.7,13.5,52.5,6.3,15.9,56.0,18.5,10.1,28.8,21.8,13.5,10.3,16.5,7.4,28.5,10.5,7.7,7.7,30.2,26.3,72.4,15.8,11.6,40.9,12.2,3.3,7.7,34.7,3.0,12.5,4.5
31033,10.2,21.9,21.6,30.8,59.5,7.2,9.5,5.7,72.3,80.5,13.6,55.5,6.3,15.6,61.2,18.4,9.9,28.3,21.6,13.9,10.3,16.6,7.2,28.3,10.7,7.6,7.5,31.1,27.9,71.9,15.8,11.7,34.8,12.2,3.4,7.6,35.4,3.0,11.6,4.5
31035,10.1,21.7,22.4,29.6,58.8,7.2,9.3,5.4,73.1,81.3,13.0,52.1,5.7,15.2,60.6,17.9,9.3,27.1,20.6,12.6,9.0,15.8,6.9,29.1,10.1,7.0,6.9,30.2,25.9,73.9,15.1,10.8,40.1,11.6,3.0,6.9,31.3,2.8,10.9,4.1
31037,20.7,19.6,19.8,29.6,59.3,6.1,8.4,5.8,70.8,79.8,14.1,51.8,5.8,14.5,55.8,14.3,11.9,29.3,24.7,19.8,12.6,20.2,7.3,29.4,15.6,7.7,9.6,31.8,31.8,74.7,14.0,13.0,39.0,12.7,3.9,9.2,33.7,3.1,19.3,6.0
31039,10.8,21.5,22.7,30.9,59.0,7.2,9.1,5.4,73.2,81.4,13.0,53.7,5.7,14.2,61.4,18.0,9.5,27.7,21.3,13.3,9.2,16.0,6.8,29.5,10.6,7.2,7.0,31.8,26.5,76.9,15.1,11.3,41.2,11.6,3.1,6.9,31.0,2.8,7.6,4.3
31041,8.7,21.6,22.6,30.9,59.3,7.3,9.4,5.4,72.9,81.2,12.9,54.7,5.8,14.7,61.0,18.0,9.3,25.8,20.7,11.8,8.7,14.6,6.9,27.2,9.6,7.1,6.7,31.1,26.0,69.5,15.3,10.4,40.2,11.2,3.0,6.7,33.3,2.8,10.4,4.0
31043,17.9,19.9,18.9,30.0,59.5,6.0,8.8,5.7,73.8,80.4,13.9,52.8,5.8,14.9,55.3,16.0,11.9,31.0,27.0,19.9,13.0,20.0,7.3,29.9,15.5,7.6,9.5,33.3,32.7,71.5,14.6,13.1,44.6,12.3,3.8,9.4,34.7,3.1,16.4,5.9
31045,8.2,22.4,22.0,30.3,59.1,7.4,9.5,5.4,72.8,81.8,12.5,52.2,5.7,14.4,62.1,18.8,9.6,28.0,20.2,12.2,9.1,15.7,6.9,27.7,9.8,7.1,7.0,29.7,25.5,71.4,15.3,11.0,38.3,11.5,3.1,7.1,34.8,2.8,10.6,4.1
31047,18.5,20.9,19.5,31.8,60.1,6.2,8.8,5.9,71.3,79.9,14.0,52.3,6.0,15.3,56.3,15.8,11.9,29.3,24.7,19.9,13.1,20.3,7.3,27.9,15.3,7.9,9.5,32.5,32.0,74.8,14.4,12.8,41.4,12.7,3.9,9.3,33.1,3.1,13.2,5.9
31049,10.2,22.1,22.5,30.9,58.8,7.3,9.6,5.6,73.1,81.3,13.4,55.1,6.0,15.0,63.0,19.1,9.7,28.0,20.8,13.5,9.8,16.2,7.1,29.0,10.5,7.3,7.3,30.8,26.3,74.7,15.7,11.4,39.8,12.0,3.2,7.3,31.9,2.9,10.8,4.3
31051,12.7,21.2,20.4,29.8,59.0,7.1,9.2,5.8,71.9,80.1,13.8,50.6,6.2,16.0,59.8,17.1,10.1,27.7,22.0,15.2,10.8,17.7,7.3,28.4,11.6,7.7,7.9,31.5,29.2,76.2,15.2,12.0,43.6,12.2,3.5,7.7,32.8,3.0,16.8,4.8
31053,12.8,22.7,21.9,29.7,58.9,6.9,9.1,5.5,72.9,80.6,13.3,55.3,6.0,15.6,60.9,17.3,10.0,26.8,21.4,14.6,10.3,17.2,7.0,28.6,11.2,7.5,7.7,30.5,27.2,74.2,14.7,11.6,40.3,12.1,3.3,7.5,31.6,2.9,11.3,4.6
31055,10.4,20.4,20.7,29.4,58.7,6.9,8.7,5.0,74.9,83.5,12.4,58.2,5.2,13.5,63.9,18.9,9.3,25.7,21.4,13.3,9.2,15.5,5.8,29.4,10.9,6.5,7.2,29.1,21.9,73.2,14.8,10.5,36.9,10.8,3.0,7.3,32.2,2.8,14.7,4.3
31057,9.9,22.6,21.6,31.1,59.4,7.3,9.6,5.6,73.5,81.1,13.4,52.5,6.1,15.2,61.0,18.8,9.9,28.0,20.7,13.6,10.0,16.5,7.1,29.3,10.7,7.5,7.5,30.7,26.6,74.0,15.7,11.7,37.4,12.1,3.3,7.6,34.1,2.9,12.7,4.5
31059,8.8,21.3,22.7,29.4,58.6,7.3,9.4,5.2,74.0,81.6,12.5,60.4,5.6,14.4,63.9,18.1,9.2,25.8,20.5,11.3,7.999999999999999,15.0,6.7,29.3,9.2,6.8,6.4,30.6,26.2,75.3,15.0,10.4,42.0,11.3,2.8,6.3,31.8,2.7,9.5,3.8
31061,9.5,23.7,22.0,32.3,58.9,7.4,9.7,6.0,73.0,80.3,14.2,53.4,6.8,16.9,60.4,19.9,10.1,29.8,20.8,14.2,11.3,17.5,7.5,29.3,10.8,8.1,7.8,31.6,27.6,72.7,16.5,12.3,39.7,12.6,3.5,7.9,33.8,3.1,16.3,4.7
31063,8.7,21.6,22.4,29.6,59.0,7.4,9.5,5.3,73.1,81.5,12.8,56.1,5.8,14.4,61.3,18.2,9.0,26.1,20.4,11.7,8.5,15.2,6.8,27.9,9.4,7.0,6.6,29.9,24.7,75.4,15.4,10.7,38.7,11.5,3.0,6.6,32.4,2.8,6.5,4.0
31065,10.1,23.7,22.7,31.3,58.9,7.3,9.6,5.8,73.2,80.6,13.7,57.7,6.4,15.9,59.9,18.8,9.9,28.5,20.9,14.1,10.3,16.7,7.2,28.8,10.5,7.7,7.4,30.7,26.6,73.8,15.8,12.0,44.9,12.1,3.4,7.4,31.9,3.0,13.7,4.5
31067,9.5,22.8,24.3,32.7,58.9,7.2,9.6,5.6,74.4,80.7,13.8,56.8,6.4,16.2,59.5,19.0,9.7,28.1,20.1,12.9,10.0,16.5,7.1,30.6,9.9,7.5,7.2,30.5,26.5,67.7,16.1,11.6,41.8,12.4,3.2,7.0,31.3,2.9,12.1,4.3
31069,10.3,23.3,21.4,32.6,59.5,7.3,9.7,6.1,72.8,80.3,14.2,52.9,6.9,16.8,55.4,19.3,10.5,29.6,21.1,15.1,12.1,17.9,7.5,29.0,11.4,8.3,8.2,30.2,28.9,69.0,16.3,12.7,40.6,12.8,3.7,8.3,33.9,3.2,8.5,5.0
31071,7.7,21.3,24.3,28.7,58.7,7.5,9.3,5.1,73.0,82.0,12.0,56.6,5.4,13.6,67.3,18.3,8.6,25.2,19.5,10.4,7.5,14.0,6.6,28.4,8.4,6.6,6.1,29.8,23.7,78.0,14.9,10.0,39.7,10.8,2.8,6.0,30.8,2.6,6.5,3.6
31073,8.8,21.0,22.4,29.3,58.7,7.3,9.2,5.3,73.2,82.2,12.2,58.2,5.4,13.5,63.0,18.1,9.0,25.3,20.4,11.4,7.999999999999999,14.5,6.7,28.5,9.4,6.6,6.5,29.9,24.1,73.2,14.9,10.1,38.3,11.0,2.8,6.4,32.0,2.7,11.6,3.8
31075,7.8,21.8,22.8,29.5,58.2,7.5,9.3,5.2,72.8,82.0,12.3,56.8,5.5,13.8,67.4,18.7,8.8,25.5,20.2,10.5,7.5,14.2,6.7,28.2,8.5,6.7,6.2,29.7,23.5,72.9,15.0,10.2,36.6,11.0,2.8,6.0,30.4,2.7,7.800000000000001,3.7
31077,9.5,21.1,22.4,29.8,58.2,7.3,9.3,5.5,71.7,80.8,13.2,52.0,6.1,15.2,61.9,18.2,9.3,26.5,21.4,12.5,9.2,15.7,7.0,28.4,10.0,7.3,6.9,30.3,26.0,75.7,15.6,11.0,35.3,11.7,3.1,6.9,33.8,2.9,11.8,4.1
31079,16.6,22.4,20.3,30.0,59.3,6.7,8.8,5.8,72.4,80.6,13.5,49.9,6.1,14.7,59.5,16.8,10.7,31.0,22.2,18.2,12.3,19.6,7.5,29.4,13.3,7.9,8.7,30.4,30.5,69.6,14.6,12.3,41.4,12.5,3.6,8.5,34.8,3.0,13.1,5.5
31081,7.9,22.3,22.7,28.7,59.0,7.4,9.3,5.1,74.1,82.6,11.9,55.7,5.1,12.9,67.0,18.0,8.3,25.9,20.0,10.2,6.9,13.6,6.4,29.2,8.4,6.3,5.9,29.5,23.0,73.4,14.8,10.0,40.8,10.6,2.6,5.799999999999999,34.7,2.5,7.0,3.5
31083,9.0,21.6,22.7,29.8,58.4,7.3,9.4,5.4,72.7,81.2,13.1,57.7,5.7,14.7,64.9,18.6,9.0,27.7,21.5,11.8,8.5,15.2,6.9,29.0,9.5,7.0,6.7,31.2,26.4,75.7,15.6,10.8,35.5,11.5,3.0,6.4,32.5,2.7,7.9,3.9
31085,10.4,22.1,21.7,30.4,59.1,7.2,9.3,5.7,72.6,80.8,13.4,54.5,6.1,15.4,59.6,18.8,9.9,27.8,21.4,13.6,9.8,16.7,7.2,28.6,10.7,7.4,7.3,31.3,28.0,73.6,15.7,11.4,41.8,12.1,3.2,7.4,32.6,2.9,15.3,4.4
31087,9.5,21.6,22.1,31.5,59.3,7.3,9.6,5.7,72.7,80.7,13.5,56.3,6.3,15.8,58.3,19.0,9.7,27.8,21.2,13.4,10.0,16.2,7.2,29.1,10.4,7.6,7.4,31.1,27.0,72.6,16.0,11.6,42.1,12.1,3.3,7.4,32.8,3.0,10.4,4.4
31089,9.9,22.3,22.6,29.0,59.0,7.3,9.4,5.6,72.7,80.7,13.1,58.5,6.1,15.0,62.4,17.6,9.6,27.7,20.6,12.8,9.6,16.1,7.1,28.1,9.9,7.3,7.1,29.3,27.1,76.5,15.3,11.4,38.7,11.8,3.2,7.0,33.8,2.9,11.9,4.3
31091,8.8,22.7,22.3,30.6,59.1,7.3,9.6,5.5,72.8,81.0,13.4,56.3,6.2,15.6,61.8,19.2,9.4,27.6,21.0,12.5,9.5,15.9,7.0,29.2,9.7,7.4,6.9,31.0,26.0,74.0,16.0,11.3,40.3,11.9,3.1,6.9,33.3,2.9,12.9,4.1
31093,8.3,22.0,23.3,30.6,58.3,7.4,9.3,5.1,73.5,81.7,12.2,55.4,5.5,14.3,64.7,18.1,8.7,25.3,20.5,10.9,7.6,14.3,6.5,28.3,8.8,6.6,6.2,30.8,25.4,75.3,15.1,10.2,38.7,11.2,2.7,6.1,30.7,2.7,12.0,3.7
31095,9.4,22.7,21.7,29.5,58.5,7.2,9.4,5.4,72.8,81.1,13.2,56.1,5.8,15.3,61.0,19.5,9.8,27.9,22.6,12.6,9.0,16.1,6.8,28.3,9.8,7.2,6.9,32.9,26.9,72.7,15.7,11.3,37.6,11.7,3.0,6.7,32.3,2.8,11.4,4.1
31097,12.6,21.0,23.7,31.0,59.5,6.8,8.5,5.7,70.9,80.0,13.1,55.5,5.9,15.7,62.0,16.1,10.1,27.9,24.1,14.5,9.8,17.2,7.2,29.2,11.5,7.0,7.7,30.5,29.1,68.9,14.4,11.5,38.1,11.8,3.3,7.6,32.7,3.0,13.4,4.6
31099,8.2,20.8,22.6,27.6,58.0,7.4,9.2,4.9,73.3,82.8,11.6,56.9,5.0,12.8,62.3,17.9,8.5,24.5,19.7,9.9,6.7,13.5,6.3,27.5,8.4,6.1,5.8,29.2,23.1,72.6,14.2,9.5,38.4,10.4,2.6,5.7,31.0,2.5,6.300000000000001,3.5
31101,10.3,20.6,22.0,29.1,57.7,7.2,9.3,5.4,71.0,81.2,13.1,55.5,5.8,14.8,62.1,17.4,9.3,27.1,21.6,12.7,9.1,16.2,6.9,27.9,10.3,7.1,7.0,30.5,28.1,68.2,15.2,11.0,35.7,12.0,3.1,6.9,29.8,2.8,9.5,4.2
31103,9.4,22.3,22.1,30.7,59.1,7.4,9.3,5.8,72.4,80.5,13.2,52.0,6.3,15.7,62.8,18.5,9.7,27.8,20.6,12.9,9.7,16.1,7.3,28.9,10.0,7.4,7.2,29.9,26.4,71.8,15.5,11.4,38.0,11.9,3.2,7.2,30.9,2.9,14.3,4.3
31105,12.7,23.3,21.1,31.3,58.9,7.0,9.7,6.1,72.1,79.4,15.1,50.0,7.1,17.9,54.8,19.2,10.9,31.7,22.9,17.1,12.8,19.4,7.7,29.6,12.6,8.6,8.9,31.8,30.9,69.8,16.4,13.4,42.5,13.4,3.8,8.6,34.3,3.3,15.9,5.3
31107,9.6,23.3,21.6,30.3,59.9,7.3,9.8,5.8,73.1,80.2,14.2,55.5,6.7,17.2,60.1,18.7,10.3,29.7,21.7,15.3,11.7,17.1,7.5,29.2,11.4,8.2,8.4,31.4,27.2,72.5,16.4,12.3,40.4,12.6,3.5,8.3,33.1,3.1,18.9,4.8
31109,8.8,22.1,21.1,29.8,60.3,7.3,9.2,5.2,75.4,83.1,11.7,58.1,5.3,12.6,67.4,20.5,9.4,25.2,20.7,11.5,8.5,14.9,6.5,28.8,9.5,6.8,6.5,30.1,20.5,77.2,14.6,10.3,35.7,10.3,2.9,6.6,30.3,2.7,14.2,3.9
31111,10.6,22.5,21.7,31.5,59.0,7.2,9.9,5.9,72.6,80.7,14.1,53.7,6.5,15.5,57.1,20.1,10.2,29.7,22.3,14.5,10.6,17.2,7.3,28.8,10.9,7.7,7.8,30.7,27.5,71.0,16.0,12.0,40.1,12.4,3.5,7.8,37.2,3.1,9.4,4.7
31113,7.8,21.2,22.8,29.5,58.5,7.4,9.2,5.0,73.2,82.6,11.9,58.8,5.1,13.2,66.5,18.2,8.4,24.5,19.9,10.0,6.8,13.5,6.4,27.6,8.5,6.3,5.9,29.5,23.7,76.1,14.7,9.7,36.2,10.6,2.6,5.799999999999999,31.8,2.6,4.699999999999999,3.5
31115,7.6,21.5,23.6,29.3,58.9,7.4,9.1,5.3,73.4,82.1,12.0,55.0,5.4,13.6,64.5,18.0,8.9,24.9,19.8,10.6,7.8,14.1,6.7,28.0,8.8,6.5,6.2,29.1,23.9,71.2,14.9,10.1,36.7,10.8,2.8,6.3,32.1,2.7,13.7,3.7
31117,7.6,22.5,22.3,30.0,59.2,7.6,9.6,5.5,74.0,82.0,12.7,55.0,5.8,14.4,58.7,19.1,9.2,27.0,19.6,11.5,8.7,14.9,6.9,28.7,9.1,7.1,6.6,29.8,25.3,71.6,15.5,10.7,39.3,11.4,3.0,6.7,33.4,2.8,11.6,3.9
31119,11.1,21.0,20.6,31.4,60.1,7.2,9.4,5.4,72.9,81.7,13.0,55.0,5.8,14.9,61.1,16.8,10.2,26.4,20.9,14.3,9.7,16.4,6.9,30.6,10.7,7.1,7.4,30.5,26.8,72.0,14.8,11.2,40.4,11.5,3.2,7.3,33.0,2.8,15.6,4.5
31121,9.9,22.6,22.4,29.9,58.5,7.3,9.3,5.4,72.6,81.1,13.2,53.9,5.9,15.4,64.4,19.1,9.2,27.4,21.9,12.6,8.9,16.0,6.9,28.0,10.1,7.2,6.9,31.3,26.9,75.6,15.8,10.9,39.2,11.9,3.1,6.8,31.6,2.8,14.4,4.1
31123,12.5,22.7,21.0,30.5,59.4,7.1,9.3,5.9,72.4,79.9,14.2,52.3,6.6,16.5,63.1,18.4,10.4,30.2,22.3,16.4,11.7,18.3,7.4,28.7,12.2,8.0,8.3,32.0,30.0,72.5,15.6,12.4,41.9,12.6,3.6,8.2,32.9,3.1,14.0,5.1
31125,9.4,22.8,22.8,31.1,58.8,7.3,9.6,5.8,72.8,80.2,13.9,53.9,6.7,16.7,61.1,19.0,9.8,28.1,21.9,14.0,10.9,17.0,7.2,29.0,10.5,8.0,7.6,30.7,26.8,72.7,16.3,11.9,40.7,12.3,3.5,7.6,32.7,3.1,11.6,4.6
31127,9.5,22.1,21.3,29.7,59.5,7.3,9.7,5.8,72.9,80.4,13.6,55.1,6.5,15.8,60.5,19.3,9.9,27.8,20.7,13.6,10.6,16.9,7.2,28.1,10.5,7.8,7.5,31.6,28.6,68.4,15.9,11.9,41.8,12.1,3.4,7.5,32.8,3.0,17.7,4.5
31129,9.0,22.2,21.9,30.6,58.2,7.4,9.3,5.3,73.4,81.6,12.6,55.9,5.8,14.5,65.2,18.8,9.0,25.5,21.2,11.8,8.3,15.3,6.7,28.6,9.3,6.9,6.5,30.5,24.9,72.1,15.2,10.7,42.4,11.4,2.9,6.3,30.0,2.7,10.5,3.9
31131,9.5,21.8,22.2,30.8,57.9,7.3,9.3,5.2,74.3,82.0,12.8,55.7,5.5,13.7,63.3,18.8,9.4,27.1,22.1,12.0,8.2,15.7,6.5,30.0,9.6,6.7,6.6,31.2,25.6,76.3,15.1,10.9,40.7,11.5,2.8,6.3,30.0,2.6,10.2,3.9
31133,10.3,22.8,21.6,31.7,59.1,7.3,9.9,5.9,71.9,79.3,14.7,50.1,7.0,17.2,59.3,19.3,9.9,30.2,21.7,15.1,12.0,18.3,7.5,28.1,11.1,8.4,8.1,32.2,29.5,74.2,16.6,12.9,38.4,12.9,3.6,8.0,33.2,3.1,18.1,4.8
31135,9.4,21.6,23.1,29.8,58.1,7.4,9.3,5.3,73.1,81.5,12.6,56.1,5.7,14.3,60.3,18.3,9.0,26.5,20.6,11.8,8.1,15.1,6.8,28.1,9.3,6.8,6.6,30.6,24.6,72.2,15.1,10.6,40.7,11.3,2.9,6.4,33.1,2.7,12.6,3.9
31137,9.8,22.5,21.6,30.1,58.9,7.4,9.4,5.4,72.5,81.2,13.2,55.3,6.0,15.2,64.1,19.1,9.4,28.2,20.8,12.7,9.3,16.0,7.0,27.9,9.9,7.3,7.0,30.2,25.5,68.4,15.5,11.3,39.1,11.9,3.1,7.0,33.0,2.8,14.5,4.3
31139,8.3,21.7,22.4,28.8,58.6,7.3,9.3,5.2,73.0,81.8,12.3,56.5,5.5,14.3,64.9,18.3,8.6,25.1,20.7,10.8,7.5,14.6,6.7,29.3,8.8,6.6,6.2,30.5,25.1,75.2,15.2,10.1,39.2,11.1,2.8,6.1,29.7,2.7,10.3,3.6
31141,13.0,21.2,21.1,30.4,58.5,6.9,8.7,5.3,74.0,82.0,12.6,58.6,5.5,13.8,59.6,16.4,10.0,26.9,22.0,13.9,9.5,15.9,6.7,29.6,10.8,7.0,7.2,28.9,26.1,77.7,14.4,10.9,42.1,11.5,3.1,7.1,29.4,2.8,9.3,4.5
31143,9.8,22.2,22.9,29.6,58.3,7.3,9.2,5.2,70.6,81.4,12.7,56.0,5.5,14.2,59.7,18.0,8.9,26.4,21.5,11.5,7.8,14.9,6.7,27.7,9.5,6.8,6.5,30.5,26.1,72.2,15.2,10.4,40.6,11.2,2.8,6.2,31.5,2.7,12.0,3.8
31145,9.4,23.1,21.0,32.7,58.7,7.3,9.6,5.6,73.0,80.9,13.5,58.4,6.1,15.0,65.8,20.6,9.6,29.6,20.9,13.4,9.7,16.4,7.0,29.6,10.3,7.6,7.2,29.8,27.8,73.7,15.7,11.8,42.5,12.1,3.2,7.2,32.1,2.9,17.0,4.3
31147,9.5,23.2,21.5,32.6,59.1,7.2,9.6,5.6,71.6,80.4,13.8,53.6,6.3,16.6,56.6,19.5,10.2,28.3,21.8,13.3,9.9,16.9,7.1,28.3,10.3,7.7,7.4,31.9,28.7,70.1,15.9,11.6,45.6,12.2,3.2,7.2,31.3,2.9,9.5,4.4
31149,8.4,21.7,22.7,29.1,58.7,7.5,9.4,5.2,73.2,81.7,12.5,56.8,5.6,14.3,62.2,18.6,8.8,25.8,20.3,11.4,8.2,14.9,6.6,28.4,9.0,6.9,6.4,30.0,24.9,72.5,15.1,10.5,39.1,11.3,2.9,6.3,33.9,2.7,11.9,3.8
31151,15.2,21.5,22.3,29.3,58.7,6.7,8.8,5.5,71.9,80.7,13.4,53.4,5.8,14.5,58.1,17.3,10.5,29.0,22.9,16.5,10.7,18.5,7.1,29.8,13.1,7.4,8.1,32.5,28.7,69.9,14.8,12.2,41.2,12.1,3.4,7.9,36.3,2.9,13.0,5.0
31153,8.0,20.4,18.7,29.2,59.4,7.1,8.6,4.5,76.1,84.3,10.7,60.4,4.4,11.0,69.3,17.5,8.9,23.3,18.2,9.5,6.0,13.1,5.9,29.5,8.0,5.7,5.5,28.6,21.2,78.0,13.6,9.1,35.6,9.8,2.4,5.5,33.7,2.4,7.800000000000001,3.3
31155,7.7,21.5,24.0,29.6,58.1,7.4,9.0,4.9,73.0,82.2,11.6,60.3,5.0,12.9,67.7,17.4,8.4,23.9,19.8,9.8,6.6000000000000005,13.1,6.3,28.6,8.1,6.2,5.700000000000001,29.0,22.1,73.2,14.2,9.3,38.9,10.3,2.5,5.6,29.4,2.5,9.4,3.4
31157,12.6,22.9,20.2,32.1,59.7,6.9,9.3,5.6,74.1,81.1,13.9,51.2,6.1,14.6,59.7,18.5,10.5,31.3,21.3,16.5,11.2,18.4,7.2,28.3,12.3,7.7,8.2,32.2,27.8,71.7,15.5,12.7,39.6,12.5,3.5,8.0,33.9,2.9,11.8,5.1
31159,7.9,22.0,22.6,29.1,57.8,7.4,9.2,5.0,72.2,82.1,11.9,59.5,5.2,13.6,68.2,19.1,8.3,25.7,19.9,10.0,6.9,13.7,6.5,28.4,8.3,6.2,5.9,28.4,23.2,69.8,14.6,9.7,35.6,10.7,2.6,5.799999999999999,28.8,2.6,14.0,3.5
31161,10.6,21.8,22.5,31.5,58.7,7.2,9.7,5.7,70.9,80.5,13.8,55.4,6.4,16.2,59.7,18.3,10.0,28.7,22.7,15.2,10.9,16.9,7.3,26.9,11.7,7.9,8.3,31.7,29.1,67.2,15.8,11.9,36.7,12.4,3.4,8.0,32.9,3.0,15.8,4.8
31163,9.8,22.3,21.2,30.5,58.7,7.2,9.5,5.7,72.4,80.2,13.9,55.2,6.4,16.1,58.6,18.7,9.7,28.5,21.2,13.7,10.3,16.9,7.2,29.2,10.5,7.7,7.4,30.4,26.9,75.7,16.0,11.8,41.9,12.1,3.3,7.4,33.4,3.0,10.1,4.4
31165,11.0,24.1,21.1,33.5,60.2,7.4,9.8,6.6,72.4,79.2,15.0,54.3,7.6,18.2,55.7,19.5,11.2,31.2,21.0,17.0,14.3,19.5,8.2,29.5,12.4,9.0,9.1,30.3,29.3,68.7,16.7,13.5,43.5,13.5,4.1,9.4,33.3,3.4,11.3,5.5
31167,9.2,21.2,23.7,28.1,58.2,7.3,9.3,5.2,72.3,81.9,12.3,55.1,5.4,14.0,64.0,17.7,8.9,24.8,20.6,11.2,7.6,14.7,6.6,29.0,9.2,6.6,6.3,30.1,25.6,73.5,14.9,10.1,39.8,11.1,2.8,6.2,30.1,2.7,12.8,3.7
31169,9.2,22.5,21.7,30.2,59.7,7.4,9.5,5.7,72.8,80.8,13.6,53.8,6.4,15.8,60.9,19.1,9.7,28.1,20.5,13.3,10.2,16.4,7.2,28.8,10.2,7.7,7.3,31.5,26.6,70.8,15.9,11.4,40.2,12.3,3.3,7.4,30.9,3.0,17.5,4.4
31171,8.4,21.2,22.6,28.3,57.9,7.4,9.2,4.8,73.1,82.5,11.8,56.9,5.1,12.9,66.5,18.2,8.3,24.9,20.6,10.4,6.9,13.8,6.2,28.1,8.7,6.3,6.0,30.3,23.5,74.1,14.6,9.7,37.2,10.7,2.6,5.799999999999999,30.9,2.5,14.9,3.5
31173,11.1,22.9,20.2,35.5,61.4,6.8,11.3,6.6,74.6,79.2,16.1,50.8,7.5,21.9,51.8,18.2,13.1,35.6,25.7,23.8,17.7,22.7,9.1,28.0,16.9,10.1,13.0,33.5,30.2,70.9,17.8,15.1,46.3,14.6,4.3,12.9,36.4,3.8,14.7,6.9
31175,9.1,22.7,22.2,30.3,59.2,7.4,9.5,5.6,72.5,81.0,13.2,55.4,6.1,14.9,64.6,18.3,9.5,27.4,20.4,13.0,9.9,16.2,7.1,28.3,9.9,7.4,7.1,31.4,25.9,74.2,15.4,11.4,42.2,11.9,3.2,7.1,31.1,2.9,9.3,4.2
31177,7.4,21.8,23.7,28.8,58.5,7.6,9.0,4.8,74.3,83.0,11.4,59.7,4.9,12.3,69.6,18.7,8.5,24.2,18.5,9.5,6.5,13.0,6.1,29.6,7.8,6.0,5.6,28.5,21.7,74.3,14.2,9.5,40.8,10.4,2.5,5.4,27.6,2.5,8.9,3.3
31179,9.6,21.9,23.4,29.9,59.7,7.2,9.2,5.5,74.1,81.7,12.9,57.2,5.8,14.3,65.4,18.1,10.0,26.8,20.4,12.7,9.4,15.5,6.9,28.4,10.4,7.1,7.1,31.0,26.3,70.0,15.3,10.8,41.0,11.5,3.2,7.2,34.2,2.9,12.1,4.3
31181,9.4,23.2,21.7,30.5,58.7,7.4,9.5,5.5,72.1,81.5,13.0,55.6,6.0,15.1,60.0,18.9,9.8,27.9,20.8,12.8,9.4,16.0,6.9,29.7,10.2,7.3,7.1,29.7,25.0,73.0,15.4,11.3,39.1,11.8,3.1,7.1,33.7,2.8,17.1,4.2
31183,8.0,21.3,22.8,29.9,58.6,7.5,9.1,5.2,73.3,82.1,12.0,54.0,5.3,13.5,61.6,17.9,8.9,25.5,20.2,10.4,7.3,14.0,6.7,28.6,8.6,6.4,6.1,29.4,23.5,72.9,14.5,9.9,38.3,10.7,2.7,6.0,32.2,2.6,10.5,3.6
31185,9.5,21.7,22.1,29.6,58.0,7.2,9.5,5.4,71.5,81.4,12.9,57.5,5.8,15.0,69.1,18.2,9.3,27.3,20.9,12.8,9.1,15.8,6.9,28.9,10.1,7.2,6.9,31.2,25.6,75.0,15.5,11.1,41.8,11.5,3.1,6.9,30.6,2.8,8.5,4.1
32001,11.7,25.2,17.4,31.1,53.0,7.2,11.3,5.8,69.2,82.1,17.1,55.4,6.9,16.4,58.1,22.8,9.8,33.4,26.2,16.2,13.8,20.9,7.4,33.9,13.8,8.7,9.5,36.1,25.2,74.1,20.1,13.2,37.9,14.6,3.6,9.2,36.2,3.1,15.8,5.1
32003,15.7,21.6,16.0,32.0,53.7,6.1,10.1,5.5,72.3,83.5,16.3,52.7,6.3,14.8,56.8,20.6,11.1,33.2,28.6,19.6,16.5,21.8,6.5,33.9,17.5,8.7,10.9,37.8,26.5,68.1,19.4,14.2,31.2,14.3,3.9,10.8,41.4,3.1,11.3,5.9
32005,9.7,22.9,18.7,27.2,51.8,7.6,10.3,5.0,71.2,84.1,14.4,59.5,5.5,12.6,67.2,21.2,8.1,28.4,23.0,11.8,9.3,16.5,6.4,31.7,10.8,7.0,7.3,33.5,18.8,72.9,17.7,10.9,27.3,12.5,2.8,7.1,33.9,2.6,11.7,4.0
32007,14.2,23.8,18.1,30.8,53.6,7.0,10.6,5.9,70.4,81.9,17.4,53.4,6.9,16.9,59.4,21.6,10.4,34.4,25.0,17.5,14.8,21.7,7.5,32.6,14.9,9.0,10.1,34.0,25.6,67.8,19.1,13.8,37.6,14.7,3.9,9.6,37.8,3.2,18.4,5.6
32009,16.6,25.3,17.0,33.1,54.1,6.9,11.2,7.1,70.1,80.3,19.4,53.6,8.5,19.0,53.2,22.4,12.1,38.2,27.7,23.8,21.6,26.6,8.6,33.6,18.8,10.8,13.2,37.1,28.9,70.0,20.3,16.5,36.6,16.5,5.1,12.9,38.0,3.8,18.7,7.3
32011,13.3,27.0,17.3,34.4,54.9,7.3,11.5,7.5,70.2,79.5,20.2,54.5,9.7,21.3,57.4,25.0,12.3,38.9,25.7,22.7,23.5,26.3,9.0,34.1,17.2,11.5,12.7,35.8,29.4,68.8,21.9,17.0,37.7,17.1,5.2,13.1,37.1,4.0,18.0,7.2
32013,14.4,24.3,18.0,29.0,52.3,6.9,10.7,5.7,70.4,82.1,17.2,55.8,6.7,15.6,54.9,22.1,10.1,34.7,26.1,17.6,14.2,21.6,7.3,33.3,14.9,8.6,9.7,35.9,26.1,73.3,19.0,13.5,36.0,14.4,3.7,9.2,38.8,3.0,23.2,5.4
32015,14.5,24.6,18.3,32.0,53.1,7.0,11.0,6.4,69.4,81.0,18.3,51.3,7.8,17.8,58.3,23.5,11.1,35.6,26.2,19.7,17.7,23.4,7.9,32.6,16.1,9.8,10.9,36.5,27.4,70.3,20.2,14.9,34.9,15.5,4.3,10.8,38.2,3.4,20.4,6.2
32017,10.0,23.2,19.4,29.4,52.4,7.4,10.7,5.4,70.2,82.7,16.0,57.4,6.3,15.6,57.1,23.0,8.8,31.7,25.5,13.4,11.2,18.5,6.8,32.4,11.8,7.8,8.0,35.7,22.1,73.0,19.3,11.8,31.7,13.4,3.1,7.8,38.6,2.8,9.9,4.3
32019,13.0,22.4,18.0,31.6,52.4,7.2,10.9,5.7,70.0,82.0,16.9,57.1,6.8,16.0,58.2,22.4,9.8,33.6,25.7,16.5,13.4,21.3,7.1,32.6,13.9,8.6,9.5,36.2,25.9,67.3,19.4,13.6,35.0,14.5,3.6,9.1,37.8,3.0,17.3,5.1
32021,15.0,26.7,16.7,34.6,55.0,6.9,12.1,7.3,70.6,79.4,21.0,51.4,9.6,22.2,52.3,24.4,12.8,41.1,28.6,26.4,25.4,28.2,9.0,33.7,20.0,12.0,14.6,38.2,31.6,69.2,22.4,17.9,38.4,17.7,5.4,14.5,41.1,4.1,20.7,7.9
32023,14.4,25.2,17.2,31.9,52.0,7.1,11.4,6.3,68.3,81.3,18.8,49.3,7.8,18.6,53.3,23.1,10.9,36.3,27.8,20.2,18.0,24.6,7.7,34.2,16.8,9.8,11.2,39.2,29.1,71.3,21.1,15.0,40.1,15.9,4.3,10.8,38.6,3.4,17.5,6.1
32027,15.6,22.8,19.6,31.4,52.4,6.9,9.8,6.0,68.3,80.7,17.0,52.2,6.8,16.8,55.8,20.1,10.3,34.4,28.7,17.2,13.4,21.9,7.7,33.5,14.8,8.3,9.7,36.6,25.2,71.8,18.6,13.4,35.3,14.3,3.7,9.2,39.7,3.2,16.4,5.4
32029,9.6,22.7,20.1,27.5,51.3,7.4,10.7,4.9,71.3,84.3,14.7,58.0,5.5,12.8,62.7,22.3,8.2,28.6,24.1,11.6,8.9,16.5,6.3,32.7,10.7,7.0,7.2,34.1,19.6,73.0,18.0,10.6,31.8,12.3,2.8,6.7,35.9,2.6,8.7,3.8
32031,12.3,22.4,19.8,26.9,51.0,7.0,10.4,5.1,72.8,83.4,15.3,56.9,5.8,12.8,60.8,21.6,8.8,29.5,25.5,15.1,11.7,20.1,6.6,32.6,13.5,7.6,8.6,38.2,21.0,68.4,18.2,11.7,28.5,13.4,3.2,8.2,38.7,2.8,11.6,4.8
32033,13.8,24.4,18.1,31.1,53.2,7.1,10.8,6.1,69.6,81.1,18.0,55.1,7.4,17.8,56.4,22.5,10.2,35.2,26.8,18.0,15.7,22.6,7.7,32.8,15.0,9.2,10.3,36.2,25.3,72.5,20.1,14.0,34.4,15.0,4.0,9.9,38.3,3.3,17.5,5.6
32510,13.5,22.9,19.2,29.5,52.2,7.0,10.5,5.5,69.7,82.9,16.4,56.2,6.4,14.7,58.3,22.2,9.9,33.5,26.2,16.4,13.4,20.9,7.0,32.3,14.2,8.3,9.4,37.3,23.6,74.4,19.0,13.1,33.1,13.9,3.6,9.2,36.2,3.0,10.3,5.2
33001,7.2,23.7,18.9,28.1,53.3,8.0,10.4,4.9,73.4,85.3,13.5,58.7,5.7,12.4,64.0,24.9,7.7,25.4,21.2,10.2,7.5,14.3,6.1,28.7,9.1,6.7,6.3,32.1,18.9,73.4,17.3,9.7,30.1,11.4,2.7,6.1,35.5,2.6,8.1,3.6
33003,6.9,22.6,19.1,25.2,55.9,7.8,10.3,4.8,73.5,85.9,12.5,65.4,5.2,11.2,65.2,24.1,7.0,22.4,21.4,9.6,6.9,12.9,6.1,29.0,8.9,6.4,5.9,31.2,18.0,76.5,16.7,8.9,30.5,11.0,2.6,5.9,35.4,2.5,7.9,3.4
33005,7.4,24.2,18.1,27.9,54.5,8.0,10.7,4.9,71.2,85.0,13.8,60.5,5.7,12.4,64.4,25.0,7.5,26.5,22.8,10.6,7.8,14.5,6.3,27.3,9.4,6.9,6.6,31.2,19.5,76.6,17.3,9.8,30.2,11.6,2.8,6.4,34.6,2.6,10.7,3.7
33007,9.4,25.2,17.8,29.9,56.3,7.5,11.6,5.7,73.9,83.2,16.0,58.0,7.1,15.6,59.8,24.5,9.4,30.9,24.6,14.4,11.3,18.1,7.2,30.1,11.6,8.5,8.3,34.3,25.6,72.3,18.5,12.1,36.1,13.0,3.5,7.9,33.6,3.1,14.3,4.7
33009,7.1,23.4,17.3,27.0,54.6,7.8,10.5,4.8,71.6,85.3,12.8,61.4,5.3,11.4,67.8,24.9,7.5,23.7,21.5,10.2,7.3999999999999995,13.2,6.0,28.8,9.0,6.4,6.4,32.1,18.7,76.8,16.3,9.2,26.5,10.7,2.7,6.2,32.7,2.5,7.6,3.6
33011,7.7,22.3,17.5,28.0,56.9,7.5,10.6,4.7,75.7,86.6,12.7,65.6,4.9,10.7,69.5,22.1,7.9,24.6,24.3,10.4,6.7,13.9,5.9,29.8,9.4,6.5,6.1,33.9,21.4,79.3,16.2,9.5,32.8,10.7,2.6,6.1,34.4,2.5,9.7,3.5
33013,7.1,23.4,16.9,27.5,54.6,7.7,11.0,4.7,76.9,86.4,13.0,61.5,5.3,10.9,68.8,24.6,7.4,25.4,22.0,9.9,7.3,13.5,6.0,28.0,9.1,6.6,6.1,30.3,18.8,80.8,16.7,9.9,33.2,10.8,2.6,6.0,33.0,2.5,10.0,3.5
33015,6.3,21.3,18.1,28.9,54.7,7.7,10.1,4.3,75.7,87.3,11.4,63.9,4.6,9.9,70.0,23.0,7.1,22.0,20.4,8.8,5.5,11.7,5.6,30.5,7.8,5.6,5.3,29.5,17.4,78.1,15.8,8.1,30.7,10.1,2.2,5.3,34.6,2.3,8.4,3.0
33017,7.0,24.2,17.4,29.3,53.7,7.7,10.7,4.7,75.8,85.7,12.7,60.6,5.5,11.3,65.2,26.6,7.8,24.8,23.1,10.5,7.5,13.9,6.2,31.5,9.4,6.5,6.2,34.4,19.1,79.2,17.9,9.4,33.3,10.8,2.6,6.3,32.0,2.5,10.0,3.5
33019,8.4,24.4,17.8,29.1,54.0,7.6,11.0,5.2,72.3,83.8,14.4,59.3,6.2,13.3,62.6,25.8,8.4,27.1,23.0,12.2,9.4,15.400000000000002,6.5,30.2,10.3,7.6,7.2,31.2,22.7,79.6,17.7,11.0,33.2,11.9,3.1,7.1,34.5,2.8,11.9,4.1
34001,12.6,20.3,16.5,31.0,59.9,6.2,9.5,5.2,77.4,86.7,13.8,57.1,5.3,13.2,62.1,17.1,10.3,26.6,25.7,17.4,11.1,18.4,5.4,35.3,15.0,7.7,9.3,34.0,26.7,74.1,17.2,11.3,30.9,12.7,3.5,8.9,39.1,3.0,12.7,5.1
34003,10.4,16.8,17.4,28.1,56.6,6.0,8.0,4.1,76.6,89.1,10.1,58.6,3.6,8.399999999999999,69.2,14.6,8.0,20.1,25.2,11.3,5.800000000000001,13.7,4.5,35.9,10.8,5.4,6.1,34.7,20.6,73.8,14.6,8.2,25.4,9.6,2.4,5.7,39.6,2.2,7.9,3.6
34005,8.7,21.2,17.7,29.7,57.7,6.6,9.3,4.4,77.6,88.2,11.7,62.5,4.4,11.0,68.3,16.3,8.7,23.4,23.2,12.0,7.2,14.8,4.8,34.7,11.4,6.1,7.2,30.2,22.5,80.6,16.1,9.0,30.0,11.4,2.7,7.0,34.7,2.5,9.0,3.7
34007,12.0,20.9,17.8,30.3,58.0,6.2,9.7,4.9,76.0,87.0,13.6,60.1,5.0,13.1,61.6,18.0,9.9,26.8,24.8,17.0,10.9,17.5,5.1,33.6,14.9,7.4,8.8,34.5,25.5,76.2,17.0,10.9,29.6,12.5,3.4,8.6,40.8,2.9,10.0,4.8
34009,9.2,20.7,19.9,29.0,57.4,7.2,9.7,4.8,75.4,87.0,12.6,62.8,5.0,12.5,64.9,19.5,8.0,23.6,22.3,11.7,7.2,15.0,5.2,35.7,10.8,6.6,6.7,30.2,20.4,73.8,17.0,9.6,33.9,11.8,2.8,6.4,34.6,2.6,9.2,3.7
34011,18.9,22.5,15.7,36.0,59.3,6.1,9.7,6.1,75.3,84.7,16.2,52.4,6.6,16.6,55.9,16.4,12.1,30.3,27.1,24.7,17.1,24.1,6.1,34.7,20.6,9.5,12.3,35.4,32.0,72.8,18.4,14.2,40.4,15.2,4.8,12.3,43.4,3.6,14.2,7.0
34013,14.9,18.8,15.5,29.8,62.0,5.3,9.8,5.1,76.2,87.2,13.3,58.6,5.1,12.3,62.9,15.7,11.0,25.5,28.1,21.5,14.4,19.5,4.9,35.1,18.8,7.8,10.9,35.7,28.4,78.7,16.5,11.4,29.4,12.4,4.0,11.0,40.4,3.3,16.2,5.9
34015,8.8,21.4,18.0,33.2,58.9,6.9,9.8,4.6,75.6,87.7,12.4,62.4,4.7,12.1,67.6,19.1,8.9,24.1,23.5,12.2,7.2,14.7,5.0,34.7,11.7,6.5,6.8,33.9,22.7,72.9,17.2,9.4,31.5,11.4,2.8,6.7,40.4,2.6,11.9,3.7
34017,14.5,16.9,16.1,29.2,56.6,5.1,8.4,4.8,76.2,87.4,12.2,52.4,4.2,10.4,59.9,14.0,10.8,25.5,25.1,18.2,10.1,18.7,5.0,35.5,14.5,6.6,8.8,32.2,28.1,70.3,14.5,11.4,27.8,12.5,3.4,8.1,38.9,2.7,7.699999999999999,5.4
34019,7.3,19.1,19.0,25.6,55.6,7.3,8.8,4.2,75.4,88.9,10.3,63.7,3.8,8.9,71.4,17.7,7.0,20.5,20.9,8.4,4.5,12.3,4.6,32.5,8.1,5.2,5.2,33.1,17.9,77.9,14.8,7.6,26.0,9.9,2.1000000000000005,4.7,33.0,2.1,5.4,2.9
34021,11.9,18.0,15.2,28.4,57.1,6.0,8.9,4.7,77.1,87.9,11.8,59.6,4.4,10.7,64.9,15.1,9.8,22.0,26.0,15.8,9.1,16.7,4.7,33.3,14.3,6.5,8.1,33.1,23.9,72.9,15.2,9.7,25.5,11.2,3.1,8.0,37.0,2.7,11.4,4.5
34023,11.2,18.3,15.5,30.4,58.4,5.6,8.3,4.4,77.4,88.0,11.1,59.6,3.9,10.1,66.0,13.0,10.3,23.2,25.5,14.2,7.3,16.4,4.7,34.9,12.2,5.8,7.3,34.8,24.7,75.5,14.4,9.6,29.7,10.5,2.7,6.5,39.4,2.5,6.6,4.2
34025,8.3,19.4,18.3,27.7,57.4,6.9,8.9,4.4,76.4,88.5,10.8,61.5,4.0,9.8,68.7,15.1,7.8,20.6,19.8,9.8,5.800000000000001,13.0,4.7,33.6,9.3,5.5,5.8,29.3,18.4,77.9,14.9,7.9,30.3,9.9,2.4,5.7,34.7,2.3,6.5,3.3
34027,8.4,17.6,19.7,26.5,56.0,6.9,8.4,4.0,76.1,89.0,10.0,64.2,3.5,8.5,72.8,15.6,7.4,19.299999999999997,22.1,8.9,4.699999999999999,11.8,4.5,34.6,8.4,5.0,5.4,32.5,18.1,73.6,14.0,7.4,22.6,9.4,2.1000000000000005,4.9,34.3,2.1,7.6,3.1
34029,10.1,23.0,17.3,28.4,57.8,7.0,9.4,4.9,74.0,86.4,12.8,58.1,5.3,14.0,64.8,17.3,8.8,24.4,22.7,13.1,8.1,15.8,5.4,35.4,11.5,7.0,7.4,31.0,23.8,74.2,16.8,10.0,30.3,12.5,3.0,7.1,38.3,2.7,9.6,4.1
34031,18.9,18.9,16.7,29.7,58.0,5.7,8.9,5.3,73.2,86.3,14.7,51.7,5.2,12.5,57.2,15.8,11.2,28.8,26.6,23.1,12.8,21.7,5.5,33.3,18.9,7.8,10.3,37.6,30.5,74.9,16.5,12.7,31.1,13.8,3.9,10.0,38.5,3.0,14.6,6.1
34033,11.6,22.1,18.0,32.3,58.2,6.8,10.1,5.4,75.6,85.6,14.6,57.8,5.9,14.8,65.0,19.4,9.7,27.8,25.0,16.6,11.2,18.5,5.7,33.7,14.4,8.1,8.9,35.4,26.5,73.9,18.3,11.5,33.8,13.1,3.6,8.9,42.0,3.1,9.3,4.9
34035,9.1,17.7,14.7,26.6,57.0,6.2,7.9,4.0,76.8,89.1,9.6,59.8,3.4000000000000004,8.1,68.6,14.4,8.5,18.9,23.6,10.8,5.300000000000001,12.1,4.3,34.2,9.5,4.9,5.8,32.8,19.8,74.7,13.5,7.7,25.8,9.6,2.2,5.3,38.3,2.2,8.4,3.3
34037,8.9,19.5,19.0,28.3,55.2,7.1,9.5,4.6,75.4,87.5,11.7,60.9,4.4,11.1,69.7,19.0,7.6,21.6,21.4,10.3,5.800000000000001,13.9,5.0,33.4,9.9,5.9,6.1,33.1,20.1,78.0,16.1,8.3,26.5,10.8,2.5,5.7,36.4,2.4,7.5,3.4
34039,15.7,17.2,16.1,30.8,59.0,5.6,9.0,4.8,75.3,87.6,12.4,57.4,4.5,11.3,64.7,14.7,10.2,24.6,27.4,17.7,10.0,17.9,4.9,33.7,16.1,6.9,8.9,34.5,24.8,76.1,15.7,10.3,29.4,12.0,3.4,8.7,39.7,2.8,11.9,5.1
34041,9.8,21.3,18.4,29.1,58.7,7.2,9.3,4.7,74.8,87.4,12.4,60.7,4.7,11.7,67.9,18.7,8.0,23.2,23.6,12.3,7.1,15.3,5.1,33.5,11.4,6.4,6.9,34.4,23.6,76.7,16.7,9.3,32.3,11.5,2.7,6.5,37.5,2.5,8.6,3.8
35001,14.3,21.8,14.9,30.4,51.1,6.0,9.8,5.4,65.5,83.1,14.6,53.6,4.9,12.2,64.5,25.2,10.2,29.4,24.0,18.8,14.4,21.0,6.5,31.2,16.2,8.1,10.0,34.7,22.5,72.4,16.5,12.0,33.2,13.6,3.8,10.6,30.8,2.9,11.1,5.8
35003,11.7,23.7,16.6,31.3,54.2,6.8,10.5,6.4,65.8,80.6,16.9,50.2,6.9,16.3,54.7,25.7,10.6,32.2,23.4,19.1,17.6,21.5,7.7,29.7,15.4,9.6,10.5,34.1,23.2,62.4,18.7,13.5,32.2,14.8,4.3,11.6,36.3,3.4,20.3,6.0
35005,20.7,23.8,15.1,34.3,54.5,5.8,9.9,6.5,67.5,80.2,18.5,48.4,6.5,15.5,55.4,24.2,12.9,37.5,26.1,26.3,22.0,27.2,7.8,31.0,21.1,10.5,13.2,34.9,30.4,70.9,18.0,16.2,40.3,16.4,5.3,14.1,36.4,3.5,13.9,8.1
35006,16.4,24.1,14.8,33.5,54.6,5.7,11.6,7.0,66.3,79.2,19.4,48.6,7.3,19.7,53.8,24.0,14.6,38.5,28.6,29.6,24.9,27.8,9.1,29.1,22.5,11.8,16.1,36.1,28.7,68.2,19.6,17.2,39.2,17.3,5.5,16.6,40.8,4.1,20.8,9.0
35007,16.9,22.1,16.0,30.4,53.7,6.1,9.5,6.0,66.1,81.1,16.3,51.5,5.8,14.0,59.3,22.8,11.4,33.1,24.6,21.1,17.1,22.9,7.4,29.2,17.5,8.9,11.0,34.1,25.2,70.3,16.8,13.5,32.1,14.7,4.3,11.9,34.8,3.2,10.4,6.6
35009,17.5,23.5,14.8,33.0,54.6,5.9,10.3,6.4,67.0,80.0,17.8,49.0,6.7,15.1,62.4,24.4,12.4,34.6,26.1,24.3,20.3,25.1,7.6,30.4,19.0,10.1,12.4,35.9,29.1,71.6,18.1,14.7,40.5,15.7,5.0,13.0,38.3,3.5,21.8,7.4
35011,16.4,22.7,16.3,30.8,53.1,6.3,10.2,6.1,65.7,81.0,17.1,50.6,6.2,14.8,59.3,24.6,10.9,33.4,26.0,20.4,16.2,23.0,7.5,29.8,17.3,9.3,10.9,35.8,25.2,71.1,18.0,13.6,33.0,15.1,4.3,11.4,34.1,3.3,16.8,6.3
35013,20.1,21.8,15.4,31.4,54.2,5.5,9.4,6.0,68.7,81.4,16.8,48.6,5.5,13.1,59.9,22.2,13.1,35.1,25.4,25.6,21.3,26.0,7.4,30.0,20.6,9.5,12.5,34.4,27.8,65.9,16.2,14.9,37.5,15.5,5.0,13.5,32.9,3.3,14.7,7.9
35015,17.2,21.0,16.0,30.5,53.3,6.0,9.7,5.8,65.1,81.3,16.3,51.2,5.5,13.4,57.4,23.1,10.7,32.2,24.8,19.7,15.4,22.1,6.9,29.9,17.0,8.6,10.4,34.8,26.4,67.6,17.1,13.0,39.8,14.3,4.1,10.8,39.7,3.0,11.3,6.2
35017,16.8,22.2,15.3,30.0,54.3,6.1,9.7,6.1,66.1,81.2,16.3,52.0,6.0,13.7,56.1,23.2,11.4,32.4,23.8,22.2,18.4,23.4,7.3,30.0,17.9,9.2,11.4,34.0,25.9,67.5,17.0,13.6,33.9,14.8,4.5,12.2,33.9,3.2,14.4,6.9
35019,24.7,20.9,15.1,33.1,53.7,4.8,8.7,6.5,64.6,79.1,17.7,48.7,5.5,14.6,52.9,20.0,14.3,36.5,28.1,29.1,22.8,28.7,8.0,30.5,22.8,9.7,13.9,36.0,31.7,67.3,16.3,16.0,37.5,16.2,5.4,14.7,36.9,3.5,16.0,9.1
35021,17.9,23.2,15.1,32.5,54.5,6.1,10.0,6.6,66.0,79.9,17.9,52.8,6.9,15.6,57.9,24.3,12.4,35.2,24.8,24.4,21.7,25.6,7.9,30.5,19.1,10.3,12.5,34.6,27.7,64.2,18.0,15.2,36.5,15.8,5.1,13.6,34.8,3.6,18.3,7.7
35023,20.6,22.4,15.0,32.0,53.9,5.7,9.7,6.5,66.0,79.5,18.1,48.1,6.4,15.3,54.9,23.0,12.6,35.2,26.3,26.0,21.6,26.6,7.8,29.8,20.6,10.2,12.9,35.5,28.9,66.9,17.7,15.3,34.7,16.1,5.2,13.8,37.7,3.5,15.0,8.1
35025,21.8,21.9,15.8,32.7,54.8,5.6,9.5,6.3,65.2,79.4,17.8,48.3,6.3,15.1,54.0,21.5,12.1,36.3,27.1,26.4,21.0,26.3,7.6,30.7,21.4,10.0,13.1,36.8,30.2,67.2,17.5,15.8,37.3,15.6,5.1,13.8,32.7,3.5,17.8,8.0
35027,13.7,22.2,16.6,30.1,53.6,6.6,9.8,5.7,67.1,82.1,15.6,51.2,5.7,13.3,61.5,24.7,9.9,31.2,24.1,17.9,14.7,20.8,7.0,28.4,15.4,8.5,9.8,34.9,22.9,66.7,17.1,12.4,30.6,13.9,3.8,10.6,33.3,3.0,13.1,5.6
35028,5.9,18.9,18.3,24.3,51.8,7.0,8.9,4.0,69.2,86.5,9.7,60.0,3.2,7.1,78.0,21.3,6.7,20.1,20.2,6.9,4.6,11.0,5.0,28.2,6.9,4.6,4.7,31.9,12.7,74.5,13.0,7.0,25.1,9.0,1.9,4.8,27.9,2.0,4.4,2.7
35029,26.6,23.4,13.8,34.2,55.3,5.4,9.9,7.6,65.2,77.6,20.8,45.2,7.8,18.0,48.1,23.5,15.0,40.0,28.1,35.2,32.0,32.5,8.9,31.7,26.5,12.5,17.0,36.8,34.6,68.2,18.9,19.0,36.9,18.6,6.9,18.4,38.3,4.2,22.5,11.0
35031,15.3,25.8,12.7,36.8,56.0,5.6,14.2,8.9,65.2,75.8,23.8,40.7,10.8,27.1,46.6,25.0,17.9,43.3,32.5,43.0,39.8,35.3,11.5,30.4,30.2,16.8,24.0,38.2,31.8,61.9,23.7,21.9,41.4,21.8,7.8,25.0,40.0,5.7,25.3,12.9
35033,21.3,20.0,14.9,29.8,53.6,5.0,8.6,5.7,66.6,82.2,15.4,49.8,4.4,11.2,56.8,19.8,12.7,32.2,25.0,23.9,17.7,24.1,7.1,29.8,20.4,8.2,11.8,33.8,27.6,72.9,15.2,13.6,33.7,14.3,4.4,12.7,36.4,3.0,13.9,7.5
35035,15.9,22.8,15.6,32.4,55.2,6.1,10.1,6.3,67.8,80.4,17.3,48.1,6.6,15.7,58.7,24.4,11.8,33.6,24.9,23.2,19.9,23.9,7.7,31.0,18.6,9.9,12.1,34.8,24.4,70.5,17.5,14.4,38.1,15.0,4.8,13.4,35.4,3.5,18.1,7.1
35037,18.7,23.5,15.2,33.1,55.0,6.1,10.2,6.8,66.9,79.6,18.6,49.2,7.3,16.6,54.6,24.1,12.7,35.9,25.5,26.4,23.7,26.4,8.1,30.7,20.4,10.8,13.4,34.3,29.2,66.2,18.4,15.8,38.2,16.3,5.4,14.5,36.0,3.7,18.3,8.1
35039,20.3,22.0,14.0,30.5,53.1,5.1,10.1,6.1,66.6,80.6,17.7,47.5,5.5,14.9,56.1,21.5,13.7,36.9,27.3,27.6,22.0,26.9,7.8,28.7,22.3,10.0,14.1,35.2,29.0,72.6,17.5,16.1,40.2,16.1,5.1,15.3,36.0,3.5,16.4,8.5
35041,16.5,23.3,14.9,31.5,53.4,6.1,10.0,6.3,64.9,80.3,17.6,48.9,6.5,15.0,59.1,24.1,11.7,35.4,24.3,22.5,19.2,23.8,7.6,31.9,18.2,9.9,11.6,35.1,27.6,67.4,18.0,14.7,34.7,15.4,4.7,12.6,35.7,3.4,13.6,7.0
35043,12.8,20.7,16.1,29.3,53.0,6.2,9.7,5.0,66.3,83.7,14.3,55.5,4.6,11.4,61.4,24.0,9.7,29.4,24.8,16.6,11.8,18.2,6.4,29.6,14.5,7.3,9.2,34.2,21.1,69.1,16.6,11.2,32.6,12.8,3.3,9.4,37.6,2.7,13.5,5.1
35045,13.3,24.6,13.8,31.1,53.9,6.2,12.1,7.0,67.7,79.0,20.0,49.1,8.1,20.5,52.5,24.1,12.8,39.4,28.0,27.4,24.9,26.3,9.4,27.7,21.3,12.4,15.9,38.0,25.8,57.6,20.4,16.6,35.2,17.5,5.5,17.3,38.2,4.1,26.6,8.3
35047,21.2,21.1,14.7,30.2,53.0,5.1,9.1,5.9,66.4,81.5,16.6,49.2,5.0,12.3,58.6,20.9,13.3,34.7,25.7,26.1,20.3,26.2,7.3,29.6,21.5,9.3,12.8,35.4,29.8,65.7,16.3,14.9,38.0,15.3,4.9,13.7,37.4,3.2,12.8,8.1
35049,14.0,19.2,14.9,25.3,50.5,6.3,9.2,5.0,66.0,83.7,13.2,55.9,4.5,10.4,67.9,23.4,9.3,25.5,23.1,15.9,11.9,18.4,6.1,27.5,14.0,7.0,8.7,33.4,19.8,76.2,15.0,10.6,25.9,12.5,3.3,9.2,30.6,2.6,9.6,5.1
35051,16.4,24.2,15.7,32.3,54.1,6.5,10.4,6.8,65.1,79.5,18.4,48.4,7.6,17.3,56.2,25.1,11.9,35.5,24.9,24.0,22.2,25.4,8.1,30.5,18.8,10.8,12.6,35.1,27.2,63.4,19.0,15.3,38.1,16.3,5.1,13.8,36.2,3.7,16.0,7.4
35053,18.9,22.3,14.6,32.1,53.3,5.6,10.1,6.7,65.7,79.2,18.4,47.9,6.8,16.8,50.9,22.7,13.2,36.0,26.7,27.5,23.8,27.6,8.2,29.3,21.4,10.8,14.1,34.9,29.9,66.1,18.5,16.3,37.5,16.8,5.4,15.2,33.5,3.7,26.9,8.5
35055,15.0,21.2,16.2,28.3,51.8,5.9,9.5,5.4,65.1,82.5,14.8,53.1,4.9,11.7,61.8,22.5,10.7,29.4,23.7,18.8,14.2,20.4,6.8,28.0,15.6,7.9,10.0,33.7,22.7,72.4,15.9,11.9,28.1,13.3,3.8,10.7,31.7,2.9,11.6,6.0
35057,18.8,24.4,15.4,33.2,54.6,6.1,10.2,7.0,65.3,78.9,19.0,48.5,7.5,17.5,52.6,25.6,13.0,37.6,26.6,26.5,23.7,27.3,8.3,30.8,20.6,11.1,13.6,36.2,29.0,65.9,19.0,16.3,34.7,16.8,5.5,14.6,36.0,3.8,17.4,8.2
35059,17.7,22.6,15.9,32.2,53.4,6.2,9.7,6.4,65.0,79.6,17.3,44.6,6.7,15.9,52.2,23.2,11.8,34.0,26.1,22.7,19.3,24.4,7.7,30.0,18.2,9.7,11.8,35.3,26.5,67.4,17.6,14.4,34.7,15.4,4.7,12.6,35.9,3.5,19.5,7.0
35061,19.2,21.8,14.5,31.0,54.2,5.6,9.6,6.0,66.5,81.1,16.9,51.3,5.6,13.7,58.2,22.5,12.4,34.7,26.8,24.3,18.8,25.1,7.4,30.3,20.0,9.3,12.3,35.9,28.0,68.9,17.1,14.5,35.6,15.4,4.6,13.0,35.6,3.2,13.4,7.4
36001,5.7,21.9,19.4,29.8,58.9,7.1,10.9,4.8,78.4,88.0,12.1,65.1,5.2,11.4,67.5,21.5,8.4,24.6,24.5,12.9,11.2,14.4,4.7,31.8,11.9,7.0,7.4,36.1,21.0,80.4,15.8,10.1,30.9,11.3,2.9,7.4,37.1,2.6,7.800000000000001,3.9
36003,6.4,24.9,19.3,32.0,57.7,7.7,11.4,5.8,78.1,86.1,14.6,59.6,7.0,15.4,61.8,22.3,9.5,28.0,23.2,15.0,14.7,17.6,5.9,33.0,13.3,8.6,8.5,33.4,24.8,76.7,18.6,12.3,36.1,13.6,3.6,8.4,38.7,3.1,14.7,4.6
36005,15.9,21.2,14.7,34.6,59.9,4.6,11.8,6.3,80.8,86.2,16.6,58.2,6.4,13.4,51.1,16.1,14.8,35.2,34.8,37.5,32.4,29.2,5.4,34.0,31.4,11.3,16.5,41.0,37.5,79.3,16.9,19.6,33.7,16.3,6.5,17.2,43.5,4.0,23.3,9.7
36007,6.7,26.2,17.5,31.7,56.2,7.4,11.6,5.7,79.4,86.3,14.2,60.6,6.7,14.6,60.9,21.6,9.5,27.3,25.6,15.8,15.5,17.3,5.7,30.0,14.1,8.3,9.0,35.6,23.8,78.8,17.6,12.1,34.8,13.0,3.7,9.0,36.6,3.1,11.6,4.8
36009,7.0,24.2,19.2,32.3,56.7,7.5,11.6,6.0,78.4,85.3,15.5,61.9,7.6,17.1,58.2,22.9,9.6,29.7,24.8,17.3,16.9,18.9,6.1,33.3,14.4,9.3,9.5,33.7,26.8,75.9,19.2,13.2,35.9,14.3,3.9,9.3,40.1,3.2,12.2,5.1
36011,7.1,23.9,18.9,31.0,56.6,7.5,11.2,5.7,78.4,86.2,14.6,61.5,6.9,15.5,58.4,22.0,9.3,29.7,25.2,15.8,14.9,18.5,5.8,32.6,13.7,8.6,8.8,35.5,26.4,76.6,18.3,12.5,35.7,13.7,3.6,8.5,39.4,3.0,19.2,4.7
36013,7.8,24.7,18.9,31.6,57.9,7.5,11.3,5.9,78.7,86.0,14.9,62.1,7.1,15.5,56.5,21.8,10.0,28.5,24.0,17.3,16.5,18.9,5.9,32.4,15.0,8.9,9.4,32.5,26.3,73.1,18.4,12.8,36.7,14.0,3.9,9.3,41.6,3.1,13.7,5.1
36015,6.7,23.7,18.0,31.6,58.6,7.4,11.3,5.6,78.6,86.5,14.3,61.3,6.8,15.3,60.4,22.5,9.3,27.1,24.9,15.8,15.2,17.6,5.6,32.1,13.6,8.4,8.7,34.4,25.1,74.4,18.6,12.0,30.8,13.4,3.6,8.6,35.5,3.0,13.9,4.6
36017,6.9,24.7,19.2,30.2,56.7,7.6,11.3,5.8,76.6,85.8,15.0,60.4,7.1,15.7,59.1,22.7,9.3,28.1,25.0,15.9,14.8,17.9,5.9,31.5,13.4,8.7,8.6,34.2,25.7,76.8,18.9,12.2,36.1,13.6,3.6,8.2,40.4,3.1,20.2,4.6
36019,6.7,24.0,18.1,30.5,57.3,7.6,11.7,5.7,78.0,86.2,14.4,61.9,6.7,15.2,58.6,23.5,9.1,27.1,23.5,14.7,13.8,17.4,5.7,31.0,12.9,8.2,8.3,33.9,25.9,73.1,18.7,11.3,33.8,13.3,3.5,8.2,36.3,3.0,14.1,4.5
36021,6.2,22.8,19.2,28.6,57.2,7.5,10.7,5.2,77.7,87.5,12.6,63.6,5.7,12.9,64.7,21.1,8.5,25.2,24.1,13.0,11.5,15.3,5.2,33.2,11.7,7.2,7.4,32.6,22.3,78.5,16.6,10.5,30.7,11.8,3.0,7.2,36.5,2.7,13.0,4.0
36023,6.1,24.0,19.7,30.0,57.1,7.7,11.4,5.5,78.1,86.9,13.9,60.2,6.4,14.4,61.1,23.4,8.6,26.6,23.6,13.7,12.8,16.4,5.5,32.4,12.3,8.0,7.9,31.9,23.9,76.2,18.2,11.4,32.3,13.0,3.3,7.7,39.1,2.9,9.5,4.2
36025,7.1,24.0,19.7,31.8,56.5,7.4,11.1,5.8,77.8,85.9,14.2,59.8,6.8,15.4,60.9,22.3,9.2,27.8,25.0,15.8,14.9,17.2,5.9,31.2,13.4,8.4,8.6,33.1,26.3,76.9,18.3,11.8,33.4,13.6,3.6,8.4,41.9,3.1,20.6,4.7
36027,6.9,21.6,17.0,29.2,57.6,7.1,10.4,4.8,77.8,88.4,12.2,64.8,4.9,11.3,67.7,19.6,8.3,23.9,24.4,13.0,10.7,14.3,4.7,31.1,12.6,6.7,7.4,33.7,20.7,77.2,15.9,9.9,28.5,11.1,2.9,7.2,36.5,2.6,15.8,3.9
36029,6.1,23.7,19.2,29.0,59.3,7.1,11.6,5.2,81.1,87.6,12.2,60.9,5.8,12.8,63.0,21.3,9.1,23.3,23.9,14.2,13.2,16.2,5.0,32.0,13.2,7.6,8.1,31.5,23.7,81.3,17.0,10.8,33.0,12.2,3.3,8.5,38.7,2.8,10.4,4.3
36031,6.3,23.5,20.1,29.5,55.5,7.5,10.9,5.4,77.1,86.6,13.5,61.5,6.2,14.0,62.2,22.3,8.5,26.8,23.3,13.1,11.9,16.2,5.5,31.1,11.7,7.7,7.5,32.8,23.4,79.2,17.5,11.3,34.7,12.7,3.2,7.2,36.4,2.8,8.1,4.1
36033,7.3,25.5,18.9,31.6,57.4,7.5,11.5,6.0,76.9,85.7,15.0,58.8,7.2,16.7,58.6,22.9,10.0,29.9,25.6,17.3,15.8,18.9,6.1,31.5,14.6,8.9,9.5,33.8,27.5,78.2,18.7,13.2,40.8,14.1,3.8,9.1,37.4,3.2,15.2,5.0
36035,7.2,25.6,18.9,32.3,58.3,7.5,12.0,5.9,77.7,85.9,15.3,62.2,7.3,16.2,55.4,23.0,9.5,30.9,24.0,16.7,15.9,18.6,6.0,31.6,14.0,9.0,8.9,34.0,26.7,77.6,19.1,12.9,35.5,14.1,3.8,8.7,41.5,3.1,15.2,4.8
36037,6.2,23.7,19.2,29.8,57.2,7.5,11.0,5.3,78.0,86.8,13.5,63.7,6.0,13.9,61.5,22.3,8.5,26.8,24.1,13.4,12.1,16.0,5.4,31.7,12.3,7.6,7.7,33.3,23.3,76.6,17.9,11.1,30.1,12.6,3.1,7.4,39.0,2.8,16.5,4.0
36039,7.1,23.5,20.2,29.7,57.1,7.4,10.9,5.4,78.1,86.7,13.7,57.0,6.2,13.9,62.8,21.7,8.9,26.8,24.7,14.6,12.9,16.7,5.4,32.5,13.0,7.8,8.1,34.4,24.2,74.5,17.4,11.3,34.5,13.0,3.3,7.8,38.4,2.8,13.2,4.3
36041,6.2,23.1,19.8,29.5,56.3,7.6,11.2,5.5,77.8,86.8,13.7,63.9,6.3,14.2,60.1,22.2,8.5,26.3,24.1,13.4,12.3,16.1,5.5,32.2,12.1,7.9,7.7,33.1,23.7,75.5,18.0,11.2,30.8,12.8,3.2,7.4,37.7,2.8,10.9,4.1
36043,6.3,25.7,20.9,30.1,55.9,7.6,11.2,5.5,77.4,86.5,14.1,64.4,6.7,15.1,61.2,21.8,8.8,27.2,23.4,14.1,13.6,16.5,5.6,31.6,12.8,8.2,8.0,32.2,26.2,75.9,18.4,12.1,37.0,13.3,3.4,7.8,37.1,2.9,18.9,4.3
36045,7.1,24.9,20.6,30.3,57.3,7.5,11.3,5.6,79.2,86.2,13.7,62.6,6.6,14.8,57.7,20.6,9.7,27.9,23.8,14.8,14.4,17.0,5.7,30.2,13.5,8.1,8.4,31.8,25.5,74.9,17.6,11.8,38.8,12.8,3.5,8.4,43.2,3.0,16.3,4.6
36047,8.9,19.3,17.4,28.8,56.1,5.3,10.4,5.1,79.4,88.1,13.2,58.8,5.4,12.2,59.8,16.3,11.1,26.3,30.7,23.7,19.5,19.2,4.6,34.4,19.2,8.5,11.1,36.7,25.7,77.8,15.6,13.2,25.0,12.4,4.2,11.3,40.1,3.3,15.9,5.9
36049,6.6,25.0,20.0,30.2,57.3,7.6,11.1,5.7,78.1,85.9,14.5,59.2,6.8,15.4,60.4,22.3,9.2,27.4,23.9,14.6,13.9,17.3,5.8,32.6,12.9,8.5,8.2,33.9,26.0,76.6,18.6,12.1,40.7,13.7,3.5,7.9,38.5,3.0,15.9,4.4
36051,6.1,23.9,20.5,29.9,57.0,7.7,11.1,5.3,77.7,87.2,13.2,62.0,6.0,13.3,61.9,21.6,8.5,25.4,23.4,13.1,11.8,15.8,5.4,32.7,12.0,7.5,7.5,32.9,22.4,79.0,17.3,10.9,31.9,12.3,3.1,7.3,36.4,2.8,11.5,4.0
36053,5.7,23.9,19.3,29.1,57.1,7.7,11.1,5.1,78.7,87.4,13.3,63.2,5.9,13.4,62.7,22.3,8.3,25.9,23.2,12.4,11.2,15.2,5.4,32.5,11.6,7.5,7.3,33.0,21.6,71.1,17.7,10.7,37.2,12.3,3.0,7.1,38.3,2.7,14.0,3.9
36055,6.3,23.6,19.0,30.1,57.7,7.3,11.0,5.1,77.8,87.9,12.4,64.6,5.4,12.1,69.4,22.6,9.6,25.8,23.6,14.0,13.0,15.8,4.9,29.9,13.2,7.2,8.1,33.4,24.5,79.5,16.2,10.9,31.8,12.4,3.2,8.3,35.8,2.8,12.1,4.2
36057,8.8,24.4,19.0,30.5,58.5,7.2,11.0,5.8,76.8,86.0,14.7,60.9,6.8,15.5,56.5,22.2,9.5,27.6,25.4,18.5,16.4,19.0,5.8,30.9,15.7,8.7,9.5,34.9,26.4,77.4,18.1,12.3,38.9,13.8,3.8,9.5,43.4,3.1,14.4,5.2
36059,6.4,19.0,16.9,27.4,60.2,6.6,9.6,4.2,79.9,89.8,10.0,63.2,3.9,8.7,68.6,14.0,8.3,21.9,26.0,11.9,8.2,13.6,4.4,34.0,11.6,5.7,6.5,32.7,22.0,75.8,14.2,8.9,28.3,10.3,2.5,6.1,41.8,2.3,10.2,3.5
36061,6.7,18.9,21.7,25.8,56.0,6.4,9.6,4.4,79.2,89.0,10.7,63.3,4.1,8.5,64.5,18.6,8.4,22.9,26.6,15.0,11.9,15.0,4.3,34.4,13.0,6.5,7.7,38.1,20.0,80.6,14.8,10.5,19.5,10.9,3.0,7.1,36.4,2.5,11.5,4.3
36063,6.1,23.3,18.6,31.4,57.2,7.5,11.4,5.3,80.0,87.0,13.5,63.4,6.2,14.0,65.3,22.3,8.9,26.2,23.8,14.3,13.2,16.7,5.3,30.0,13.2,8.0,8.2,31.8,24.8,75.5,17.8,11.6,39.4,13.1,3.3,8.1,38.6,2.9,16.4,4.3
36065,7.0,24.7,19.0,31.8,58.3,7.4,11.1,5.6,78.1,86.5,13.9,61.3,6.7,14.7,60.8,21.3,9.5,27.5,24.1,15.8,14.7,17.5,5.6,32.4,13.9,8.2,8.8,33.7,26.8,77.2,18.0,12.0,36.4,13.0,3.6,8.5,39.4,3.0,15.6,4.7
36067,6.1,23.2,18.0,31.9,59.2,7.4,11.4,5.3,80.3,87.6,13.0,64.6,5.8,12.4,64.2,22.8,9.3,26.2,24.1,14.3,13.1,15.7,5.0,30.8,13.2,7.7,8.1,33.8,22.3,82.0,17.5,11.4,37.4,12.4,3.3,8.2,38.0,2.8,11.9,4.2
36069,5.8,23.2,19.3,28.2,56.0,7.6,10.7,5.0,78.5,87.9,12.4,65.3,5.4,11.9,65.6,21.6,8.1,24.1,22.0,11.7,10.3,14.3,5.1,30.4,11.2,6.9,6.9,34.2,20.4,75.9,16.8,9.9,30.8,11.6,2.9,6.6,39.6,2.6,7.1,3.7
36071,9.0,21.9,15.9,29.6,57.7,6.7,10.5,5.2,78.3,87.6,13.0,60.0,5.5,12.2,65.7,18.2,10.1,26.1,24.9,16.9,14.2,17.8,5.1,30.9,15.9,7.6,9.1,32.1,25.6,80.2,16.5,11.5,32.4,12.6,3.5,9.0,38.4,2.9,12.3,4.9
36073,7.7,24.1,18.8,30.3,56.5,7.3,11.5,5.7,77.6,85.8,15.0,59.8,7.0,15.9,61.9,21.6,9.3,28.2,25.8,16.9,15.4,18.6,5.7,31.5,14.5,8.7,9.0,34.5,26.8,76.3,18.7,12.5,32.8,13.7,3.7,8.7,38.0,3.1,14.1,4.8
36075,6.8,24.8,19.2,31.3,57.1,7.6,11.4,5.9,78.4,85.8,14.8,61.7,7.1,16.2,60.6,22.7,9.4,28.3,23.6,15.2,14.9,18.1,5.9,31.6,13.5,8.7,8.7,33.2,27.6,76.4,19.1,12.5,36.7,13.9,3.7,8.5,40.2,3.1,13.6,4.7
36077,6.3,23.9,18.4,29.5,58.9,7.7,11.4,5.5,76.7,86.8,13.8,62.5,6.4,14.0,64.4,21.5,9.0,26.2,23.9,13.9,13.4,16.8,5.6,33.0,12.5,7.9,8.1,33.2,23.8,82.2,18.1,11.5,32.1,13.1,3.4,7.8,37.2,2.9,11.9,4.4
36079,6.9,20.6,19.6,25.5,55.9,7.2,9.9,4.4,78.0,88.8,10.899999999999999,67.7,4.3,9.6,69.1,18.5,7.7,21.2,22.4,11.2,8.3,13.2,4.6,31.8,11.1,5.8,6.3,32.5,20.4,79.1,14.9,8.8,27.3,10.5,2.5,6.1,36.8,2.3,6.6,3.5
36081,10.9,17.4,14.8,29.8,59.4,5.1,8.9,4.9,79.3,88.1,12.4,58.0,4.6,11.0,60.8,14.2,12.2,27.4,32.6,22.7,15.8,19.5,4.4,36.3,18.6,7.3,10.3,39.4,29.7,78.2,14.4,12.4,23.8,12.0,3.6,8.9,37.3,2.9,12.3,5.6
36083,5.9,23.1,18.9,28.8,57.5,7.4,10.9,5.0,78.0,87.7,12.5,63.9,5.6,12.2,65.9,20.6,8.5,25.2,23.9,12.9,11.4,14.8,5.1,31.7,11.9,7.2,7.3,32.3,22.5,74.9,16.9,10.4,31.7,11.9,3.0,7.3,41.2,2.7,12.2,3.9
36085,7.9,21.0,15.2,30.3,58.7,6.3,10.2,4.8,80.1,88.4,12.2,64.1,5.2,12.1,65.9,15.8,10.1,25.2,28.5,16.4,13.2,17.0,4.8,36.2,14.5,7.0,8.4,35.4,25.5,75.9,15.5,11.2,30.0,12.0,3.1,7.9,41.5,2.7,11.9,4.5
36087,8.5,20.9,17.0,29.1,58.7,6.6,10.6,5.2,78.6,87.9,12.4,61.5,5.4,11.8,62.7,18.4,9.9,24.2,24.4,16.8,14.4,17.1,5.0,31.9,15.3,7.5,8.7,35.2,26.3,79.3,15.8,11.3,30.9,11.8,3.5,8.9,43.7,2.9,10.3,4.9
36089,6.9,25.7,20.3,33.2,57.9,7.6,11.8,6.0,79.5,85.5,15.3,61.5,7.6,16.4,57.3,24.5,10.2,30.0,24.6,15.8,16.5,18.5,6.1,31.9,13.8,9.0,9.1,34.6,27.4,77.7,19.2,12.6,42.9,14.1,3.8,8.9,38.1,3.2,20.4,4.9
36091,4.9,22.8,19.2,27.3,57.0,7.6,10.4,4.6,78.1,88.6,11.4,68.3,4.7,10.7,70.7,21.2,7.6,22.0,21.6,9.6,8.1,12.6,4.7,32.4,9.7,6.2,5.9,32.3,18.5,83.0,16.1,8.8,32.8,10.7,2.5,5.7,30.7,2.4,11.6,3.2
36093,6.4,22.3,17.6,29.8,58.4,7.1,11.1,5.1,78.1,87.6,12.7,63.4,5.6,12.5,65.5,19.9,8.9,25.6,24.9,14.7,12.9,15.6,5.1,31.4,13.3,7.4,8.2,34.2,21.9,77.9,16.6,11.0,34.6,11.9,3.2,8.2,39.6,2.8,13.1,4.3
36095,6.4,22.9,20.0,30.4,56.7,7.6,11.2,5.4,78.3,86.7,13.5,63.8,6.2,14.3,58.4,21.5,8.7,25.8,23.6,13.4,12.3,15.9,5.5,32.3,12.1,7.8,7.7,33.2,23.6,73.1,17.9,11.0,33.0,12.6,3.2,7.5,40.4,2.8,8.5,4.1
36097,6.5,24.4,19.6,30.2,56.7,7.6,11.4,5.8,77.6,86.1,14.4,61.4,6.9,15.3,57.2,22.5,9.1,27.9,23.9,15.0,14.6,17.3,5.8,31.0,13.0,8.5,8.4,33.5,24.1,73.7,18.3,12.2,31.2,13.4,3.6,8.2,39.7,3.0,11.8,4.6
36099,7.6,23.6,19.0,30.6,56.7,7.5,11.4,5.8,78.1,85.8,14.8,61.3,7.0,15.7,60.9,22.4,9.1,28.4,25.7,16.2,15.1,18.3,5.7,31.7,13.9,8.6,8.8,35.0,26.7,73.0,18.5,12.3,34.8,13.7,3.7,8.4,37.3,3.1,16.7,4.7
36101,6.3,25.1,20.2,29.8,57.3,7.6,11.2,5.6,78.0,86.0,14.4,59.9,6.7,15.0,61.3,23.0,9.0,27.7,24.1,14.4,13.7,16.6,5.6,32.1,12.6,8.2,8.2,32.6,24.5,76.9,18.1,12.1,34.7,13.0,3.4,8.0,39.4,3.0,13.7,4.4
36103,7.7,19.9,18.2,27.6,56.5,6.9,10.2,4.6,79.5,89.0,11.7,61.9,4.5,9.7,66.6,16.6,8.3,24.5,24.4,13.2,9.9,14.8,4.6,34.3,12.5,6.3,7.0,30.6,23.1,78.8,15.4,10.1,29.7,11.0,2.7,6.7,39.3,2.4,9.8,3.8
36105,9.0,23.1,17.5,31.0,57.4,7.0,10.7,5.6,78.0,86.9,13.8,57.0,6.1,13.8,61.1,20.1,10.0,27.7,25.0,17.7,15.5,18.6,5.6,31.8,15.4,8.1,9.4,32.7,27.4,74.5,16.9,12.3,31.8,13.2,3.7,9.2,41.2,3.0,13.0,5.0
36107,6.2,23.7,19.3,30.2,56.7,7.6,11.2,5.4,77.9,86.7,13.9,62.4,6.4,14.3,65.6,22.6,8.6,26.5,23.3,13.7,12.6,16.0,5.5,32.5,12.3,8.0,7.8,32.0,24.2,78.9,17.9,11.3,30.5,12.9,3.3,7.5,38.9,2.9,18.3,4.2
36109,4.9,22.8,18.4,27.9,54.9,7.8,10.6,4.8,77.0,88.5,11.2,68.0,5.0,10.8,63.0,22.6,8.2,22.8,22.1,11.2,9.7,14.0,4.9,29.8,10.4,6.4,6.7,32.4,19.0,80.3,15.8,9.7,27.6,11.2,2.8,6.5,36.3,2.5,13.5,3.6
36111,6.9,22.6,17.1,31.7,57.3,7.3,10.5,5.2,79.0,87.8,12.6,61.2,5.6,12.1,63.3,20.3,8.8,24.5,23.5,13.7,12.1,15.6,5.1,31.6,13.1,7.3,8.0,31.4,22.8,78.3,16.6,10.7,30.6,12.2,3.2,7.7,37.2,2.8,10.9,4.2
36113,5.7,23.1,18.5,28.7,57.0,7.6,11.1,5.0,78.3,87.3,12.9,65.6,5.7,12.6,61.4,22.6,8.3,25.0,22.6,11.9,10.8,15.5,5.2,30.8,11.0,7.2,7.1,31.9,21.5,77.1,17.3,10.5,30.9,12.2,3.0,6.7,35.8,2.6,14.2,3.8
36115,6.7,24.4,19.1,30.0,56.9,7.6,11.2,5.4,78.6,86.3,14.1,57.0,6.4,14.9,61.9,21.7,8.6,27.9,24.5,13.9,12.9,16.9,5.5,33.6,12.5,8.1,7.9,33.3,24.8,78.5,18.1,11.7,31.2,13.1,3.3,7.7,35.4,2.9,18.9,4.3
36117,6.6,23.1,19.1,28.0,56.4,7.6,11.2,5.4,77.7,86.7,13.7,62.3,6.2,14.2,65.0,22.3,8.6,26.6,24.0,14.0,12.4,16.2,5.4,31.2,12.7,7.9,7.9,34.4,24.2,79.6,17.8,11.3,37.1,12.8,3.2,7.7,38.4,2.8,10.3,4.2
36119,8.0,20.1,16.8,25.7,56.3,6.5,9.3,4.4,78.4,89.3,10.8,63.4,4.1,9.3,68.0,16.2,8.8,21.5,22.7,13.1,10.1,13.9,4.3,31.6,12.8,6.0,7.1,31.8,21.0,81.0,14.3,9.4,25.9,10.3,2.8,7.1,35.9,2.4,8.4,4.0
36121,7.4,23.5,19.8,31.4,56.9,7.5,11.0,5.6,77.9,86.1,14.2,63.1,6.6,15.2,61.2,21.7,9.0,27.5,25.6,15.1,13.6,17.4,5.7,32.2,13.4,8.1,8.4,34.2,24.6,68.9,18.0,11.8,35.4,13.1,3.5,8.1,39.9,3.0,11.2,4.4
36123,7.3,23.9,20.1,29.7,56.7,7.6,11.4,5.7,77.7,85.5,14.9,63.2,7.1,15.8,59.4,22.3,8.9,28.3,24.3,15.7,14.8,17.7,5.8,31.7,13.3,8.8,8.6,33.7,25.0,75.5,18.5,12.3,34.5,13.5,3.6,8.1,38.0,3.0,16.0,4.7
37001,12.2,24.8,15.2,33.4,59.5,6.7,10.9,5.7,78.5,85.9,16.1,60.8,6.5,14.3,59.0,24.6,10.7,31.6,23.3,17.2,14.0,19.3,6.6,30.8,14.2,8.6,9.3,34.1,23.7,79.1,18.0,13.1,38.9,12.6,3.9,9.4,36.7,3.3,14.9,5.4
37003,11.7,25.1,17.2,33.5,57.6,7.2,10.9,6.1,76.4,84.0,17.4,60.4,7.5,17.1,61.9,27.0,10.1,33.6,23.6,15.8,12.8,19.6,7.4,31.9,12.5,9.0,8.7,34.1,24.7,76.5,19.1,13.4,36.2,13.4,3.8,8.1,34.3,3.3,12.9,5.1
37005,13.7,25.8,16.5,34.7,58.2,7.3,11.0,6.7,76.6,83.3,18.4,57.7,8.4,17.9,55.4,27.6,11.2,35.4,22.3,18.5,16.0,22.1,8.1,32.5,14.0,10.0,10.0,33.2,26.8,75.2,19.3,14.9,36.6,14.4,4.5,9.5,35.1,3.5,19.2,6.1
37007,14.5,26.9,13.7,42.0,62.4,5.9,12.0,7.0,79.2,83.6,19.7,57.3,8.9,20.2,52.7,24.3,14.6,39.0,29.2,28.2,26.6,26.4,7.2,31.9,21.6,11.8,14.5,36.5,31.7,77.1,20.2,18.2,43.4,15.1,6.0,15.7,41.0,4.6,25.5,8.0
37009,11.2,25.5,17.1,33.5,57.6,7.5,10.8,6.1,76.6,84.4,17.0,59.6,7.4,16.2,61.2,27.6,9.9,32.9,21.6,14.6,12.2,19.3,7.5,32.4,11.5,8.9,8.3,33.1,23.8,72.7,18.9,13.1,36.3,13.2,3.8,7.8,33.9,3.2,18.1,5.0
37011,11.5,25.2,17.6,33.8,57.5,7.4,10.6,6.3,76.5,84.1,16.9,59.7,7.4,16.5,60.9,26.4,10.2,33.0,22.3,15.1,12.3,19.5,7.6,32.0,12.0,8.8,8.5,32.2,23.8,73.4,18.4,13.2,37.4,13.2,3.8,8.1,33.8,3.2,13.4,5.1
37013,11.8,25.7,16.0,36.2,59.9,6.7,11.4,6.2,78.2,85.0,17.5,61.2,7.5,16.8,59.0,25.9,11.4,34.0,23.8,19.3,16.7,20.7,7.0,31.8,15.4,9.6,10.3,34.9,26.0,77.1,18.9,14.5,37.0,13.4,4.4,10.6,35.4,3.6,17.6,5.9
37015,13.8,26.2,13.6,42.7,63.0,5.6,12.1,6.8,80.0,84.5,19.0,55.9,8.3,19.2,50.9,23.0,14.9,38.1,29.9,28.7,26.7,26.2,6.7,31.9,22.2,11.6,14.6,37.1,31.8,77.9,19.6,18.0,43.4,14.6,6.0,16.1,43.8,4.6,33.2,8.0
37017,12.8,25.8,14.8,38.9,61.2,6.4,11.8,6.5,79.0,84.7,18.2,58.2,7.8,17.5,56.4,25.8,12.7,36.0,25.2,22.5,20.4,23.2,7.1,32.2,17.8,10.4,12.0,35.7,29.1,77.5,19.5,15.8,41.3,14.1,5.0,12.7,38.2,4.0,20.8,6.8
37019,8.9,24.1,17.6,30.1,57.9,7.4,10.7,5.2,78.7,86.7,14.6,65.3,5.7,13.0,65.8,26.0,8.9,28.8,20.6,11.9,9.2,15.6,6.4,30.8,10.4,7.3,7.0,31.7,19.9,79.0,17.2,10.9,32.9,11.2,3.0,6.9,36.3,2.8,12.7,4.1
37021,9.3,22.9,17.2,31.2,57.2,7.6,10.4,5.2,76.6,86.4,14.5,60.7,5.8,12.5,68.9,25.9,8.9,28.6,20.7,12.1,9.6,15.7,6.5,30.1,10.1,7.3,7.1,31.3,19.2,74.9,16.6,11.2,31.2,11.3,3.1,6.7,27.7,2.8,7.199999999999999,4.2
37023,12.4,25.7,16.5,34.1,58.3,7.1,11.0,6.4,77.2,83.9,17.7,58.6,7.8,17.4,60.4,27.4,10.9,34.2,23.6,17.4,14.5,21.0,7.5,31.4,13.4,9.5,9.4,34.5,26.7,76.1,19.0,14.1,36.7,13.7,4.2,8.9,35.2,3.4,20.8,5.7
37025,10.2,23.3,15.6,32.7,58.8,6.7,10.4,5.1,77.8,87.2,14.1,61.4,5.4,12.1,66.3,23.6,9.9,28.8,23.4,13.7,10.3,16.6,6.0,31.1,11.8,7.2,7.7,33.1,21.3,78.6,16.6,11.3,32.7,11.1,3.1,7.6,34.3,2.8,16.1,4.4
37027,12.1,24.8,17.0,33.5,57.3,7.2,11.1,6.2,76.8,83.9,17.8,59.7,7.8,17.3,59.0,27.7,10.3,33.2,22.9,16.6,13.9,20.6,7.5,31.9,12.8,9.4,9.0,33.4,25.5,77.3,19.3,13.8,33.2,13.8,4.0,8.6,33.0,3.4,20.4,5.4
37029,8.6,23.6,17.8,31.0,56.9,7.1,10.6,5.0,77.7,86.6,14.3,64.9,5.5,12.8,64.2,25.6,8.8,28.2,21.7,11.0,7.999999999999999,15.3,6.2,31.2,9.8,6.9,6.6,32.3,20.1,76.6,17.2,10.7,34.4,11.1,2.9,6.2,33.9,2.7,14.5,3.8
37031,8.8,23.5,18.1,31.3,57.3,7.5,10.6,5.3,77.6,86.2,14.6,65.7,5.9,13.1,67.4,26.3,8.7,28.4,20.6,11.4,8.7,15.7,6.5,31.1,9.8,7.3,6.9,31.8,19.9,78.3,17.2,11.0,33.7,11.5,3.0,6.5,33.0,2.8,12.9,4.0
37033,12.6,25.3,15.5,37.2,59.8,6.3,11.3,6.2,78.2,84.4,17.8,58.9,7.5,17.4,57.1,24.9,12.0,34.9,26.5,20.3,17.4,21.8,6.8,31.5,16.2,9.8,10.8,35.7,26.9,77.0,19.1,15.0,39.1,13.6,4.6,11.0,36.3,3.8,21.8,6.1
37035,11.5,24.0,16.5,32.7,57.1,7.1,10.7,5.7,76.5,85.4,16.0,57.7,6.6,15.0,60.3,26.6,10.1,31.1,23.5,15.2,11.8,18.4,6.9,32.4,12.3,8.2,8.4,34.3,23.2,74.4,17.9,12.5,37.2,12.4,3.6,7.9,32.3,3.1,13.4,4.9
37037,10.2,23.1,17.2,31.3,57.3,7.1,10.3,5.1,78.4,87.0,13.8,60.9,5.4,11.9,65.3,24.0,9.4,27.5,20.8,12.7,9.3,15.8,6.1,31.1,10.8,7.0,7.2,30.1,20.4,78.9,15.9,11.1,30.2,10.9,3.1,6.9,30.1,2.8,11.0,4.3
37039,10.2,25.5,17.3,33.3,57.5,7.5,11.0,6.2,77.2,84.5,17.1,58.9,7.5,16.6,58.7,28.5,10.1,32.8,21.7,14.9,12.7,19.0,7.6,32.5,11.7,9.1,8.5,32.9,23.9,75.1,19.1,13.3,34.8,13.3,3.8,8.1,32.2,3.2,13.9,5.1
37041,12.0,25.7,14.8,38.3,60.7,6.5,11.7,6.4,78.8,84.6,18.0,59.5,7.9,17.6,57.7,25.5,12.5,35.5,25.1,21.4,19.6,22.5,7.0,32.2,16.7,10.3,11.4,35.3,27.7,76.0,19.3,15.6,40.6,14.0,4.8,11.9,37.8,3.9,14.6,6.5
37043,9.6,24.4,17.5,32.1,57.2,7.5,10.9,5.8,76.7,85.2,16.0,60.1,6.8,14.9,60.9,27.9,9.3,31.2,20.9,12.8,10.5,17.3,7.2,31.5,10.5,8.2,7.5,32.6,22.2,76.6,18.2,12.1,35.5,12.4,3.4,7.1,33.1,3.0,17.6,4.5
37045,11.4,25.8,15.7,36.3,59.4,6.9,11.6,6.2,77.9,84.7,17.6,56.4,7.6,16.9,55.2,26.9,11.2,34.4,23.8,18.5,16.2,20.8,7.1,32.3,14.7,9.7,10.1,34.7,26.2,75.8,19.1,14.5,38.6,13.6,4.3,10.2,36.4,3.6,14.2,5.8
37047,12.9,26.5,14.8,39.2,59.9,6.5,11.9,6.6,78.3,84.0,18.9,55.5,8.3,19.0,51.9,25.5,12.8,36.4,26.1,22.7,20.7,23.6,7.4,32.2,17.8,10.8,12.1,35.7,29.5,77.7,19.8,16.1,41.2,14.6,5.1,12.6,39.6,4.0,24.9,6.9
37049,10.5,24.8,16.4,34.9,59.6,6.8,11.0,5.7,78.8,85.8,16.0,62.4,6.6,14.8,59.3,25.3,10.5,31.7,23.4,15.9,12.9,18.9,6.7,30.8,13.1,8.4,8.9,34.9,23.6,77.0,18.0,13.0,37.5,12.5,3.8,9.0,34.8,3.2,15.2,5.1
37051,11.7,25.9,15.5,38.9,61.5,6.1,11.5,5.8,79.8,86.0,16.3,63.6,6.6,15.6,61.4,24.8,12.6,35.3,26.1,20.5,17.5,21.0,6.3,31.4,16.9,9.2,10.9,36.1,25.9,77.9,18.2,15.2,41.1,13.1,4.5,12.0,42.1,3.7,15.5,6.2
37053,8.6,23.1,18.5,30.1,56.7,7.3,10.4,5.1,77.4,86.5,14.3,62.8,5.5,12.9,67.5,25.8,8.6,28.3,21.2,10.7,7.9,15.1,6.3,30.7,9.5,6.9,6.4,31.7,20.4,81.0,17.1,10.6,33.6,11.1,2.8,6.0,31.3,2.7,9.9,3.8
37055,8.1,22.5,17.8,29.7,56.7,7.6,10.2,4.9,77.6,87.3,13.2,62.7,5.1,11.4,71.3,26.0,8.1,26.3,19.5,9.6,7.0,13.8,6.2,30.6,8.5,6.4,5.9,31.1,18.4,79.4,16.3,9.8,31.0,10.4,2.6,5.5,28.1,2.5,8.0,3.5
37057,11.7,24.9,15.8,33.4,59.0,7.1,11.1,6.0,77.0,84.8,17.2,59.7,7.2,16.0,61.2,26.7,10.3,32.5,23.2,16.5,13.5,19.4,7.1,31.3,13.0,8.9,9.0,32.9,25.1,77.0,18.9,13.2,36.0,13.1,3.9,8.7,33.9,3.3,16.3,5.3
37059,10.2,24.3,17.3,32.1,57.1,7.2,10.6,5.4,76.8,85.8,15.4,59.7,6.1,14.0,62.5,26.5,9.2,30.4,21.9,12.8,9.8,16.8,6.7,31.2,10.8,7.7,7.3,33.3,21.8,81.8,17.6,11.6,33.3,11.9,3.2,6.9,33.5,2.9,13.7,4.3
37061,16.6,25.1,15.0,37.3,60.1,6.3,11.2,6.4,77.7,84.3,18.4,58.0,7.7,16.8,55.6,24.4,12.7,36.5,25.4,22.8,19.3,24.1,7.3,32.1,18.2,10.2,11.9,34.9,28.5,74.9,18.8,15.9,39.6,14.2,5.0,12.0,35.4,3.9,18.9,7.0
37063,9.6,21.6,15.4,32.8,60.1,6.2,10.8,4.9,80.4,87.7,13.1,62.6,5.0,11.0,68.2,22.8,10.4,27.8,22.2,14.3,11.2,16.5,5.5,30.8,12.3,7.0,8.2,32.0,21.7,80.3,15.2,11.5,36.5,10.7,3.3,8.1,33.7,3.0,11.9,4.6
37065,13.7,26.6,13.2,41.5,63.3,5.6,12.6,6.6,79.9,85.1,19.0,57.8,8.1,18.4,53.9,23.9,14.3,37.6,28.3,27.8,26.299999999999997,25.5,6.5,30.9,22.0,11.5,14.3,36.3,31.7,78.3,19.9,17.8,43.8,14.7,5.8,15.8,38.4,4.5,25.3,7.8
37067,11.3,23.2,15.7,33.7,59.5,6.6,11.1,5.5,78.6,86.7,15.5,62.3,6.2,13.8,63.7,24.0,11.0,31.5,23.5,16.7,13.8,19.1,6.3,29.9,14.0,8.3,9.2,33.6,24.5,82.6,17.1,13.0,41.5,12.1,3.8,9.4,34.2,3.2,16.6,5.3
37069,11.7,24.5,15.9,34.4,58.7,6.6,11.0,5.7,78.2,85.9,16.1,59.8,6.4,14.8,61.3,25.2,10.7,32.5,24.5,17.0,13.6,19.0,6.5,31.5,14.2,8.5,9.3,35.0,24.0,75.0,17.9,13.3,38.3,12.4,3.9,9.3,37.4,3.3,17.5,5.3
37071,11.4,24.9,16.4,33.7,59.7,6.9,11.1,5.7,78.2,85.7,16.4,59.9,6.7,15.0,61.0,25.9,10.7,31.8,23.2,16.7,13.7,19.3,6.7,32.0,14.0,8.7,9.1,34.3,24.4,77.9,18.3,13.2,35.9,12.7,3.9,9.2,38.1,3.2,19.2,5.3
37073,10.9,25.8,15.7,36.5,59.9,6.4,11.6,6.1,77.8,84.8,17.5,59.0,7.3,17.1,59.2,26.1,11.7,34.4,25.7,19.1,16.6,20.9,6.7,31.6,15.6,9.6,10.4,35.6,26.7,77.4,19.5,14.6,38.5,13.4,4.3,10.7,37.3,3.7,22.7,5.8
37075,10.6,25.0,17.7,32.8,56.8,7.3,11.2,5.9,76.4,84.4,17.2,60.2,7.1,16.6,60.3,27.5,9.8,32.7,23.4,14.6,11.3,18.8,7.4,31.6,11.8,8.7,8.4,34.2,23.6,78.4,19.2,12.8,35.5,13.2,3.6,7.6,34.3,3.1,18.9,4.8
37077,12.3,24.1,15.5,36.1,60.0,6.4,11.3,5.9,78.4,85.5,16.5,61.0,6.7,15.5,59.3,24.2,11.3,32.5,25.0,18.9,15.4,20.4,6.6,31.8,15.4,8.9,10.1,34.4,25.4,77.4,18.1,13.7,35.9,12.7,4.2,10.3,36.6,3.5,17.8,5.7
37079,17.2,26.3,14.9,40.3,61.2,6.0,11.2,7.1,77.5,82.9,19.5,56.4,8.6,19.7,51.2,23.7,14.3,38.8,28.5,26.7,23.5,26.4,7.6,32.3,20.6,11.2,13.7,36.3,31.6,78.3,19.3,17.4,42.7,15.0,5.8,14.2,40.9,4.4,29.2,7.9
37081,10.6,24.4,14.4,35.1,61.2,6.3,11.2,5.5,79.7,87.0,15.3,60.0,6.0,13.5,60.7,24.5,11.2,32.1,24.7,17.5,14.6,18.3,6.2,31.2,15.1,8.3,9.6,34.1,23.5,79.2,17.3,12.8,38.6,12.0,3.9,10.1,36.3,3.3,13.3,5.3
37083,14.5,27.5,13.5,42.9,62.8,5.7,12.5,7.1,79.7,83.7,20.4,55.2,9.1,20.5,51.9,23.9,15.2,39.0,29.3,30.9,29.4,27.3,7.2,32.3,23.5,12.6,15.8,37.7,33.1,77.6,20.4,18.9,42.6,15.6,6.5,17.3,39.6,4.8,27.5,8.7
37085,12.3,25.1,16.4,36.5,59.5,6.6,11.0,5.9,78.5,85.8,16.6,62.5,6.7,15.2,60.4,26.1,11.1,33.5,24.1,17.4,14.3,20.2,6.7,31.8,14.3,8.8,9.5,33.9,25.7,76.5,18.3,13.8,36.7,12.9,4.0,9.6,37.5,3.4,14.8,5.5
37087,9.6,24.6,17.6,32.2,57.6,7.5,10.8,5.7,76.5,85.5,15.8,62.1,6.6,14.4,66.0,28.5,9.2,31.8,21.0,12.8,10.2,17.3,7.1,31.6,10.5,8.0,7.4,33.0,21.8,80.0,18.1,12.1,33.2,12.4,3.3,7.0,31.5,2.9,15.3,4.4
37089,10.6,23.4,16.6,30.4,57.3,7.3,10.5,5.4,77.2,86.0,14.9,59.8,6.1,13.2,64.8,25.8,9.1,29.3,20.6,12.8,9.8,17.0,6.7,31.3,10.7,7.5,7.4,31.2,21.0,76.6,17.2,11.5,30.4,11.8,3.2,7.0,34.4,2.8,12.2,4.4
37091,13.9,26.7,13.0,42.2,63.4,5.6,12.4,6.8,80.5,84.8,19.1,59.5,8.3,18.8,51.1,23.9,15.2,38.0,28.8,28.7,27.300000000000004,26.1,6.7,32.2,22.5,11.7,14.8,36.8,31.6,77.6,19.9,18.1,43.3,14.8,6.1,16.5,42.9,4.6,29.3,8.2
37093,12.9,26.1,14.3,38.2,60.9,5.8,11.6,6.2,79.5,85.6,17.4,58.6,6.9,16.2,57.5,24.4,13.2,35.1,25.8,22.4,18.8,22.8,6.7,31.7,18.2,9.8,11.9,35.7,28.1,77.5,18.9,15.5,38.1,13.8,4.8,12.5,39.8,3.9,24.6,6.7
37095,14.4,26.1,15.7,39.7,60.9,6.4,10.9,7.0,77.6,83.2,18.6,54.4,8.5,19.4,50.5,24.3,13.3,37.3,26.5,23.3,20.8,24.4,7.7,32.5,17.9,10.5,12.3,34.6,29.4,73.9,19.0,16.5,40.8,14.6,5.3,12.9,38.0,4.1,26.1,7.1
37097,9.6,23.3,17.0,32.4,57.8,7.1,10.5,5.2,78.3,86.6,14.5,60.4,5.6,12.9,63.5,25.2,9.0,29.5,22.0,12.6,9.4,16.2,6.3,31.7,10.7,7.2,7.2,32.4,20.7,77.6,16.9,11.2,32.3,11.3,3.1,7.0,30.9,2.8,12.0,4.2
37099,10.6,25.7,16.8,33.5,57.7,7.4,11.1,6.2,77.2,84.8,16.9,56.3,7.4,16.1,61.8,27.9,10.9,33.6,21.7,15.7,13.1,19.3,7.7,32.2,12.6,9.1,9.1,34.1,24.2,76.0,19.0,13.7,36.7,13.3,3.9,8.7,34.0,3.3,15.3,5.3
37101,11.8,23.6,15.9,32.9,58.7,6.8,10.7,5.4,78.2,86.3,15.4,61.7,6.0,13.9,61.1,24.6,10.5,31.6,22.9,15.4,11.8,18.2,6.5,31.5,13.0,8.0,8.5,32.9,23.1,81.5,17.4,12.5,34.5,12.2,3.6,8.4,35.5,3.1,15.6,5.0
37103,12.8,26.7,15.1,38.2,60.8,6.5,11.7,6.7,78.2,83.9,18.8,59.0,8.4,18.6,55.7,26.5,12.7,36.7,24.9,22.3,20.6,23.5,7.4,32.2,17.1,10.7,11.8,34.6,28.6,79.2,19.9,16.3,39.6,14.5,5.1,12.2,36.9,4.0,18.4,6.8
37105,14.4,25.0,16.2,34.6,59.5,6.6,10.9,6.0,77.8,85.2,17.2,59.3,6.9,15.6,57.8,25.1,11.7,34.1,24.8,19.1,15.2,21.5,7.0,32.9,15.8,9.2,10.3,35.2,26.5,74.4,18.5,14.3,37.7,13.4,4.3,10.0,39.1,3.4,16.2,6.0
37107,14.6,27.0,13.8,40.5,62.2,6.1,12.3,7.0,79.5,83.9,20.0,58.0,8.9,20.0,53.5,25.6,14.1,39.0,26.5,27.1,25.9,26.7,7.3,32.2,21.0,12.0,14.1,35.5,32.3,76.9,20.3,18.2,42.5,15.4,6.0,15.1,41.4,4.5,25.1,8.0
37109,10.1,24.0,17.9,31.9,57.7,7.3,10.6,5.4,76.8,85.9,15.4,60.8,6.2,14.0,62.6,26.3,9.1,29.6,22.0,12.6,9.7,16.6,6.6,31.3,10.8,7.6,7.3,33.1,21.5,79.2,17.6,11.5,34.4,11.8,3.2,6.9,34.4,2.9,11.8,4.3
37111,11.8,25.6,16.9,33.6,57.6,7.3,11.0,6.2,77.0,84.1,17.6,60.4,7.7,17.3,52.8,27.4,10.3,33.7,22.5,16.0,13.4,19.9,7.5,32.9,12.4,9.2,8.8,33.8,24.6,74.0,19.1,13.7,35.0,13.6,4.0,8.3,36.3,3.3,17.4,5.3
37113,11.4,24.8,16.9,33.6,57.5,7.4,10.8,6.1,77.1,84.7,16.9,61.3,7.2,15.7,62.3,27.8,10.0,33.1,21.2,15.1,12.3,19.0,7.5,32.2,12.0,8.7,8.4,32.0,24.3,77.4,18.6,13.1,35.6,13.1,3.8,8.0,32.6,3.2,12.4,5.1
37115,9.3,24.5,17.3,32.3,56.5,7.6,10.8,5.6,77.5,85.5,15.9,59.4,6.6,14.6,61.2,27.4,9.1,31.2,20.6,12.3,10.0,17.0,7.0,31.4,10.1,7.9,7.3,32.2,21.6,77.2,18.0,12.0,34.9,12.2,3.3,6.8,32.0,2.9,19.4,4.4
37117,12.6,26.3,14.2,38.8,61.3,6.1,12.2,6.4,79.0,84.7,18.8,59.0,8.0,18.2,53.9,25.9,13.1,37.0,26.9,23.9,21.6,23.8,6.8,31.9,18.9,10.9,12.4,37.0,28.6,78.7,20.1,16.6,40.4,14.4,5.2,13.2,38.9,4.1,25.2,6.9
37119,10.1,22.1,15.1,31.3,59.3,6.4,10.4,4.9,78.8,87.9,13.2,60.4,5.0,10.7,63.7,22.4,10.1,27.6,23.6,14.5,10.7,15.9,5.6,30.6,12.5,6.9,7.9,32.4,21.1,80.3,15.6,11.2,29.5,10.7,3.2,8.2,38.6,2.9,8.3,4.6
37121,10.0,24.7,17.6,32.1,56.9,7.5,10.8,5.7,76.8,85.0,16.1,64.3,6.8,15.1,62.8,27.5,9.4,31.1,21.5,12.8,10.3,17.5,7.1,31.6,10.6,8.2,7.5,32.8,22.7,75.3,18.4,12.2,37.0,12.5,3.4,7.0,32.8,3.0,12.6,4.5
37123,14.5,25.7,15.3,36.0,59.5,6.7,11.2,6.4,78.0,84.4,17.9,59.9,7.7,16.9,58.7,25.9,11.8,35.2,24.7,20.5,17.1,22.5,7.4,32.2,16.2,9.8,10.8,35.0,27.3,77.4,18.9,15.1,38.9,14.1,4.5,10.6,35.8,3.6,20.2,6.3
37125,8.8,23.0,16.9,31.3,57.6,7.3,10.5,5.1,78.3,87.0,14.0,61.2,5.4,11.8,67.5,25.2,8.9,28.4,21.1,11.4,8.6,15.1,6.2,31.5,9.9,6.9,6.8,31.4,19.2,77.3,16.6,10.6,32.8,11.0,2.9,6.6,32.7,2.7,13.3,4.0
37127,12.3,25.1,14.9,37.4,61.5,6.1,11.6,5.9,79.2,85.7,16.9,59.0,6.9,15.9,57.5,23.8,12.3,33.5,26.2,21.2,18.1,21.7,6.3,32.1,17.7,9.5,11.2,34.5,27.5,80.9,18.6,14.8,38.3,13.1,4.5,11.9,37.3,3.7,18.4,6.1
37129,8.7,23.9,19.1,31.7,57.3,7.4,10.6,5.3,78.4,86.8,14.3,64.5,5.7,12.2,68.1,25.7,9.2,29.2,20.5,11.8,9.6,15.9,6.4,32.9,10.2,7.3,7.2,32.6,20.3,79.5,17.1,11.1,31.8,11.2,3.1,7.0,32.1,2.8,9.4,4.2
37131,12.8,26.5,13.5,41.1,62.5,5.8,12.3,6.5,80.4,85.0,18.7,58.4,8.0,18.4,55.9,24.4,14.2,37.6,28.4,26.7,24.9,24.9,6.5,31.3,21.2,11.3,13.8,36.5,30.2,76.2,19.8,17.3,43.1,14.3,5.6,15.3,40.1,4.4,23.3,7.5
37133,11.3,24.4,15.9,34.1,58.5,6.8,10.4,5.8,79.1,85.3,16.1,61.5,6.6,15.1,63.0,23.8,10.7,32.6,22.9,15.8,12.8,18.8,6.9,30.4,13.1,8.3,8.8,33.5,22.9,78.1,17.8,13.0,36.0,12.5,3.8,8.8,38.6,3.2,14.2,5.2
37135,7.9,22.2,16.2,29.8,58.3,7.1,10.1,4.8,78.6,87.9,12.4,66.1,4.8,10.3,71.2,24.4,9.0,25.6,20.0,10.4,7.5,13.8,5.8,31.2,9.0,6.2,6.3,31.1,18.4,78.4,15.3,9.8,29.5,10.0,2.7,6.0,30.6,2.6,7.699999999999999,3.8
37137,10.7,24.7,16.5,35.0,58.9,6.9,10.8,5.8,77.8,85.4,16.1,59.0,6.7,15.1,60.7,25.4,10.4,31.9,23.5,15.6,12.8,18.9,6.8,31.0,13.0,8.4,8.8,33.6,23.5,74.1,18.0,12.9,36.3,12.5,3.7,8.8,34.7,3.2,15.3,5.0
37139,10.4,24.4,15.5,35.9,60.5,6.4,11.4,5.6,79.5,86.4,15.8,60.5,6.3,14.5,60.5,24.4,11.3,31.8,24.7,17.3,14.5,19.3,6.2,31.5,14.8,8.6,9.6,34.0,24.4,77.1,18.0,13.4,38.7,12.3,3.9,10.1,36.7,3.4,16.3,5.3
37141,10.2,24.2,17.9,32.4,57.5,7.1,10.7,5.5,77.2,85.9,15.3,61.3,6.1,14.1,61.2,25.8,9.7,30.0,22.5,13.4,10.5,17.1,6.6,30.3,11.5,7.8,7.7,33.1,21.0,78.7,17.8,12.0,35.6,12.0,3.4,7.5,32.9,3.0,10.7,4.5
37143,10.8,25.0,16.4,34.9,59.3,6.8,11.4,5.9,78.2,85.3,16.8,62.3,7.0,15.9,63.6,26.2,10.7,32.4,24.0,16.9,14.2,19.4,6.8,31.5,13.8,9.0,9.3,34.2,24.6,77.9,18.8,13.4,37.5,12.9,3.9,9.3,34.2,3.4,16.5,5.3
37145,11.5,25.4,16.1,36.7,59.5,6.6,11.5,6.1,78.1,85.1,17.3,60.8,7.3,16.5,56.1,26.2,11.6,33.9,24.4,18.9,16.3,20.7,6.8,31.4,15.2,9.5,10.2,34.4,26.5,78.1,19.0,14.5,38.5,13.4,4.3,10.4,37.8,3.6,18.3,5.8
37147,10.5,25.5,14.8,35.5,62.0,6.4,11.5,5.8,79.4,86.2,16.1,62.7,6.7,15.0,62.9,25.0,12.0,32.1,24.1,18.9,16.9,19.7,6.4,31.4,16.0,9.1,10.4,34.1,25.9,77.9,18.0,14.3,40.8,12.6,4.3,11.4,36.1,3.6,20.5,5.8
37149,9.8,24.1,17.4,32.1,57.3,7.4,10.8,5.6,76.8,85.7,15.4,62.3,6.5,14.1,68.6,26.8,9.4,30.5,20.7,12.9,10.2,17.2,6.8,31.5,10.7,7.9,7.5,31.7,21.8,77.0,17.8,12.0,35.7,12.1,3.3,7.0,30.3,2.9,8.1,4.5
37151,13.8,25.3,16.3,34.3,58.1,7.0,10.9,6.3,77.1,84.1,17.9,59.7,7.7,16.9,56.4,27.4,10.9,34.6,23.0,17.9,14.6,21.5,7.5,32.6,14.3,9.4,9.6,33.8,26.5,77.7,19.1,14.2,39.7,13.8,4.1,9.2,35.7,3.4,20.7,5.7
37153,14.0,27.4,14.1,39.5,61.6,6.4,12.2,7.1,78.8,83.6,19.8,57.9,9.1,20.0,54.9,26.8,13.8,38.9,26.2,26.0,24.4,25.8,7.7,32.2,20.0,11.8,13.7,35.5,30.9,78.5,20.3,17.7,43.0,15.3,5.8,14.6,37.9,4.3,27.1,7.8
37155,16.7,29.4,12.2,42.9,63.3,5.9,13.3,8.1,80.1,82.5,21.8,55.4,10.3,23.1,48.8,23.4,16.4,41.2,26.4,31.2,30.9,30.6,9.5,33.8,23.0,13.9,17.6,33.9,34.9,74.9,20.9,20.7,48.1,17.3,6.9,17.4,40.1,5.2,31.1,10.5
37157,12.5,25.5,16.3,35.9,59.4,6.8,11.4,6.2,77.8,84.4,18.3,59.6,7.8,17.6,57.3,26.7,11.3,35.7,24.8,19.0,16.6,21.5,7.2,31.8,15.1,9.9,10.3,35.5,26.8,75.8,19.7,15.0,37.1,13.9,4.4,10.2,38.1,3.6,19.2,6.0
37159,12.2,25.3,15.9,33.8,58.2,6.8,11.0,6.0,77.7,85.0,17.1,57.5,7.2,16.2,60.5,25.4,10.8,34.6,22.9,17.4,14.8,20.3,7.1,31.6,14.2,9.1,9.6,33.3,26.4,75.5,18.6,13.9,37.4,13.4,4.1,9.5,31.8,3.4,18.8,5.6
37161,12.0,25.7,16.1,34.8,58.5,7.2,11.4,6.5,76.7,83.8,18.2,61.0,8.2,17.8,56.8,28.3,11.1,35.4,23.1,18.1,15.8,21.4,7.6,31.7,14.0,10.0,9.8,33.7,26.8,76.9,19.7,14.7,38.0,14.1,4.4,9.7,34.3,3.5,20.2,5.9
37163,16.2,25.5,15.1,38.0,60.4,6.2,11.3,6.6,77.6,84.1,18.7,55.8,7.8,17.5,53.2,25.4,13.0,37.1,26.0,23.3,19.8,24.4,7.3,32.5,18.2,10.4,12.1,36.4,29.4,76.6,19.3,16.2,41.7,14.5,5.1,12.2,35.6,3.9,25.4,7.1
37165,14.6,27.0,13.9,42.6,61.7,6.1,12.5,7.5,79.0,83.0,20.7,55.2,9.6,22.0,50.5,25.0,15.2,40.8,27.8,29.4,28.5,28.2,8.0,33.1,22.4,12.6,15.7,37.6,32.7,75.0,20.7,19.1,45.5,16.1,6.4,16.8,41.3,4.8,22.5,8.7
37167,11.2,25.0,16.5,33.9,58.7,7.1,11.1,6.0,76.8,84.8,17.0,58.0,7.3,16.3,60.1,26.7,10.5,32.8,23.6,16.2,13.5,19.5,7.2,31.9,13.0,9.0,9.0,33.7,24.2,76.8,18.8,13.5,36.3,13.2,3.9,8.8,35.7,3.3,20.0,5.2
37169,10.5,25.9,17.0,33.5,57.7,7.3,11.0,6.0,77.1,84.6,17.0,61.0,7.3,16.5,60.6,28.2,9.9,32.6,22.0,14.5,12.1,18.9,7.3,32.6,11.7,8.8,8.3,34.2,24.1,75.6,19.0,13.0,36.8,13.1,3.7,7.9,33.0,3.2,15.3,4.9
37171,13.3,25.8,15.9,34.1,57.9,7.3,11.3,6.4,77.0,83.9,18.3,59.1,8.1,17.5,57.8,28.4,10.8,36.2,22.7,18.0,15.2,21.8,7.8,33.0,13.8,9.7,9.6,33.6,27.1,75.7,19.4,14.8,40.8,14.1,4.3,9.1,33.7,3.4,18.1,5.8
37173,11.9,26.4,16.0,36.5,58.2,7.1,12.3,6.8,77.7,83.5,19.5,56.4,8.6,20.4,55.4,27.9,12.5,38.4,24.7,21.9,18.2,23.7,8.7,32.9,16.3,11.0,12.4,35.4,26.5,73.8,20.7,16.3,40.8,15.4,4.7,11.6,36.2,3.8,19.7,6.9
37175,8.6,24.3,17.6,32.0,56.8,7.6,10.6,5.4,78.1,86.3,14.7,60.9,6.1,13.1,67.9,27.0,8.9,28.8,20.0,11.4,9.1,15.9,6.7,31.3,9.7,7.4,6.9,31.3,19.7,78.9,17.4,11.1,34.4,11.6,3.1,6.6,32.0,2.8,11.6,4.1
37177,15.0,25.8,15.1,38.3,60.5,6.1,11.2,6.8,77.4,83.4,18.9,58.7,8.2,18.8,59.1,24.5,13.3,37.1,26.7,23.6,20.8,24.6,7.3,32.2,18.1,10.7,12.3,35.3,29.5,78.2,19.2,16.5,41.3,14.6,5.2,12.5,37.0,4.1,19.9,7.2
37179,9.9,22.3,16.5,31.0,57.5,6.9,10.2,5.0,78.3,87.2,13.7,63.4,5.2,11.8,69.1,24.6,9.3,27.2,21.6,12.3,8.7,15.6,6.0,32.0,10.5,6.8,6.9,31.6,21.1,73.5,16.4,10.5,33.0,11.0,2.9,6.5,31.7,2.7,14.2,4.1
37181,13.8,26.0,13.4,40.0,62.6,5.8,12.1,6.4,80.3,85.2,18.5,59.4,7.8,17.8,54.1,24.1,13.9,36.5,27.4,26.3,24.2,24.5,6.6,31.8,20.9,11.0,13.6,36.6,30.0,80.9,19.5,16.7,42.8,14.3,5.4,14.8,41.0,4.2,20.9,7.4
37183,8.0,20.6,15.0,31.2,58.0,6.7,10.0,4.5,79.8,88.7,12.0,64.0,4.4,9.5,70.4,23.1,9.0,23.9,20.6,10.4,7.3999999999999995,13.5,5.4,31.7,9.1,5.8,6.2,31.8,17.9,80.4,14.9,9.4,28.9,9.2,2.6,5.799999999999999,31.6,2.5,7.300000000000001,3.6
37185,13.7,26.6,13.5,41.5,62.7,5.8,12.1,7.0,79.9,84.3,19.3,57.4,8.5,19.5,50.1,24.0,14.8,38.8,28.4,28.3,26.5,26.2,7.2,31.8,21.6,11.7,14.7,36.6,31.0,79.6,19.8,18.0,44.3,14.8,5.9,16.0,41.4,4.6,22.1,8.1
37187,13.8,27.9,13.3,42.0,63.2,6.0,12.6,7.1,80.0,84.2,20.0,57.9,9.0,20.2,52.0,25.6,14.8,39.8,28.0,28.9,28.3,26.8,7.2,31.9,22.5,12.3,15.0,37.1,32.0,78.5,20.7,18.6,44.1,15.4,6.200000000000001,16.6,40.4,4.6,27.3,8.2
37189,9.5,25.7,17.6,33.8,58.4,7.6,10.8,6.3,77.9,85.1,16.2,60.3,7.3,15.1,63.5,28.1,10.5,32.1,19.4,14.1,12.5,18.6,7.6,32.4,11.3,8.7,8.3,31.5,23.0,76.2,18.3,13.1,37.0,12.9,3.9,8.2,32.1,3.2,17.1,5.1
37191,13.4,25.5,15.4,38.0,61.1,6.3,11.5,6.3,78.7,84.9,17.6,57.4,7.5,16.8,59.2,24.8,12.5,35.2,25.6,21.7,18.8,22.4,6.9,31.5,17.1,10.0,11.4,33.5,27.6,76.7,18.7,15.5,39.9,13.8,4.8,11.8,35.7,3.8,18.5,6.5
37193,12.6,25.7,16.7,34.4,58.0,7.3,11.2,6.4,76.8,83.6,18.3,57.5,8.2,17.8,57.7,28.5,10.7,34.8,23.5,17.5,14.7,21.0,7.8,32.6,13.4,9.8,9.4,35.1,25.9,75.8,19.5,14.4,38.2,14.1,4.3,8.9,34.3,3.5,23.4,5.7
37195,14.5,26.6,13.7,39.8,62.3,6.1,12.0,6.8,79.8,84.5,18.9,54.7,8.3,18.4,52.1,24.8,14.0,38.4,26.5,26.2,24.1,25.4,7.1,31.7,20.2,11.3,13.4,34.6,30.6,78.9,19.4,17.5,38.5,14.8,5.6,14.3,38.1,4.3,17.7,7.6
37197,12.8,24.9,16.6,34.1,57.6,7.3,11.0,6.2,76.8,84.1,17.6,59.0,7.6,16.7,58.4,27.7,10.4,33.7,22.2,16.4,13.5,20.1,7.5,32.3,13.1,9.2,9.0,33.3,25.3,77.5,19.0,13.7,36.3,13.7,4.0,8.5,33.8,3.3,15.1,5.4
37199,11.1,25.3,17.2,32.9,57.4,7.4,11.0,6.1,76.7,84.2,17.2,58.2,7.5,16.6,63.6,28.3,10.0,33.3,21.9,14.9,12.5,19.3,7.5,31.8,11.6,9.0,8.3,33.0,24.0,77.0,19.0,13.3,35.6,13.4,3.8,7.8,32.0,3.2,21.0,5.1
38001,8.7,24.2,21.3,31.0,58.8,7.2,10.4,5.9,72.0,80.1,14.6,58.3,6.6,16.7,58.7,21.6,9.8,29.5,22.9,13.9,9.3,18.3,7.5,30.7,11.1,8.2,7.8,30.5,25.6,79.3,16.0,11.9,35.7,12.5,3.6,7.3,34.5,3.1,12.8,4.7
38003,7.2,23.2,23.9,30.1,58.3,7.1,10.1,5.4,71.1,81.5,12.9,58.3,5.5,14.3,65.2,21.4,9.0,26.4,21.1,10.9,6.9,15.8,7.1,28.8,9.3,7.0,6.6,28.2,22.2,74.9,15.1,10.2,38.5,11.2,3.0,6.1,32.4,2.8,11.8,3.9
38005,10.2,26.4,19.6,36.6,60.4,6.8,12.5,7.4,73.1,78.1,17.9,51.6,8.4,23.1,49.3,22.2,13.4,37.7,25.8,24.8,17.7,25.6,10.0,31.7,18.3,11.4,14.1,31.1,30.5,66.7,18.3,16.4,43.8,16.0,5.1,13.2,41.2,4.1,22.3,7.7
38007,7.6,22.8,22.0,30.8,58.4,7.2,9.6,5.6,72.9,81.6,12.7,61.9,5.5,14.0,65.7,20.3,9.2,26.5,21.8,11.2,6.9,16.0,7.2,30.1,9.2,6.8,6.4,29.7,22.7,77.6,14.6,10.2,36.4,11.1,3.0,6.0,31.9,2.8,10.0,3.9
38009,7.3,23.2,23.2,30.6,57.7,7.4,10.3,5.3,72.2,82.1,12.8,58.2,5.5,14.2,60.2,21.0,8.7,26.7,21.2,10.9,6.6000000000000005,15.400000000000002,7.0,30.7,9.3,6.9,6.5,29.1,22.2,76.4,15.0,10.0,38.1,11.2,2.9,6.0,34.9,2.7,6.5,3.8
38011,8.3,22.7,22.9,29.0,57.4,7.3,10.1,5.2,71.6,81.5,13.4,58.7,5.6,14.5,61.4,21.0,8.5,26.4,21.7,11.1,6.7,15.9,6.9,29.7,9.4,7.1,6.5,30.0,22.2,73.0,15.1,10.2,36.7,11.4,3.0,5.799999999999999,35.4,2.7,12.4,3.9
38013,7.4,22.8,23.3,29.7,57.1,7.4,9.9,5.0,72.0,82.2,12.5,59.6,5.1,13.5,67.4,21.0,8.2,25.5,21.5,9.6,5.5,14.8,6.7,30.3,8.7,6.5,5.9,29.7,20.6,76.9,14.7,9.5,37.2,10.9,2.7,5.4,31.8,2.6,8.2,3.5
38015,6.5,22.4,22.3,27.6,57.7,7.4,9.9,4.9,73.3,83.1,11.8,63.4,4.9,12.1,69.6,19.8,8.1,26.0,19.8,8.9,5.5,13.7,6.6,30.1,8.0,6.1,5.700000000000001,28.9,17.7,77.7,13.8,9.5,35.5,10.1,2.6,5.3,30.9,2.5,7.6,3.5
38017,6.2,22.8,21.3,29.3,59.7,7.2,9.8,5.2,75.2,83.7,11.6,59.6,4.7,12.0,66.0,23.4,8.5,23.1,19.4,9.5,6.0,14.2,6.4,30.7,8.3,6.3,5.8,29.2,18.3,81.8,13.5,9.0,35.1,10.0,2.7,5.4,31.6,2.5,9.7,3.5
38019,7.1,22.9,23.8,30.0,57.3,7.4,10.0,5.2,73.5,82.4,12.6,59.0,5.2,13.4,64.1,21.3,8.2,25.7,21.6,9.8,5.800000000000001,14.9,6.8,31.0,8.8,6.5,6.0,29.8,21.0,79.4,14.8,9.8,40.1,10.9,2.8,5.5,32.5,2.6,6.9,3.5
38021,7.9,24.1,22.7,30.5,57.5,7.3,10.3,5.6,72.0,81.5,13.6,57.7,5.9,14.8,61.6,21.4,9.2,27.8,21.2,11.4,7.3,16.4,7.2,30.9,9.6,7.4,6.7,29.4,23.1,75.1,15.4,10.9,39.6,11.8,3.2,6.3,34.6,2.8,10.0,4.1
38023,8.2,23.3,23.4,29.9,57.8,7.3,10.4,5.6,72.6,81.6,13.7,58.8,5.8,14.9,64.0,21.5,9.0,27.7,21.5,11.7,7.3,17.0,7.2,29.4,10.1,7.4,6.9,30.0,23.1,78.3,15.6,10.7,37.8,11.8,3.2,6.4,31.9,2.8,9.6,4.1
38025,8.1,22.6,22.1,30.3,57.8,7.1,10.2,5.6,72.0,81.3,13.5,59.4,5.6,15.0,62.7,20.7,9.4,28.0,23.4,11.9,7.1,16.5,7.5,29.9,10.2,7.2,7.1,30.3,22.7,75.3,15.4,10.7,36.5,11.6,3.1,6.5,31.9,2.9,10.9,4.2
38027,8.8,25.1,21.7,31.6,59.1,7.3,10.7,6.1,72.6,80.3,14.7,57.2,6.7,16.8,60.2,22.0,10.2,29.8,21.7,14.6,10.2,19.1,7.9,30.7,11.6,8.5,8.3,31.6,25.3,71.2,16.0,12.3,38.8,12.8,3.8,8.0,32.1,3.2,18.2,5.0
38029,8.2,23.3,22.7,30.5,58.0,7.4,10.5,5.8,72.5,80.7,14.3,61.4,6.3,16.0,65.0,21.6,9.2,28.8,22.3,12.4,8.2,17.7,7.5,30.0,10.1,7.8,7.1,30.4,23.0,75.0,15.8,11.2,38.8,12.1,3.3,6.6,32.5,2.9,10.2,4.3
38031,7.0,23.5,23.4,30.0,57.9,7.5,10.2,5.3,72.4,82.1,12.9,60.9,5.5,13.9,64.2,21.6,8.7,25.9,20.7,10.3,6.5,15.5,6.9,30.4,9.0,6.9,6.3,30.0,22.1,76.1,15.1,10.1,35.9,11.3,3.0,5.9,32.9,2.7,9.1,3.8
38033,8.0,24.6,22.0,31.7,59.1,7.3,10.6,6.0,72.6,80.7,14.5,57.4,6.5,16.5,62.4,22.2,9.8,29.3,21.7,12.8,8.9,17.8,7.7,30.3,10.7,8.1,7.5,29.7,25.7,76.0,16.4,11.8,37.8,12.5,3.6,7.3,34.0,3.1,12.7,4.6
38035,7.1,24.4,23.6,30.3,59.3,7.3,10.4,5.5,73.8,82.4,12.8,58.6,5.6,12.9,62.6,22.7,9.8,26.9,20.6,11.1,7.3,16.5,7.0,31.8,9.6,7.1,6.7,29.7,22.6,77.4,14.8,10.5,37.9,11.6,3.1,6.5,34.2,2.8,15.1,4.1
38037,8.7,25.2,21.7,32.9,59.1,7.3,10.7,6.4,72.3,79.8,15.3,55.5,7.2,17.8,57.0,22.5,10.3,30.7,22.1,14.6,10.6,19.7,8.2,29.8,11.4,8.9,8.3,30.3,27.0,73.6,16.5,12.8,41.8,13.3,3.9,7.8,33.5,3.3,13.2,5.1
38039,6.9,23.2,22.6,30.1,57.3,7.4,9.9,5.2,71.7,81.6,12.6,58.7,5.4,13.8,64.7,20.8,8.3,26.3,21.0,10.2,6.4,15.1,6.9,30.0,8.8,6.8,6.1,29.2,20.7,73.8,14.7,10.0,37.9,11.0,2.9,5.799999999999999,33.0,2.7,12.5,3.7
38041,7.7,23.1,22.5,29.9,58.0,7.3,10.5,5.5,72.5,81.5,13.7,59.4,5.8,15.3,61.1,21.9,8.9,27.7,22.4,11.8,7.3,16.3,7.2,30.0,10.1,7.4,7.0,31.4,23.0,72.0,15.9,10.5,37.9,11.7,3.1,6.4,34.2,2.8,11.2,4.0
38043,7.9,24.2,23.3,30.3,58.6,7.4,10.3,5.7,72.5,81.2,13.8,55.7,5.9,15.3,59.5,22.1,9.1,28.1,21.5,11.5,7.3999999999999995,16.7,7.4,30.8,9.8,7.4,6.8,29.2,24.1,73.3,15.7,10.9,40.2,12.0,3.2,6.3,35.0,2.9,15.2,4.1
38045,7.9,23.4,23.1,29.0,57.9,7.3,10.2,5.6,72.1,81.2,13.5,59.5,5.8,15.0,66.7,21.1,8.8,26.9,21.8,11.2,7.1,16.4,7.2,29.9,9.5,7.3,6.6,29.3,23.1,74.4,15.3,10.6,35.2,11.6,3.1,6.1,31.6,2.8,16.0,4.0
38047,8.8,24.1,21.7,31.4,58.8,7.3,10.5,6.0,71.8,80.3,14.6,57.8,6.6,16.3,59.1,22.0,9.5,29.8,21.7,13.3,9.0,18.2,7.7,29.7,10.8,8.2,7.6,31.3,25.0,76.4,16.1,11.8,40.9,12.6,3.6,7.2,34.5,3.1,11.3,4.6
38049,8.1,23.8,22.6,31.1,58.4,7.3,10.2,5.6,72.4,81.1,13.7,57.7,5.9,15.5,64.0,21.4,8.9,28.5,21.5,11.5,7.3,16.6,7.3,29.7,9.8,7.4,6.8,30.5,24.2,79.2,15.5,11.0,41.7,12.0,3.1,6.3,33.1,2.9,15.3,4.1
38051,9.4,24.4,21.4,31.2,58.6,7.2,10.5,5.9,72.1,80.0,15.1,56.2,6.7,17.1,60.7,21.8,9.8,30.6,22.9,14.1,9.6,19.1,7.7,30.3,11.3,8.5,7.9,31.6,25.4,77.7,16.4,12.2,36.7,12.9,3.7,7.4,34.4,3.1,18.1,4.8
38053,9.2,24.2,22.4,31.3,57.7,7.1,10.3,5.7,71.7,81.5,13.5,56.0,5.7,15.0,57.4,20.5,9.9,29.0,22.7,13.0,7.9,17.0,7.5,30.2,11.0,7.4,7.6,29.9,24.2,74.1,15.1,11.2,40.9,12.0,3.3,7.1,39.8,2.9,11.1,4.5
38055,7.1,23.8,23.2,29.9,58.7,7.3,10.2,5.2,73.4,82.3,12.7,60.5,5.3,14.3,64.7,21.9,8.6,26.4,22.4,10.3,6.2,15.5,7.0,30.5,9.1,6.8,6.4,31.1,22.7,79.1,15.2,10.1,40.2,11.2,2.8,5.799999999999999,32.7,2.7,10.5,3.7
38057,8.0,23.8,22.3,30.7,58.4,7.2,10.5,5.7,72.1,81.1,14.0,54.6,6.1,15.4,63.1,21.6,9.1,28.9,21.7,12.3,7.9,17.4,7.5,30.6,10.2,7.6,7.2,29.3,23.3,73.6,15.6,11.0,39.6,12.1,3.3,6.7,33.2,2.9,9.8,4.3
38059,7.2,23.3,23.2,29.3,58.0,7.4,10.2,5.2,73.4,82.2,12.4,59.6,5.2,13.6,64.6,21.6,8.3,25.4,20.7,10.3,6.099999999999999,15.0,6.8,31.0,9.2,6.6,6.2,29.0,21.7,74.9,14.8,9.8,38.4,10.7,2.8,5.799999999999999,34.3,2.6,7.300000000000001,3.7
38061,10.3,24.4,21.0,32.7,58.0,6.8,11.2,6.4,71.8,79.9,15.6,54.2,6.7,19.0,60.5,20.7,11.6,33.1,24.8,18.2,11.6,21.0,8.6,30.7,14.7,9.0,10.3,31.4,29.4,73.0,16.7,13.5,41.8,13.6,4.0,9.5,35.6,3.4,16.6,5.8
38063,7.6,23.4,23.0,30.2,58.1,7.3,9.9,5.3,72.4,82.0,12.8,61.4,5.3,13.9,63.1,21.6,8.6,26.9,21.4,10.6,6.300000000000001,15.3,7.1,30.4,9.3,6.8,6.3,29.6,21.2,79.3,14.7,10.1,39.8,11.0,2.9,5.9,33.8,2.7,11.2,3.8
38065,7.0,22.4,23.5,28.6,57.5,7.4,10.1,5.2,72.4,82.2,12.6,57.9,5.1,13.7,62.6,20.9,8.3,25.6,22.0,9.5,5.5,14.6,6.8,29.8,8.6,6.5,5.9,29.6,21.7,76.3,15.0,9.5,34.6,10.9,2.7,5.4,34.3,2.6,9.0,3.5
38067,8.5,23.9,24.2,30.3,58.0,7.2,10.1,5.8,71.4,80.9,13.8,57.9,5.9,15.3,62.1,21.6,9.3,28.1,23.0,12.2,7.699999999999999,17.8,7.4,29.9,10.3,7.4,7.1,30.1,24.0,77.1,15.6,11.1,42.1,12.1,3.3,6.6,34.4,2.9,11.1,4.3
38069,7.5,23.7,23.1,29.3,58.3,7.3,10.3,5.4,73.1,81.6,13.2,57.4,5.7,14.9,63.4,22.0,9.0,27.6,21.4,11.9,7.5,16.5,7.2,29.7,9.8,7.3,6.9,29.4,23.6,73.1,15.4,10.8,40.9,11.6,3.1,6.5,33.6,2.8,11.5,4.1
38071,8.1,24.1,20.6,30.9,58.7,7.3,10.4,5.9,73.5,80.8,14.2,57.3,6.3,16.3,64.6,21.9,9.8,28.1,22.0,13.5,9.3,18.0,7.7,31.5,11.3,8.0,8.1,27.9,24.4,75.7,15.9,11.3,41.4,12.4,3.5,7.6,32.7,3.1,12.0,4.8
38073,8.1,23.0,22.9,30.4,57.9,7.2,10.1,5.6,73.0,81.0,13.8,58.7,5.9,15.4,64.3,21.4,9.4,27.8,22.4,11.8,7.3999999999999995,16.9,7.2,31.0,9.8,7.3,6.8,29.5,23.0,75.8,15.5,10.9,38.2,11.7,3.2,6.3,32.4,2.9,12.5,4.1
38075,7.5,22.8,23.5,29.8,57.5,7.3,10.1,5.3,71.7,81.7,13.2,61.3,5.4,14.4,63.1,21.1,8.5,26.7,21.8,10.6,6.300000000000001,15.2,7.0,29.3,9.1,6.8,6.2,29.8,22.7,79.7,15.3,10.0,38.7,11.2,2.9,5.799999999999999,34.5,2.7,9.9,3.7
38077,7.4,24.1,23.3,31.1,58.1,7.4,10.2,5.5,72.4,81.6,13.3,62.2,5.7,14.5,63.1,22.6,9.0,27.6,21.1,11.1,7.1,16.3,7.2,30.0,9.8,7.2,6.7,29.9,22.9,74.8,15.2,10.8,37.6,11.6,3.1,6.4,32.9,2.8,10.2,4.0
38079,11.2,28.1,18.9,38.3,60.7,6.3,13.8,7.8,73.3,77.8,19.5,49.4,9.0,26.2,46.9,22.2,16.5,41.1,28.7,31.1,22.1,29.4,11.0,31.4,22.5,13.0,17.7,33.5,34.3,68.8,19.7,19.0,50.2,17.7,5.8,16.1,40.6,4.7,26.5,9.4
38081,7.9,22.8,23.4,29.9,57.7,7.3,9.9,5.4,72.1,81.6,13.2,57.7,5.4,14.4,60.7,20.9,9.0,27.1,22.8,10.9,6.5,16.0,7.0,30.2,9.5,6.9,6.5,30.3,22.6,78.7,15.1,10.1,41.3,11.5,2.9,6.0,35.4,2.7,10.3,3.8
38083,8.2,23.6,22.7,30.8,58.0,7.3,10.4,5.6,72.1,80.9,14.2,55.9,6.0,15.7,62.2,22.5,9.0,28.8,22.5,12.0,7.5,17.1,7.4,30.3,10.1,7.6,7.1,31.0,23.6,75.8,15.8,11.0,37.6,12.0,3.2,6.4,33.9,2.9,12.0,4.2
38085,13.9,30.1,17.3,41.8,62.7,6.1,14.5,10.1,73.5,74.8,23.3,45.4,12.1,33.6,36.8,23.7,20.1,47.7,30.1,42.6,35.2,37.0,13.5,31.0,29.2,17.0,24.0,34.5,39.7,62.6,22.0,24.4,49.7,21.4,8.4,23.199999999999996,45.3,6.1,29.3,13.5
38087,7.9,23.7,23.1,31.8,58.5,7.3,10.1,5.9,71.3,80.2,14.0,57.2,6.3,16.2,62.2,21.2,9.4,28.2,22.0,12.4,8.2,17.3,7.6,30.3,10.2,7.7,7.3,30.1,23.2,74.4,15.6,11.2,38.6,12.1,3.4,6.9,33.6,3.0,12.7,4.3
38089,8.5,22.9,22.7,30.4,58.2,7.2,9.9,5.6,72.9,81.2,13.1,59.6,5.6,14.3,61.8,19.8,8.9,27.8,21.7,11.5,7.2,16.6,7.2,31.9,10.0,7.2,6.7,28.6,23.2,74.3,14.9,10.6,37.5,11.5,3.1,6.2,32.5,2.8,12.6,4.1
38091,7.7,23.6,23.0,29.9,57.8,7.5,10.1,5.7,72.1,81.3,13.4,59.5,5.9,14.8,64.1,21.5,9.0,27.9,21.2,11.4,7.3999999999999995,16.3,7.4,30.5,9.5,7.3,6.7,30.1,22.4,74.5,15.3,10.6,34.9,11.6,3.2,6.3,33.4,2.9,12.6,4.1
38093,8.3,24.3,23.4,29.3,58.2,7.4,10.4,5.7,70.9,80.6,13.9,59.1,6.1,16.1,62.3,21.5,9.0,28.9,21.1,12.2,8.1,17.3,7.4,29.2,10.2,7.6,7.2,30.1,23.5,76.8,15.9,11.5,40.3,12.1,3.3,6.7,31.1,2.9,13.2,4.3
38095,9.5,25.2,21.3,32.8,58.6,7.2,10.8,6.3,72.6,79.8,15.5,51.9,7.0,17.6,56.5,22.3,10.4,31.1,23.2,15.3,10.8,19.8,8.1,30.8,12.3,8.9,8.7,31.9,27.3,75.6,16.8,12.8,43.9,13.2,3.9,8.3,33.6,3.3,8.3,5.2
38097,7.2,22.8,23.5,29.1,57.4,7.4,9.9,5.1,72.1,82.8,12.5,59.9,5.1,13.0,64.2,20.7,8.5,26.1,20.2,9.6,5.9,14.3,6.7,29.4,8.7,6.5,6.0,28.3,21.1,80.8,14.6,9.8,38.8,10.9,2.7,5.6,33.2,2.6,9.3,3.6
38099,10.6,24.1,21.6,30.1,57.5,7.1,10.1,5.7,72.6,80.7,14.0,54.9,6.0,15.3,56.7,20.9,9.4,28.6,22.4,13.6,8.4,17.6,7.4,29.5,11.3,7.7,7.6,29.5,24.6,70.4,15.2,11.4,36.0,12.0,3.4,6.9,36.5,3.0,13.6,4.6
38101,7.6,24.1,22.4,31.4,59.5,7.3,10.0,5.1,72.2,82.7,12.6,58.7,5.1,13.3,63.5,20.6,8.8,26.6,20.7,10.4,6.300000000000001,15.0,6.8,30.0,9.3,6.7,6.3,30.6,22.7,74.9,14.5,9.9,34.7,11.0,2.8,6.0,39.6,2.6,11.7,3.7
38103,8.1,24.4,22.5,30.1,58.5,7.3,10.5,5.7,72.2,80.4,14.2,59.4,6.3,15.9,63.8,21.8,9.4,28.6,21.7,12.5,8.5,17.6,7.5,29.8,10.3,7.9,7.3,31.3,23.7,74.7,16.1,11.5,38.2,12.3,3.4,6.9,32.6,3.0,12.6,4.4
38105,9.3,22.9,23.7,31.6,59.0,7.0,10.2,5.5,71.4,80.8,13.5,55.7,5.6,15.4,62.0,20.8,9.4,28.5,23.8,12.9,7.6,16.6,7.2,29.8,10.8,7.2,7.2,32.6,24.5,79.0,15.6,10.9,40.2,11.5,3.2,6.7,37.0,2.9,11.8,4.3
39001,10.2,28.1,16.9,35.1,61.7,7.6,11.9,7.3,76.7,80.7,18.2,52.2,9.8,22.2,54.6,27.9,12.7,33.2,22.9,18.9,17.7,23.3,7.4,32.6,14.2,10.5,10.0,35.8,33.6,72.4,21.5,15.2,39.9,16.0,4.5,10.9,40.6,3.7,31.8,5.8
39003,8.7,27.4,18.1,34.3,61.7,7.2,11.2,6.3,79.3,83.6,15.6,59.3,7.7,17.6,57.0,28.2,12.2,29.6,23.0,15.7,13.4,19.6,6.2,32.0,13.4,8.6,8.7,38.1,28.1,71.9,19.5,12.7,40.0,13.7,3.6,9.7,41.5,3.2,15.4,4.7
39005,8.6,27.2,18.8,34.9,60.1,7.5,11.2,6.3,77.0,82.6,15.9,59.1,7.9,18.4,59.3,27.4,11.2,30.5,21.3,14.6,12.5,19.8,6.4,31.9,11.7,8.6,8.1,35.0,29.0,75.0,19.6,12.8,38.5,14.4,3.6,8.6,35.2,3.2,13.0,4.6
39007,10.6,27.9,17.4,35.9,61.8,7.4,11.4,7.1,75.5,81.5,17.6,51.6,9.0,20.5,56.0,29.0,13.0,33.1,23.9,18.7,16.7,22.9,7.0,32.5,14.5,10.0,9.9,37.9,32.7,74.0,21.2,14.6,45.7,15.5,4.3,10.8,38.7,3.6,17.9,5.6
39009,8.3,27.3,19.8,36.6,59.7,7.8,11.5,6.6,77.1,83.1,15.7,58.7,8.3,18.0,62.3,30.0,12.6,29.6,21.6,15.6,14.5,20.5,6.7,32.8,12.6,9.0,8.8,35.9,26.5,73.7,20.1,13.1,37.9,14.1,4.0,9.9,38.7,3.4,17.6,5.0
39011,7.5,25.4,19.3,32.2,59.8,7.6,10.8,5.7,77.0,84.1,14.0,62.5,6.6,15.7,64.8,26.1,9.8,25.8,21.1,11.4,8.8,16.9,5.8,31.3,10.1,7.4,6.7,35.2,25.0,72.9,18.8,10.8,39.5,12.6,2.9,7.1,38.5,2.8,16.5,3.7
39013,8.6,27.6,18.8,35.4,61.8,7.5,11.2,6.5,77.1,82.9,15.7,57.4,7.9,18.6,56.9,27.3,11.5,30.5,22.1,14.9,12.8,20.6,6.5,34.1,12.4,8.5,8.3,35.6,30.2,72.9,19.8,12.8,40.9,14.8,3.6,9.2,40.8,3.2,16.3,4.7
39015,9.1,28.3,17.2,36.3,61.4,7.6,11.5,6.7,77.7,82.2,16.9,60.1,8.6,20.0,57.7,28.7,11.6,32.7,22.9,16.4,14.2,21.0,6.7,33.4,12.7,9.4,8.7,36.5,32.3,74.0,20.6,14.2,41.2,14.7,3.9,9.3,41.4,3.3,22.9,5.0
39017,8.3,25.2,18.9,33.2,60.8,7.2,10.8,5.8,79.2,84.6,14.0,58.1,6.6,15.2,61.1,26.1,11.3,26.4,22.3,14.1,11.1,18.4,5.8,31.3,11.9,7.5,7.8,36.3,27.5,78.5,18.4,11.2,39.6,12.9,3.2,8.5,38.3,2.9,17.4,4.2
39019,9.0,27.8,18.7,33.6,60.4,7.5,11.2,6.5,76.8,82.3,16.5,59.2,8.2,19.4,55.2,27.4,11.2,32.2,22.6,15.1,12.8,20.2,6.7,32.5,12.0,8.9,8.2,37.0,30.0,75.3,20.6,13.1,38.7,14.6,3.7,8.8,41.9,3.3,18.1,4.7
39021,8.0,26.4,18.7,32.7,60.0,7.6,11.1,5.8,76.7,83.7,14.9,60.4,7.0,16.8,62.3,26.8,10.2,28.4,21.7,12.6,10.0,17.4,6.0,31.3,10.7,7.7,7.2,35.9,25.9,76.4,19.2,11.6,43.0,13.3,3.1,7.5,42.2,2.9,13.8,4.0
39023,9.4,27.3,16.5,36.1,61.5,7.4,11.5,6.4,77.6,83.1,16.3,54.9,8.1,18.5,58.3,28.1,12.2,31.8,22.9,16.7,14.4,20.9,6.4,33.7,13.5,9.2,9.1,36.3,31.7,72.6,20.4,13.7,42.4,14.6,3.9,10.0,40.1,3.3,19.7,5.0
39025,7.5,25.5,19.4,31.7,58.9,7.7,10.7,5.6,77.0,84.6,13.8,63.8,6.4,15.7,63.4,26.7,10.4,27.5,20.3,11.7,9.1,16.4,5.8,31.4,10.2,7.2,6.8,34.9,24.1,73.9,18.5,10.9,34.4,12.4,2.9,7.1,38.4,2.8,12.0,3.8
39027,8.6,27.5,18.5,33.5,60.8,7.6,11.3,6.3,77.1,82.8,15.9,60.8,7.9,18.3,56.9,27.4,11.2,30.4,21.3,14.9,12.8,19.7,6.5,32.0,12.2,8.8,8.3,36.8,29.0,73.9,19.8,12.9,39.9,14.0,3.7,9.1,42.5,3.2,15.9,4.7
39029,9.1,27.2,19.6,35.4,60.3,7.5,11.3,6.5,76.0,82.3,15.9,61.1,8.2,19.0,57.8,26.7,11.8,30.0,21.7,15.7,13.4,20.4,6.6,31.1,12.7,8.8,8.5,34.8,29.8,72.2,19.9,13.3,41.0,14.9,3.7,9.3,43.1,3.3,15.8,4.8
39031,9.9,29.3,18.3,35.3,61.0,7.5,11.5,6.9,76.5,81.4,17.5,53.5,9.1,20.6,58.4,29.2,12.2,31.8,22.8,17.3,15.9,21.7,6.9,33.1,13.4,9.9,9.4,37.6,30.4,70.4,20.7,14.2,41.4,15.4,4.2,10.1,40.0,3.5,15.9,5.4
39033,9.1,27.5,18.0,33.9,61.0,7.6,11.2,6.6,76.0,82.4,16.6,57.7,8.4,19.0,56.4,28.5,11.5,31.3,22.2,15.6,13.6,19.9,6.6,31.4,12.4,9.1,8.6,36.1,30.2,65.8,20.5,13.5,39.5,14.4,3.8,9.2,41.4,3.3,14.5,4.9
39035,8.6,24.5,19.3,34.2,60.6,6.5,11.7,5.5,78.1,85.7,13.8,60.3,6.6,15.2,63.0,24.7,11.3,28.4,23.3,17.5,14.7,18.9,5.3,32.9,14.5,8.2,9.3,38.5,23.6,78.2,17.2,12.7,35.4,12.6,3.7,11.0,39.1,3.3,14.0,5.0
39037,8.8,26.8,18.6,33.6,60.6,7.6,11.2,6.3,76.7,82.6,16.2,55.1,7.9,18.4,59.1,28.2,11.3,30.1,22.0,14.5,12.4,19.8,6.4,32.9,11.8,8.7,8.1,36.1,28.1,76.2,20.1,12.4,36.6,14.2,3.6,8.6,35.0,3.2,17.6,4.6
39039,9.6,25.8,18.6,32.3,59.8,7.4,10.7,5.9,76.9,83.8,14.7,60.9,6.8,16.4,61.6,26.2,10.9,28.4,22.3,13.8,10.6,18.2,6.1,31.0,11.8,7.7,7.6,35.1,26.4,75.7,18.6,11.6,35.5,13.3,3.2,8.0,38.6,2.9,13.2,4.3
39041,5.3,23.2,19.9,28.2,60.4,7.7,9.5,4.4,80.1,87.4,9.9,67.1,4.4,9.9,73.2,21.6,8.7,19.0,18.1,7.800000000000001,5.300000000000001,11.4,4.8,30.2,7.2,5.0,4.8,31.9,17.1,83.5,14.2,7.6,30.9,9.3,2.1000000000000005,5.0,32.6,2.2,8.9,2.7
39043,8.2,26.1,18.5,34.4,58.8,7.4,11.1,5.8,78.7,84.4,14.5,58.0,6.9,15.6,66.5,26.2,11.0,26.7,21.5,14.0,11.5,17.1,5.9,31.5,12.1,7.8,7.8,35.2,26.0,79.7,18.9,11.4,40.3,12.9,3.3,8.7,36.6,3.0,12.3,4.3
39045,7.4,26.2,17.5,32.7,59.7,7.4,10.8,5.5,78.0,85.1,13.5,61.5,6.2,14.5,61.1,26.1,10.4,26.2,21.6,12.2,9.9,16.5,5.6,32.4,10.7,7.1,7.1,34.0,23.5,70.7,17.6,10.7,35.3,12.1,3.0,7.7,41.2,2.8,13.3,3.9
39047,9.8,26.8,18.0,36.8,60.3,7.4,11.4,6.6,75.8,81.8,17.0,52.9,8.7,20.1,56.7,27.9,11.9,31.7,23.1,16.9,14.8,21.1,6.9,34.6,13.3,9.5,9.1,36.6,30.8,70.2,20.6,13.6,41.0,15.0,4.0,9.6,40.3,3.4,17.1,5.1
39049,8.3,24.5,17.7,33.0,62.3,6.8,11.1,5.6,79.7,85.6,13.8,58.9,6.2,14.0,65.6,25.6,11.8,26.0,22.9,15.4,12.3,18.3,5.2,31.8,12.6,7.6,8.5,38.4,23.9,77.8,18.0,11.7,33.7,12.8,3.5,9.5,36.6,3.1,15.0,4.6
39051,9.0,26.6,18.5,32.3,60.5,7.5,10.6,5.7,76.7,84.0,14.6,60.9,6.7,15.4,59.6,25.9,10.7,27.6,21.7,12.8,9.8,17.2,6.0,32.6,11.2,7.5,7.2,35.1,25.7,74.3,18.6,11.2,36.8,12.7,3.1,7.7,37.7,2.8,10.8,4.1
39053,9.8,29.3,17.5,35.9,61.1,7.6,11.6,7.0,76.9,81.5,17.4,59.1,9.1,21.4,57.0,29.7,12.3,33.7,23.3,17.5,15.9,22.5,6.9,33.5,13.8,9.9,9.5,36.6,33.4,71.1,21.3,14.5,36.7,15.9,4.2,10.3,39.2,3.5,22.1,5.4
39055,6.9,23.8,20.0,30.3,59.3,7.7,10.5,5.2,77.1,85.1,12.7,60.2,5.9,13.3,66.0,25.1,9.3,22.9,19.5,9.9,7.3999999999999995,14.8,5.4,30.3,8.9,6.5,5.9,33.7,21.2,79.2,17.2,9.6,32.7,11.4,2.6,6.1,35.5,2.5,11.4,3.4
39057,6.7,25.6,17.8,32.2,61.3,7.6,10.9,5.3,78.0,85.8,12.7,62.9,5.8,12.9,66.4,24.9,9.8,24.3,20.1,10.8,8.4,15.1,5.5,32.4,9.8,6.7,6.5,33.7,21.9,76.7,17.1,10.0,38.5,11.6,2.8,7.0,38.0,2.7,12.0,3.6
39059,9.5,28.2,17.5,34.5,60.8,7.7,11.4,6.9,76.7,81.8,17.1,59.0,8.7,19.4,55.5,28.7,11.9,31.9,22.5,16.4,14.4,21.8,6.9,33.3,13.0,9.5,8.9,37.5,30.8,74.4,20.8,13.8,38.1,14.8,4.0,9.5,41.3,3.4,18.0,5.1
39061,7.8,25.3,18.0,33.9,63.1,6.9,11.5,5.7,78.7,85.4,13.3,60.7,6.4,14.3,59.6,25.9,11.9,25.9,21.9,15.0,12.8,17.8,5.4,30.7,13.0,7.7,8.3,33.8,23.8,78.6,17.9,11.5,35.8,11.8,3.5,9.7,39.7,3.1,19.8,4.5
39063,7.8,24.8,18.5,32.4,61.5,7.5,10.7,5.6,77.3,84.4,13.7,57.6,6.5,15.0,64.1,26.0,10.7,26.4,20.4,11.9,9.6,17.1,5.8,31.3,10.4,7.3,7.0,35.0,25.7,76.6,18.5,11.0,39.6,12.5,3.0,7.4,38.1,2.8,13.6,3.9
39065,9.1,28.1,17.6,36.7,61.1,7.6,11.2,6.7,76.8,82.1,16.8,55.8,8.5,19.3,51.9,27.5,11.9,31.8,21.9,16.1,14.2,20.7,6.8,32.4,12.7,9.2,8.8,36.2,30.4,72.1,20.4,13.7,41.8,14.9,3.9,9.6,41.7,3.3,23.3,5.0
39067,9.2,27.6,18.0,35.5,60.2,7.4,11.5,6.5,75.8,81.9,16.7,57.3,8.3,19.5,58.0,28.7,11.8,31.1,22.6,15.6,13.7,20.6,6.6,33.2,12.6,9.2,8.6,36.6,29.3,73.6,21.0,13.5,41.1,14.6,3.8,9.2,40.6,3.3,20.9,4.9
39069,8.9,24.9,19.1,32.6,59.5,7.5,10.8,5.8,77.1,83.8,14.8,60.3,6.8,16.1,60.7,26.1,10.5,27.8,21.8,13.1,10.3,17.8,6.0,31.5,11.4,7.7,7.4,36.3,26.4,77.8,18.8,11.5,38.5,13.2,3.2,7.8,39.5,2.9,16.4,4.2
39071,9.4,28.2,17.9,34.7,60.6,7.6,11.5,6.6,75.7,82.0,17.1,57.3,8.6,20.0,55.6,28.7,11.8,31.9,22.1,16.1,14.1,21.3,6.7,33.1,12.9,9.4,8.8,34.8,30.9,75.0,20.8,13.7,41.1,15.0,3.9,9.3,42.8,3.4,18.3,5.0
39073,9.3,29.3,17.7,36.0,61.4,7.8,11.5,6.9,77.0,81.5,17.4,59.2,8.9,20.8,55.0,28.7,12.3,33.5,23.0,16.8,15.2,21.3,7.0,31.7,13.1,9.6,9.0,36.1,31.4,70.6,21.2,14.2,35.8,15.2,4.1,9.9,44.7,3.4,18.8,5.2
39075,12.6,27.7,18.3,33.5,59.3,7.3,12.1,7.0,74.1,79.3,19.7,53.0,9.9,22.3,52.4,29.8,11.7,35.4,25.2,19.0,15.8,24.7,7.1,32.0,14.1,10.8,9.7,38.8,33.4,69.2,22.1,15.2,38.8,16.6,4.4,9.4,38.7,3.6,27.7,5.6
39077,9.5,27.3,18.2,32.9,60.4,7.4,11.1,6.1,77.3,83.1,15.6,58.6,7.6,17.6,64.0,26.8,11.1,30.0,21.2,14.4,11.8,19.0,6.3,30.7,12.0,8.4,7.9,35.1,28.9,73.5,19.3,12.4,34.9,13.9,3.5,8.4,39.3,3.1,16.9,4.5
39079,9.5,28.9,17.6,38.0,60.4,7.6,11.5,6.8,76.6,81.6,17.3,57.5,9.0,20.3,57.1,29.9,12.4,33.0,22.4,16.9,15.2,22.8,7.0,35.3,12.9,9.9,9.1,38.2,32.3,70.4,21.4,14.3,44.5,15.7,4.1,9.6,41.4,3.5,27.9,5.3
39081,8.5,28.5,17.1,35.9,61.4,7.6,11.9,6.5,77.3,83.3,16.3,59.5,8.2,18.6,61.1,29.4,12.0,31.6,22.1,15.5,13.7,20.5,6.4,31.6,12.5,9.0,8.6,37.5,29.5,72.0,20.5,13.5,43.1,14.8,3.7,9.4,43.4,3.3,20.3,4.8
39083,8.1,26.4,19.0,33.1,60.7,7.7,11.1,5.9,75.7,83.6,14.8,58.6,7.2,16.4,61.8,26.8,10.5,27.6,20.4,13.0,10.5,17.4,6.2,32.0,10.8,7.9,7.3,34.6,26.5,72.7,19.0,11.4,37.8,12.9,3.2,7.8,34.8,2.9,15.1,4.1
39085,7.5,25.8,19.2,31.9,60.9,7.6,10.8,5.4,78.4,85.3,13.5,60.4,6.1,14.8,65.4,25.9,10.2,26.1,20.2,11.6,9.0,16.4,5.6,29.8,10.3,7.1,6.7,32.8,23.7,76.9,17.9,10.4,36.8,12.6,2.9,7.2,40.2,2.7,11.7,3.7
39087,9.1,28.8,16.5,37.3,61.7,7.5,11.8,6.7,77.7,82.4,17.4,54.8,8.8,19.8,54.1,28.8,12.2,34.8,22.6,16.9,15.1,22.1,6.9,33.4,13.3,9.5,9.0,39.4,30.6,69.4,21.2,14.2,41.2,15.0,4.0,9.8,43.3,3.4,22.8,5.1
39089,7.5,26.0,16.8,31.6,59.7,7.6,10.9,5.6,77.2,84.2,14.0,58.3,6.6,15.6,62.4,26.7,10.9,27.4,21.1,12.2,9.7,16.6,5.8,31.9,10.6,7.4,7.0,35.4,23.2,76.0,18.1,11.2,37.3,12.5,3.0,7.5,38.4,2.8,15.9,3.9
39091,8.3,26.8,18.0,33.3,60.4,7.5,11.0,6.1,76.8,83.2,15.3,59.6,7.5,17.7,58.9,26.7,11.1,28.8,21.5,13.8,11.4,18.8,6.2,31.4,11.5,8.2,7.8,35.2,27.6,73.0,19.6,12.3,38.9,13.7,3.4,8.3,37.9,3.1,17.7,4.4
39093,9.1,26.5,17.8,33.4,61.5,7.3,11.0,5.8,77.5,84.3,14.4,59.3,6.7,15.3,62.2,26.4,11.5,28.4,21.6,14.6,11.6,18.2,5.9,32.5,12.4,7.8,8.0,33.9,27.5,73.5,18.9,12.0,36.7,13.3,3.4,8.8,40.2,3.0,8.9,4.4
39095,9.3,27.0,16.6,33.8,62.9,6.9,11.3,6.2,79.2,84.3,15.3,60.1,7.6,16.8,60.2,26.9,12.2,30.0,23.2,17.7,15.4,20.9,5.9,31.1,14.9,8.8,9.6,37.9,28.9,73.8,19.3,13.4,36.2,13.8,4.0,11.1,41.9,3.4,17.2,5.1
39097,8.7,25.4,19.2,34.3,60.7,7.4,10.6,5.9,77.2,83.6,14.6,59.7,6.9,16.3,59.2,25.2,10.8,27.3,22.2,13.3,10.4,17.8,6.0,31.7,11.3,7.6,7.5,34.7,26.0,70.8,18.4,11.5,36.8,12.8,3.2,8.0,39.5,3.0,16.5,4.1
39099,9.6,27.8,17.0,34.1,62.5,7.2,11.1,6.2,76.3,83.3,15.7,61.4,7.6,17.6,59.6,25.9,11.8,29.5,22.6,17.2,14.9,20.0,6.1,31.0,14.1,9.0,9.4,35.8,26.5,76.7,19.4,13.0,38.9,14.0,3.9,10.6,42.7,3.3,20.1,5.2
39101,9.8,28.3,18.1,37.0,61.3,7.4,11.0,6.8,77.0,82.1,16.9,56.6,8.5,19.9,55.1,28.2,12.5,33.1,23.5,16.8,14.7,21.5,6.7,33.2,13.5,9.3,9.2,36.9,32.5,73.0,19.9,14.1,44.1,15.0,4.0,10.0,44.3,3.5,20.0,5.1
39103,6.7,24.7,19.9,31.3,59.7,7.8,10.6,5.1,77.4,85.3,12.6,62.7,5.7,13.2,67.7,25.2,9.4,23.9,20.3,9.6,7.3,14.7,5.4,31.9,8.9,6.4,5.9,34.5,22.6,76.4,17.4,9.5,35.9,11.5,2.6,6.2,35.6,2.5,10.1,3.3
39105,10.3,29.6,17.9,38.2,61.5,7.6,11.8,7.7,76.5,80.6,18.9,53.6,10.4,22.8,53.3,29.4,13.5,35.0,22.7,19.8,19.2,25.1,7.6,33.2,14.7,10.9,10.5,36.4,36.9,74.4,22.5,16.1,44.0,16.8,4.8,11.5,41.6,3.8,21.5,6.1
39107,7.6,24.5,20.8,32.4,59.3,7.5,10.6,5.6,76.2,83.9,14.2,60.5,6.5,15.5,62.9,26.1,9.7,26.6,21.4,11.5,8.7,16.2,5.8,31.8,10.0,7.2,6.6,35.4,26.0,77.3,18.6,10.5,36.4,12.4,2.9,7.0,38.8,2.7,20.6,3.7
39109,7.5,25.6,19.1,32.0,60.3,7.6,10.9,5.6,76.5,84.1,14.1,61.0,6.6,15.5,65.4,26.6,10.3,27.4,21.5,12.0,9.4,16.5,5.8,31.4,10.4,7.4,6.9,35.0,24.6,71.0,18.4,11.1,33.3,12.7,3.0,7.3,37.5,2.8,17.2,3.8
39111,9.4,28.6,18.4,35.3,61.0,7.5,11.4,6.9,76.5,81.5,17.4,53.1,9.0,20.7,55.4,28.7,12.0,32.5,22.7,16.9,15.5,21.3,7.1,32.3,13.3,9.7,9.2,36.5,31.4,70.9,21.0,13.9,40.4,15.1,4.1,10.0,38.7,3.5,23.6,5.2
39113,8.1,25.4,16.9,33.4,61.0,7.0,11.6,5.9,79.1,84.5,14.7,58.7,7.1,15.7,59.2,26.7,12.5,29.4,21.5,15.8,13.8,20.1,5.7,29.0,13.7,8.4,9.0,37.2,28.2,76.5,19.0,12.7,37.4,13.2,3.7,10.2,40.6,3.3,17.4,4.8
39115,9.4,27.8,17.8,35.9,61.6,7.5,11.6,6.8,77.4,82.0,17.3,56.2,8.8,20.0,59.3,28.3,12.3,31.7,22.5,16.7,15.1,21.4,6.9,33.0,13.4,9.6,9.2,36.1,31.2,72.3,20.7,13.8,41.0,15.0,4.1,10.0,40.6,3.5,20.5,5.2
39117,8.5,26.2,18.7,32.6,59.7,7.6,11.2,6.1,77.2,83.0,15.3,56.9,7.5,17.8,56.8,26.7,11.0,29.7,21.6,13.4,11.2,18.9,6.3,31.7,11.2,8.2,7.6,34.8,28.1,73.2,19.7,12.2,39.4,13.8,3.3,8.0,37.4,3.0,14.9,4.3
39119,8.5,27.2,17.1,35.3,62.5,7.6,11.6,6.4,79.4,82.8,16.2,59.4,8.2,18.5,60.3,29.0,12.0,29.6,21.3,15.0,13.8,20.1,6.4,34.4,12.3,8.9,8.5,35.0,28.5,74.6,20.2,12.8,43.9,14.3,3.7,9.4,41.7,3.3,22.9,4.8
39121,9.8,26.4,19.3,35.3,60.4,7.4,10.9,7.0,75.9,81.7,16.6,55.7,8.3,19.7,54.9,27.3,11.8,30.9,22.9,15.6,13.0,21.1,7.0,32.2,12.5,8.9,8.5,36.3,30.0,72.9,20.3,13.1,41.6,14.7,3.8,8.9,40.8,3.4,25.0,4.9
39123,7.8,25.3,19.6,32.2,59.4,7.6,10.7,5.4,76.2,84.8,13.7,60.5,6.2,14.6,64.9,25.9,9.6,25.7,20.7,11.0,8.4,16.0,5.7,32.9,9.9,6.9,6.5,35.4,25.6,75.7,18.2,10.3,37.9,12.4,2.8,6.8,37.3,2.7,12.4,3.6
39125,9.3,27.0,18.7,34.0,59.6,7.5,11.0,6.1,76.8,83.1,15.5,57.1,7.5,17.5,58.7,27.1,11.2,29.8,21.9,14.3,11.5,18.9,6.4,32.6,11.7,8.2,7.8,36.4,29.1,74.9,19.5,12.3,41.1,13.7,3.4,8.2,39.7,3.1,17.6,4.5
39127,9.2,26.7,17.9,35.2,60.9,7.6,11.2,6.6,76.6,82.0,16.8,58.4,8.5,19.4,57.0,28.2,11.6,30.5,21.6,15.5,13.8,20.4,6.7,32.7,12.2,9.2,8.5,34.9,30.5,72.5,20.3,13.4,38.1,14.7,3.8,9.0,42.1,3.3,17.0,4.9
39129,8.8,26.0,18.2,35.8,60.3,7.5,11.0,6.2,77.1,82.9,15.4,58.8,7.6,18.0,61.9,27.4,11.1,28.8,22.3,14.1,11.6,19.2,6.3,32.1,11.7,8.1,7.8,35.9,28.5,70.0,19.2,12.2,39.6,13.7,3.4,8.4,41.8,3.1,16.5,4.4
39131,10.7,29.1,17.4,38.4,61.7,7.5,11.9,7.6,77.2,80.6,19.1,53.7,10.5,23.3,55.1,30.5,13.2,36.2,23.1,20.3,19.8,24.2,7.7,32.7,15.0,11.3,10.8,37.1,34.9,69.2,22.6,16.2,43.0,16.7,4.9,11.7,38.6,3.9,24.0,6.3
39133,7.5,26.0,17.7,32.3,61.1,7.5,10.9,5.9,77.6,84.3,14.5,57.4,6.8,15.7,63.7,25.1,10.5,27.4,20.9,12.6,10.5,17.5,6.0,31.6,10.8,7.7,7.4,35.5,24.7,72.9,18.5,11.4,34.0,12.7,3.2,7.9,39.7,2.9,21.4,4.1
39135,8.0,26.7,19.1,32.9,60.1,7.6,11.1,6.0,76.4,83.4,15.3,61.3,7.3,17.3,60.2,27.5,10.5,28.9,21.5,12.9,10.7,18.2,6.2,31.1,10.8,8.0,7.3,35.5,28.4,73.7,19.6,11.8,39.4,13.5,3.2,7.7,37.9,3.0,16.2,4.1
39137,7.7,25.1,21.4,31.1,59.6,7.7,10.6,5.4,77.6,84.9,13.5,61.2,6.1,14.2,67.4,25.5,9.8,25.9,20.5,10.7,7.999999999999999,15.6,5.7,30.6,9.7,6.8,6.3,34.9,23.2,81.5,17.9,10.5,43.5,12.3,2.8,6.6,34.0,2.6,10.7,3.6
39139,9.5,26.2,16.7,34.3,61.2,7.3,11.1,6.5,76.2,82.5,16.0,55.6,8.1,18.6,60.9,27.3,12.1,29.6,23.2,16.4,14.8,20.5,6.4,32.0,13.6,9.0,9.1,34.1,28.8,69.3,20.2,13.3,39.2,14.6,3.9,10.3,41.4,3.4,14.0,5.0
39141,9.7,27.6,16.6,36.3,61.0,7.4,11.6,6.7,75.8,81.8,16.7,58.5,8.5,19.9,55.0,28.8,12.6,29.9,23.3,16.9,15.0,21.1,6.7,32.3,13.4,9.1,9.1,37.9,29.4,70.5,20.5,12.9,43.9,14.6,4.0,9.8,40.2,3.4,20.8,5.2
39143,9.7,27.7,17.6,34.1,61.0,7.3,10.8,6.2,77.4,83.4,15.3,56.4,7.2,16.9,59.1,26.2,11.6,28.6,22.3,14.8,12.2,19.6,6.3,31.9,12.5,8.2,8.3,35.9,27.7,74.7,19.2,12.3,40.6,13.8,3.5,8.9,41.3,3.1,18.6,4.6
39145,9.8,29.0,15.5,39.3,62.5,7.6,11.6,7.3,78.9,81.7,18.3,54.4,9.8,21.4,54.0,30.4,12.9,36.0,22.6,19.2,18.0,23.7,7.3,33.0,14.2,10.4,10.2,37.6,34.5,69.0,22.4,15.6,44.7,16.5,4.5,11.0,44.4,3.7,22.0,5.7
39147,8.6,27.2,19.7,32.0,60.6,7.5,10.9,5.9,76.3,83.7,14.9,58.1,7.3,17.2,57.2,26.4,11.1,28.1,22.0,13.6,11.2,18.7,6.2,31.4,11.5,8.1,7.7,35.6,28.3,71.7,19.2,12.1,36.3,13.7,3.3,8.2,38.1,3.0,16.2,4.4
39149,8.4,26.6,18.2,33.5,60.2,7.5,11.0,6.2,76.3,83.1,15.3,57.9,7.5,17.4,60.6,26.7,10.9,29.4,21.7,13.8,11.5,18.6,6.3,31.4,11.4,8.2,7.8,36.2,28.0,73.9,19.5,12.2,39.5,13.7,3.4,8.3,39.6,3.1,15.8,4.4
39151,8.1,26.7,18.1,33.2,60.8,7.3,11.3,6.0,76.4,83.7,15.1,59.0,7.3,17.6,64.6,26.4,11.1,29.1,21.6,14.0,12.3,19.2,6.1,32.4,12.0,8.2,8.0,36.2,27.5,71.4,19.3,12.2,40.5,13.5,3.4,8.8,35.8,3.1,19.0,4.5
39153,7.6,26.4,16.8,32.9,61.7,7.3,11.3,5.5,79.1,84.6,13.9,62.6,6.6,14.9,63.6,26.8,11.4,28.8,21.7,14.4,11.7,18.2,5.7,31.7,12.3,7.6,8.0,35.0,24.9,71.6,18.5,11.9,37.5,12.9,3.3,8.9,39.2,3.0,10.1,4.3
39155,9.1,28.5,17.5,33.8,61.7,7.3,11.4,6.5,77.4,82.6,16.2,54.1,8.2,19.1,55.7,27.2,12.1,30.0,22.9,17.3,15.5,20.3,6.5,32.1,13.7,9.2,9.2,34.8,29.3,76.7,20.4,13.3,39.8,14.3,4.0,10.1,41.7,3.4,15.8,5.2
39157,9.5,25.3,18.7,34.3,60.3,7.5,11.3,6.2,76.9,82.4,15.7,57.7,8.0,18.0,57.2,26.2,11.0,28.4,22.5,15.2,12.8,19.0,6.5,30.1,12.3,8.7,8.2,36.4,28.3,73.5,20.0,12.4,43.4,13.9,3.6,8.7,41.6,3.2,17.6,4.7
39159,6.5,24.3,18.6,30.2,59.9,7.5,10.3,4.9,78.5,86.3,12.0,59.5,5.3,12.2,69.7,24.4,9.3,22.9,20.1,9.5,6.9,13.7,5.2,31.5,8.7,6.1,5.700000000000001,32.9,22.8,78.9,16.6,9.1,39.0,11.0,2.4,5.9,35.1,2.4,7.199999999999999,3.2
39161,8.5,25.7,18.9,33.3,59.8,7.5,10.9,5.9,76.6,83.3,15.0,55.9,7.2,17.0,62.3,27.1,10.6,28.5,21.7,13.0,10.6,18.4,6.2,30.5,11.1,8.0,7.4,35.7,27.6,75.2,19.4,11.8,37.4,13.3,3.2,7.9,37.0,2.9,11.7,4.2
39163,10.1,28.0,18.3,35.4,61.4,7.5,11.8,7.0,76.3,81.0,17.9,55.2,9.4,21.3,50.9,29.4,12.3,32.2,22.7,17.9,16.4,22.2,7.0,33.0,13.6,10.1,9.5,36.7,31.3,66.9,21.3,14.3,39.7,15.6,4.3,10.1,39.7,3.5,23.7,5.5
39165,6.3,23.2,19.0,28.8,60.8,7.5,9.9,4.9,77.9,86.1,11.6,63.6,5.1,12.1,69.0,23.3,9.4,22.4,19.6,9.3,6.6000000000000005,13.8,5.2,30.7,8.4,5.8,5.5,30.8,19.6,79.1,16.1,8.8,32.1,10.6,2.3,5.799999999999999,35.2,2.4,10.8,3.1
39167,8.2,27.8,19.4,34.8,59.9,7.7,11.0,6.3,77.9,83.3,15.5,56.8,7.8,17.8,60.2,27.5,10.8,29.3,19.9,13.6,11.8,18.4,6.3,30.9,11.6,8.4,8.0,33.2,27.9,73.3,19.5,12.5,43.9,13.7,3.5,8.5,38.8,3.1,18.6,4.4
39169,8.8,26.1,20.0,32.8,59.3,7.6,11.1,6.0,76.3,82.8,15.4,60.2,7.4,17.1,61.5,26.5,10.8,28.6,21.7,13.8,11.1,18.7,6.2,31.6,11.1,8.2,7.6,35.9,26.1,72.4,19.1,12.0,38.0,13.6,3.3,7.9,34.2,3.0,12.9,4.3
39171,9.5,26.7,18.6,34.4,60.2,7.5,11.2,6.3,76.2,82.7,15.8,58.4,7.8,18.3,61.1,27.1,11.6,29.7,22.2,14.8,12.3,19.4,6.5,32.1,12.2,8.6,8.2,35.8,29.9,75.6,19.8,12.7,40.7,14.1,3.6,8.8,38.4,3.2,15.8,4.7
39173,7.4,25.6,19.0,32.3,60.8,7.6,10.6,5.6,78.6,85.0,13.6,59.7,6.2,13.9,66.4,27.8,10.2,27.4,19.7,11.7,9.2,16.5,5.7,31.1,10.0,7.1,6.7,34.3,23.0,76.2,17.5,10.9,38.9,12.2,2.9,7.2,37.1,2.8,10.1,3.8
39175,7.8,25.8,19.2,32.9,58.8,7.6,10.8,5.6,76.7,83.7,14.3,57.5,6.8,15.9,63.2,26.1,10.2,27.0,21.9,11.9,9.3,16.7,5.9,30.5,10.2,7.4,6.8,35.3,25.3,76.3,18.7,11.1,35.5,12.7,3.0,7.2,38.4,2.8,16.9,3.9
40001,14.1,28.6,13.7,40.5,59.8,6.6,13.6,8.2,76.1,79.8,23.0,49.3,10.3,26.2,45.4,27.0,15.2,46.3,30.1,31.4,27.4,29.6,11.1,34.5,22.1,13.7,16.4,37.2,39.7,60.6,22.3,21.3,46.1,18.2,5.9,17.3,41.5,4.6,28.5,9.2
40003,11.6,24.5,16.5,37.0,58.7,7.1,10.6,6.6,75.1,82.3,17.1,54.7,7.1,17.4,59.0,23.9,11.1,36.4,25.9,16.4,13.0,19.9,8.6,33.8,13.0,8.6,8.7,32.7,29.9,69.2,17.7,14.4,39.6,13.3,3.8,9.5,35.0,3.2,17.1,5.2
40005,12.9,27.4,15.2,38.9,59.8,6.9,11.8,7.3,74.6,80.6,20.2,53.4,9.0,21.8,48.1,25.6,12.7,41.3,27.3,23.0,20.1,24.2,9.5,33.9,16.8,11.2,12.0,34.1,33.3,64.9,19.9,17.8,40.4,15.6,4.9,12.9,39.2,3.9,20.6,7.0
40007,16.1,24.3,15.0,35.6,58.0,6.8,10.6,6.3,76.1,82.9,17.5,53.5,6.9,15.8,57.5,24.0,11.3,36.9,25.2,19.3,14.5,21.4,8.3,34.3,15.4,9.0,9.5,33.1,32.4,70.2,17.5,15.2,39.0,13.9,4.0,10.2,36.5,3.2,13.3,5.9
40009,14.9,26.3,15.1,39.1,60.4,6.9,11.2,7.2,75.3,80.5,19.6,51.5,8.8,20.2,53.1,24.5,12.4,40.9,27.4,22.7,19.8,24.0,9.3,34.1,16.8,10.8,11.2,34.5,34.6,65.0,19.2,17.7,40.1,15.2,4.8,12.4,39.1,3.8,19.2,6.8
40011,12.8,25.6,14.9,37.0,59.1,7.0,11.4,6.4,76.6,82.5,18.5,54.3,7.6,18.1,51.9,25.9,11.4,38.7,26.1,19.3,15.7,21.2,8.5,34.3,14.9,9.8,9.9,33.5,31.5,68.2,19.1,15.7,38.4,14.3,4.1,10.6,38.3,3.4,22.5,5.9
40013,11.7,26.5,14.5,37.6,59.7,7.0,12.3,6.9,77.2,82.0,19.4,55.1,8.5,19.6,54.5,27.6,12.0,39.0,25.6,21.1,18.3,23.0,9.0,35.4,15.7,10.6,11.1,32.7,33.3,64.8,19.7,17.0,40.4,15.4,4.5,12.0,40.1,3.7,15.5,6.5
40015,15.8,26.7,15.1,39.9,59.8,6.6,11.5,7.4,75.8,80.4,20.1,49.6,8.8,21.8,47.2,24.4,13.9,43.3,28.1,25.2,21.0,25.5,9.8,33.1,18.6,11.2,12.8,34.5,36.9,64.2,19.5,18.9,40.3,16.1,5.0,13.8,41.5,4.0,26.1,7.6
40017,9.5,24.7,16.9,34.6,58.1,7.1,10.7,5.3,77.8,84.9,14.9,59.1,5.7,13.2,65.3,24.9,9.9,32.4,22.8,13.7,10.0,16.5,7.3,33.8,11.3,7.4,7.3,32.4,26.6,69.5,17.5,12.7,38.6,12.0,3.0,7.9,35.7,2.7,11.7,4.3
40019,11.4,27.1,14.4,37.8,59.2,6.9,11.7,6.5,77.0,82.8,18.8,53.9,7.7,18.2,54.4,26.2,11.9,38.6,26.1,20.2,17.0,21.2,8.4,34.1,15.4,10.1,10.4,34.4,33.6,66.9,19.4,15.9,39.7,14.3,4.2,11.5,39.5,3.5,21.7,6.0
40021,11.2,26.8,14.7,38.8,60.9,6.9,12.8,7.0,77.6,82.5,19.6,49.6,8.1,20.4,51.5,25.9,13.1,40.9,26.5,23.2,19.6,23.8,9.5,33.1,17.6,10.9,12.7,34.1,31.3,62.9,20.2,17.4,44.4,15.8,4.6,13.6,42.3,3.8,20.8,7.1
40023,12.6,27.8,14.0,39.8,61.1,6.7,12.8,7.4,76.7,81.2,21.1,51.5,9.3,22.3,49.0,26.8,13.8,42.6,28.4,26.2,23.8,26.1,9.5,33.7,19.4,12.2,13.5,35.9,36.6,64.3,21.2,19.1,45.5,16.5,5.3,14.9,38.4,4.1,24.8,7.6
40025,13.7,23.1,15.7,33.0,57.7,6.9,10.4,5.6,76.0,84.2,15.9,57.1,5.9,13.9,59.4,23.6,10.1,34.0,24.2,16.0,11.5,18.6,7.5,33.4,13.0,7.9,8.0,32.5,29.1,73.9,16.7,13.3,38.4,12.5,3.3,8.4,35.6,2.8,12.0,5.0
40027,9.6,24.2,13.8,34.3,59.4,7.2,11.0,5.7,77.2,84.7,15.7,56.2,6.2,14.1,60.6,25.5,10.7,34.7,23.7,15.6,11.7,18.0,7.9,34.9,12.4,8.1,8.1,32.6,26.9,69.1,17.5,13.4,37.6,12.4,3.4,9.2,35.9,2.9,10.1,4.8
40029,13.2,29.0,14.5,39.5,60.0,7.0,13.1,7.9,76.0,80.0,22.2,49.3,10.2,24.1,47.1,29.0,13.9,44.9,27.6,27.0,24.8,26.9,10.3,34.9,19.0,12.9,14.0,35.7,37.4,65.1,22.0,19.9,42.9,17.4,5.6,15.1,41.8,4.3,25.6,8.1
40031,12.1,26.8,14.3,37.7,60.3,6.6,11.3,6.4,78.0,83.4,18.2,55.0,7.4,18.3,54.4,25.0,12.7,39.1,26.3,21.4,17.8,22.1,8.2,33.5,16.6,9.7,10.7,32.8,33.4,72.1,18.8,16.8,43.7,14.4,4.4,12.3,44.0,3.5,21.6,6.3
40033,12.0,26.6,15.4,37.7,59.6,7.1,11.9,6.9,76.0,81.6,19.5,52.7,8.5,19.6,51.5,27.1,12.1,40.0,25.3,20.8,18.2,22.6,9.0,34.4,15.4,10.7,10.7,34.3,33.0,67.5,19.8,17.0,42.9,15.2,4.6,11.6,39.6,3.6,24.2,6.4
40035,12.6,27.6,14.9,39.6,59.6,6.9,12.5,7.5,76.2,80.7,21.2,51.5,9.4,22.8,48.2,27.1,13.2,42.7,27.5,25.0,22.3,25.2,9.8,34.8,18.2,12.0,13.1,35.6,34.4,65.5,21.2,18.8,41.9,16.4,5.2,14.1,39.9,4.1,28.699999999999996,7.6
40037,10.6,26.4,15.3,34.8,58.2,7.2,11.8,6.4,76.9,82.7,18.3,52.0,7.6,18.7,56.7,26.0,11.2,38.8,24.9,18.1,15.0,20.3,8.7,34.7,14.1,9.6,9.6,32.6,29.9,70.7,19.3,15.1,39.7,14.1,3.9,10.5,40.3,3.3,22.4,5.6
40039,12.3,25.7,15.4,35.6,59.4,7.0,11.1,6.6,75.8,82.6,17.7,53.1,7.4,17.0,57.1,26.0,11.8,38.9,24.1,19.4,16.4,21.4,8.6,32.2,15.1,9.6,10.0,32.9,32.1,67.7,18.4,15.8,43.1,14.0,4.2,11.1,39.1,3.4,17.1,6.1
40041,11.6,28.1,14.7,38.6,59.9,6.9,12.5,7.1,76.1,81.5,20.3,50.4,8.8,21.6,50.3,27.5,12.5,41.9,26.8,23.5,20.4,24.1,9.6,35.9,17.4,11.3,12.6,35.2,33.4,64.1,21.2,17.9,38.0,16.0,4.7,13.3,38.2,3.8,15.8,7.0
40043,10.7,25.3,15.9,36.3,58.8,7.1,11.4,6.4,76.0,82.5,18.0,53.2,7.6,18.1,54.4,26.1,11.0,37.0,25.0,17.7,14.9,20.1,8.5,33.9,13.5,9.5,9.3,33.2,30.8,68.9,19.1,15.2,38.4,14.0,3.9,10.0,36.5,3.3,15.0,5.5
40045,11.3,25.3,15.8,35.8,58.3,7.2,11.2,6.2,75.7,82.8,17.7,52.9,7.3,17.3,56.9,26.2,10.6,36.9,24.7,16.7,13.7,19.7,8.3,34.3,13.1,9.1,8.7,33.4,30.7,67.2,18.8,14.7,40.1,13.7,3.7,9.5,36.4,3.2,24.0,5.3
40047,12.5,23.8,15.0,36.1,58.4,6.9,11.1,6.2,76.7,82.4,17.3,53.6,7.3,17.3,55.0,23.5,11.3,35.3,25.8,18.5,14.9,20.5,8.4,35.6,14.5,9.2,9.4,32.6,31.3,67.6,17.6,14.7,42.1,13.3,3.9,10.3,37.1,3.2,23.9,5.6
40049,12.5,26.3,15.1,37.4,59.1,7.0,11.8,6.7,76.2,81.9,19.2,54.0,8.3,19.5,52.4,26.9,11.9,39.4,26.1,20.7,17.5,22.2,9.0,33.5,15.4,10.6,10.5,33.6,33.1,69.1,20.0,16.5,38.5,14.7,4.4,11.5,39.5,3.5,16.6,6.2
40051,10.5,24.8,16.1,35.6,59.3,7.1,11.2,6.0,76.1,83.4,17.2,55.7,6.9,16.4,58.8,24.7,10.3,35.5,24.3,15.9,12.7,18.6,8.0,33.5,12.5,8.7,8.4,31.9,28.4,67.8,18.7,13.8,38.3,13.1,3.5,9.0,36.1,3.1,15.3,4.9
40053,10.2,25.7,15.7,35.3,58.6,7.2,11.3,6.2,76.3,82.8,17.7,50.3,7.3,17.6,51.4,26.1,10.4,36.1,24.5,16.3,13.8,19.4,8.2,33.5,12.8,9.2,8.7,33.0,30.2,68.2,18.9,14.6,36.5,13.6,3.7,9.4,38.0,3.2,16.0,5.1
40055,13.3,25.4,16.1,37.8,59.2,6.9,10.8,6.5,75.3,81.9,18.0,53.2,7.5,18.2,50.5,24.4,11.6,39.0,27.0,18.9,15.1,21.5,8.4,33.8,14.9,9.4,9.7,34.4,32.1,65.9,18.3,15.9,42.2,14.1,4.1,10.5,39.4,3.4,21.1,5.7
40057,17.7,26.0,13.8,38.5,60.3,6.3,11.2,7.0,76.6,81.9,19.6,48.5,8.1,18.3,53.3,24.4,13.8,41.4,26.7,25.9,21.9,25.8,8.9,34.7,19.6,10.9,12.5,34.0,37.7,66.6,18.8,18.4,42.7,15.7,5.2,14.0,38.5,3.7,22.9,7.8
40059,14.8,25.4,15.6,35.6,58.6,7.0,10.7,6.4,75.8,82.8,17.6,53.1,7.1,16.1,56.9,24.5,11.2,37.2,24.3,18.8,14.6,20.9,8.4,34.1,14.7,9.1,9.4,33.0,31.6,65.3,17.8,15.3,39.3,13.9,4.0,10.1,37.9,3.2,16.6,5.8
40061,12.1,26.9,14.7,38.2,59.4,7.0,12.4,7.2,76.3,81.2,20.4,52.0,8.9,21.3,47.1,26.8,12.4,41.5,27.0,22.7,20.0,24.1,9.6,34.3,16.7,11.3,11.9,33.9,34.4,63.4,20.6,17.9,42.3,15.9,4.8,12.8,42.2,3.8,26.7,6.9
40063,13.5,27.2,14.9,39.9,60.2,6.8,12.0,7.5,75.8,80.5,20.5,50.2,9.2,22.5,48.6,25.8,13.4,42.9,28.2,25.1,21.8,25.2,9.8,34.4,18.4,11.5,13.0,34.9,35.4,58.8,20.2,18.7,42.2,16.1,5.1,14.1,39.2,4.0,22.3,7.4
40065,14.1,25.1,14.8,37.3,59.7,6.7,11.1,6.5,76.5,82.9,17.8,55.0,7.2,16.7,55.2,25.0,12.2,38.6,25.2,20.5,16.7,21.8,8.4,34.1,15.9,9.5,10.1,32.7,34.0,69.9,18.0,15.9,41.1,14.3,4.3,11.5,42.0,3.4,13.5,6.3
40067,13.7,26.9,14.9,38.8,59.6,6.9,11.8,7.5,75.7,80.5,20.6,50.6,9.3,21.4,50.5,27.0,12.8,41.9,25.9,23.4,21.2,25.0,9.6,34.9,16.8,11.5,11.7,34.0,36.1,65.7,20.4,18.3,41.2,16.1,5.1,12.8,38.2,3.9,22.5,7.2
40069,12.2,28.1,14.8,38.5,59.7,7.0,12.6,7.6,76.1,80.9,21.1,51.6,9.5,22.1,48.0,27.9,13.2,43.5,26.0,23.8,22.0,25.3,9.8,34.1,17.4,11.9,12.6,33.8,35.8,66.6,21.0,18.9,40.2,16.6,5.2,13.8,38.3,4.0,25.3,7.4
40071,11.6,27.1,15.7,36.9,59.1,7.2,12.0,6.8,75.5,82.4,19.0,53.7,8.2,19.6,55.9,27.6,11.9,39.3,25.6,20.1,17.4,22.1,8.9,34.1,15.2,10.4,10.5,33.3,30.7,65.2,19.9,16.5,43.1,14.9,4.4,11.6,36.9,3.5,21.1,6.2
40073,12.5,24.7,16.6,34.5,58.1,7.0,10.8,6.0,75.5,83.3,16.9,57.1,6.7,15.8,57.9,24.3,10.3,34.5,25.2,16.5,12.8,19.4,7.9,34.2,13.3,8.5,8.5,32.7,32.5,65.8,17.9,14.1,37.2,13.2,3.5,9.1,36.6,3.0,14.2,5.1
40075,13.7,27.5,14.4,38.7,59.8,7.0,11.9,7.4,76.2,81.2,20.3,47.8,9.1,20.5,50.5,26.9,13.1,41.0,25.2,23.5,21.7,24.7,9.5,34.3,17.3,11.5,12.0,33.3,34.4,62.8,20.3,18.2,42.8,15.9,5.1,13.5,41.9,3.9,22.7,7.3
40077,12.8,28.6,14.3,39.2,59.8,6.9,12.9,7.8,75.3,80.2,22.1,53.9,9.9,23.8,46.9,27.8,13.8,44.5,27.8,26.9,24.2,26.7,10.3,34.9,19.3,12.7,14.0,35.4,36.0,65.0,21.9,19.9,43.1,17.3,5.5,15.1,39.2,4.2,22.9,8.0
40079,13.1,27.2,14.8,38.4,60.2,7.0,12.3,7.5,76.5,80.7,20.8,50.1,9.3,22.4,48.1,26.7,13.0,42.2,27.4,23.6,21.3,25.1,9.6,35.0,17.2,11.6,12.2,35.0,36.6,65.7,21.0,18.7,40.4,16.3,5.0,13.3,39.3,3.9,19.5,7.2
40081,10.8,26.9,16.0,37.7,60.0,7.2,11.8,6.7,75.9,81.8,19.3,52.7,8.1,19.2,53.0,26.8,11.4,39.3,25.5,19.2,16.4,21.5,8.8,34.1,14.5,10.2,10.0,34.2,31.6,65.4,19.6,16.3,43.9,14.7,4.2,10.9,39.4,3.5,14.2,5.8
40083,9.9,25.0,15.9,36.0,59.1,7.1,11.3,5.8,77.0,84.3,16.3,58.7,6.4,15.5,58.3,25.3,10.3,34.0,23.8,15.5,12.7,17.9,7.7,34.0,12.7,8.4,8.4,32.8,28.0,69.5,17.9,13.8,40.2,12.5,3.5,9.2,35.8,3.0,14.3,4.8
40085,14.2,25.9,15.3,37.0,59.1,6.8,11.5,6.7,76.0,82.1,19.1,49.6,7.9,18.8,56.4,25.8,12.2,38.9,25.7,21.0,17.1,22.9,8.8,33.9,16.0,10.1,10.5,34.1,33.7,70.7,19.3,16.4,38.8,14.9,4.4,11.4,37.1,3.5,21.2,6.4
40087,10.1,24.7,15.9,35.5,57.3,7.2,11.1,5.8,76.1,84.1,16.3,55.3,6.3,15.2,59.5,25.8,9.8,35.0,24.8,14.7,11.2,17.8,7.8,34.0,12.0,8.2,7.9,34.3,27.8,71.5,17.9,13.5,38.1,12.8,3.3,8.3,38.2,2.9,13.3,4.7
40089,12.8,27.4,14.4,38.6,60.1,6.8,12.6,7.4,76.6,81.2,20.7,49.4,9.1,21.7,47.0,26.4,13.3,42.1,27.2,25.0,22.5,25.2,9.4,34.1,18.5,11.9,12.9,35.3,35.3,66.3,20.7,18.8,42.7,16.0,5.1,14.2,39.7,4.0,20.5,7.4
40091,12.1,28.6,14.8,40.5,60.4,7.0,12.8,7.6,76.7,80.8,21.7,50.1,9.6,22.9,49.6,28.3,13.2,44.7,27.3,25.0,22.7,25.7,9.9,34.7,18.3,12.2,13.2,35.9,37.0,63.2,21.6,19.3,44.9,16.7,5.2,14.3,38.8,4.1,19.5,7.5
40093,11.6,25.5,15.9,34.2,58.2,7.1,11.2,6.1,75.0,82.6,17.8,55.6,7.2,17.6,57.7,25.8,10.5,35.8,24.7,16.6,13.4,19.5,8.1,33.5,13.1,9.1,8.6,33.6,31.8,68.8,18.8,14.6,42.2,13.7,3.7,9.3,34.7,3.1,18.5,5.2
40095,14.5,26.0,15.1,36.7,59.1,6.9,11.7,6.9,76.0,81.8,19.7,50.0,8.3,19.4,49.3,26.2,12.2,40.9,26.6,22.6,18.6,23.7,9.2,34.0,17.0,10.6,11.3,34.6,35.2,65.3,19.8,17.4,39.7,15.4,4.6,12.2,40.2,3.6,19.3,6.8
40097,10.9,27.3,14.9,38.4,58.2,7.0,12.5,7.0,76.5,81.9,20.0,51.1,8.5,20.7,51.3,26.1,12.1,41.6,26.7,21.8,18.6,22.8,9.4,35.0,16.5,10.9,11.8,33.7,33.5,67.5,20.5,17.4,41.6,15.6,4.5,12.6,38.5,3.7,21.9,6.6
40099,11.6,25.8,15.2,36.7,58.8,7.0,11.9,6.5,76.6,82.5,18.9,56.1,7.7,18.5,55.3,26.1,11.3,38.8,26.3,19.4,15.6,21.5,8.7,33.0,14.9,9.9,10.2,33.6,32.9,66.9,19.3,15.8,41.6,14.6,4.0,10.7,37.4,3.4,14.0,5.8
40101,12.5,27.7,14.4,39.5,60.4,6.8,12.6,7.3,77.4,81.8,20.8,53.2,9.1,21.2,53.2,26.8,13.4,44.3,27.3,24.4,22.3,25.7,9.4,33.9,18.3,11.8,13.1,35.2,35.0,66.1,21.0,19.4,41.7,16.4,5.1,14.5,40.6,4.0,22.1,7.5
40103,10.0,25.9,15.8,35.3,58.5,7.2,11.7,6.1,76.9,83.2,17.5,56.0,7.2,17.4,59.1,26.9,10.5,37.4,24.9,16.5,13.2,19.6,8.2,33.9,13.0,9.1,8.8,33.3,31.1,68.4,19.2,14.9,41.8,13.8,3.7,9.6,38.3,3.2,16.5,5.1
40105,10.7,27.3,15.3,37.7,59.2,7.0,12.5,6.9,76.8,82.0,19.6,51.6,8.4,20.6,53.8,27.0,12.3,40.4,26.4,21.3,18.4,22.7,9.2,33.6,16.2,10.8,11.5,34.2,33.2,64.0,20.5,17.2,40.3,15.3,4.5,12.4,40.4,3.7,19.3,6.5
40107,14.0,27.5,14.3,41.5,60.6,6.7,12.6,8.2,75.7,79.4,22.1,49.6,10.4,24.8,46.6,26.6,14.7,44.7,28.5,28.6,26.7,27.7,10.4,34.8,20.3,13.1,14.8,35.5,37.4,64.2,21.2,20.6,45.6,17.3,5.9,16.2,39.7,4.5,25.7,8.6
40109,12.6,25.5,15.0,35.9,61.3,6.4,11.5,6.3,77.6,84.1,17.1,55.3,6.6,14.5,58.4,25.1,12.0,37.2,25.7,18.9,15.3,19.9,7.4,33.4,15.9,9.1,9.9,32.1,29.1,74.2,17.7,15.9,37.9,13.0,4.0,11.2,36.5,3.3,14.8,5.8
40111,11.5,28.3,14.1,39.8,59.6,6.9,12.8,7.0,76.6,82.0,20.3,52.5,8.6,20.8,52.0,26.7,13.2,42.3,27.1,22.9,20.3,24.2,9.2,34.5,17.5,11.3,12.1,34.2,36.0,64.0,20.7,18.2,45.3,15.6,4.8,13.5,39.2,3.9,21.6,6.9
40113,10.6,26.1,15.5,39.2,60.0,6.8,12.3,6.5,77.4,83.0,18.3,56.2,7.4,18.4,54.5,25.4,11.4,38.4,27.0,19.5,16.3,20.7,8.3,32.5,15.7,9.8,10.5,34.8,30.0,66.1,19.2,15.5,46.4,14.0,4.1,11.6,37.7,3.5,18.0,5.9
40115,12.2,27.2,14.7,37.4,60.1,7.0,12.7,7.5,76.2,81.1,21.0,51.9,9.4,22.3,49.5,27.9,13.2,41.8,26.2,23.9,21.7,24.5,9.8,34.2,17.7,11.9,12.8,33.8,35.4,67.1,21.0,18.4,42.3,16.3,5.1,13.9,41.2,4.0,25.0,7.4
40117,11.2,26.4,15.2,36.4,58.7,7.1,12.0,6.7,76.2,81.9,19.1,54.1,8.2,19.7,56.7,27.4,11.5,39.1,26.3,19.8,16.7,21.8,9.0,33.6,15.0,10.3,10.4,34.3,31.5,68.1,19.9,16.2,39.6,14.8,4.2,11.0,38.3,3.5,21.6,6.0
40119,9.7,25.4,15.5,35.6,59.9,7.3,11.5,6.6,77.0,83.1,17.1,54.2,7.6,17.0,57.9,25.3,11.7,36.5,23.6,18.1,15.9,19.6,8.6,33.5,13.6,9.4,9.6,31.1,29.5,66.0,18.0,15.1,38.0,13.6,4.1,11.0,38.3,3.4,12.2,5.7
40121,11.7,27.0,15.1,38.3,58.8,7.0,12.0,6.9,76.6,81.5,19.2,52.3,8.3,19.8,51.1,26.1,11.8,38.9,26.1,21.2,17.9,22.4,9.2,33.9,15.8,10.5,11.1,33.9,32.1,68.4,19.7,16.7,40.3,15.1,4.5,12.0,43.7,3.6,21.4,6.4
40123,10.0,25.0,15.7,37.0,57.7,7.0,11.9,6.2,77.1,83.4,17.4,55.1,7.0,17.1,53.5,26.0,10.9,35.7,25.4,17.7,14.2,19.5,8.3,33.4,13.9,9.2,9.7,34.1,28.9,65.9,18.8,15.0,40.3,13.7,3.7,10.3,37.3,3.2,11.3,5.5
40125,10.7,27.8,14.5,37.9,58.6,7.1,12.4,6.5,78.1,83.1,18.9,54.0,8.0,18.5,53.9,26.5,11.5,39.0,25.6,19.4,16.6,21.8,8.7,34.8,14.8,10.2,10.3,34.8,31.5,66.2,20.1,16.6,41.4,14.5,4.2,11.2,38.4,3.5,21.8,6.0
40127,13.0,28.2,14.7,39.5,59.7,6.9,12.7,7.9,75.9,80.0,22.1,49.9,10.1,24.4,47.4,28.9,13.7,45.1,26.9,26.1,24.5,26.3,10.3,34.9,18.5,12.8,13.6,35.8,37.2,67.3,21.5,20.0,39.1,17.1,5.5,14.7,38.6,4.2,20.8,8.0
40129,10.6,26.5,15.3,36.6,59.4,7.3,11.4,6.6,76.7,82.6,18.0,54.7,7.8,18.2,56.7,26.3,11.3,37.6,23.6,18.0,15.8,20.5,8.7,34.2,13.7,9.7,9.6,32.2,31.4,67.6,19.1,15.5,40.6,14.2,4.1,10.6,36.7,3.4,11.9,5.7
40131,9.4,23.7,15.8,33.8,57.4,7.1,11.4,6.0,76.0,84.0,16.9,57.9,6.5,16.0,59.7,25.4,10.6,35.6,24.8,15.3,11.8,17.7,8.0,32.9,12.5,8.5,8.6,33.0,27.4,69.6,18.0,13.8,39.9,13.0,3.4,8.9,35.0,3.0,12.9,4.8
40133,12.9,28.3,14.4,40.1,60.1,6.9,12.8,7.8,77.0,80.7,22.0,49.2,9.9,23.3,48.2,28.7,13.7,44.7,28.1,26.7,24.3,26.4,10.0,35.7,19.2,12.7,13.7,37.1,36.7,63.9,21.7,19.9,45.4,17.2,5.5,15.1,41.1,4.2,26.7,7.9
40135,12.7,28.0,14.5,39.6,59.7,6.9,13.0,7.6,76.8,80.6,21.9,52.2,9.7,23.4,48.6,28.0,13.7,44.9,27.9,25.9,23.5,26.2,10.2,34.4,18.7,12.6,13.7,35.0,35.7,65.1,21.8,19.6,47.1,17.1,5.4,14.5,38.1,4.2,28.3,7.9
40137,11.9,26.5,15.4,37.8,58.8,7.1,11.7,6.7,76.7,81.9,18.7,55.1,8.0,19.1,55.2,26.8,11.4,39.3,24.9,19.8,16.8,22.3,8.8,33.6,14.6,10.1,10.0,33.4,32.5,65.9,19.6,16.5,39.2,14.8,4.2,10.9,35.0,3.5,21.0,6.0
40139,21.9,23.5,14.0,37.0,59.4,6.0,10.2,6.8,74.7,81.8,18.6,47.9,7.0,16.2,51.2,22.2,13.2,40.2,28.0,25.7,19.2,25.1,8.7,34.6,19.5,9.9,11.8,34.8,37.5,67.2,17.0,17.5,44.5,14.9,4.8,12.6,36.8,3.5,16.3,7.7
40141,17.0,25.3,14.5,37.0,59.5,6.5,11.2,6.8,75.9,81.7,19.4,50.5,7.8,18.6,51.0,24.7,12.9,40.5,26.7,23.2,18.8,24.2,8.8,34.3,17.7,10.4,11.3,34.5,35.5,67.3,18.9,17.6,44.2,15.2,4.7,12.2,39.9,3.6,21.1,7.1
40143,11.8,23.0,14.0,33.8,59.9,6.7,11.3,6.0,75.8,84.1,16.9,56.9,6.7,15.0,58.6,27.5,10.8,36.9,26.5,18.4,14.9,19.9,7.8,31.8,15.0,9.0,9.6,35.5,30.4,72.2,18.3,14.7,35.9,13.1,3.8,11.0,35.7,3.2,16.4,5.5
40145,9.7,24.9,16.1,35.1,58.9,7.1,11.2,5.8,76.3,84.3,16.4,55.3,6.4,15.5,58.8,25.2,10.3,35.1,24.9,15.4,12.1,17.9,7.8,32.5,12.7,8.2,8.4,33.1,27.5,69.7,17.6,13.7,35.8,12.8,3.4,9.0,39.7,3.0,10.2,4.8
40147,10.3,26.6,15.0,34.7,58.6,7.2,11.7,6.4,76.4,83.2,17.9,55.2,7.4,17.6,54.4,27.7,11.0,37.9,24.7,17.8,15.1,20.0,8.4,33.1,13.8,9.5,9.6,33.4,29.5,66.8,18.6,15.6,42.7,13.7,3.9,10.4,41.1,3.3,22.1,5.6
40149,11.4,25.8,15.9,34.8,58.8,7.2,11.3,6.4,75.9,82.4,18.2,54.2,7.6,17.8,54.6,26.3,10.8,37.4,24.7,17.7,14.7,20.4,8.5,34.0,13.5,9.5,9.0,33.6,30.8,66.9,18.8,15.1,39.5,13.9,3.9,9.8,37.6,3.3,20.8,5.5
40151,10.3,26.1,15.9,35.5,59.2,7.3,11.1,6.4,76.6,83.1,17.0,57.0,7.2,16.7,57.7,26.6,10.7,36.4,23.8,16.2,13.8,19.3,8.3,34.7,12.7,8.9,8.7,32.7,29.3,70.1,18.3,14.4,39.0,13.5,3.8,9.6,37.9,3.2,15.2,5.2
40153,12.5,24.6,15.7,36.2,58.7,7.1,10.9,6.3,75.4,82.6,17.4,52.1,7.3,17.2,53.3,24.7,10.7,36.1,25.4,17.8,14.3,20.0,8.4,33.2,13.8,9.0,9.0,32.9,29.7,64.3,18.2,14.5,41.6,13.6,3.8,9.8,37.5,3.2,19.8,5.5
41001,8.2,25.8,17.6,30.0,51.2,7.7,12.2,5.9,70.7,80.8,16.4,58.1,6.8,14.5,61.7,28.0,9.8,30.4,21.467646687663233,13.656769193075235,13.364026593041032,18.8,6.8,29.3,11.24515235370725,8.5,8.506852914412606,31.552206782966763,19.1,73.8,19.4,12.4,37.8,13.8,3.4,8.300106729990407,33.1,3.0,12.1,4.5
41003,6.9,25.3,17.9,27.7,51.0,7.6,11.7,5.3,71.4,82.4,14.4,59.0,5.7,11.3,66.5,26.8,9.3,27.6,20.328889784260156,11.618025829507026,11.016871666560228,16.7,6.1,29.6,10.179885712573697,7.3,7.5945380442311174,30.37273632924719,16.7,77.3,17.9,10.8,28.3,12.4,3.1,7.155188421507656,26.6,2.8,13.5,4.1
41005,7.0,22.7,16.4,27.3,50.0,7.6,11.7,4.7,70.8,83.3,13.4,61.5,5.0,10.6,69.9,28.7,8.6,25.2,20.325559911562486,10.566416109894252,10.989170139226957,15.7,5.5,27.8,9.650119160678145,6.7,6.845657479107485,31.320816628503913,18.6,78.0,17.9,9.8,33.7,12.1,2.6,6.352130762051411,32.8,2.5,8.3,3.6
41007,8.7,25.3,17.7,29.8,50.9,7.6,12.3,5.6,70.9,81.3,16.0,56.7,6.4,13.6,66.7,28.3,9.5,30.1,21.10301217162493,13.137461252638218,13.16506196112463,18.6,6.5,29.2,11.032984316310836,8.2,8.216162861891021,31.528450829986188,19.8,73.9,19.2,12.0,34.8,13.7,3.3,7.913417911795841,30.7,2.9,8.7,4.4
41009,8.6,25.7,17.6,29.4,50.4,7.6,12.3,5.6,68.7,80.8,16.3,58.1,6.4,14.4,62.4,28.6,9.6,28.3,22.84484480802925,14.011089373082022,14.905278271260107,18.7,6.2,28.2,11.726373094545563,8.2,8.715542482506823,32.91141880388648,20.7,75.8,19.6,11.7,33.1,13.7,3.2,8.202361782598999,34.0,2.9,11.4,4.3
41011,9.2,27.0,17.7,31.6,51.4,7.6,12.7,6.1,70.7,80.1,17.8,56.6,7.3,15.9,62.6,28.8,10.2,33.3,22.835127601998458,16.365265654589493,16.964103255992384,21.2,6.9,29.1,13.14344231296327,9.5,9.924297976596007,32.67819470865738,21.7,73.9,20.2,13.9,34.2,15.2,3.8,9.768756180537673,32.8,3.3,13.1,5.1
41013,8.4,25.5,18.9,29.9,51.3,7.6,12.2,5.4,70.0,81.4,16.0,57.4,6.2,13.4,63.2,28.6,9.2,29.0,22.14068408833296,13.145329930016192,13.850647924884928,17.8,6.3,28.5,11.023258938431585,8.0,8.218372616490344,32.3057103403111,19.4,76.8,19.4,11.4,36.0,13.3,3.1,7.782237315927117,32.4,2.8,13.9,4.2
41015,9.1,25.5,18.0,30.4,50.5,7.6,12.5,5.8,68.9,80.5,16.8,61.6,6.9,14.4,59.3,28.8,9.9,31.2,22.306359733098063,15.067062885293703,16.14094892279431,19.8,6.7,28.8,12.285100591673286,8.8,9.190607550229101,32.41008146900353,20.4,76.0,20.3,12.7,38.6,14.1,3.6,8.94830086052923,32.6,3.1,11.2,4.8
41017,7.0,23.8,18.9,28.0,50.6,7.9,11.7,4.9,72.1,83.0,13.9,58.7,5.2,10.7,71.5,25.9,8.2,25.6,19.55603187863536,9.839125159762558,9.424212476331295,15.0,5.8,28.9,8.962075091525865,6.9,6.770770902544095,29.59187759031887,15.6,79.3,17.0,9.9,26.800000000000004,11.7,2.7,6.175032461760726,25.6,2.5,15.0,3.6
41019,9.1,26.2,17.0,31.3,50.7,7.7,13.1,6.1,71.0,80.0,17.9,53.1,7.4,15.2,58.2,29.4,10.5,32.9,23.225100510699985,16.31028946304515,16.62831546114519,21.2,7.0,30.7,13.105483743885287,9.3,9.78847581049824,33.38609096821585,23.5,74.7,20.4,13.4,37.8,14.9,3.8,9.6985021237205,35.4,3.2,15.0,5.0
41021,10.0,26.3,17.5,30.6,51.0,7.5,12.7,6.0,69.5,79.6,17.9,54.4,7.4,15.7,64.1,29.2,10.2,32.5,22.64771087833355,16.615084330016714,17.362393961273888,21.1,6.9,29.4,13.284285335367201,9.4,9.986517850079045,32.59769383508259,22.7,75.4,20.7,13.5,35.8,14.8,3.8,9.815885907038549,31.6,3.2,20.7,5.0
41023,8.5,26.2,17.4,30.4,51.3,7.6,12.6,6.0,69.1,79.8,17.4,55.9,7.2,15.5,61.2,28.9,10.0,32.3,22.854475135652205,15.45306724724146,15.78205423359257,20.0,6.9,29.3,12.526665589907406,9.1,9.493254463392448,32.700020870768824,21.7,73.3,20.4,13.0,33.9,14.5,3.6,9.193341963796161,33.6,3.2,14.4,4.8
41025,9.5,26.8,17.4,33.2,52.1,7.5,12.9,6.5,69.0,79.1,18.5,53.4,8.0,17.0,58.1,29.6,11.0,34.7,24.03199934035245,18.025224110948596,18.33863429336888,22.1,7.4,29.9,14.128717178214867,10.0,10.643548073137335,33.71606805108088,24.0,72.1,21.4,14.4,39.0,15.5,4.1,10.569061378015148,35.7,3.4,17.2,5.5
41027,11.9,22.8,18.0,27.9,50.5,7.1,11.3,5.1,69.6,82.1,15.0,58.8,5.4,11.4,65.6,24.8,9.4,27.7,22.096993457540243,14.216243873113871,13.529686815658142,18.2,6.0,28.7,12.184243950834452,7.4,8.426627266671364,32.01515430284924,19.8,79.1,17.2,11.1,31.3,12.8,3.1,7.828004916237214,29.8,2.7,13.7,4.5
41029,9.7,24.4,17.1,29.9,49.4,7.4,12.2,5.5,71.8,81.4,15.8,54.2,6.3,13.4,58.4,27.9,10.0,28.6,24.59319474439348,15.494731748949226,15.540977052654274,18.3,6.3,28.4,12.922909357930507,8.2,9.414846630234198,34.07728624641398,20.3,75.0,19.9,11.7,33.0,13.6,3.4,8.81201161115906,35.8,2.9,18.2,4.6
41031,11.7,25.3,17.3,30.7,50.9,7.1,12.2,5.9,69.6,80.2,17.1,55.8,6.6,15.0,60.3,26.4,11.0,32.1,23.944946458479908,17.815705144942193,17.558676622582492,21.2,7.0,29.0,14.369375283784164,8.9,10.351905449814717,33.40188640976943,22.2,75.6,19.5,13.1,35.5,14.6,3.7,10.033117224121689,34.7,3.2,15.8,5.4
41033,10.2,27.0,16.8,30.4,51.9,7.6,12.7,6.2,69.7,79.2,18.2,53.7,7.7,16.4,57.2,29.3,10.8,33.8,23.708168435961888,17.471558578019778,17.541821112858997,21.9,7.1,30.0,13.897415282294414,9.8,10.435961072984412,33.40646383589338,23.3,72.8,20.9,14.1,34.0,15.5,4.1,10.272456065925288,33.3,3.4,17.0,5.5
41035,10.7,26.3,16.9,33.9,51.6,7.4,12.7,6.4,69.9,79.8,18.0,55.5,7.6,15.7,59.0,28.8,11.2,33.7,23.60292942532254,18.247815765933765,18.372431403820194,22.0,7.1,29.9,14.447016787372648,9.6,10.626973143049938,33.4426165248048,24.9,74.7,20.5,14.2,38.1,15.3,4.0,10.636271574031186,34.5,3.3,18.1,5.6
41037,10.6,26.2,17.3,32.5,52.2,7.4,12.2,6.5,69.7,79.0,17.8,55.3,7.6,16.0,56.7,28.1,11.0,33.2,23.19587729284241,16.887435902153314,15.490248976501068,21.8,7.4,29.5,13.381649841615953,9.4,10.024313387087496,32.58946526094215,23.5,67.9,19.9,13.8,37.5,15.0,4.0,9.84224388458171,33.9,3.4,12.2,5.5
41039,8.3,25.6,16.0,29.9,51.5,7.8,12.3,5.5,69.9,80.4,16.0,53.0,6.5,13.0,60.8,28.3,9.3,29.6,21.553343144607325,13.138483759471438,12.499583011816242,18.3,6.3,30.5,11.06726636145887,8.3,8.231591925033666,31.959594077859006,18.6,74.9,19.9,11.9,35.2,13.5,3.4,7.937401374822537,31.9,3.0,10.2,4.5
41041,9.2,25.2,17.5,30.7,51.4,7.7,12.7,5.8,70.3,81.1,16.3,57.0,6.8,14.2,62.5,29.2,10.1,30.2,23.211683112122262,15.534506449636725,16.402004845351314,20.1,6.6,29.3,12.726927025838187,8.7,9.420246270030514,33.28677738817388,21.0,75.6,19.9,12.5,35.7,14.7,3.6,9.144117027114474,34.6,3.1,16.0,4.8
41043,9.1,27.2,18.2,30.2,51.5,7.5,12.6,5.7,70.8,80.6,16.6,57.6,6.8,14.5,62.3,31.6,10.1,31.2,22.29269596533774,14.611312761327827,15.817369609580265,19.9,6.6,27.9,11.910034908499098,8.6,8.915435192785877,32.80275375542466,21.5,73.3,20.1,12.9,40.1,14.2,3.5,8.72884994619176,35.0,3.1,9.7,4.7
41045,15.8,25.5,16.8,33.6,51.6,6.9,11.8,6.7,68.9,78.3,18.6,51.6,7.7,16.4,52.6,25.3,12.5,35.0,25.94456920228439,22.247192894322133,19.962883463428383,25.0,7.5,30.3,17.21808278523262,10.0,12.244227608870741,34.542475629047324,27.7,70.7,19.6,15.4,41.6,16.1,4.6,12.13913324116693,36.0,3.6,27.5,6.7
41047,12.5,24.5,16.9,30.8,50.8,7.0,12.2,5.7,70.9,81.0,16.8,58.6,6.4,12.7,59.5,27.7,11.3,31.8,22.983030088771322,16.91004732029002,16.391463603735037,21.1,6.6,30.4,13.788092255901862,8.7,9.600526085904669,33.44811306399727,21.8,73.7,19.1,13.2,43.6,14.2,3.7,9.542084160492932,34.9,3.1,12.3,5.3
41049,18.3,25.7,15.6,32.1,51.8,6.6,12.1,6.7,69.0,78.5,19.6,51.0,7.7,16.3,54.3,26.5,12.7,36.3,26.421767938734718,24.047937477394353,22.33646535266662,26.7,7.7,29.4,18.64019487507034,10.5,13.135142861513756,35.19689880920384,27.3,70.0,20.2,16.0,39.4,16.7,4.9,13.051036559842364,35.8,3.6,27.9,7.2
41051,7.5,21.5,17.3,27.7,50.8,7.0,11.7,5.1,70.3,83.8,14.6,60.6,5.1,11.7,64.8,29.9,9.1,28.0,21.96658525848278,12.655199801203423,13.125283064606279,17.1,5.7,30.6,11.274656702008539,7.4,7.790158148117689,32.86584319963378,17.5,78.2,18.3,10.3,28.5,12.1,2.9,7.27221170788293,28.6,2.7,13.2,4.1
41053,9.2,25.5,16.1,28.6,51.2,7.5,12.5,5.4,69.3,81.7,15.7,60.5,6.1,12.6,60.3,27.8,9.6,27.8,22.349807942264405,13.943884987890682,13.892319128333828,18.1,6.2,29.5,11.85870559370107,8.0,8.643862229000137,32.51455617941797,19.6,75.6,18.5,11.5,33.4,13.1,3.3,8.282651149948112,34.6,2.9,11.8,4.4
41055,9.7,26.4,17.4,31.4,51.2,7.5,12.6,6.2,69.9,79.8,17.8,56.2,7.4,15.9,58.5,28.9,10.4,32.2,22.739118278349665,16.433773431058537,16.875742701609074,21.0,7.0,29.8,13.159196459490726,9.4,9.852393667214681,32.68440965847268,22.3,75.4,20.6,13.3,36.7,14.9,3.8,9.731178062153038,31.9,3.3,13.3,5.1
41057,9.5,24.3,18.1,28.8,51.1,7.5,12.1,5.6,70.1,80.9,16.3,56.1,6.5,13.7,63.9,27.6,9.7,29.2,22.656842297210144,14.819330574809188,15.025635510386934,18.7,6.5,28.6,12.27151551458325,8.3,9.091638740749117,32.28820386038147,20.0,76.6,19.3,12.0,32.1,13.7,3.4,8.60493224985023,31.2,3.0,18.3,4.5
41059,13.8,25.5,17.4,30.4,51.9,7.0,12.0,6.1,70.7,79.7,17.5,56.4,7.0,14.9,57.6,23.8,11.4,33.2,23.85066912561308,19.14576699610075,18.107427813183733,22.8,7.1,28.7,15.215093214130688,9.1,10.828761177771842,32.96174101981615,24.5,76.7,19.0,14.0,37.9,15.1,4.0,10.6564574556505,33.9,3.2,13.2,5.7
41061,8.4,26.7,18.1,31.3,51.9,7.7,12.4,6.0,70.4,80.6,16.8,57.1,7.0,14.7,61.1,28.7,10.1,31.2,22.42187917670078,14.777903162386366,14.995207204401076,19.5,6.8,29.2,11.99810079850033,8.8,9.092630045295275,32.34019407609334,20.7,74.2,20.1,12.7,36.8,14.2,3.6,8.89335046229737,33.2,3.1,15.5,4.7
41063,7.2,24.7,18.9,28.8,50.5,7.8,12.1,5.2,71.0,82.3,15.1,55.9,5.8,12.3,66.5,28.4,8.7,27.6,21.290063252406565,11.099159717071338,11.477432937517854,16.7,6.1,29.1,9.701262193048489,7.5,7.21055561506523,31.833844343704595,18.0,76.3,18.6,10.8,34.1,12.6,2.9,6.6788067568322855,31.9,2.7,7.9,3.8
41065,11.8,25.2,17.6,30.0,51.7,7.2,12.2,6.0,69.6,80.2,17.4,53.6,7.0,14.8,61.4,27.6,10.9,31.9,22.909100527477836,17.337726754601412,16.934000171996345,21.0,6.9,29.7,13.876686198047556,9.0,10.094598742375352,32.5702745528772,22.3,75.7,19.4,13.3,38.0,14.7,3.8,9.902058358172807,31.0,3.2,20.9,5.3
41067,7.8,21.0,15.1,28.4,49.8,7.0,11.2,4.6,69.4,83.2,13.1,59.1,4.7,9.6,68.7,25.1,9.2,25.3,20.34897202019421,11.95604436449662,10.78385685588044,17.0,5.3,30.7,10.883487720048503,6.5,7.22208274645855,31.219625364169566,17.4,82.0,16.5,9.6,32.0,12.0,2.6,6.772788749995842,29.3,2.4,11.6,3.7
41069,9.9,26.4,17.3,31.5,51.3,7.6,12.7,6.1,69.9,80.0,17.8,54.9,7.4,15.5,59.0,29.1,10.6,32.4,23.129094026620272,16.957574881378974,17.81590842548087,21.0,7.0,29.3,13.569533931485784,9.5,10.07946056338485,33.10013882997443,22.2,77.8,20.5,13.5,36.9,14.9,3.9,9.96296098024101,34.1,3.3,12.7,5.2
41071,9.7,24.0,16.9,29.8,51.3,7.3,11.8,5.3,70.3,82.0,15.4,57.7,5.9,12.2,63.3,25.6,9.7,28.0,22.601065511390896,14.41581845892052,13.129290392364036,18.6,6.2,28.3,12.106049326566241,7.8,8.7161146295653,32.13369097874785,20.1,73.3,17.9,11.6,37.3,13.2,3.2,8.259611112856666,34.2,2.8,16.6,4.4
42001,11.885031172084702,26.61417352709894,16.901492560727384,32.99321142162045,55.580389328081445,7.301044261041282,11.623301723028343,5.986684567714245,74.69490769318705,84.3334934997414,18.15974301612038,59.2,7.594795646731646,16.410063897043493,64.1,30.722954988735705,10.748951009761482,33.62647135792116,24.399761230319164,15.789140112462768,16.06700319307968,21.74513139897707,6.6309172329983275,33.876436033358594,13.138277942176906,9.35708077627841,8.711197256110452,37.02339354921636,25.203343445983926,73.4,21.425629308094322,13.668565878988687,34.93959887054008,15.023147679825012,3.6588706892152865,9.12536238414875,39.7,3.048836599121236,15.9,4.960938369630117
42003,14.17893761969414,22.370332898957614,17.92155279170372,33.276353336996806,61.17933185533199,6.481396663954022,9.413441277273664,5.404001988995037,77.31839825969419,85.36218442325435,14.526836496282908,61.1,5.570151564214651,13.318092557637643,65.0,21.636207086758134,11.617214556954556,29.394600179276747,23.372374082770236,16.34765116344745,12.435967139991124,19.523785443205387,5.841993088541535,33.180052069236375,13.735382125044802,7.800233026047754,8.179896930155898,34.54831473764781,27.69856565701675,79.5,16.676631247822392,12.610876926664098,39.063138063812765,12.376228233078368,3.614672227832509,8.628804546758166,37.0,2.942175850502684,11.8,5.062406835484435
42005,12.400074949585415,24.830300986096134,21.75530440392739,35.7040460473746,62.235691710608116,6.642533690486306,10.686350340097276,6.491500076817333,76.47752082142622,82.39491847501847,16.695655710049497,59.0,7.672419109316941,19.642389560852493,60.3,23.540048757648687,12.962036738664736,32.661462830911475,26.384411646383683,21.44302903148423,20.088838226409635,23.32904244457023,6.817567612013187,31.235272235810204,16.548608125432757,10.031734240331083,11.110310156911904,35.63263601372956,31.707160461062884,79.5,19.251730965536446,14.849991674305741,45.06828750832054,14.497013508102205,4.6693348217192305,11.594189605894861,38.3,3.677060306298239,17.7,6.274870152063497
42007,8.931512564771655,25.45901795618305,17.97901518816897,33.52182908980782,58.3627929085868,7.068285870966432,11.550915765150886,5.992377737950033,76.48039646628646,83.77602810163971,16.52202403159626,61.3,7.126279512490626,16.716742335009727,65.5,26.259427574417064,11.264871359717242,31.754714663597838,23.36974065461739,17.370605519322062,16.502739639891907,20.305323797414395,6.656707209115337,31.284493207789676,14.002469424818978,9.281961266095884,9.687562596351572,33.695313772939336,25.762401946732375,77.9,19.2144507754018,13.504603199365572,38.19986038041893,13.854760342081141,4.0101514671472,10.158690240706102,36.7,3.360255598660892,15.9,5.32655809940338
42009,7.9266547508040155,29.008515381515252,20.706683705329016,35.673623813237015,57.46974918682905,7.456736531418361,13.126267146251832,7.054616321562472,74.94755319256826,81.44826140081028,19.750584685232063,58.6,9.573925530881635,22.776014723877612,60.4,31.47968837222455,12.140090372226782,36.128496226133336,26.743401386542498,21.162699407988036,23.849338826212556,24.653876406065987,7.575956893676975,30.91398444370066,16.066052906708336,11.580220374962632,11.97879923896826,36.623160366050065,28.680533376212175,75.3,23.32278805098317,15.75621361839046,41.55606847964654,16.672107502417106,4.809740469176359,12.494651329236218,39.8,3.9112339842482227,21.9,6.206942248012294
42011,17.53265180892693,25.106447148494404,21.933842988889946,34.9993081503194,60.6201146760082,6.624227054691205,10.243001604328741,6.449206201437982,74.79211196366307,83.13778653725531,17.921509938344006,57.5,7.8445695596446985,19.164591560831678,63.1,27.548088269572364,12.969483986177165,33.96147534600089,27.651523855459516,20.504902200573113,20.72335828817294,25.450296786324103,6.502512026030768,34.02006591547007,16.195244275189445,9.95562966888258,10.039097122088206,39.69638601800321,32.66802428129901,77.7,21.167610477455852,14.979157298268431,43.890868250866944,15.57793724563101,4.366928300543405,10.517731384519443,41.4,3.30263995707863,16.5,6.063516251053959
42013,11.966271015403862,27.775936241224677,16.664636276328217,34.558944878035874,56.546749307334,7.382891146797818,11.708290316208899,6.06524147677198,76.04135770300365,85.49085109784463,18.798534976236915,59.6,8.075594412375759,16.990152992831153,60.5,32.261890447072716,10.990116113400857,34.376725336288175,25.753236003165146,15.922659237020834,16.70346994605263,22.586132757508615,6.352441948548246,35.57579951239759,13.319739551844217,9.604257351982845,8.633551367645172,39.174475893099356,25.936813318490813,73.0,22.619507887649455,14.033241429270936,35.03629945367858,15.500454764514902,3.6439676860627768,9.22544830096462,42.2,3.0488801329481263,16.7,4.836962878866444
42015,7.583843493102244,28.5646051928523,19.588812160358366,34.540871823112084,56.29837909915208,7.499881465478959,13.11723668650393,6.807282358304997,74.67391812223323,81.81474926140251,19.337549378430836,59.2,9.103710466409868,21.298128550369537,63.1,31.559922335571862,11.592337604856572,35.4088729488911,25.488200336350797,19.70262508199395,22.141302243767868,23.469917767663173,7.483106915650538,30.810307523646987,15.180707875018694,11.107416293442013,11.34046502109117,35.70719240291459,26.881771153703653,75.1,22.781157208610935,15.138129730047648,39.456033739572035,16.211616483044377,4.550828570644198,11.808268511550747,38.8,3.7507294769755632,20.6,5.901928791136971
42017,8.461173893651507,26.144773555351975,12.763875513542153,32.41732712771489,55.654820795055244,7.413292924321534,11.52525972417259,5.136627663725768,78.11986180530714,87.88803025624141,16.33778817356166,64.0,6.257362792311237,11.80497832971417,67.1,29.929578556548357,9.538142593030724,30.646851674733085,21.514296245598274,11.551910554245428,10.459471613692024,17.497843932491165,5.657271646211651,35.06822134939484,10.72296293527344,7.832423188449058,6.750413887107981,35.16782207574973,20.27592548660919,75.3,19.695634976044655,11.813934528755524,29.563091642824162,13.082004963586305,2.8712745290738706,7.391546700455718,38.6,2.6567041749941533,12.3,3.773505229254803
42019,8.127593471977757,26.240991644646332,15.450454686535528,32.78891780248855,56.662545249018876,7.301091761771157,11.879927647179825,5.58605334019549,77.54336974918446,86.11049698471626,16.633172116863715,63.8,6.812125248239258,14.444032828460049,69.8,29.575741080388696,10.394722658658132,31.23146245500316,22.197145017615348,14.373638514278191,14.57130294884859,19.024293021758933,6.051683820580045,33.12132155340654,12.312048231834579,8.686225978390064,8.22668422315554,34.636786563519934,22.52848674799104,77.9,19.9901139175339,12.623905013459645,33.82737814203558,13.664080169038021,3.4382501937423005,8.8623102590664,37.7,3.0080632312782747,14.0,4.505625532108121
42021,14.263329425293207,24.739763703729647,19.651933692168086,35.53062656452718,61.871869284089016,6.658049579524569,10.131066651216235,6.025629154931791,77.48180838515319,84.8726098753008,16.508359130873274,60.0,7.115024308730114,16.96949711421391,60.5,24.997202929988994,12.438031162160566,32.047531973209374,26.20635112063531,18.785402321855933,17.062658673627695,22.594314931595285,6.086099208132813,34.091673701578294,15.183940785729776,9.16139829767677,9.396038977292745,37.660172628780145,30.336809395390645,78.6,19.480209096745227,14.081057632927012,41.72578258773972,14.138202543347393,4.072425098053252,9.997659383512058,40.3,3.23972363279336,15.3,5.526588263334686
42023,12.399493671983294,27.515125861728507,20.110038706714562,35.72159422255878,58.42479481269958,7.180882688597792,11.683486192679245,6.709470524358552,74.76378827393958,82.50038697331223,19.156136693556487,56.8,8.838680756829374,20.64972905190488,56.0,29.50969631354562,12.1653679523532,35.57543707381201,27.50955133584899,20.045762176858943,20.495160475505056,24.72243975062182,7.157508433168193,33.245994936894235,15.633496140527559,10.693598453010495,10.737044148217974,38.452066280617146,30.014752654032698,73.3,22.432570532765965,15.38580411996508,40.796371401589624,16.167246926746714,4.449381163754102,11.177573440340224,41.4,3.559032351617501,19.8,5.929549563145314
42025,14.06439009995645,24.408774089313457,16.398556651047866,32.57279395164912,57.09563353609202,6.961739205873218,10.334155254795204,5.565659704379223,75.12258357254056,84.98505218386738,16.562957837119622,58.9,6.449818198942024,13.959422411249225,62.6,26.63949481937199,10.728260476791268,31.795479799782935,23.784337371878653,14.894615719113787,12.469921636488884,20.408402648428023,6.280815455351922,34.33363192460912,12.744788844689431,8.302244917483371,7.836023463680339,36.22622702670343,25.666652064753194,73.8,19.151954545883108,12.93113000073263,34.86172921702243,13.728537720899624,3.401481852470962,8.16667959844115,38.8,2.8254764419790988,13.4,4.772489605317957
42027,7.312034880711086,26.558168790871083,17.820743450203388,34.32109708834514,58.19888715956828,7.2425633024555705,12.068978351539068,6.178576833293709,76.78070958014307,83.59365111612401,17.139651511176638,61.1,7.678071207931356,17.8312415257092,62.4,27.16453033658724,11.246903779261139,32.5894394784227,23.884494694623076,17.794779291061324,17.30221829554054,20.601184649469896,6.853878237294597,31.210896722518743,14.179546424420296,9.736050490880073,10.154367076492,33.85046570908543,25.606339359369578,76.8,19.988911450149992,13.894730789001184,38.054713080269764,14.274595815309748,4.136189026676254,10.662913575500156,37.3,3.506020363266634,17.5,5.383599419220913
42029,6.05165887480821,22.257389255537824,12.411172775549394,31.220747898920447,58.85318645725251,6.891988476936968,10.380647006610596,4.507082356127155,80.19757120397529,87.96998698886262,12.434263977392362,67.0,4.1400291122652035,8.420723103556355,71.1,20.89996677300849,9.486503364215809,25.896878488546605,18.08016822045119,11.087889297429342,5.988333313407711,13.101932657400365,5.347499436097884,31.824380195520515,10.425581734252251,6.306736132606982,6.5430713710879385,28.964167035936377,19.130935799158248,81.0,14.291771131746453,10.247654689031727,31.088486413578764,9.969922783396587,2.805140132207478,7.105448068881458,32.6,2.683101338608913,8.7,3.740312899204218
42031,13.9471673823668,24.284776388336137,20.780395735300015,34.41691393141203,60.448409267313636,6.6721880560868945,10.40479684214782,6.2948031344411435,75.02812658577884,82.32373476986733,16.72676537605269,57.7,7.313931153038771,18.29232527826256,60.6,23.880479517026675,12.400764319611934,32.66217231867949,25.796965049141868,19.99064968169775,18.05005513794633,22.90738980313812,6.876169082353797,31.747833409932756,15.685715090642532,9.594015831448324,10.334161229749387,35.683778553700954,30.629010405497656,77.1,19.05516886804887,14.443435193358235,42.68136555373533,14.397535957999311,4.379906085164412,10.663523014634846,38.1,3.4470659495465683,16.6,6.023157580702005
42033,10.853113132061942,26.921165317018414,16.478536059651884,35.70495796168762,59.543502063673465,7.1668420622377464,11.17088100237474,5.841855045638266,78.66719352019142,86.72481461773681,17.38618538603543,61.7,7.48749770791957,15.986138365669337,59.0,29.002494502394434,11.331784425666765,32.64300701121177,25.483633495947252,16.072851878179613,15.342120402323467,21.293242430552993,5.880469389196906,35.600087043592076,13.514256637146607,9.104994222969438,8.537500624246052,38.22992149462351,26.411273000452294,76.0,21.020598082518553,13.651147523694869,36.425787080658004,14.37808390784187,3.636547517390868,9.290021166740209,41.7,3.0861166514392253,15.7,4.742794612121923
42035,11.642511378647692,29.25728156947467,19.626050659221324,35.62952468532594,56.63324196831972,7.471449116460023,12.54848692476652,6.831222301755856,74.61815608015077,83.0657321677763,20.430344219225137,57.7,9.49491364032201,21.35839475977755,59.2,34.04284563750147,11.899843617751731,36.777994096415924,27.729254686574663,19.436401028106236,22.33753280954692,25.535612201490896,7.096074994931983,34.099479305950574,15.255738814015006,11.153559435079647,10.602347182898438,40.053286383966025,28.79684712529931,72.9,24.51970301496322,15.575909208186049,39.19862733571502,17.12700015678906,4.365019749736982,11.162119513200162,42.9,3.51364340483819,20.5,5.729265562513296
42037,11.796527260357541,25.600311867325917,18.6681341670016,33.58413124384373,57.75055862792396,7.044799346215377,11.258998746964306,6.1556355635819155,74.93141476934568,83.15672238582809,17.396343322853856,58.8,7.485281902580912,17.457882386154736,62.8,27.279212031787903,11.456297591868259,33.0575716513356,24.708888297105663,17.85385363972078,17.114528184030206,21.94928934323033,6.842695398518744,32.26824736727398,14.333781963285455,9.53584198910745,9.677091638096558,35.628038434155066,27.323575658581575,75.4,20.1453067874848,14.008467387814218,38.55656264258568,14.63509480826175,4.048202698462237,10.044809749253522,38.3,3.3015872195298614,16.5,5.492602861494201
42039,9.120473235556151,25.641788656573798,16.460069793978057,33.764396983496255,57.77510626512154,7.174024977053883,11.34232477114784,5.845172984568394,76.45718283742404,84.32007479556479,16.6517313591281,60.1,7.053873893179614,15.78192544240841,59.8,26.025521490953942,10.794181841663626,32.01496896523744,23.557342316517143,16.134522194936142,13.94521541570456,19.74193276782844,6.6567803753618495,32.43704769911492,13.277956795945299,8.981002914397422,9.099269919883275,34.12825187969989,24.952274609804807,74.6,19.181397489432616,13.33831618592712,35.810481798198715,13.718379622391087,3.7659231340292525,9.511877549664238,37.6,3.2293750440880595,15.9,5.009168079412674
42041,3.5876979827811297,26.10825724275258,9.243393491934155,31.78320775294847,54.76677870033379,7.656436763420167,11.937961953303873,4.611510698576958,80.08848598833355,89.47636081607284,15.06909270267174,66.8,5.4541815148339765,8.939409076636975,66.7,28.59870474608807,8.29052344678854,28.706553502237956,18.798035586361824,8.514154531957777,5.843384376275239,13.617756453693662,5.411037725241065,34.56531076909208,8.81093347673879,6.926641895359447,5.8169887633389346,31.949177520360198,15.539517162552244,75.0,18.10033813657604,10.52069370148805,24.76494649472834,11.571261464774825,2.399510516933685,6.508380472591965,36.4,2.5288946675275916,10.9,2.985286853156997
42043,13.057878008475791,26.675161249225855,17.018003482315134,36.07988515044443,60.56169560311533,7.015495877276408,10.703423256722566,5.784217886736903,79.16046582811684,87.56112275282143,17.370873332126394,62.1,7.384426793637129,15.701411971994208,60.4,29.503241386481825,11.71585089094498,32.53605782213454,26.22619983011781,16.193994315341946,15.852465095744474,22.114152411828915,5.490441362615299,36.87371183190148,13.750155984147328,8.963913844908202,8.16477791068304,40.00049381929833,27.68957775305493,77.3,21.3352435093318,13.680015930374557,37.420050300909985,14.49925736443565,3.5732434735650154,9.017374244505092,43.1,2.9639374359250947,14.8,4.708806673607193
42045,16.2829362907681,26.16799425796436,21.188073111685163,34.27625299208969,58.820798396964896,6.8551289812931895,10.99933243253501,6.4236053332286485,74.75343786030172,83.7228424042516,18.540412143887558,59.1,8.073724185282062,19.040628959805893,68.5,30.981167687202223,12.544062778586447,34.28048280785267,26.928691246837772,19.464254377656165,21.693602170364272,25.33267668009963,6.388198697966846,34.2224740306507,15.544114202654761,10.094912509704475,9.735353176417359,40.060107733869536,30.71926634776863,78.3,22.366500047526177,14.76848447792102,41.99619550262199,15.995390224464174,4.214250700580949,10.30599344927119,41.6,3.2223587537768363,16.3,5.7939412799080765
42047,11.737996264910043,25.116854521329703,17.72791866854002,33.71134858026032,58.62828830842453,6.968016205491063,10.891597210445385,5.8619095533961465,76.31864781702525,84.5339870661221,16.634170674626255,60.3,6.953813032752212,15.885540552952792,63.4,26.45729934539228,11.321679344263384,31.930109903563153,24.188554187333665,16.77945722031326,15.35460108936594,20.89447980884008,6.385631233525884,33.066722445974975,13.800788428905147,8.956910458802058,8.976114909588174,35.59586465919294,26.6428502837652,76.6,19.42722945621781,13.455274361259118,37.692003807526085,13.943641973434067,3.807002195164581,9.44487181718128,38.4,3.149121763666489,15.0,5.1557851834742054
42049,10.432014868494248,24.741425817565897,18.49415674460641,34.934579430035996,61.117265601792326,6.814199360734552,10.707049230510851,5.924648183621096,77.91497213517623,84.53342518987982,15.870520508589628,61.2,6.877736194063279,16.45216031068187,61.1,23.761409687235066,11.855780245237527,31.181542924753458,24.455810995811902,18.088407217947225,15.758033526848443,20.559648473200543,6.321046957391777,32.285336599060486,14.587492298473,9.02409150171959,9.617157655348972,34.61341634401286,27.872702495128646,78.8,18.443074464659887,13.618266513385842,40.174274073750496,13.425449250417783,4.055376572896272,10.173418062867029,37.8,3.3567379942843543,15.5,5.397797013827064
42051,13.659845842138271,25.7398522195207,21.20795463900175,35.2868509183998,60.10135822125696,6.841437278191062,10.943709927638102,6.576986025187293,74.96614362237771,82.217316680596,17.895562789886387,57.3,8.124323751865909,19.932132426648398,59.0,26.38933055682374,12.596504763849863,34.113030952792805,26.977120836746238,20.726545966929958,20.183121573066273,24.284498687649215,7.001051078535895,32.327629304499986,16.10502634357872,10.262904218648897,10.782789445274883,37.27336647712223,31.23445334523055,76.2,20.72727600965093,15.085632507858815,43.07741839182825,15.360126401959697,4.5319782347397535,11.188530915050151,39.8,3.5560240706563526,18.3,6.1426202798095675
42053,12.071621856281537,27.678581242442537,19.61702657086084,37.18124922457396,60.42321782382236,7.120368947549368,11.36974272371772,6.596363934689391,76.84916537101412,83.91597222233807,18.76973619345473,57.9,8.750832460668505,20.196305881352963,52.4,28.60539664771171,12.3956832871579,35.09317544238049,28.142118509864552,19.93468526795176,19.624882256540175,24.419664969058942,6.736771792400814,34.46027282964764,15.689417298491806,10.483477755114132,10.491168173178055,39.280695765005326,30.551577172756666,74.1,22.227081814180085,15.334738044697902,41.141174686132146,15.805847177024678,4.380458995904137,11.102129706851116,42.7,3.540213740110374,19.6,5.746676418825248
42055,10.22965207891271,25.70747401537183,14.469885610413957,34.06617275724222,58.295479041416336,7.166518053989708,10.865500039675517,5.366270465506943,78.52356550739093,87.33318112457151,16.25279709212854,62.4,6.490431642740035,13.17182976669209,61.1,27.468866296839224,10.44601276882145,31.034649371753694,23.363462056987466,13.677961777584661,11.446620427663778,18.864416120159518,5.727316317795848,35.320729345184105,12.06715262328036,8.126229498535858,7.463774940138756,36.16736843292164,23.65715144761261,75.4,19.386531947173182,12.536505213909201,33.12289842789844,13.224015197232458,3.2040961936709706,8.106905897612053,39.7,2.8318124341969537,13.4,4.2413483725802665
42057,16.870995609630118,23.843405464769514,17.89588270601205,33.41849951607489,59.17387743858415,6.687993003527301,9.637680969910686,5.620313893624607,75.64409708488144,85.36266950128976,16.423005362598857,58.8,6.408297396804244,14.3409156704855,62.8,25.988629672759895,11.527141029829568,31.72672774987274,25.09155231847312,16.07776238925195,13.728252572242686,21.766513960996807,5.9592318464752,35.30327986129029,13.627623304372632,8.31084421546054,7.87516983240803,38.053754467206545,28.350144612772763,75.7,19.21000830547611,13.245473596668017,37.67644534804806,13.875013286507885,3.519326791979526,8.295981685980268,40.2,2.80155987137551,12.9,4.9967028849001185
42059,12.861084929140876,25.536217619068694,19.119954547973048,35.502276246042236,61.046245116621506,6.8263680930804504,10.640756826951423,6.062597509174216,77.6298616129413,85.03746619030386,16.899982701670172,60.6,7.366880450907918,17.20937812496589,61.2,26.474420717313503,12.191926626404054,32.38508829273557,25.957424797501698,18.407157786406042,17.44414811626368,22.424502773061153,6.13083783547713,34.03707400258092,14.904492491617459,9.34205085237582,9.432917727911242,37.586210650136465,29.26829829730515,78.3,20.100738880890738,14.083540030287484,40.687164639475434,14.363794230663766,4.043769140825711,10.076454515701737,40.4,3.2645953551047584,15.8,5.4140598495727215
42061,7.8822647242617325,26.763011150358107,15.079250620419234,34.7415569502732,58.25582201841494,7.321603070124635,11.606468700541622,5.681520888210578,78.60540927280789,86.4320240095889,16.82603703447947,62.4,7.154898848566169,15.051472716456509,59.7,28.057295562134673,10.611392242943642,31.85805052499202,23.69876923493044,14.928580199793911,13.480478538604007,19.304380703540254,6.102412350123291,34.16650236901871,12.671187007313886,8.83207281701619,8.464192074996234,35.51635564699216,23.789071711396492,75.4,20.038336188007584,13.089992683204505,34.184748144749285,13.702589087907265,3.518916209228671,9.128558922782734,39.4,3.1120685816437486,15.5,4.532485144393558
42063,21.075685692718615,20.421271167683877,18.886648025455166,33.34549635209771,62.9131224534251,6.012949262329628,7.60034584947776,5.172602212952057,76.6376560831938,86.09562954154018,14.051183888793258,58.9,4.881861403995016,11.822674069443096,63.1,19.83201783087228,12.22738616140279,29.042694447758198,24.935068768852993,16.323685275779944,10.843900672129514,20.95052819334069,5.335775577571727,35.73672286098072,14.046632289157147,7.0643419804959,7.115998356628375,37.59222854653043,31.013686581683874,79.0,16.05544843982192,12.545793999476345,40.591460136002866,12.221723897498414,3.3967170680827774,7.501795866897897,39.2,2.5851811494093133,9.4,5.065404776314684
42065,12.95145772789332,25.141022338502463,18.51530224129321,34.03154225037502,58.56338741986414,6.944517270240613,10.742103478935988,6.075941218266923,75.15736055367837,83.44211281943306,17.13875668296475,58.0,7.299200245571475,16.98017160444862,59.3,25.964597698013364,11.550117381382652,32.90385140438285,25.19797000805782,17.77556992046444,15.877382260975539,21.943519694336413,6.746549927232041,32.980957244983465,14.355531586522305,9.294375061396106,9.434217738581422,36.10648157366513,28.08099463144876,74.5,19.701466336913953,13.993370234641457,38.66643474171628,14.408112105099004,3.986619232450337,9.780087938564412,38.9,3.2412070628009992,16.2,5.452961560948407
42067,10.190493676427074,27.122569259838766,20.53961282663473,34.189549310253355,56.834625110008325,7.253958675300273,12.284944226089735,6.821525118503455,73.26884778809263,80.64299345412401,18.90575927899416,56.7,8.772343404390297,21.196889116434406,60.2,28.759008323907388,11.86207521520443,35.29759765928656,25.91814013977753,20.46496980114613,21.214297176622946,23.886554443053477,7.733224289013751,30.43357895504695,15.649505154539089,10.908407276133685,11.455613220492813,35.40141816169074,28.676300471810336,73.8,21.68193925117509,15.269897364997727,40.86331226703819,15.984580818182405,4.645582662938525,11.718456264645685,38.2,3.740247723221329,20.3,6.203184328854563
42069,7.674299368636632,28.805184271325086,15.533235897280862,34.91111480430166,56.68174731936528,7.591892329406908,12.58259375047036,5.975774840644892,78.20730792804335,86.63505562279708,18.508996992910184,63.1,8.127416300397188,16.75803907098601,63.8,33.37130859806946,10.678958284353586,33.59990073327098,24.537814555601862,15.208804652217493,17.036664526697752,21.09969046351442,6.102116257358333,34.9621043853117,12.831060142842855,9.642003315530289,8.704138232905104,37.830018574590305,23.573318012045128,75.6,22.73098128707931,13.64989419184575,33.91778898316245,15.119445930054658,3.593670226486661,9.513522864508195,41.4,3.1421484719235653,16.8,4.5435488649444515
42071,9.791336220945698,27.299170891633025,15.776106629924612,32.50527767556116,54.10100994982005,7.524035494404441,12.225012895809368,5.946144550460823,74.62234098539109,84.4086760949018,18.394246308884824,59.8,7.699017685032585,16.168083920061346,64.9,31.962461912906466,10.196115078493804,33.73969806060294,23.53738944500183,14.83916055432162,15.550987591362293,20.905132388719093,6.753114175538145,33.48330947846468,12.46925968768216,9.391376119158748,8.609000518120745,36.145480171352304,23.172743702349738,72.5,21.726707352663993,13.44439068776072,32.83685710908759,15.03104578500967,3.55008251479896,9.015660902254236,39.1,3.0478934025214377,16.2,4.743473844332291
42073,24.415948802581926,24.688339859445648,21.63671346818863,35.413222387214724,61.18067800883732,6.402655140719962,8.872696987766236,6.163031605945375,74.69705280100867,85.39241187882111,18.453924328770636,56.2,7.564337686633305,17.387697167394208,61.7,29.686674205447638,13.229952221754328,34.48456851976435,29.677872308667162,19.120921412063005,19.305799032489755,27.33220156560179,5.6630671363859175,38.609746315399,15.777147609079089,9.304335455003816,8.275132979333131,45.043486295376056,34.769523842975644,76.1,22.365612177253347,14.885651562696777,42.98387665151285,16.079409091406788,3.8750903232755713,8.849340241415453,46.0,2.7690980584859775,14.1,5.623931488519031
42075,14.229553411825453,22.750191830125637,17.750242677363975,32.53094751249661,59.15355225618473,6.641343679625462,9.745397525143352,5.545597369829565,75.4361378473354,84.15581730150939,15.263222113560063,59.1,5.894604391990999,13.915726608879169,63.5,22.602872487136803,11.253797262206387,30.445628579909815,23.346725592705788,16.23269261627554,12.441879777746893,19.878250175731385,6.333488493491933,32.683806806866436,13.53719743221764,8.08117201550641,8.374886735372339,34.27783849970234,27.127324049193447,76.5,17.216968685167682,12.837319762622407,37.82701438414637,12.88659802803782,3.6420948212814643,8.6464057112112,36.7,2.967803091276383,12.8,5.149730574277563
42077,7.341687942217487,26.55742435907398,18.970085851545768,34.416244329342774,58.26288316007154,7.215731455911192,12.19176411642699,6.425644110425779,75.89652634848771,82.29234986284395,17.413800214011726,59.9,7.996626032273516,19.192002222920944,61.4,26.603477106290388,11.544672770725,33.17800516805211,24.33350208897657,19.135339858996332,18.73013773688386,21.35773481325357,7.234130114038583,30.186851992755496,14.894327093985169,10.172252452975046,10.915716150518307,33.429513614646126,26.712150530954744,76.5,20.057237929912166,14.369579440218143,39.706128360562566,14.612154447593738,4.414864779296399,11.336753310409659,36.8,3.6846877850048023,18.7,5.771318897793648
42079,14.694329356229348,25.522062331938418,20.727871167782325,34.92564140798343,59.89892564550641,6.808935842427642,10.717919018674587,6.401222845452012,75.15196011536888,83.04753938367558,17.76702544600867,57.9,7.851264436772392,18.91812706071853,61.1,27.091529154270106,12.463368155082836,33.75870816768111,26.760888662797274,19.830375136898148,19.47782169929378,24.12420653567297,6.701734974845662,33.213859502325825,15.66170523646652,9.928085880687238,10.143836501335603,37.99830565734898,30.822304811047104,76.6,20.787125773962146,14.75920756379889,42.17543640395066,15.238117668185422,4.322176637175654,10.593104910249771,40.3,3.3802248528239764,17.1,5.904817477438286
42081,10.467532378924512,24.990507960028808,16.211087025678566,33.09578202934296,57.9572515420681,7.050033731111115,10.981812106751558,5.579454886852938,76.97305863221088,85.47028417307932,16.13234326000098,61.7,6.513632780224597,14.303760606673317,65.2,26.56043291600635,10.759208329251658,31.039608502348457,22.948488963432993,15.150748760984072,13.431005049100142,19.38570698499114,6.1577873040012046,33.22515413758338,12.830471221340032,8.461064782645245,8.297863031334664,34.708379149503145,24.539619684851836,76.8,18.918161562826967,12.785810605464551,35.37368696395537,13.356546387805622,3.5212045071060927,8.799951170143414,37.7,3.005474475059517,13.8,4.744449574857016
42083,14.567121825415528,23.353771141203467,17.166609527055932,32.217037095064626,57.84341995581494,6.779768797386475,9.97158415366133,5.544146993257675,74.85271763343509,84.35124843270565,15.883155970333053,58.7,6.097425794200878,13.823764757938678,63.7,24.53046889958578,10.957006249362715,31.09596125668661,23.438730009353527,15.515636571710111,12.36503548771474,20.166552953334655,6.353551647177949,33.37476605612894,13.10647175379401,8.145156869767357,8.061270380412363,35.135857987441305,26.40138841654126,75.0,18.076352649611053,12.843021304383067,36.29482586965001,13.299800993274077,3.5104426966461073,8.32085919562049,37.5,2.873420745569052,12.9,4.983564031910372
42085,19.162008447227507,23.265927679600647,23.8717098052799,35.98346350583971,64.31384089290074,6.157967083191198,9.16721139700957,6.45480943494675,75.82785408827915,82.76852843336071,16.54504440355064,57.4,7.317285475601157,19.332090092445767,61.3,22.720150818481965,13.967662682689948,32.6588222926254,28.306887170340786,22.503450575701542,20.88457998255288,25.641404857163817,6.344038819861128,33.31630800755901,17.49817573938304,9.722322723428801,10.579233758874196,39.03408373593008,35.85139426574674,80.8,19.240182610433802,15.131520564883404,48.34178434968845,14.770534027505116,4.6637144653567395,11.067667257458083,40.6,3.4415791837252345,15.9,6.527282496776839
42087,5.869931878823148,31.17942441059433,20.706026205037393,37.08706261056494,57.11891655535462,7.757534913127989,14.061280148621027,7.403649394657253,75.48708676256827,81.44688335343128,21.122484007077347,58.6,10.6526644866902,24.872051455949936,56.9,34.32859303694431,12.231781346382643,37.82793469082587,27.949929655136742,21.93258573162747,26.116227579320892,25.762321614394434,7.778784442561521,31.32568453459341,16.4474007900738,12.455653893811236,12.67663632207261,37.89034612530475,28.7116671686872,74.0,25.27892083068417,16.512592697836837,41.53319726787103,17.704662212831217,5.01039501461716,13.316279044916142,41.6,4.117418538403352,24.5,6.288866644981142
42089,19.225339572112226,23.251243157684808,18.58460200158808,35.39418006006821,63.36178383788132,6.323590689689416,8.602402713919503,5.405501250634322,78.89487801610379,87.92619585670818,15.541558878119824,61.3,5.990284993263671,13.447126827997392,63.0,24.849231006112774,12.479235312248406,30.485764830420955,26.436827927394983,16.518795310499062,13.915477757618769,22.327986277267314,4.918737695172356,37.70556258191825,14.247055095206049,7.8400218246974855,7.2771424113310434,40.67077764429476,30.899489539365206,80.1,18.897119121597466,13.138202504148897,40.43449396308243,13.379846424832868,3.4358625837854726,8.041292106872948,42.7,2.6625645958257653,11.1,4.8537001730269775
42091,15.137501028863504,21.534850795711257,13.515675246385342,31.05589081685092,58.660548170341436,6.595489697538627,8.8734417889297,4.4470180242638255,78.05923435148426,88.74262444777007,13.534538106403055,63.5,4.116203707361571,7.7406929698809,70.2,23.337111750721103,10.020867542093864,27.35557615739828,20.777425956722674,10.782515006510554,6.039065262594454,16.41662027233061,4.884639138629518,35.95733872569666,10.615314695518995,6.006686568165873,5.1989818126220575,34.86423507831171,22.737214392619514,78.3,15.901634108530356,10.628156365592268,31.539316497036417,11.10324729689378,2.5017981622795826,5.6982487792509655,37.2,2.193531521462082,6.9,3.683722743594163
42093,16.476657501133268,21.19558582270631,17.587943832953897,33.885462148867546,63.2613384929147,6.20970904278793,8.334739340442468,5.089922299884452,78.66138860571861,86.83396835864272,13.568038009423848,61.5,4.880392055850351,11.592842408614931,63.0,19.495901127780677,11.862081372514387,28.234370501013878,23.76113031709138,15.74837577868532,10.243234031531994,19.131085754241813,5.2611622596621785,34.799071166557546,13.596760225740432,7.0559913847899205,7.334673129492469,35.577056965023445,28.779638531377046,80.4,15.626621285257338,12.205187667250884,39.42859247182897,11.627833665792775,3.385190215596679,7.862355350543695,38.0,2.7303493542955777,9.9,4.829363099464954
42095,11.122020892171383,24.349745394910745,17.694314516724354,33.44853079336225,59.26338331646687,6.866079516046399,10.698454729959517,5.742248098467234,76.75050788046367,84.51834157228576,15.841394774997465,61.0,6.535085199876669,15.251301594982902,64.5,24.665157441987063,11.316141488516509,30.955739109556696,23.447750564865927,16.72566991617063,14.56660334180233,19.992376278014667,6.330662228420954,32.31653759457117,13.758368696034477,8.668514583937835,8.97149320067206,34.2602275358354,26.3742011856139,77.9,18.338060533805606,13.14063442541603,38.05851533844846,13.31671438021008,3.8053930004680065,9.427354845775751,37.1,3.1647043122582823,14.3,5.1598174222659425
42097,10.310067799478443,26.91682314900775,18.3229898972345,35.56799917054112,59.52664973304995,7.13263129368411,11.529416932361991,6.2062846467621355,77.46388966668279,84.76417610905293,17.682960809302443,60.7,7.919300607207299,18.03135583593574,60.1,28.439250135222238,11.770081276322689,33.27005092892058,25.72973448687987,18.096914284092975,17.993014293556516,22.233633966335113,6.421786082174649,33.61636466087941,14.576525200327868,9.77819455623071,9.750100613790623,37.151666086071316,27.69077400945928,76.7,21.077640222742136,14.263876586136087,39.058165218838326,14.822484747080068,4.074517263910056,10.398583433836576,40.4,3.3738318856231975,17.3,5.332863549738157
42099,6.751175527316192,26.211090076759195,14.891982810035197,34.46168022001613,58.80913752771329,7.256062928769508,11.572735315634567,5.543471486977129,79.35728797998135,86.68933375623057,16.050385749453604,63.8,6.754516579286681,14.356682989844252,62.1,26.819929652412632,10.559256474998826,30.790543192605245,22.76643940991291,14.697898839845141,12.928652779373182,18.265784440876782,5.968175217623329,33.43413485553881,12.525291229064935,8.55351520544349,8.413203176296417,34.17129189979968,23.11551827948572,77.3,19.110616177572084,12.702533110721966,34.32934535471832,13.077813660557489,3.492706472452948,9.112397861859177,38.1,3.122622572499899,14.7,4.471643099559082
42101,4.522876325035962,30.85878093904773,18.66670760680314,38.63541826077279,60.16984327297143,7.6411536260917705,13.454213518601733,6.8627454082618575,79.7994856616395,84.92082471087556,19.62099128419721,62.5,9.823981275160296,22.16576129513262,55.3,32.58583682289633,12.170556695104507,35.60991753233507,27.485410294260674,20.134949880900614,22.890895585432236,23.642651273660395,6.6986995982433335,33.395285773332716,15.622550398936243,11.448430798644171,11.47311452458667,38.25979062085043,27.675241978596535,77.0,24.086024876915168,15.58805578159521,40.34464755074624,16.305905060755393,4.593075403902206,12.455848290171312,42.7,3.9040162012015402,22.2,5.5794741162877965
42103,15.57849495712031,23.15599480583363,16.076576980521626,33.16525542628287,59.99480450703089,6.633092172261105,9.344241649737649,5.118411660863589,77.86106267164365,87.48341658707079,15.093019483718408,61.9,5.49743221696273,11.658197319791217,65.8,24.942432973490423,11.093677246418252,29.667881582492647,23.537048200879447,14.034053218332232,10.89493928945259,19.507897756525633,5.277763513806731,35.95894345676521,12.523160090764765,7.367658424784347,6.780671497623467,37.11054101793367,26.24450306066543,78.1,17.935179637958804,12.172445332877937,35.68075669277256,12.63515959664017,3.1124419059092476,7.360812852665097,39.5,2.575667022380299,10.4,4.3997764085067
42105,14.01708338354663,23.024413301367915,13.481117628081712,33.27306524255121,59.804405075222505,6.746031031851139,9.148355109848882,4.725678121202193,79.11853094389687,88.90813288745316,14.39856780181043,62.5,4.955698471330544,9.440530622865321,61.3,23.69178106486677,10.318888447057661,28.719570499134107,22.599607221111498,11.805996889788457,6.749215725890632,17.358625587986037,5.026683892029204,36.8768099678197,11.210925359346676,6.617319929887598,5.8173093743188735,36.24015836631934,23.933715870088463,76.1,16.983754620173404,11.42037519405915,32.18298521908811,11.71136462577308,2.7024146999717984,6.408883346674772,39.4,2.3941080146405382,9.4,3.7975731951533467
42107,14.438214280164376,25.025253944464747,17.082923580288075,35.76727595425354,61.609373663371606,6.765709272663192,9.834343684693257,5.587068701610666,78.99570280642436,87.32500907898722,16.285914869921548,61.2,6.676297806621458,14.507982832088402,58.4,26.018340680581375,11.782848559510255,31.442003331218615,25.881174600292063,16.12061549910705,13.660380213099511,21.332900044813915,5.461286661967798,36.57856424815447,13.750195095379917,8.3816116570232,7.905015827561492,38.95222277571483,28.394307820977403,77.2,19.581568603937715,13.34055790539405,37.977755974099104,13.651499901229391,3.515618889639124,8.636175092000304,42.0,2.8944376732966486,13.6,4.751117470755603
42109,13.896383003249689,23.997017701806254,20.45301084393098,32.36322766055503,57.80608028349476,6.775126872670508,10.762122138199091,6.234540667855966,73.08504807914159,81.43313602848849,16.87560654036469,57.4,7.122695143213537,17.749536870145015,66.3,25.186053683047145,11.825162610198078,32.65295866700513,24.383307994965637,19.062669252548673,17.93255365037193,22.441586568623347,7.150686986034613,30.675744268597853,15.018798292885407,9.498735882507304,10.107079138733209,34.48414275039831,28.831448513410407,76.5,19.060341259793493,14.074450020021684,40.901709237708864,14.479096425505729,4.260065049557737,10.277494709313979,36.4,3.35150011543997,15.9,5.958555747556737
42111,13.297743269170237,22.80073768067533,16.099380015035145,33.34613075337244,60.02316428663422,6.67659064207723,9.48222915025793,5.283028831643158,77.12954217496704,85.63946679369911,14.743431469479853,59.9,5.581836042660473,12.521519485607875,59.1,21.564357975450374,10.952347746697878,29.75648086424177,23.219802880507576,14.973991295889784,9.786774929939163,18.627997597564352,5.989580356591791,33.85655053546035,12.858886877160275,7.584125769432994,7.725038486897792,34.325817305690286,26.184754869385795,75.7,16.66352723172057,12.426686104551212,36.08435754827029,12.244513582186816,3.3844326139986114,8.087770365245806,37.4,2.857454879867475,12.2,4.731698198391069
42113,12.334059706615253,25.392095718398977,16.949912981394085,35.58518900521919,60.652108568566824,6.918637008098908,10.34604510878612,5.753923961263073,78.20300797398212,86.05013960909365,16.507647323527788,60.2,6.965166816372841,15.396897453478143,55.9,25.44224669083147,11.526702745277207,31.91684705857193,25.494392562869923,16.529254248040168,13.703713244838855,20.924265408368814,5.993457908998802,35.10605094253069,13.804835796855642,8.722848832343296,8.564331993394015,37.26908766464446,27.64650984485791,75.5,19.430110485279133,13.551271200639802,37.576365606244295,13.732316009370631,3.684480255161112,9.16847872490234,40.7,3.0843782300731455,15.1,4.926646123345497
42115,17.0666092899937,22.764992366096354,20.046881565471473,33.36676005462423,60.785351311956944,6.423614036219178,9.416241355777215,5.801678763018495,75.43026249604479,84.01578779242772,15.738342172157713,58.9,6.274057547616655,15.441406261023454,65.6,23.474341364228728,12.245325892313728,31.106560206524907,25.042182014389553,18.155240123032446,15.70287178048792,22.179704781073042,6.1545703489125625,33.36434578811828,14.826921016157439,8.538447275033406,8.835365173057395,36.63188738445202,30.270967319129838,78.8,18.15004035021001,13.518388646858826,41.4888480935724,13.628996055155506,3.915849354751847,9.212636138442857,38.4,3.0302732982823106,13.1,5.566452196764149
42117,14.851464372375922,24.7966556617454,17.62201513796444,34.77819244352359,60.52953035447324,6.765935689607647,9.991886574840937,5.652429814463821,77.74937201616532,86.47632564273127,16.44379447715347,60.8,6.680193116928771,14.777685957024296,61.9,26.596610553151372,11.724247020531983,31.602950898836916,25.439067077294315,16.30233682142432,14.511531180893991,21.597961618779177,5.669367462551103,35.75961578232958,13.79910011949448,8.498257397672335,8.062415723318257,38.469493575249274,28.22282508469528,77.4,19.66772547729956,13.349367807592138,38.13845491639531,13.856266689477552,3.5721381804474333,8.703605100608552,41.1,2.9015103631732733,13.5,4.892049797924105
42119,9.529531643895131,26.54651235718487,15.028759552733558,33.72218534842958,56.60117446231602,7.352360504971626,11.51331127352536,5.688019767797258,76.8001047405615,85.74055187528599,17.261157988670636,60.7,7.1533872448464795,14.867181552466235,60.2,28.885085714005598,10.347576308520775,32.44656369854625,23.657003847447946,14.48362342797036,13.106858752439363,19.74647185003555,6.327334638995685,34.29833792643694,12.378976547203658,8.801164487010913,8.20956538699743,35.883101976878216,23.612766818346536,73.3,20.342855136475606,13.093521713543257,33.12640091641564,14.038028275444443,3.4285678492362646,8.719614570835502,39.4,3.0012862208334523,15.3,4.534367422270333
42121,17.221875936196305,22.301569553907736,18.658607169195978,33.702941011694676,61.40582159857267,6.386939345364258,8.91285128854207,5.516149080214706,76.40175301097274,85.13202945964476,15.118808967165762,59.0,5.802846604764541,13.829086195630703,61.8,21.99709030738785,11.95277579413897,30.35617134435487,24.848011510245556,16.908482616538723,12.802073008306914,21.063958945873228,5.871987590144212,34.42539301609689,14.163214823570932,7.932446304358706,8.095200795467472,36.62637930994626,29.64104154032823,77.7,17.330056281675514,13.062292250039453,39.891230183345094,12.95129685684372,3.6439226561380713,8.488310239377222,38.8,2.8735044042962032,12.1,5.207588794024938
42123,12.660801335609554,26.604696877763427,18.093102788068745,35.098310901786114,58.78754490485079,7.095152504925453,11.123163299156928,6.12041721186509,76.4889005485841,84.893867635531,17.93814998359483,59.4,7.794554568695255,17.383275616166394,59.5,29.021105121397138,11.640699234149402,33.607499788526525,26.08206021668366,17.450959011116634,17.10376597156063,22.713594955789702,6.3657813383911925,34.68064857808144,14.263304608499888,9.55367540859713,9.182530722349256,38.358257488031064,27.972396456862043,75.0,21.333021440078063,14.196056604264633,38.12782961602562,15.014114665686929,3.8990607706904132,9.755310948014856,41.3,3.1898897248467772,16.6,5.216176348429737
42125,12.048352177205366,24.085274737774874,16.950501827438007,34.03115187055951,60.66770719911426,6.753616467475059,10.192349907256624,5.4493848454716876,78.58623336930285,86.50935380489554,15.28223464473481,62.8,6.09528678294143,13.728636763492053,65.3,24.660822994297227,11.391397021312542,30.00994604704074,23.542674653335414,15.716061844473524,13.316927114559977,19.54309386972507,5.644663402444056,34.0550887228758,13.355926344751992,8.109747361010296,8.089057351360145,35.54503325436667,26.357457258225473,79.6,18.130193841681464,12.689759827178804,37.59543364719331,12.841706050151783,3.531750373687431,8.731568865612402,38.4,2.9559424753252173,12.6,4.778277546218099
42127,16.669812719777752,24.159024110389666,19.844933169970897,34.987648984177234,61.300784512129304,6.573902511841675,9.668963413698505,5.992835481221557,76.20316448298435,84.49600905915675,16.650769717688917,58.3,6.976041185950963,16.604844382264105,59.7,24.8373196373981,12.415589349556173,32.352403719456895,26.555137255024814,18.598034288375207,16.39782603382629,23.14470050370027,6.158463998058774,34.63007886592446,15.114989676862887,8.9987492647668,9.075317382740284,38.4112252015686,31.017403265232364,77.0,19.446975239761873,14.101174147183881,41.48205206673972,14.28709154487887,3.990684685753142,9.555196098068373,40.7,3.1142349542688432,14.8,5.554346787206286
42129,5.9544612220398285,27.338085461516492,13.730145479591418,33.47574826934393,56.36875922447562,7.5295143475746835,12.302562216023524,5.469466993492867,78.94510164332866,87.39254308907066,16.841164695249994,65.0,6.9637404985999805,13.890964074626048,67.2,30.802310742610402,9.940577154466846,31.290198164875022,22.012121119970974,13.131867060849931,13.345559009171419,18.136479612074737,5.852216016591646,34.04580201569475,11.568478643782665,8.603978046750504,7.834218328817959,34.86951690693832,20.784679831085352,76.9,20.504294992017023,12.411290155483984,31.486112916615014,13.576534664567813,3.2347557839022936,8.595750717194443,38.6,2.963533268122511,14.3,4.089504998482971
42131,14.407249841439986,24.245692355853144,20.37655204192494,35.18786940120321,61.926734204697915,6.58256795988343,10.068148678226821,6.106054945876501,76.80866213199535,83.96902873530391,16.322396293109335,59.4,7.062626191748756,17.381861935542418,61.1,23.939812770578108,12.580060718564066,31.96137501799227,26.051824387447255,19.47526051056839,17.517547847208608,22.692031293932384,6.3074331228789005,33.114054852315704,15.541161797346065,9.25219194117561,9.778676724024324,36.81763253989849,30.856342951076524,78.9,19.008587209604958,14.1841412674837,42.77551808295286,14.076343160245772,4.21768300849176,10.294651534702982,39.3,3.3245411768923137,15.5,5.763568429426865
42133,11.54889226443673,26.371340142470817,15.572330927853644,32.99846412196094,55.917514189849356,7.295323369102228,11.386574722941512,5.680542805994786,75.93409594447418,85.76631504728779,17.568677776272523,60.6,7.120471464341178,14.740506091847081,64.4,30.432396816532872,10.435559665017534,32.67366941864554,23.77440586377993,14.357800340335531,14.038919481768975,20.57487726597488,6.208930527399092,34.797391945124936,12.373003760024721,8.783089819704497,7.908444513652119,37.02035719177246,24.00695201595473,73.9,20.91494463876881,13.077119819982661,33.28803449099625,14.406856090563286,3.362848204762338,8.412881523845904,39.9,2.873091574894035,14.5,4.541720438935464
44001,5.5,21.6,20.8,27.4,55.1,7.8,10.8,4.6,84.0,88.7,12.1,70.0,4.8,10.6,74.5,24.7,7.9,21.6,20.0,9.0,7.8,12.7,5.1,29.3,8.6,6.0,5.5,32.0,17.8,83.8,15.8,8.2,26.0,10.4,2.3,5.6,33.1,2.3,8.1,3.1
44003,6.6,23.3,18.9,31.5,56.7,7.4,11.8,5.0,83.7,87.9,13.9,70.3,5.7,12.8,72.1,25.8,9.6,25.5,20.9,11.8,10.5,15.400000000000002,5.6,29.6,10.7,7.0,6.9,35.5,22.3,83.9,17.2,9.8,32.7,11.7,2.8,6.9,35.9,2.6,11.4,3.7
44005,5.8,21.9,21.1,28.2,55.6,7.9,10.8,4.7,82.5,88.4,11.8,70.2,4.9,9.8,75.3,24.1,7.8,20.9,18.3,9.7,8.6,13.1,5.1,30.8,9.2,6.0,5.9,31.6,18.4,82.4,15.7,8.6,27.9,10.4,2.4,6.0,29.7,2.4,4.9,3.2
44007,10.3,21.7,17.3,31.0,59.3,6.4,12.4,5.5,82.2,87.8,15.4,66.1,6.0,12.5,67.7,23.4,10.6,28.8,24.7,19.6,16.9,18.6,5.7,30.1,17.3,8.5,9.7,38.1,28.2,82.0,18.4,12.1,33.7,13.5,3.6,10.3,38.0,2.9,17.4,5.1
44009,5.3,21.6,20.0,27.8,56.0,7.7,10.9,4.7,83.2,88.5,12.1,71.1,5.1,10.4,76.7,23.4,7.1,21.5,18.7,9.3,8.5,12.2,5.4,28.5,8.7,6.3,5.8,29.8,16.8,80.6,15.7,8.1,28.0,10.4,2.4,5.9,32.3,2.4,12.2,3.2
45001,13.3,26.7,16.0,37.2,63.4,6.8,10.4,6.2,78.9,83.3,17.2,60.3,7.9,16.9,59.7,24.8,13.2,33.8,26.0,22.1,14.5,22.3,6.6,34.0,16.5,10.3,10.7,34.5,29.1,77.6,19.5,15.5,38.0,15.0,4.7,11.4,38.3,3.8,23.4,6.1
45003,12.3,23.8,17.7,33.5,63.4,7.0,9.9,5.4,79.1,85.3,14.6,61.5,6.1,13.8,59.1,23.8,11.3,28.3,25.2,17.5,10.6,19.1,5.9,31.2,14.2,8.4,9.0,32.6,25.1,79.0,17.0,12.6,34.5,12.9,3.7,9.3,38.4,3.3,17.5,5.1
45005,18.2,27.2,13.7,44.8,67.0,5.3,11.0,7.0,80.0,82.7,19.3,58.8,8.8,19.8,47.9,20.4,17.9,39.1,33.9,36.2,26.9,29.7,6.2,33.0,27.0,12.9,16.9,38.9,36.6,75.9,19.7,20.2,46.9,16.4,6.9,19.5,46.1,5.2,18.1,9.3
45007,12.7,27.0,16.2,33.7,61.9,7.4,10.2,5.8,76.6,84.2,15.7,64.2,7.0,14.4,61.1,26.8,11.1,32.6,24.6,17.8,10.5,19.9,6.4,33.2,13.8,9.0,8.6,35.5,25.3,76.5,18.9,13.8,36.2,14.0,3.9,9.3,34.9,3.3,17.8,5.1
45009,15.0,26.9,14.6,41.0,66.1,5.8,11.1,6.3,80.4,84.1,18.2,58.0,8.0,17.8,52.3,21.5,15.6,36.4,30.8,29.6,20.6,25.5,5.9,32.8,22.6,11.7,14.0,37.4,30.9,77.8,19.6,17.7,43.1,15.4,5.8,15.8,42.1,4.5,27.6,7.6
45011,16.6,26.4,14.8,40.4,65.5,6.3,11.1,7.1,79.0,82.0,19.8,57.9,9.6,20.1,52.4,23.5,15.9,38.1,28.9,32.0,23.7,27.7,6.9,33.5,23.3,13.0,15.0,36.4,34.5,76.1,20.4,19.3,44.3,16.6,6.4,17.0,45.7,4.7,20.9,8.5
45013,11.5,22.2,20.8,30.2,62.0,7.4,8.8,4.8,78.5,86.1,12.7,64.1,5.1,10.5,66.7,19.5,9.3,24.1,20.4,14.1,7.3999999999999995,13.7,5.7,31.9,11.7,6.9,7.3,28.2,18.2,79.9,15.1,10.1,30.7,11.2,3.0,7.5,32.9,2.7,8.1,4.3
45015,11.8,23.8,16.6,34.7,62.9,6.8,9.5,5.2,78.9,85.5,14.4,66.5,5.7,12.9,64.6,22.6,11.9,30.8,24.3,17.0,8.8,18.0,5.9,33.5,13.4,7.9,8.3,32.1,25.3,78.8,17.1,13.1,37.8,12.7,3.5,8.7,37.4,3.1,8.6,4.7
45017,12.5,25.2,16.4,37.1,63.6,6.5,10.3,5.6,79.9,85.0,15.7,62.3,6.7,14.7,56.4,22.9,12.9,31.2,26.5,21.2,13.2,20.5,5.8,31.9,16.8,9.3,10.2,33.5,26.7,77.3,18.0,14.3,40.7,13.6,4.3,11.3,38.8,3.6,15.8,5.7
45019,9.7,22.4,22.9,29.4,61.6,7.3,8.8,4.7,78.0,86.9,12.4,69.0,5.0,10.6,70.1,21.8,10.0,24.7,21.7,12.8,7.3,14.8,5.2,32.2,10.8,6.8,7.0,30.5,19.6,75.7,15.1,10.7,29.9,10.8,3.0,7.3,30.6,2.8,9.6,4.1
45021,14.5,26.6,17.2,35.9,62.8,7.1,10.3,6.4,77.4,83.1,17.6,61.1,8.2,17.6,57.1,24.9,12.9,34.8,25.4,22.4,14.4,22.9,6.9,33.8,16.6,10.5,10.8,34.9,30.3,72.9,19.8,15.5,38.8,15.3,4.7,11.3,39.8,3.7,18.8,6.3
45023,14.5,26.1,15.8,38.3,63.6,6.6,10.8,6.5,78.3,82.9,18.0,60.0,8.2,18.1,55.1,24.1,13.7,34.3,27.6,25.4,17.2,23.9,6.6,34.0,19.1,11.0,12.2,36.9,31.2,73.9,20.1,16.3,37.7,15.3,5.2,13.3,39.4,4.1,19.7,6.8
45025,16.3,26.9,15.7,39.2,64.8,6.5,10.5,6.6,78.7,82.7,18.7,58.4,8.5,18.4,56.4,24.2,14.8,37.4,27.7,28.0,18.8,25.5,6.8,34.1,19.9,11.6,12.6,35.1,32.9,73.5,19.9,17.5,45.0,16.3,5.4,13.8,40.1,4.2,22.8,7.3
45027,15.3,26.7,15.2,40.7,65.1,6.3,10.8,6.5,80.1,83.4,18.1,59.8,8.2,18.0,54.5,23.5,15.0,36.2,29.0,28.2,19.3,25.5,6.5,31.8,21.2,11.4,13.1,36.9,31.5,77.1,19.7,17.3,38.4,15.4,5.5,14.7,38.1,4.3,21.9,7.4
45029,14.5,26.8,15.2,38.0,64.1,6.5,10.9,6.3,78.1,83.1,17.8,57.8,8.2,18.0,54.4,23.9,13.8,33.4,27.4,26.0,17.3,24.2,6.5,31.2,19.6,10.9,12.3,34.5,31.3,72.8,19.5,16.4,39.1,15.3,5.1,13.5,39.4,4.1,25.2,6.9
45031,13.7,26.9,15.9,39.6,64.8,6.4,10.8,6.3,81.3,84.1,17.5,60.7,7.9,16.9,56.7,23.9,14.5,33.6,26.7,25.9,17.7,24.0,6.3,33.5,19.5,10.8,12.1,35.6,28.9,73.2,19.2,16.4,45.6,15.0,5.1,13.9,38.9,4.1,23.0,6.8
45033,17.2,28.5,14.3,43.2,66.4,6.1,11.5,7.4,79.2,81.7,20.6,58.7,10.2,21.5,41.9,23.7,17.3,40.1,30.3,35.0,27.1,30.2,7.2,33.4,25.200000000000003,13.9,16.7,38.0,34.6,72.7,21.4,20.6,45.3,17.5,7.0,18.8,41.0,5.0,31.4,9.4
45035,11.5,22.3,17.6,32.8,62.7,6.9,9.6,5.2,79.3,85.8,13.8,62.0,5.8,13.1,65.2,22.1,11.4,27.3,23.7,16.0,9.1,17.8,5.6,31.7,13.5,8.0,8.4,32.4,24.0,73.2,16.8,12.2,35.0,12.6,3.5,8.8,37.6,3.1,12.2,4.7
45037,15.5,24.6,17.1,35.7,63.2,6.6,9.8,6.2,78.4,83.2,16.7,60.9,7.4,16.4,55.2,21.3,13.6,32.1,26.6,22.8,14.3,22.4,6.5,32.8,17.3,9.7,11.0,34.8,27.7,76.5,18.2,14.8,39.7,14.4,4.7,11.7,39.1,3.8,16.7,6.3
45039,14.7,25.7,14.7,40.9,65.7,6.0,10.9,6.3,80.1,84.0,17.7,59.6,7.8,17.7,50.2,22.1,15.4,34.6,29.3,29.2,20.5,25.1,6.1,34.2,22.5,11.3,13.7,35.9,31.0,77.1,19.5,17.2,45.6,15.1,5.6,15.8,41.7,4.4,22.9,7.5
45041,12.6,24.6,15.5,38.6,65.2,6.4,10.3,5.8,80.6,85.3,16.6,64.1,7.0,15.2,57.9,23.5,13.2,33.4,27.0,22.6,15.0,22.0,5.8,34.7,18.2,9.9,11.2,36.3,29.1,78.6,18.7,15.0,40.7,14.0,4.6,12.3,38.2,3.8,17.6,6.2
45043,10.8,22.6,17.3,33.7,62.7,7.1,9.6,5.2,79.3,85.9,14.1,66.4,6.0,12.7,62.4,21.9,11.6,27.8,23.6,16.7,10.3,17.6,5.7,29.1,14.2,8.2,8.6,30.8,22.6,79.0,16.9,12.3,32.5,12.3,3.6,9.6,37.4,3.2,16.8,4.8
45045,11.7,22.2,16.7,32.6,62.4,7.1,9.5,5.2,77.4,85.7,13.7,64.7,5.7,11.5,68.5,22.3,10.7,27.9,21.7,15.3,8.2,16.8,5.7,32.2,12.3,7.4,7.7,31.2,22.5,80.5,16.8,11.8,32.5,12.2,3.2,8.0,32.6,2.9,12.5,4.5
45047,13.2,27.0,15.7,36.4,64.0,6.8,10.2,5.9,79.9,84.6,16.2,61.1,7.3,15.7,57.8,24.6,13.0,31.9,25.9,22.6,14.6,21.5,6.4,31.7,17.1,9.8,10.7,34.4,27.3,76.9,18.3,14.7,37.5,14.1,4.5,12.0,40.8,3.7,19.7,6.1
45049,17.2,26.1,15.0,42.0,65.8,5.9,10.6,6.9,79.2,82.6,18.8,57.0,8.6,19.4,50.4,21.9,17.1,36.5,30.7,31.4,21.9,27.6,6.5,34.0,23.3,11.9,14.5,36.1,33.6,71.6,19.7,18.4,41.6,15.8,6.1,16.4,44.2,4.6,18.9,8.1
45051,13.0,24.8,18.1,33.7,63.3,7.6,9.3,5.5,78.7,84.3,15.5,63.4,6.7,15.1,61.5,23.1,10.9,29.1,23.5,16.6,9.6,18.8,6.3,34.5,13.1,8.5,8.3,31.4,23.1,75.0,19.0,12.7,32.4,14.0,3.6,8.4,36.6,3.1,11.8,4.9
45053,16.0,24.4,16.2,36.3,63.5,6.6,9.7,5.9,78.9,84.8,15.9,60.8,6.7,14.3,56.2,21.3,13.2,32.7,26.3,23.4,14.3,22.0,6.3,33.7,18.3,9.3,11.1,33.3,28.7,76.9,17.5,14.6,35.4,13.9,4.5,12.2,37.7,3.7,17.8,6.3
45055,12.5,24.6,16.7,35.1,62.6,7.0,9.9,5.6,78.7,84.4,15.6,61.3,6.6,14.6,61.6,22.8,12.1,29.9,26.1,19.3,11.3,19.4,6.0,34.3,15.0,8.8,9.3,33.7,26.1,78.0,18.0,13.4,36.3,13.6,3.9,9.9,39.7,3.4,15.0,5.3
45057,11.8,24.1,17.2,31.5,61.6,7.2,9.6,5.3,78.6,85.5,14.6,60.8,6.1,12.8,62.7,23.2,11.3,29.5,25.2,16.8,9.4,18.2,6.0,34.0,13.5,8.2,8.4,33.0,24.8,73.5,17.3,12.5,35.8,13.0,3.6,8.7,39.1,3.1,16.7,4.8
45059,14.7,26.6,15.7,35.9,63.1,6.9,10.2,6.1,78.4,83.0,17.5,60.6,7.6,16.8,59.9,24.4,13.0,36.0,25.1,22.2,13.9,23.9,6.6,33.3,16.8,10.3,10.8,34.5,30.6,79.7,19.2,15.6,36.3,14.9,4.6,11.2,35.6,3.7,19.1,6.2
45061,16.5,26.9,14.1,43.7,66.8,5.7,11.1,6.8,80.3,83.0,19.1,56.4,8.7,19.3,46.2,21.9,16.9,37.1,30.6,33.1,24.2,28.1,6.2,33.3,25.0,12.5,15.599999999999998,36.1,34.7,72.8,19.9,19.0,44.1,16.0,6.5,17.9,44.1,4.8,22.3,8.6
45063,11.1,24.1,16.6,33.2,61.6,7.2,9.3,5.1,80.2,85.7,14.0,65.2,5.9,13.0,64.3,25.1,10.5,27.6,22.2,15.3,8.6,17.8,5.9,32.7,12.5,7.8,7.8,30.4,24.9,73.5,17.2,12.0,35.9,12.4,3.4,8.2,35.0,3.0,10.5,4.6
45065,13.8,25.0,16.5,38.4,64.8,6.5,10.0,6.1,79.3,84.4,16.1,62.1,7.0,15.9,58.4,20.7,13.6,32.3,28.4,23.1,14.8,21.7,6.2,34.2,18.6,9.5,11.3,33.7,26.9,75.0,17.7,14.8,38.3,13.6,4.6,12.7,40.3,3.8,15.6,6.1
45067,16.9,28.1,13.6,43.4,66.6,5.8,11.4,7.1,80.8,82.4,19.8,54.9,9.6,20.7,49.2,22.8,17.7,38.8,30.3,35.3,27.1,29.7,6.5,32.2,26.0,13.4,16.4,37.4,34.9,75.0,21.0,20.4,45.2,17.1,6.8,18.8,40.1,5.0,23.1,9.2
45069,18.1,27.3,14.4,44.7,66.3,5.9,11.0,7.3,78.9,81.5,20.3,58.2,9.7,21.4,45.6,22.5,17.4,40.8,32.9,34.7,25.5,30.5,7.1,34.8,25.200000000000003,13.3,16.4,38.8,37.3,74.3,20.7,20.5,40.9,17.4,6.8,18.3,44.6,5.0,31.4,9.2
45071,14.0,25.0,17.5,37.1,64.7,6.7,9.9,6.0,78.7,84.2,16.1,59.6,7.1,16.1,59.8,23.1,13.1,30.7,27.0,21.4,13.5,20.9,6.3,33.6,16.3,9.5,10.4,33.0,29.5,78.2,18.4,14.4,38.6,14.0,4.4,11.1,37.0,3.6,17.2,5.9
45073,12.9,26.1,19.4,31.9,60.9,7.5,10.0,6.0,77.7,83.5,16.1,60.5,7.5,15.3,62.6,26.9,11.4,30.6,22.6,17.7,10.8,20.5,6.7,33.3,13.2,9.3,8.8,31.9,26.4,76.5,18.0,13.5,38.2,14.3,4.0,8.8,36.4,3.3,18.4,5.3
45075,15.3,27.3,14.3,42.4,66.9,5.7,11.1,6.4,81.8,84.3,18.1,60.4,8.0,17.5,54.2,22.6,15.7,35.9,30.4,31.3,22.3,26.1,5.9,33.1,23.3,11.7,14.5,34.1,32.5,74.0,19.5,17.9,43.1,15.2,5.9,16.5,41.3,4.5,21.0,7.9
45077,12.2,25.1,17.8,34.0,59.3,7.6,9.8,6.0,76.9,83.6,16.0,60.1,7.3,15.1,58.9,25.8,11.4,31.0,22.8,17.9,10.3,20.0,6.7,32.5,13.4,9.0,8.8,33.0,25.8,67.3,18.4,13.4,37.3,14.0,3.9,8.8,37.4,3.3,17.7,5.2
45079,11.3,25.6,16.3,37.0,63.1,6.2,9.9,5.4,80.8,86.5,14.2,67.1,5.7,11.9,62.8,22.1,13.0,29.7,25.5,18.5,12.5,19.4,5.3,32.8,16.6,8.6,9.9,34.2,22.2,79.5,16.5,14.0,35.8,12.8,4.2,11.5,42.3,3.5,13.4,5.6
45081,17.4,25.3,16.8,35.8,63.2,6.7,9.8,6.2,77.9,83.2,17.1,58.2,7.6,16.1,57.2,22.5,13.3,35.3,26.2,23.0,14.3,23.6,6.8,34.2,17.7,10.0,10.9,34.8,30.4,74.4,18.2,16.0,43.5,14.8,4.7,11.4,41.1,3.7,14.8,6.6
45083,13.3,25.6,16.7,35.5,63.4,7.0,9.7,5.7,77.6,84.5,16.1,63.7,6.7,14.4,61.2,24.6,12.1,32.8,26.2,18.8,11.3,20.2,6.2,34.3,15.1,8.8,9.3,33.8,26.8,79.8,17.9,14.2,37.9,13.7,3.9,9.7,38.5,3.3,12.5,5.4
45085,13.0,25.7,14.9,38.4,64.8,6.1,10.6,5.8,80.5,85.0,16.1,61.4,7.0,15.6,58.4,21.7,13.8,31.2,26.9,23.9,16.2,21.6,5.7,32.8,19.1,9.8,11.7,35.1,26.5,76.9,18.3,15.1,43.2,14.0,4.8,13.2,43.2,3.9,18.5,6.4
45087,15.6,28.1,16.1,40.6,64.6,6.7,11.0,7.0,78.4,81.7,19.8,59.0,9.6,19.7,50.8,24.9,15.0,38.7,27.4,27.8,20.3,26.9,7.2,34.5,20.5,12.4,13.3,35.4,31.9,74.2,20.7,18.6,43.8,16.6,5.9,14.6,41.0,4.4,18.0,7.8
45089,16.1,25.8,13.6,43.7,67.1,5.6,11.0,6.4,80.7,83.8,18.1,59.4,8.1,18.1,50.2,21.1,16.3,38.2,31.2,31.799999999999997,22.7,27.3,6.0,32.8,24.3,11.7,14.5,37.8,32.9,76.7,19.7,18.3,45.1,15.3,6.0,16.9,40.4,4.6,20.0,8.0
45091,10.1,22.4,17.3,32.4,62.0,7.2,9.3,4.7,77.2,86.7,13.1,62.0,5.3,11.1,64.0,22.4,10.3,26.0,23.6,14.4,7.3,16.0,5.5,31.7,11.6,7.0,7.1,30.9,22.6,80.4,16.7,11.2,36.8,11.4,3.0,7.4,34.3,2.8,11.5,4.1
46003,10.3,22.6,20.6,29.1,55.3,7.5,10.1,5.6,73.5,82.8,14.6,61.9,6.0,15.9,68.7,21.4,9.8,28.9,19.479609901577586,12.192982073990645,9.349814519064264,16.6,7.2,29.4,10.141778255924011,7.6,7.132837226505864,29.27206594633554,23.7,78.8,16.4,11.2,36.7,11.9,3.2,7.06733723321898,30.1,2.9,9.9,4.3
46005,12.7,22.2,17.7,30.5,57.1,7.2,10.0,6.2,73.5,81.6,15.6,56.3,6.8,17.2,59.9,21.1,11.3,31.0,21.699758797828427,16.75286672696242,11.935815224209085,19.8,7.6,30.9,13.3785566129505,8.7,9.240208431315489,30.677038908423345,28.5,76.8,16.5,12.8,35.4,13.1,3.9,9.378481509987065,32.3,3.3,20.2,5.5
46007,14.2,26.7,16.6,36.8,59.6,7.0,13.3,8.7,73.8,78.0,21.4,51.4,10.5,29.0,53.8,22.8,17.3,42.2,25.739486046027597,31.398967859404156,27.88117722622418,29.9,11.1,31.0,22.658426343618096,14.5,17.21275352108421,31.43915910971755,34.8,68.8,21.0,20.3,43.1,18.6,6.8,18.25136802306498,32.2,5.1,31.6,10.5
46009,10.7,23.1,21.7,32.0,55.9,7.5,9.9,6.3,72.1,80.7,15.4,54.9,6.7,18.6,65.2,20.5,10.7,31.0,20.849996614341215,14.398524451128932,10.203273873599738,18.7,8.1,29.3,11.329280163869338,8.2,8.286029511352623,29.34407146650279,25.2,74.6,16.5,12.2,37.5,12.8,3.7,8.104652948025596,30.7,3.3,13.1,5.0
46011,7.6,21.3,21.1,28.6,57.6,8.0,9.7,5.4,75.3,84.0,13.1,61.8,5.5,12.9,70.5,22.9,9.7,25.5,18.397398968934834,9.505838432877162,6.157745834211195,14.7,6.8,29.0,8.235571536852586,6.9,5.815742490728352,28.344471465612397,19.9,78.4,15.2,9.7,39.5,10.9,3.0,5.76051649230593,31.4,2.8,11.3,3.9
46013,8.5,24.1,18.6,28.1,57.8,7.6,9.8,5.3,76.3,83.4,13.4,61.3,5.4,14.7,70.3,21.0,9.5,28.5,17.8366043493389,10.704379946388292,6.6124803892695425,15.5,6.9,28.5,9.137628471166956,7.0,6.45503318387403,27.709650184505463,23.5,79.3,15.7,11.0,35.5,11.3,3.0,6.614831703794433,30.7,2.8,9.7,3.9
46015,9.6,23.5,19.8,30.4,56.3,7.6,10.8,5.9,74.0,82.4,15.4,55.9,6.4,17.2,62.2,21.9,10.3,30.7,21.085551187631868,14.059816300836443,10.373043950903302,17.9,7.5,30.1,11.294931379437271,8.4,8.273023974651444,29.979932237354703,24.4,74.8,17.1,12.2,38.5,12.7,3.5,8.235296538095728,31.2,3.1,17.2,4.8
46017,14.6,28.0,16.3,37.9,59.9,6.4,13.8,9.0,74.1,77.5,22.6,49.0,10.5,32.1,42.3,22.0,18.7,45.6,28.724704906294377,35.51817020169972,31.927175506936848,32.3,12.1,29.5,25.42486613165876,15.1,19.21265575616534,33.292794559119,37.6,67.9,22.3,21.6,49.0,19.5,6.9,20.273220062762782,38.9,5.5,26.9,11.4
46019,10.4,23.3,20.8,30.2,55.4,7.5,10.6,5.9,72.6,81.7,15.6,56.1,6.6,17.3,66.0,22.6,10.0,29.7,21.78216086948379,14.160883110956773,11.323735806747825,17.8,7.4,28.7,11.401486098236,8.3,8.30829974478935,30.690459162679804,26.1,74.3,17.3,11.9,35.8,12.5,3.5,8.029949800676494,32.6,3.1,15.4,4.7
46021,9.4,21.8,20.5,28.3,55.6,7.7,9.9,5.4,73.3,83.4,13.6,57.7,5.5,14.7,68.2,21.3,9.1,27.1,20.155015253272094,10.772325146760778,7.061489093362878,15.5,6.8,28.8,9.253231223501963,7.0,6.555240054688291,29.516601062703796,22.6,75.9,15.7,10.3,33.7,11.3,2.9,6.15130468792807,30.9,2.7,12.9,3.9
46023,10.9,24.5,19.4,32.8,57.2,7.4,11.5,6.8,74.0,80.8,17.2,53.5,7.6,21.5,62.3,22.2,12.4,34.2,22.874985982399885,19.449444614560566,16.104072345948172,21.7,8.6,29.3,14.764609977426508,10.2,11.034545975218514,30.67609731592055,28.4,72.5,18.5,14.6,41.0,14.4,4.4,11.254536131333229,33.5,3.7,21.7,6.4
46025,10.8,22.0,21.4,29.1,55.9,7.5,10.0,5.8,72.1,81.8,15.1,55.1,6.3,17.1,66.6,21.6,9.9,29.6,21.374865255391704,13.451025441449723,10.291511464331712,17.3,7.3,29.2,10.958143440658539,7.9,7.779091870375273,30.464329398951314,24.9,77.1,16.7,11.6,34.3,12.3,3.4,7.425726072566082,31.1,3.0,14.1,4.5
46027,8.4,22.9,19.5,30.0,57.3,7.8,10.3,5.9,74.3,83.3,14.1,60.5,6.2,15.8,64.2,23.1,10.3,28.3,20.13036476643406,12.217034448644565,8.136875585240478,16.4,7.3,29.8,10.033619284087404,7.8,7.299867808624525,29.453139141502856,24.3,72.5,16.3,11.4,39.8,12.0,3.4,7.338750893384654,33.2,3.1,16.1,4.5
46029,9.1,22.9,21.1,28.6,55.7,7.9,10.4,5.7,74.8,82.1,15.1,59.4,6.1,16.8,67.0,22.5,10.0,29.0,19.791858827011158,12.384403412703223,9.993697569484745,17.5,7.2,28.6,10.132120132362854,7.8,7.367957616234021,29.25709383001903,25.1,80.3,16.4,11.1,36.2,12.0,3.3,7.298812451518479,31.7,3.0,10.7,4.4
46031,14.6,28.2,16.6,38.0,59.4,6.8,13.4,9.3,73.8,77.3,22.8,46.7,11.4,30.799999999999997,50.7,24.3,18.3,44.5,27.45062344629055,34.808692282318404,31.939034308637517,32.2,11.9,30.5,24.920032538458273,15.5,18.830312847976515,32.835794915585794,37.1,71.2,21.9,21.8,44.3,19.5,7.4,20.004633020462368,36.2,5.5,31.4,11.6
46033,8.1,22.2,20.9,28.3,55.6,7.7,10.1,5.2,73.8,84.0,13.2,58.0,5.2,14.4,70.6,21.4,8.9,26.6,19.737713253633647,9.847651213381553,6.237824997811471,14.6,6.6,29.6,8.627469309205212,6.8,6.152639131195315,29.258471448136387,21.9,75.2,15.6,10.1,33.6,11.0,2.8,5.7590346570020134,29.4,2.7,12.2,3.7
46035,9.6,22.8,20.2,30.5,56.2,7.6,10.2,5.7,72.8,82.4,14.6,58.0,6.2,16.4,64.4,21.5,9.9,28.9,20.513320598873435,12.689355228897178,8.9390186871668,16.9,7.2,29.4,10.379027757525584,7.9,7.4840349223711655,29.638504205607564,23.9,75.0,16.6,11.4,38.6,12.2,3.3,7.32668566601246,31.1,3.0,13.2,4.4
46037,9.6,23.3,20.1,30.0,56.5,7.6,10.7,6.1,73.4,82.0,15.5,57.3,6.6,17.7,66.0,21.9,10.5,30.1,20.82514500239649,14.505493062114974,11.603585766844178,17.9,7.7,28.6,11.595030069988807,8.4,8.577838975321601,29.53129298359407,24.1,77.1,17.3,12.1,35.2,12.8,3.6,8.486430056572486,30.7,3.2,15.1,4.8
46039,8.8,21.9,21.3,28.0,55.3,7.7,10.0,5.4,73.3,83.2,14.0,57.2,5.7,15.4,67.7,21.7,9.1,27.9,20.36454552501214,11.189893258179094,8.206145965225042,15.3,7.0,28.6,9.479099036186987,7.2,6.82037233117584,29.593908218711615,22.1,78.6,16.2,10.4,33.4,11.3,3.0,6.4055144830980915,30.6,2.8,13.6,3.9
46041,13.8,27.0,17.8,38.4,58.2,6.6,13.6,8.5,72.7,78.2,21.6,51.4,10.2,29.7,51.0,22.0,18.0,41.6,27.57592195744201,32.56872545354539,29.62705996547015,30.1,11.4,30.4,23.559953539322308,14.2,17.73581971591327,32.83657208853099,36.9,69.5,20.9,19.8,43.9,18.1,6.6,18.563096827057073,36.1,5.2,24.7,10.7
46043,9.9,23.1,20.7,30.3,56.0,7.6,10.4,5.9,73.5,82.2,15.1,58.2,6.5,17.1,66.2,22.5,10.1,29.4,20.766587205003336,13.096595762944673,10.002226368732543,17.4,7.4,29.8,10.678133859581184,8.2,7.708664699748739,30.120361444717183,23.9,75.0,16.9,11.8,35.9,12.4,3.5,7.576781327564639,31.4,3.1,11.1,4.6
46045,8.2,22.5,20.7,28.6,55.9,7.8,10.2,5.5,74.0,83.5,13.8,55.8,5.7,15.2,66.7,21.7,9.1,27.4,20.297682202946284,10.499900854353527,7.014968313563456,15.2,6.9,29.2,9.015631686825234,7.2,6.514367861997521,29.63856088185264,20.9,76.0,16.1,10.4,33.7,11.3,3.0,6.121332926195144,31.1,2.8,7.6,3.9
46047,10.0,24.0,19.8,31.9,56.4,7.6,10.7,6.4,73.6,81.8,15.9,56.1,7.1,18.1,63.6,22.5,10.9,32.3,21.68580893702284,15.63367557752181,12.08006598714892,18.9,8.0,30.3,12.320906064138734,8.9,8.9806955623351,30.608318918150143,27.2,74.5,17.4,13.0,37.6,13.2,3.9,9.081199817701615,34.2,3.4,17.9,5.3
46049,9.7,24.3,19.8,30.9,57.0,7.8,10.6,6.5,73.6,81.4,16.0,55.2,7.3,18.3,63.7,23.2,10.8,31.6,21.115304970006118,14.720116110359509,10.980559464596421,18.8,8.0,29.9,11.581452300555991,9.0,8.661143964737143,29.968251780026673,25.4,72.2,17.7,12.8,36.8,13.3,4.0,8.708280024921704,32.2,3.4,17.5,5.1
46051,10.2,21.8,21.1,28.6,55.7,7.6,9.9,5.5,73.5,82.8,14.2,59.3,5.7,15.3,69.5,21.2,9.4,27.7,19.43994295593883,11.646704705100035,8.423689876313718,16.1,7.0,28.7,9.721214766092693,7.4,6.85469182052739,28.94379551228928,24.1,78.2,15.9,10.7,37.5,11.7,3.1,6.6466847711958685,29.5,2.9,10.1,4.2
46053,9.6,22.7,20.8,30.0,55.6,7.6,10.6,5.9,73.4,82.0,15.4,57.2,6.6,17.5,63.0,22.3,10.2,30.3,21.562797759963356,13.693478126968788,10.651366132661515,17.9,7.5,29.4,11.067940720696198,8.4,8.076841529501051,30.54697803499093,24.2,74.0,17.4,12.1,36.6,12.7,3.5,7.8463650012641715,31.9,3.1,11.0,4.7
46055,8.9,22.6,20.1,29.3,56.1,7.7,10.5,5.9,72.8,82.6,14.9,54.5,6.3,16.8,65.4,22.2,9.8,28.7,20.936502540095606,12.876612730373143,9.351488789798475,16.6,7.3,29.2,10.527674899923399,8.0,7.775391509090691,29.753758894347122,24.3,74.3,17.1,11.4,34.4,12.2,3.4,7.475309002264601,29.7,3.1,14.4,4.4
46057,9.5,21.5,20.4,27.9,55.4,7.6,9.9,5.4,72.9,83.0,13.7,62.6,5.5,15.2,69.3,20.6,9.0,27.1,19.733994026576205,10.966313688132477,7.779749287458217,15.3,6.8,29.3,9.403031136752224,7.0,6.562458884976952,29.395238607347558,22.7,78.0,15.8,10.2,35.1,11.4,2.9,6.288621492855583,31.8,2.8,10.8,3.9
46059,7.6,21.8,21.3,27.9,55.5,7.9,9.9,5.2,73.8,84.0,13.0,59.1,5.3,13.9,69.7,21.5,8.8,26.0,20.021133988076954,9.52807231973403,6.3585025971231905,14.1,6.6,29.0,8.39589461555726,6.7,5.989136088591388,29.54488398787037,20.5,77.1,15.7,9.7,34.4,10.9,2.8,5.54780104689815,31.9,2.7,11.9,3.6
46061,8.9,22.7,20.6,29.7,56.0,7.7,10.4,5.9,73.6,82.5,14.9,61.0,6.3,16.6,69.4,22.6,9.9,29.1,19.811506038142625,12.479250210257302,9.84790360962035,16.7,7.4,29.6,10.24256277331221,7.9,7.443420819323439,29.39067646690759,23.5,77.3,16.9,11.4,35.8,12.2,3.4,7.407206509297874,31.1,3.1,13.1,4.3
46063,7.9,21.0,21.1,27.6,55.4,7.7,9.8,5.0,73.5,84.2,12.9,59.3,4.9,13.5,73.5,21.2,8.5,25.8,19.03589281992117,9.05793490213275,5.715583789045727,13.8,6.5,28.3,8.09266227572973,6.4,5.739770150953396,28.603156273152962,19.8,76.7,15.4,9.3,35.1,10.5,2.6,5.271306377293266,29.4,2.6,11.4,3.5
46065,7.6,21.4,20.6,27.7,55.5,7.7,10.3,5.0,74.2,84.6,13.0,60.0,5.0,14.0,71.3,21.3,9.0,26.2,18.991688223097313,9.432764422051271,6.170701458476067,14.2,6.6,28.3,8.382219500690702,6.7,6.029806543033446,28.462688942508453,20.9,75.8,15.5,9.8,33.9,10.8,2.7,5.618173809024537,28.0,2.6,5.800000000000001,3.7
46067,8.5,22.1,20.6,28.6,55.9,7.8,10.2,5.4,73.2,83.3,13.9,59.5,5.7,15.2,66.3,21.9,9.3,27.1,20.245933377977227,10.790963379836391,7.208574626224665,15.5,6.9,28.5,9.181512819354992,7.3,6.735075006811989,29.319434880259557,22.0,73.1,16.2,10.5,34.6,11.4,3.1,6.32743722496239,30.2,2.8,11.5,4.0
46069,9.5,23.3,20.2,29.8,56.0,7.6,10.9,6.0,73.5,82.3,15.5,58.6,6.4,17.4,67.4,22.4,10.2,30.4,20.677447693192935,13.934534694650523,11.514101489160247,17.8,7.6,29.3,11.259350906846997,8.4,8.232922302391858,29.933935376237798,24.0,77.2,17.4,12.0,35.8,12.7,3.5,8.179404479887905,31.7,3.1,12.6,4.7
46071,14.4,26.5,16.5,37.9,59.6,7.0,13.3,9.0,73.0,77.1,22.1,51.3,11.3,29.8,50.8,22.9,17.1,41.8,27.46200545345283,32.39020827307659,28.878038980346375,30.6,11.2,30.8,23.360059906953232,14.9,17.76756540850628,32.752627262652325,34.6,65.5,21.6,20.6,41.8,18.9,7.1,18.645852935196885,35.7,5.4,27.4,10.7
46073,9.6,22.0,21.1,28.8,55.5,7.6,9.9,5.4,73.1,82.8,14.0,58.5,5.7,15.5,66.1,21.1,9.4,27.8,20.57504077867293,11.562661981940344,8.267586364490757,15.9,6.9,29.0,9.739839059365622,7.2,6.858617938041527,29.92135658689773,23.0,77.6,16.1,10.6,35.9,11.6,3.0,6.507370655811647,31.6,2.8,11.3,4.1
46075,8.8,23.1,20.3,30.7,56.6,7.7,10.6,5.9,73.8,82.5,15.0,57.6,6.3,17.1,71.3,22.1,10.1,29.7,19.458183171469802,12.923187561761932,9.939673568489596,17.0,7.5,29.3,10.483040687118798,8.1,7.729279976748986,28.741782951767327,24.3,77.2,17.0,11.6,35.5,12.3,3.4,7.730925207809535,28.9,3.1,13.6,4.6
46077,9.0,22.0,20.8,28.3,55.6,7.6,10.1,5.4,73.1,82.9,14.1,58.9,5.7,15.3,69.3,21.8,9.1,27.4,19.38909855109441,11.149877534968471,8.372982324653023,15.5,6.9,29.2,9.424675262913865,7.2,6.70522362686532,29.046986609177402,22.5,80.0,16.3,10.5,35.8,11.5,3.0,6.477562041896004,29.1,2.8,12.1,3.9
46079,8.3,21.7,21.3,29.2,55.3,7.7,9.9,5.3,74.1,83.9,13.0,61.6,5.3,14.1,71.0,20.8,9.1,26.0,20.14350644810928,10.457163757211962,7.442871891503182,14.6,6.8,29.0,9.1145903867051,6.7,6.374478521497414,29.663255259499103,21.1,78.7,15.3,10.0,33.2,11.0,2.9,6.0125114958875745,33.0,2.7,10.9,3.8
46081,8.6,23.0,21.4,27.1,55.0,8.0,10.1,5.5,71.8,83.5,14.0,59.7,5.6,14.9,67.7,21.8,8.8,28.0,20.17362596012909,10.611995086229573,7.367493877638136,15.1,7.0,28.9,9.037684346643102,7.2,6.669043690095064,29.32457858728508,22.1,75.0,15.6,10.9,33.1,11.5,3.1,6.220439633969869,30.8,2.9,15.3,4.1
46083,6.8,20.5,21.2,27.3,57.1,8.0,9.5,4.6,76.6,85.1,11.7,66.0,4.5,11.6,76.4,20.0,8.1,23.3,16.64124612064453,6.646579126298137,2.7755712640908,12.0,6.1,28.3,6.422625755698945,5.7,4.580013275781673,26.41219438260668,17.3,79.3,14.0,8.5,34.8,9.4,2.3,4.347380016125938,26.9,2.4,12.7,3.1
46085,11.3,24.7,19.1,33.8,57.4,7.2,11.5,7.1,73.7,80.2,17.7,53.4,7.9,22.4,56.6,21.8,13.2,35.7,23.796168393249694,21.119706109007623,16.94587261604248,23.0,9.2,29.7,15.881726531565215,10.5,11.892858682757101,30.993582814365233,28.9,70.3,18.5,15.3,40.7,14.9,4.6,12.141726102180506,34.4,3.9,24.1,6.9
46087,8.4,21.6,21.4,27.7,55.2,7.7,9.8,5.2,73.5,83.9,13.2,60.1,5.3,14.1,68.3,21.7,8.8,26.1,19.805143725707623,9.78067306690588,6.56577398790393,14.5,6.6,28.4,8.549446351614504,6.7,6.060583938519722,29.294663635901394,21.5,76.3,15.6,9.8,35.9,11.0,2.8,5.610945463943721,30.3,2.7,9.3,3.7
46089,11.1,23.1,20.1,30.1,56.1,7.5,10.4,6.0,72.6,81.2,16.0,56.8,6.8,17.8,68.5,22.1,10.1,31.3,20.322257186212894,14.388964487346062,11.40613093714268,18.6,7.5,29.3,11.510644930642323,8.6,8.304915365712127,29.632245602224884,25.6,76.8,17.2,12.4,36.0,12.9,3.7,8.269217045090384,30.0,3.2,12.7,4.8
46091,9.9,22.3,21.0,28.6,55.2,7.5,10.0,5.4,72.9,83.0,14.0,57.5,5.6,15.5,69.3,20.5,9.5,27.8,20.061099022386887,11.688680650943471,8.466455304739878,15.7,7.1,29.0,9.833600923040823,7.2,6.912473334107203,29.47175734485895,22.8,78.7,16.0,10.6,35.7,11.6,3.0,6.593301793490012,30.7,2.8,10.2,4.1
46093,8.6,23.4,20.1,29.2,55.5,7.9,10.4,5.4,74.2,84.0,13.6,57.1,5.5,14.6,70.2,23.0,8.6,28.3,19.307240818521116,9.775902598044917,6.3796940982325845,15.1,6.9,30.4,8.565068450849358,7.1,6.230685589149548,29.248782636106228,21.1,75.3,16.3,10.7,30.9,11.3,2.9,5.98972153479073,28.7,2.8,13.7,3.8
46095,15.1,27.6,16.2,38.8,59.3,6.9,13.3,9.5,73.4,76.7,23.1,45.4,12.0,31.6,51.0,23.6,18.3,44.9,28.15690617121919,35.76364456777941,31.929208565764018,31.6,12.1,29.6,25.43021674264125,15.9,19.45731892972401,32.61643716863542,37.5,67.0,21.9,21.9,46.2,19.4,7.7,20.563202828580238,38.3,5.6,42.8,11.6
46097,9.5,22.5,20.7,29.6,55.8,7.6,10.1,5.7,73.1,82.2,14.9,59.9,6.2,16.9,67.1,21.9,9.7,29.0,20.309763883672133,12.518128963181749,9.522882303793615,16.7,7.3,29.5,10.281680352634906,7.7,7.378645179335775,29.760886023842986,24.2,77.6,16.9,11.2,36.2,12.1,3.2,7.246270940080082,31.6,3.0,15.4,4.3
46099,8.9,21.8,20.4,30.5,56.2,7.6,9.7,5.2,76.0,84.4,13.3,61.1,5.3,14.1,73.5,22.3,10.0,27.1,18.364601706437462,9.744273013560385,6.153370355770648,15.6,6.5,30.5,8.568207988435805,7.0,5.748167601210442,28.99947986855556,23.2,76.3,16.0,10.5,37.1,10.7,2.9,5.7753501758979,28.2,2.7,6.4,3.9
46101,8.6,21.7,20.3,28.3,55.8,7.5,10.2,5.3,74.0,83.8,13.5,58.6,5.3,15.0,67.3,20.5,9.6,27.1,20.857916868048534,11.999627369129382,8.656432156087595,15.5,6.9,28.7,10.20446405929046,7.1,7.186275803936926,29.889110422395028,22.2,78.2,15.7,10.5,33.6,11.4,3.0,6.81190068415432,32.3,2.8,11.0,4.1
46102,18.9,30.2,14.4,42.5,60.3,6.1,14.9,11.4,72.9,74.6,27.1,41.2,15.0,40.3,40.3,23.5,23.8,52.3,34.86642725346644,50.96284661348359,47.3061864941606,41.1,14.5,29.1,35.794283963158755,20.8,27.315317750571516,35.80480823008472,41.7,58.2,24.5,28.8,47.7,23.6,10.8,28.755062528107263,40.5,7.4,43.8,17.5
46103,8.8,22.3,22.6,29.9,56.4,7.5,10.3,5.5,73.6,83.5,13.7,59.5,5.6,15.4,66.5,21.9,9.9,29.4,21.909324269770586,12.600488115108568,9.808679735440204,16.1,7.1,28.7,10.48511968693184,7.3,7.5212643452377375,30.708233429865302,22.3,76.2,16.0,11.2,33.7,11.6,3.1,7.092019157222776,32.7,2.9,16.3,4.2
46105,9.1,23.1,20.9,29.1,56.2,7.7,10.5,5.9,73.2,82.4,15.0,54.3,6.4,16.9,71.6,22.6,10.0,29.1,20.144927744430934,12.412671661745161,9.2792336807926,17.2,7.3,29.4,10.117778757792745,8.1,7.46757456551474,29.427869550951836,23.6,73.2,17.2,11.7,36.1,12.4,3.4,7.249078259978264,28.7,3.1,12.4,4.4
46107,7.9,22.1,20.6,28.3,55.4,7.7,10.1,5.2,73.9,83.7,13.5,60.2,5.3,14.7,69.7,21.6,9.0,26.7,19.2368376174356,10.01441706477962,7.065768346844016,14.7,6.7,28.9,8.705740355983444,6.9,6.214625495508043,28.948114477657818,21.6,78.2,16.2,10.0,35.3,11.1,2.8,5.930675556857817,29.6,2.7,9.1,3.7
46109,10.9,24.8,18.5,33.0,57.4,7.3,11.7,6.8,73.7,80.9,17.5,54.8,7.7,21.5,59.8,21.9,12.8,34.2,23.439844524753827,20.430893986275372,16.867661523187415,21.9,8.9,28.5,15.441750186405876,10.3,11.551729381603515,30.943691434392107,29.8,70.6,18.8,14.8,43.5,14.8,4.5,11.814200352059517,36.3,3.8,20.9,6.6
46111,9.9,22.5,20.6,29.1,55.6,7.6,10.1,5.6,73.0,82.4,14.7,57.6,6.1,16.2,69.1,21.7,9.6,28.8,19.717933456857082,11.87397721362127,8.564373350518457,16.6,7.2,29.4,9.855404067504205,7.7,7.049239703353744,29.29117844056128,23.6,76.2,16.6,11.2,36.0,12.0,3.2,6.851802858835371,29.5,2.9,10.8,4.3
46115,9.1,22.2,20.6,29.1,56.0,7.7,10.3,5.5,73.4,82.8,14.4,54.5,6.0,15.7,67.2,22.3,9.5,28.3,20.768219740556674,12.106417124701427,8.888672644298943,16.1,7.0,29.3,10.064799424990026,7.6,7.2177732341547785,30.05823369865569,23.2,77.1,16.5,10.9,36.2,11.8,3.2,6.924020988477831,31.8,2.9,14.4,4.2
46117,7.5,21.5,21.8,27.2,54.8,7.7,10.0,4.9,73.9,84.2,12.9,58.5,4.9,13.9,69.5,21.5,8.5,25.7,20.1191725453754,9.121259399788723,6.077992884185191,13.7,6.4,28.5,8.139894128101677,6.4,5.825084116821661,29.499367250443214,20.0,76.3,15.7,9.4,35.2,10.6,2.5,5.239019366120359,30.4,2.6,11.7,3.4
46119,8.3,21.5,21.1,28.9,55.5,7.7,9.8,5.2,73.7,83.8,13.2,59.8,5.2,14.5,67.8,20.8,8.9,26.4,19.725191410493146,9.965311945160114,6.737007726836209,14.4,6.7,28.7,8.707331652347714,6.7,6.108151887213987,29.257428686763454,21.2,78.9,15.8,9.8,35.0,10.9,2.8,5.720026271810574,30.6,2.7,6.199999999999999,3.7
46121,17.6,30.1,14.3,41.7,59.4,6.4,15.1,10.9,74.7,75.2,26.1,41.4,14.3,37.9,43.8,23.4,22.9,50.0,32.468378262226956,48.26333063886172,45.42492118356114,39.1,14.0,29.7,33.93698953309071,19.8,25.85822447083546,34.46888301704154,42.3,67.9,23.7,27.2,50.2,22.7,10.2,27.52386613288144,40.2,7.0,44.5,16.3
46123,10.8,24.3,19.1,32.1,57.2,7.5,11.1,6.6,73.6,80.7,17.0,52.6,7.7,20.5,58.6,22.4,11.6,33.6,22.78650244087926,18.03156877740142,14.33040832073637,20.7,8.4,30.3,13.885011025084783,9.8,10.277624756349098,30.98197708867437,27.0,74.4,18.2,14.1,37.8,14.1,4.3,10.416085999925242,33.8,3.6,20.5,5.8
46125,8.9,22.2,20.6,28.7,55.8,7.7,10.1,5.5,73.4,83.2,13.9,58.4,5.7,15.2,67.5,21.7,9.3,27.2,19.672152595901693,11.12890312712605,8.006170668747195,15.5,6.9,29.3,9.441010439142309,7.3,6.75348450943014,29.15694535752249,22.6,79.0,16.2,10.6,33.9,11.5,3.0,6.494548117154186,28.8,2.8,11.8,4.0
46127,7.9,20.6,20.7,27.2,55.1,7.8,9.7,5.0,73.3,84.4,12.4,61.2,4.9,13.0,71.2,20.9,8.6,25.0,20.056612001335417,9.145413282035475,5.768035136724841,13.7,6.3,29.1,8.346435302748084,6.3,5.772653141905176,29.66206504335388,19.9,77.4,15.0,9.2,31.0,10.3,2.6,5.220467620487631,32.1,2.5,13.9,3.5
46129,8.7,23.0,20.2,29.5,56.4,7.6,10.5,5.8,74.2,82.7,14.5,58.0,6.1,16.6,66.0,21.5,10.2,29.7,20.612931540326066,13.08938505657675,9.441100005586307,17.1,7.5,29.5,10.708227419384981,7.9,7.845331866945692,29.474880384901116,23.1,74.9,16.6,11.6,34.7,12.1,3.4,7.694655018425683,31.0,3.1,14.3,4.6
46135,9.3,22.0,20.5,29.5,55.5,7.6,9.9,5.3,73.6,83.5,13.6,57.6,5.4,14.5,69.2,21.3,9.4,27.8,19.440026047533262,11.004303668010511,7.43297948393217,15.3,6.7,29.1,9.338944391986388,7.0,6.528810117773526,29.066112382241773,23.0,78.2,15.8,10.4,38.8,11.2,2.9,6.326819878632035,30.1,2.8,12.1,3.9
46137,14.2,27.7,16.6,39.0,58.2,6.6,13.7,9.0,73.9,77.6,22.1,45.2,10.8,30.799999999999997,46.7,23.1,18.1,43.6,28.240311798573977,34.40622204072888,30.966662029210138,31.5,11.9,31.4,24.69945449030096,15.0,18.56523285790408,33.475439372857004,37.9,70.3,21.6,21.3,47.6,19.0,7.0,19.627709178837954,38.7,5.4,29.5,11.2
47001,11.4,28.8,15.5,36.5,57.5,7.4,10.8,6.1,76.4,84.8,18.7,56.2,7.9,18.9,61.4,31.4,11.5,35.9,21.603827587842353,14.353894885724445,12.302724929832564,21.6,7.2,35.4,11.761082660858055,9.4,7.765537561217922,34.924547929403666,25.9,71.5,21.4,14.4,41.9,14.6,3.7,8.793105663728229,37.1,3.2,14.3,5.0
47003,15.5,27.9,15.0,37.1,58.7,7.0,10.9,6.3,75.8,83.9,19.8,57.1,8.4,19.5,54.4,29.9,12.3,37.3,23.98156386206933,18.103999202015448,15.216885201512554,24.0,7.4,34.9,14.43099594751733,10.2,9.43493680218734,36.43190144905295,29.1,68.7,20.9,15.7,44.4,15.5,4.1,10.447859877851997,40.7,3.4,17.1,5.8
47005,13.9,29.7,16.1,37.7,58.8,7.3,11.3,6.9,74.9,82.5,21.6,53.5,9.8,23.1,53.4,31.6,12.6,39.5,25.460007975658847,19.64002716754661,17.931137821021515,25.8,8.1,34.4,15.196080041827873,11.5,10.51104035435229,37.38761496865589,31.1,67.4,23.1,16.9,40.5,16.8,4.5,11.461989677790902,41.3,3.7,20.6,6.1
47007,16.5,30.4,15.8,39.3,58.8,7.2,11.1,7.7,74.4,80.8,22.8,51.6,11.0,25.5,48.3,30.3,13.8,41.9,26.33967274484333,23.093724157332222,20.421482084896194,28.8,8.8,34.6,17.39139291518472,12.5,12.185521945683734,37.31851003427518,32.6,67.1,22.9,18.6,41.3,17.8,5.2,13.29256301003935,41.0,4.1,25.5,7.1
47009,10.8,27.3,16.7,34.7,57.6,7.5,10.6,5.6,76.5,85.3,17.8,60.3,7.3,17.0,60.4,30.8,10.6,34.1,22.147190805734702,13.117216248843018,11.998489377424274,19.7,6.7,33.8,11.147183071991801,8.6,7.214713742980836,35.289305870623295,24.2,77.0,20.2,13.1,36.1,13.8,3.2,7.932740318958059,39.4,2.9,13.6,4.4
47011,12.4,27.4,16.2,37.0,58.6,7.4,10.9,6.1,75.5,84.9,18.5,54.1,7.8,18.0,60.0,29.5,11.5,35.4,22.917558701734148,15.368474481251667,13.016081870717736,21.3,7.1,33.9,12.51921677041114,9.4,8.313867507240078,35.2357260362904,25.0,71.6,20.7,14.3,41.5,14.5,3.7,9.063789785347039,38.1,3.2,13.4,5.1
47013,13.8,29.8,15.7,37.5,58.0,7.5,11.5,7.1,74.6,82.0,22.0,51.5,10.3,23.2,52.5,32.5,12.6,39.7,24.207027805140463,19.49930470812819,18.221011399451385,25.8,8.3,35.1,14.974792555640965,11.8,10.451041591061324,36.50455436768088,30.4,71.2,23.4,17.2,42.2,17.1,4.7,11.569952135584618,38.6,3.7,18.7,6.3
47015,13.2,28.8,15.9,36.3,57.7,7.4,11.2,6.5,74.7,83.2,20.3,55.8,9.0,20.9,54.3,31.5,11.9,37.4,23.485865665662473,17.072269059697216,15.651022835814608,23.8,7.7,34.7,13.523109071715705,10.5,9.148165472021835,36.15734062057116,28.0,72.1,22.0,15.7,42.5,15.7,4.1,10.111652602365238,40.0,3.4,14.0,5.5
47017,12.6,29.0,15.3,37.0,58.9,7.2,11.3,6.5,74.8,83.8,20.0,56.3,8.8,20.7,50.7,31.1,12.4,37.3,24.596804680424867,18.433963632705883,16.66570145991301,23.7,7.4,34.5,14.555784061995647,10.5,9.853306365590361,36.660544190675154,28.8,72.0,21.8,15.8,43.1,15.7,4.2,10.832318649452473,40.6,3.5,18.1,5.7
47019,12.6,30.3,15.5,38.1,57.5,7.5,11.5,6.8,75.4,83.4,20.6,55.5,9.4,21.2,52.3,33.3,12.5,40.2,25.242759462253535,18.29757552720471,16.82071502002545,24.6,7.9,36.7,14.467761651287727,11.0,9.838597571111407,38.07119239522606,29.4,69.4,22.3,16.7,38.0,16.5,4.3,10.914175982677982,44.2,3.5,25.0,5.8
47021,11.2,27.0,17.0,34.2,57.5,7.4,10.7,5.6,75.5,85.2,17.3,59.3,7.1,17.1,62.0,29.4,10.5,32.4,22.140883312828592,12.984072716065956,11.256095222414526,19.5,6.8,32.9,10.972848349470244,8.5,7.23859597628803,34.63395687936493,23.6,72.7,20.0,12.9,38.7,13.6,3.2,7.764398470104929,38.1,2.9,11.9,4.4
47023,12.7,28.8,15.6,37.5,59.3,7.2,11.5,6.5,76.1,83.8,20.2,57.7,8.9,20.6,51.1,31.4,12.5,37.5,25.30299092543629,18.797033345347064,17.42797392632208,23.6,7.5,34.9,14.90421506470857,10.7,10.063391147247883,37.43489256490796,28.1,72.3,22.0,16.0,40.0,15.7,4.3,11.050607948769958,42.6,3.5,18.6,5.7
47025,13.0,29.7,16.0,37.7,58.1,7.5,11.4,6.7,75.4,82.9,20.9,56.4,9.5,21.5,52.7,32.2,12.3,38.5,23.911005810653542,17.126422162212467,14.846889053212749,24.4,8.0,35.4,13.440312317260739,11.1,9.313500753482431,36.36592018461583,28.9,64.2,22.3,16.4,42.3,16.2,4.3,10.314942818510499,40.2,3.5,15.8,5.8
47027,14.5,30.3,15.4,38.3,58.5,7.4,11.5,7.3,74.2,81.8,22.4,53.7,10.5,24.1,49.5,32.8,13.0,40.8,24.541909580946918,20.43805454027717,19.20462215934276,26.7,8.5,34.9,15.659899916907058,12.1,10.91372106884594,36.75850499665909,31.2,71.7,23.2,17.7,39.9,17.3,4.8,12.100501229473672,39.3,3.8,16.6,6.5
47029,15.0,30.2,15.0,38.2,58.4,7.3,11.6,7.3,74.6,81.8,22.5,54.9,10.7,24.2,49.2,32.9,13.2,41.4,26.11646416401843,21.846311473136964,20.48551551892697,27.1,8.5,35.7,16.728565904175703,12.3,11.63211187010564,38.091291496359084,31.1,69.2,23.5,18.2,39.8,17.6,5.0,12.822779936668784,42.8,3.9,27.8,6.7
47031,13.0,28.3,16.4,37.2,58.3,7.3,11.2,6.4,75.5,83.9,19.6,57.0,8.5,20.1,52.0,30.8,11.7,36.7,24.684278237774766,16.828951443235418,14.588261435652768,23.2,7.5,35.1,13.503338081163962,10.2,9.111738633527168,36.83010392050886,27.1,68.0,21.3,15.3,39.4,15.3,4.0,9.878677695159771,40.6,3.3,17.0,5.5
47033,14.8,27.7,15.1,37.7,59.1,6.9,11.2,6.3,76.1,84.0,19.9,56.0,8.4,19.9,53.9,29.1,12.8,37.4,25.64804842365582,20.247174298870313,18.300811370063684,24.3,7.2,33.7,16.029567713693105,10.5,10.589781220452084,37.361034298167915,29.4,73.0,21.4,16.0,42.2,15.7,4.3,11.508658416552475,42.1,3.5,18.7,6.0
47035,12.5,28.3,16.0,37.3,58.0,7.5,11.2,6.6,75.4,83.5,20.0,54.1,8.9,20.7,54.6,32.4,11.7,36.0,23.194488796185354,16.504771408553758,14.9912440887338,23.5,7.8,35.0,13.130041774473991,10.4,8.983932005295559,35.76219648904685,26.3,72.6,22.0,15.0,39.8,15.5,4.0,9.91362453535575,37.7,3.4,16.9,5.5
47037,11.6,26.6,16.5,34.4,59.9,6.6,10.6,5.3,76.1,86.7,15.9,57.7,6.3,14.2,57.6,27.6,11.7,32.0,24.804686753863354,16.39306804428317,14.369475780441944,20.9,6.0,33.6,13.907115517887778,8.4,8.685278886206477,36.55889871195787,25.1,78.3,18.8,13.4,32.5,12.9,3.5,9.105705437742124,37.1,3.1,9.7,5.0
47039,14.9,30.3,15.3,38.6,58.7,7.3,11.5,7.4,75.2,81.8,22.2,53.2,10.7,24.3,51.3,32.5,13.5,40.7,25.160847758487257,21.448385825260424,20.379996094445538,27.2,8.5,35.2,16.390626550092183,12.3,11.248212394938113,37.510855273381196,31.1,72.4,23.1,18.1,42.8,17.5,5.0,12.540432288479813,42.8,3.9,14.7,6.8
47041,15.2,29.5,15.3,38.2,58.1,7.3,11.2,7.0,74.5,82.3,21.4,53.9,9.9,22.3,49.7,31.2,13.0,39.9,24.971134678649836,20.20143334579091,17.694911782204603,26.2,8.3,35.7,15.631365402446457,11.5,10.744637100275028,36.86138521208047,30.7,68.7,22.3,17.1,39.9,16.9,4.7,11.810007494595675,39.3,3.7,24.6,6.5
47043,11.6,27.8,16.5,33.8,57.2,7.4,10.9,5.7,74.6,84.7,18.1,57.0,7.4,17.9,57.9,30.2,10.8,35.2,23.116735013568665,14.543560500061782,13.379623281776658,21.0,6.9,33.6,12.091898167771099,8.9,7.9524627738756655,35.79389164276419,26.0,76.1,20.7,13.9,37.1,14.2,3.4,8.552678132164012,39.5,3.0,13.9,4.6
47045,12.9,29.8,14.8,38.4,59.2,7.1,11.5,6.5,76.0,84.0,19.9,59.1,8.8,20.5,51.7,31.8,12.6,38.8,25.434509271653113,19.871744079401616,18.73452309654186,24.3,7.4,34.5,15.712243036667653,10.7,10.603175483851894,37.54497764636739,29.3,74.2,22.0,16.4,39.4,15.8,4.3,11.72166270072582,43.3,3.6,24.0,5.9
47047,11.1,27.1,14.9,37.4,59.6,6.8,11.1,5.7,77.0,86.1,17.2,59.0,6.9,16.8,61.8,27.5,12.0,33.2,23.413039966188016,16.844737146705736,14.660858735510285,20.6,6.3,33.7,13.926160843835111,8.9,9.051520269940406,35.21765881458311,24.8,76.2,19.8,13.9,38.7,13.5,3.7,9.876286575745967,37.5,3.2,15.0,5.0
47049,13.9,30.3,15.3,37.6,58.1,7.4,11.5,7.1,74.4,82.0,22.0,51.0,10.4,23.0,49.3,32.4,12.8,39.9,24.918698060887227,20.297544800798164,18.789337482800402,26.8,8.3,35.0,15.54045154211895,11.9,10.806059393803581,37.02128656061629,30.2,71.2,23.2,17.6,44.5,17.2,4.7,11.947023226887216,40.8,3.7,21.1,6.4
47051,11.5,28.0,15.9,36.1,58.3,7.4,11.1,6.1,76.0,84.5,18.7,58.2,8.0,18.8,53.8,31.4,11.5,35.8,24.00446109035894,15.84048566116129,14.113455383894667,21.6,7.2,34.5,12.957285602546628,9.5,8.665278848019327,36.42535393090175,27.7,72.8,21.0,14.8,35.8,14.6,3.7,9.443402040113563,41.0,3.2,18.5,5.0
47053,12.7,29.3,15.0,37.2,58.5,6.9,11.4,6.3,76.1,84.2,19.7,56.6,8.5,20.3,54.0,29.5,12.5,36.8,25.307996403956018,19.48408707667638,17.849146148824378,23.7,7.1,34.3,15.507558898622314,10.4,10.397345843464997,37.038884467364866,28.5,74.0,21.4,15.9,39.4,15.2,4.2,11.326669279438583,41.1,3.5,19.2,5.8
47055,12.6,28.3,15.8,36.9,58.5,7.2,11.5,6.3,75.7,84.0,19.8,59.3,8.5,20.1,53.1,30.8,12.2,37.0,24.998360874494445,17.80725948807685,16.218705068058092,23.3,7.3,34.3,14.25331854977066,10.3,9.66132295427248,36.99249752950298,27.0,69.0,21.7,15.4,39.9,15.3,4.1,10.480782805042251,41.5,3.4,17.1,5.5
47057,13.6,29.3,15.7,36.3,58.2,7.4,11.2,6.7,74.5,82.9,20.7,51.9,9.3,21.6,49.7,31.6,12.1,37.7,24.85623021963426,18.023238997136005,15.742647608344845,24.5,7.9,35.5,14.152528851625567,10.8,9.695196342052208,36.98491667118814,28.8,69.3,22.2,16.1,40.7,16.1,4.2,10.56950360247093,40.5,3.5,22.0,5.7
47059,13.1,29.0,15.5,35.9,58.6,7.5,11.2,6.6,74.5,83.1,20.3,54.8,9.1,21.3,54.4,31.0,12.1,37.6,24.052260108172312,18.053399230683663,16.832594718814384,23.9,7.7,33.8,14.226209620156954,10.6,9.654452055053495,36.427337353729236,29.3,74.6,21.9,16.1,40.6,16.2,4.2,10.61556434856166,42.0,3.4,15.5,5.7
47061,14.8,31.0,15.6,38.3,59.0,7.3,11.7,7.3,74.9,81.6,22.7,54.2,10.8,24.7,53.9,32.9,13.1,40.8,24.51750294787443,21.007342474968937,19.851544331733464,27.0,8.5,35.2,15.996167718368397,12.4,11.256610024668877,36.626781900493704,31.0,69.4,23.4,17.9,40.4,17.5,5.0,12.52372511224642,38.5,3.9,21.8,6.7
47063,15.6,28.9,14.8,37.1,58.2,7.2,11.1,6.7,75.3,83.3,20.6,55.1,9.1,21.1,55.6,31.0,12.9,39.3,24.359824339470375,19.356107974268582,17.118353443298506,25.4,7.9,35.4,15.246006290215487,11.0,10.150466827953474,36.9310208113677,30.0,69.3,21.8,16.8,40.3,16.5,4.5,11.235556435889398,40.7,3.6,17.7,6.3
47065,10.9,25.7,16.0,34.6,57.9,7.0,11.1,5.5,76.2,86.4,16.7,61.0,6.7,15.7,61.9,27.4,11.0,30.6,23.546140784969452,15.034666971048832,13.507113432720823,19.4,6.2,32.3,12.80002457754956,8.3,8.345089295146236,35.151815076928884,21.5,75.9,18.9,12.6,34.5,12.9,3.4,8.734047778214588,38.0,3.0,8.7,4.7
47067,17.0,33.1,14.4,42.1,60.1,7.4,12.3,8.9,74.4,79.2,26.1,50.9,14.1,29.9,43.5,35.1,15.6,46.7,28.04175532315545,28.822375121300496,27.761115089473336,33.2,10.0,36.0,21.020375353253627,15.8,15.243656915568154,38.9039914898978,36.5,66.1,25.7,22.3,42.6,20.6,6.8,16.982678279170457,42.7,4.8,34.3,9.0
47069,15.1,28.9,13.7,42.5,61.7,6.2,11.4,7.0,77.8,83.4,20.8,54.3,9.2,22.6,49.3,26.3,15.1,39.8,28.93681671434481,26.63817632574637,23.453547658341254,27.9,7.3,34.1,20.492790836725494,11.7,13.688977613720327,38.883709988966785,33.0,71.8,21.7,18.2,43.8,16.4,5.3,14.894877364642621,45.0,4.2,25.3,7.2
47071,14.0,30.0,16.2,37.6,58.7,7.4,11.5,7.0,75.2,82.3,21.8,53.7,10.1,23.5,56.5,32.4,12.8,40.2,25.188197853670278,19.786664436113572,18.50609048973012,26.5,8.1,34.4,15.29758873287093,11.8,10.664244867670106,37.26039683296981,30.7,66.4,23.2,17.5,38.0,17.1,4.7,11.637986802216997,39.9,3.7,19.0,6.4
47073,12.8,29.9,15.7,37.0,58.4,7.5,11.2,6.8,74.0,82.9,21.0,55.1,9.4,21.6,57.1,32.4,12.4,38.5,22.686383910944006,17.416046342607746,16.42655553894724,24.2,7.9,35.4,13.683868228705212,10.9,9.275502565615811,35.832111189969446,29.5,74.6,22.3,16.0,40.7,16.2,4.3,10.45593215171324,38.7,3.5,13.3,5.8
47075,16.2,30.2,12.5,44.8,62.9,5.8,12.5,7.0,78.0,83.9,22.2,55.7,9.7,23.4,47.0,28.2,16.5,42.8,30.66877783138239,31.581988765982402,30.239068826940844,30.3,6.9,34.0,24.067830878062686,13.2,16.085260443985952,40.49650755445982,36.7,76.4,22.9,20.7,46.6,17.2,6.1,17.67221467835998,44.7,4.6,26.3,8.3
47077,13.2,29.7,15.5,37.7,59.1,7.2,11.3,6.6,75.5,83.3,20.5,52.3,9.1,21.9,52.0,30.3,12.6,38.0,25.283476913343073,18.88116218673383,16.174940638058395,24.8,7.6,35.2,14.832450474577282,10.8,10.183249343800606,36.91010369438079,29.5,67.2,22.0,16.4,38.6,16.2,4.3,11.051920310771118,38.8,3.6,20.9,5.9
47079,13.2,29.6,15.6,36.9,59.6,7.3,11.4,6.8,76.3,83.3,20.6,56.3,9.3,21.6,53.4,32.6,12.6,38.8,24.484998974358675,18.98541196707618,17.613999737254844,24.7,7.8,34.1,14.88366748320087,11.0,10.230606885982706,36.65125942622638,29.9,70.9,22.3,16.7,38.1,16.3,4.4,11.293399148279528,40.0,3.6,19.3,6.0
47081,13.2,28.9,16.4,37.1,57.8,7.4,11.0,6.5,74.9,83.3,19.9,58.0,8.8,21.0,54.6,30.6,11.8,37.1,23.741072961276554,17.33024839324846,15.93621102198559,23.7,7.7,34.8,13.76895633617037,10.3,9.323629570127313,36.12899800930425,28.4,74.2,21.7,15.5,38.1,15.6,4.1,10.25557350175161,39.1,3.4,18.6,5.5
47083,12.8,28.4,16.4,36.3,57.7,7.3,11.2,6.3,74.5,83.3,20.0,56.5,8.6,20.5,53.9,31.7,11.7,36.8,24.245962380101915,17.134319618886547,15.88769430873419,23.1,7.5,34.2,13.658574669717435,10.2,9.284824326240287,36.547026001415055,28.3,72.1,21.9,15.3,39.2,15.6,3.9,10.072495850969057,39.7,3.3,20.5,5.3
47085,12.7,28.9,16.1,36.4,58.1,7.4,11.2,6.5,75.1,83.4,20.1,56.7,9.0,20.9,53.7,31.6,11.9,37.2,23.511459683538234,17.330874521666917,15.890788183194681,23.4,7.7,34.3,13.675271759408098,10.5,9.425084726383583,35.73510698713739,27.8,72.5,22.1,15.6,40.8,15.7,4.1,10.380227759391095,37.9,3.4,21.3,5.5
47087,14.4,29.7,16.0,37.0,58.1,7.4,11.4,7.2,74.7,81.7,21.9,54.0,10.2,23.6,51.9,32.6,12.8,39.8,24.525859648789314,19.869301668912737,18.427443075487844,26.2,8.5,35.6,15.289320430539195,11.7,10.63422686094114,36.722621911431794,30.6,71.1,22.7,17.1,39.0,16.9,4.7,11.747866637409773,39.8,3.7,23.7,6.4
47089,11.9,28.0,15.9,34.8,57.0,7.5,11.0,6.0,75.2,84.4,18.5,57.2,7.9,18.5,59.2,31.7,10.8,34.3,22.21037978829838,14.729805261527183,13.978812817206531,21.3,7.1,32.7,12.10795022920622,9.3,8.175664685593146,34.91902568039504,25.4,76.3,21.3,14.0,37.2,14.6,3.5,8.899178964499768,37.0,3.1,14.0,4.8
47091,15.1,30.2,15.9,38.9,58.5,7.4,11.3,7.3,74.7,81.4,21.9,57.4,10.5,23.6,52.6,31.8,13.4,40.6,24.29025484562658,20.829601547821852,19.353132922896844,27.2,8.6,35.3,15.913418487947968,11.8,11.074286841530824,36.365795430937006,31.3,71.8,22.7,17.8,39.7,17.2,4.9,12.357549730341855,39.5,3.8,25.1,6.6
47093,10.2,27.0,16.9,34.9,58.3,7.5,10.6,5.6,76.9,86.2,16.8,64.1,6.8,15.7,61.8,31.0,11.1,31.7,20.99882847242633,12.428362308368904,11.253253392993523,19.0,6.6,33.1,10.733582905560235,8.4,6.980531737037721,33.9527102488392,23.1,76.5,19.5,13.1,34.1,13.0,3.3,7.704040095684845,35.0,2.9,8.2,4.5
47095,20.4,31.7,13.9,46.8,61.8,6.6,11.6,9.0,74.7,79.1,25.5,51.0,13.399999999999999,29.8,44.8,29.3,17.8,47.5,29.85402142911078,33.64265568814509,30.877022374398,35.8,9.4,36.1,24.615521832100498,15.5,17.05449764849081,39.590031200702434,39.0,69.1,23.8,23.0,47.3,20.1,7.5,18.93843078185079,44.1,5.2,31.4,10.0
47097,15.7,29.9,13.8,42.2,61.4,6.4,11.8,7.1,76.7,82.8,21.9,53.9,10.0,23.7,46.5,28.5,15.1,41.2,29.06058058063298,27.021524815350976,24.89469638310593,29.3,7.6,34.3,20.620335567642947,12.5,13.842806669250363,39.58500379997211,33.5,71.8,22.7,19.1,47.2,17.0,5.6,15.161309379478187,46.6,4.3,18.8,7.6
47099,13.3,29.3,15.9,37.4,58.1,7.4,11.3,6.8,74.9,82.8,20.9,56.1,9.6,21.7,55.2,33.2,12.4,37.5,24.25195669411359,18.39329851963311,17.188492437714135,25.0,7.9,35.1,14.381484546107574,11.1,9.878548697259362,36.810256474067046,29.1,69.4,22.6,16.5,41.3,16.5,4.4,10.927698214319049,40.2,3.6,21.8,5.9
47101,13.2,28.8,16.3,36.0,57.6,7.4,11.3,6.5,73.8,83.0,20.5,49.7,9.1,21.3,49.6,31.9,11.9,37.8,25.496921677587327,17.591184863010135,15.569329963929803,23.9,7.7,34.3,13.898905248435053,10.6,9.602912408219833,37.31480393148315,28.0,67.2,22.5,15.9,39.1,16.0,4.1,10.179302786933896,39.6,3.4,18.2,5.6
47103,12.5,28.2,15.8,36.0,57.8,7.2,11.0,6.1,75.0,84.2,19.2,56.8,8.1,19.3,58.0,29.8,11.7,35.5,23.497638544208012,16.48687512676198,14.857619984929459,22.5,7.2,34.4,13.344141516999592,9.7,8.827653454671902,36.02731695872181,27.0,73.8,21.1,14.7,40.3,15.0,3.8,9.661113679977829,39.8,3.2,15.5,5.2
47105,12.6,26.8,16.0,35.1,57.4,7.5,10.5,5.8,75.5,85.1,17.6,61.0,7.2,16.7,58.0,29.0,10.8,33.0,22.26768266670888,13.455713556481552,10.88866632115892,20.7,7.0,34.1,11.385362326806806,8.7,7.38924896349355,34.92915980526554,24.6,71.6,19.7,13.2,36.6,14.0,3.4,8.021195772765735,38.4,2.9,13.1,4.7
47107,13.0,29.3,15.4,37.5,58.6,7.4,11.2,6.4,76.0,83.8,19.9,57.7,8.6,20.2,57.4,30.7,12.4,38.1,22.406560031184267,16.527355270658784,14.212339449862526,23.1,7.6,35.2,13.065330464515517,10.2,8.829103120418146,35.22616455406291,28.4,69.4,21.9,15.5,46.8,15.5,4.0,10.040742123278095,39.3,3.3,20.0,5.4
47109,13.6,29.3,15.6,38.3,59.1,7.3,11.5,6.8,74.9,82.8,21.2,55.7,9.7,22.5,52.8,31.8,12.9,39.9,25.033426367740397,19.960372519988113,18.394743131676258,25.3,8.0,34.8,15.489665778581342,11.4,10.755185292933406,36.857736145645205,29.4,70.1,22.8,17.0,39.3,16.5,4.5,11.81147738561046,39.6,3.7,25.7,6.1
47111,15.0,28.8,15.2,36.1,57.5,7.3,11.3,6.8,74.7,82.5,21.4,53.9,9.6,22.7,52.7,31.4,12.7,39.2,24.253665379880054,19.957631514843854,18.324195334907948,26.1,8.1,34.3,15.414736303412685,11.4,10.643285275556112,36.23186210240853,30.9,71.9,22.8,16.9,42.6,16.5,4.4,11.71257413744333,38.3,3.6,26.8,6.1
47113,12.3,28.1,13.3,40.2,63.5,6.5,11.6,6.3,80.2,85.5,19.0,56.8,7.9,19.1,57.0,27.7,14.1,39.2,24.337033197033623,22.47229250773114,19.872858560139036,24.7,6.7,32.1,17.613840888833018,10.6,11.77085214810526,35.136883824599266,29.5,77.6,20.5,16.7,44.3,15.2,4.6,13.188617729981386,38.0,3.7,18.7,6.3
47115,13.8,29.5,15.5,37.3,58.4,7.3,11.5,6.9,74.9,82.8,21.1,52.9,9.6,22.0,55.1,32.1,12.6,39.1,24.287611786328508,19.51747683237897,18.288750295770367,25.2,8.0,34.1,15.17392813934713,11.2,10.479573811804729,36.37818318401929,29.1,72.8,22.3,16.6,40.2,16.4,4.5,11.522968764735483,39.7,3.6,20.6,6.0
47117,12.4,27.7,15.9,36.2,57.9,7.3,11.0,6.0,75.0,84.4,18.8,57.7,7.9,18.7,52.6,30.9,11.7,35.2,24.236355886074282,16.317769288702127,14.521073362717841,21.7,7.2,33.9,13.269277783151072,9.6,8.848045677939837,36.431642210292146,26.3,72.4,21.0,14.4,39.5,14.7,3.8,9.55498791357904,40.9,3.2,17.5,5.2
47119,11.2,26.6,16.2,35.4,58.0,7.2,10.7,5.5,75.0,85.6,17.0,59.9,6.8,16.4,59.2,28.6,10.8,31.9,23.70794414870425,14.54548724893477,12.900193410428786,19.2,6.5,33.5,12.337512751626951,8.4,7.966641982819439,35.90579255750394,23.8,76.2,19.9,13.1,34.8,13.3,3.3,8.446187681634905,40.0,3.0,14.4,4.6
47121,13.9,28.6,16.1,37.9,58.3,7.3,11.3,6.9,74.8,82.6,21.1,56.4,9.5,22.6,58.9,32.0,12.2,39.0,22.976061033210918,18.07167106300594,16.689241173607606,25.0,8.1,34.8,14.093665807526277,11.0,9.710442564504666,35.56259392911636,29.0,69.6,22.6,16.5,40.4,16.4,4.3,10.796713216047655,36.6,3.6,16.1,5.9
47123,13.7,28.4,15.9,37.9,57.4,7.4,11.4,6.8,74.8,82.8,21.1,54.5,9.4,22.2,51.1,32.6,12.2,38.7,24.25776633106001,18.62652477945264,17.499445879683904,24.8,7.9,35.0,14.592366006055217,11.0,10.01500185104058,36.627420365035704,29.7,72.9,22.6,16.3,38.8,16.5,4.4,10.989377317872377,37.6,3.5,18.3,5.9
47125,11.4,26.7,15.4,36.3,58.6,6.7,10.7,5.5,77.6,86.3,16.5,60.0,6.5,15.7,59.3,27.8,11.8,32.7,24.90551988011686,16.37747920774557,14.192932484149654,19.7,6.3,33.3,13.779835691787,8.5,8.661956829044257,36.94511626752283,24.5,74.8,19.3,13.7,38.5,13.4,3.5,9.280912364782536,44.6,3.1,11.6,4.8
47127,11.7,28.0,16.4,35.7,57.5,7.4,10.9,6.2,75.1,84.1,18.8,54.1,8.1,19.1,57.6,30.6,11.3,35.3,23.136780190293667,15.099653581436622,13.22766049182948,21.7,7.3,34.3,12.317519919461052,9.6,8.223111874872917,35.69396668840929,26.5,72.1,21.0,14.5,38.4,14.8,3.7,8.912622250129878,38.8,3.2,10.6,5.0
47129,13.9,29.3,16.0,37.9,57.9,7.3,11.0,6.9,74.6,82.2,20.8,55.6,9.5,22.4,50.5,30.9,12.4,38.4,24.66254101422124,18.559132807188632,16.171870458727984,24.9,8.1,35.0,14.431436104434889,10.9,9.906993389062107,36.65675225147314,29.1,68.0,22.1,16.3,43.0,16.3,4.4,10.872947557788846,41.7,3.6,19.5,5.9
47131,14.1,29.7,15.0,37.7,58.7,7.1,11.4,6.7,75.4,83.1,21.0,55.4,9.3,21.7,53.4,31.7,13.0,39.2,25.336794127314057,20.333945258410303,19.060429031737133,25.9,7.7,34.2,15.91324661351274,11.2,10.753710563396051,37.51602186052177,30.4,72.1,22.3,16.8,40.2,16.4,4.5,11.82095829742917,42.4,3.6,19.3,6.2
47133,14.1,30.1,15.8,37.5,57.7,7.3,11.5,7.0,75.0,82.2,21.8,52.4,10.1,23.1,53.0,32.0,12.4,38.8,24.543830316645263,19.569185503432834,18.398185118329575,26.1,8.2,34.8,15.135655097141065,11.6,10.498932742970872,36.714861214835594,28.9,71.8,22.8,16.8,40.6,16.8,4.6,11.538603519954338,39.4,3.7,17.0,6.1
47135,14.9,29.8,15.5,38.1,58.4,7.2,11.5,7.2,74.6,81.7,22.3,54.8,10.4,24.0,52.6,31.9,13.0,40.7,25.035337187226585,21.024169373347934,19.62350998971317,27.0,8.4,34.7,16.124819411028824,12.0,11.199293958175502,36.99792167719711,31.5,69.6,23.1,17.8,39.8,17.3,4.8,12.326434827816023,40.0,3.8,20.4,6.5
47137,14.8,30.4,15.6,38.2,58.4,7.4,11.6,7.6,74.5,81.3,22.8,55.5,11.1,24.7,49.7,33.0,13.3,41.1,24.935646116387066,21.499086214792527,20.202967517777342,27.5,8.8,35.3,16.285840154733638,12.6,11.477597954702926,36.907300248976206,31.6,69.2,23.4,18.2,41.9,17.7,5.2,12.758304695437182,40.4,3.9,22.8,6.9
47139,12.5,29.4,16.5,37.0,57.6,7.5,11.3,6.5,74.8,83.4,19.9,56.2,8.9,20.8,55.4,32.1,11.7,37.5,23.37983772319541,16.547443006451246,15.408765804265837,23.1,7.7,34.6,13.088770860079503,10.3,8.948295943470095,36.1030665821085,28.4,72.1,22.1,15.6,43.0,15.8,4.0,9.925648959817472,40.3,3.3,18.2,5.3
47141,12.5,27.8,14.8,35.9,58.2,7.5,10.9,6.3,75.5,84.2,18.6,54.5,8.4,18.8,56.8,29.2,11.7,34.4,23.002494284188984,15.831011002540155,12.45235216063039,22.0,7.5,35.1,12.814942853558872,9.8,8.698539459642626,34.99691909825476,25.5,68.0,20.8,15.0,38.8,15.1,4.0,9.490572820051984,37.5,3.3,19.0,5.4
47143,14.4,30.3,15.3,37.9,58.9,7.4,11.2,6.9,75.5,82.6,21.2,55.2,9.6,22.0,51.5,31.5,12.8,38.6,23.94835414899025,19.28682984640455,17.965275049267316,25.5,8.0,34.6,14.990549626957456,11.1,10.169860275579362,36.463991062275596,29.8,75.7,22.2,16.3,42.4,16.5,4.5,11.405220957879665,41.4,3.6,16.3,6.1
47145,11.7,29.2,16.4,35.7,57.8,7.5,11.0,6.2,75.9,83.9,19.0,58.9,8.2,19.4,58.6,31.7,11.1,36.0,22.705501534676692,15.056083835754325,13.830393191864992,22.1,7.3,34.0,12.274554329046587,9.7,8.259253309068725,35.588069134542096,27.3,72.5,21.0,14.9,36.8,15.2,3.8,9.112136601340719,39.7,3.2,11.9,5.1
47147,12.8,26.3,16.1,35.0,57.6,7.2,10.8,5.8,75.0,85.0,18.0,57.1,7.3,17.7,58.4,28.8,11.1,34.7,23.62235863260146,15.115138902583631,12.792945410829478,20.9,6.9,34.2,12.583210900450466,8.9,8.180795796011353,35.93560508995417,26.5,71.9,20.3,13.6,36.4,14.1,3.5,8.72151257019518,38.7,3.0,15.5,4.8
47149,11.4,26.9,15.9,34.9,58.8,7.0,10.6,5.3,76.7,86.6,16.3,58.2,6.3,14.7,57.8,26.4,11.1,31.7,23.38671337141637,14.371728418338076,11.594914576685328,18.5,6.2,33.4,12.271531411271301,8.0,7.781114478911448,35.292156288473244,23.3,75.7,19.2,12.9,38.1,13.0,3.2,8.295812609725832,38.3,2.9,11.3,4.6
47151,15.5,31.2,14.9,39.8,59.0,7.4,11.9,7.9,74.1,80.5,24.1,53.1,12.0,26.7,49.6,33.7,14.0,43.0,25.627516141770688,23.473333180192125,22.6015558023388,29.4,9.1,35.9,17.56728489741223,13.6,12.363993128646753,37.80734402177027,34.0,69.8,24.4,19.5,43.1,18.6,5.5,13.855586078980938,42.4,4.2,20.3,7.4
47153,14.9,29.7,15.6,38.0,58.1,7.4,11.4,7.3,74.7,81.9,22.0,52.4,10.4,23.2,49.1,33.0,13.1,40.4,24.908638070658895,20.72963364837445,19.231412428444354,26.6,8.4,34.7,15.905169443088937,11.9,11.094145114533868,36.78919810461704,30.5,71.6,22.7,17.5,39.2,17.1,4.8,12.190566258538805,38.9,3.8,22.4,6.6
47155,13.2,27.9,15.8,34.7,57.3,7.5,10.8,6.2,75.4,84.3,19.0,56.3,8.2,19.0,59.0,30.7,11.5,35.7,23.1494213586494,15.455461437142425,13.472096961477598,22.3,7.4,34.8,12.603171974003915,9.7,8.400594601711116,35.900091633539866,25.6,70.2,21.4,14.7,38.1,15.3,3.8,9.168347413942252,38.7,3.2,18.8,5.2
47157,12.4,25.4,14.3,41.0,62.2,5.9,11.7,5.9,80.5,86.5,18.0,59.5,7.3,17.3,54.8,25.2,14.6,35.8,28.25842611017158,24.327959840274026,21.924491957487614,23.0,5.9,34.5,19.489630119235756,10.2,12.557196930076891,38.38041307699399,27.1,78.3,19.7,16.3,39.6,13.8,4.7,13.55995613868367,42.0,3.8,20.6,6.5
47159,12.2,28.1,16.7,34.6,57.5,7.4,11.1,6.2,74.4,83.9,19.4,54.3,8.3,19.6,58.4,31.0,11.2,35.9,23.211531042154924,15.655933876457945,14.638887238628746,21.9,7.3,33.6,12.667360416606641,9.7,8.542742828918644,35.74115644282252,26.5,74.4,21.4,14.6,38.5,15.0,3.7,9.222057547906754,38.4,3.2,13.1,5.0
47161,11.6,27.9,16.6,35.1,57.0,7.4,10.8,6.0,75.0,84.1,18.7,55.0,7.9,19.0,57.0,30.6,11.0,35.1,23.429387288204918,14.896772042597748,13.253297135869705,21.3,7.2,33.9,12.206127575417582,9.3,8.176910220850262,35.86580295315286,25.8,73.2,21.1,14.0,37.7,14.6,3.5,8.783172880328452,39.4,3.1,16.7,4.8
47163,11.7,29.4,14.7,35.5,59.7,7.6,11.3,6.2,76.4,84.7,19.1,57.3,8.3,19.7,62.1,32.3,11.9,35.9,21.782363478637272,15.795357497622648,14.479790420720331,22.7,7.3,32.6,12.734701320092634,9.8,8.759927005903108,34.438448368454196,27.2,73.3,21.3,15.3,37.7,15.1,3.8,9.817426361338383,37.7,3.2,18.6,5.1
47165,10.7,27.5,16.0,33.4,57.6,7.4,10.7,5.4,76.0,86.4,16.6,61.1,6.5,15.3,63.0,30.1,10.5,32.1,21.03986727088041,11.877653576626987,10.010296513433342,18.8,6.4,34.7,10.352091767791729,8.0,6.552629959803576,34.40935184664252,22.7,74.3,19.4,12.4,40.2,13.1,3.1,7.303048937114246,37.5,2.8,13.1,4.3
47167,11.9,27.9,15.3,38.6,59.9,7.0,11.3,6.1,76.2,84.8,18.7,57.5,7.8,19.0,57.1,29.4,12.3,35.9,24.129083938871094,17.981788176459943,16.205819603264477,22.6,7.0,34.5,14.43435937424149,9.7,9.493973156017892,36.308077013891584,27.1,75.6,20.9,15.1,43.6,14.7,3.9,10.527266639367781,41.7,3.4,16.7,5.3
47169,14.0,27.9,16.8,37.3,58.1,6.9,10.6,6.4,74.5,82.8,19.5,58.1,8.4,20.9,54.9,28.6,12.3,36.9,24.58261046875533,18.41482336796108,16.32064409300594,23.5,7.4,34.4,14.61248953000668,9.8,9.698642249229046,36.374247726683166,28.5,73.7,20.9,15.3,39.3,15.2,4.0,10.492064201205821,39.7,3.5,19.1,5.5
47171,14.0,29.1,15.5,37.7,58.5,7.5,11.1,7.0,75.0,82.9,20.7,54.9,9.6,21.9,48.8,31.7,12.6,38.5,24.834320066924914,18.19624175753738,15.436736366503553,24.9,8.2,35.4,14.26898370380441,11.1,9.790492110040015,36.95097481040746,29.7,65.4,22.1,16.6,39.1,16.4,4.5,10.723289283930173,41.1,3.6,15.8,6.1
47173,13.3,28.4,16.3,35.6,57.6,7.4,11.2,6.5,74.7,82.9,20.4,55.5,9.0,21.3,54.2,31.3,11.7,37.1,23.701662730791902,17.1627926919962,15.585412592259017,23.5,7.7,34.3,13.55844674486439,10.5,9.358438167441294,35.849186573467655,27.9,70.8,22.1,15.5,39.7,15.8,4.0,10.179368229371896,37.6,3.4,20.2,5.5
47175,13.2,29.1,16.1,36.8,57.0,7.4,11.2,6.7,74.8,83.0,20.6,51.7,9.2,21.6,51.7,31.7,11.8,38.3,24.843447038297835,17.38049639046309,15.362191006976628,23.9,7.9,34.9,13.742386657115286,10.7,9.435653868976617,37.05950377809438,28.6,68.1,22.4,15.9,38.7,16.0,4.1,10.183528102640311,40.5,3.4,17.4,5.6
47177,15.5,29.2,15.2,37.6,57.7,7.2,11.2,6.7,75.4,82.9,20.6,54.4,9.3,21.6,48.7,30.7,13.1,38.0,25.351219681309196,20.284251035050705,18.00613441931607,25.5,7.8,34.1,15.768835516214068,10.9,10.803276794840311,36.8496509304426,30.6,70.7,22.0,16.4,42.0,16.4,4.4,11.769189199901678,39.7,3.6,27.8,6.1
47179,11.3,27.8,16.8,33.8,57.5,7.5,10.9,6.1,75.4,84.9,18.1,58.7,7.8,17.9,56.1,31.8,11.2,35.3,23.078982206667668,14.65573974256451,13.336507315942463,21.0,7.2,32.4,12.075589840954237,9.3,8.213846126550633,35.31275559447788,24.7,71.7,20.6,14.1,36.3,14.6,3.6,8.781949011157504,38.3,3.1,13.7,5.0
47181,14.6,29.2,16.0,37.8,59.0,7.3,11.0,7.1,74.5,82.0,21.2,53.3,9.9,23.2,48.4,29.9,12.8,39.1,25.75859954067586,20.247398130450335,18.08151575922372,26.1,8.2,35.2,15.669657354298463,11.3,10.654017657329744,37.49080523117197,29.9,72.2,22.1,17.0,40.2,16.5,4.7,11.626707613486525,43.0,3.7,17.3,6.3
47183,13.0,28.8,15.3,36.8,59.3,7.3,11.3,6.7,75.6,83.4,20.4,55.3,9.3,21.1,55.4,30.8,12.8,38.0,24.28478282252222,19.243397800527433,17.618208103123486,24.3,7.7,34.2,15.058897063887933,11.0,10.30008109173994,36.22195686783657,28.8,72.9,22.1,16.3,41.1,15.8,4.4,11.364983697810663,40.1,3.6,21.1,6.0
47185,13.7,29.5,15.6,37.2,57.9,7.4,11.4,6.8,75.0,82.6,21.2,53.8,9.8,22.5,51.4,32.9,12.4,39.6,24.567533109223064,18.788201436178866,17.07918458537929,25.3,8.0,34.5,14.630160003320325,11.3,10.1787804877277,36.69155403377258,30.2,68.2,22.6,16.8,39.4,16.6,4.4,11.145591681808547,39.2,3.6,20.5,6.0
47187,7.4,23.5,16.3,31.1,57.1,7.6,9.8,4.4,76.6,88.4,12.4,64.4,4.5,10.1,71.8,25.6,8.5,24.6,18.649093478883994,6.540909675329768,3.6717002242110013,13.4,5.4,33.5,7.139215144040212,5.7,4.0497167291611476,31.71067064122858,17.3,80.1,16.0,9.0,28.7,10.1,2.1000000000000005,4.239791952287319,33.7,2.2,3.8000000000000007,2.9
47189,9.9,25.4,16.5,32.4,57.5,7.4,10.4,5.1,77.2,86.7,15.6,58.0,6.0,14.2,61.2,27.6,9.8,30.8,22.650548698510427,11.40167749205301,8.878182286763952,17.3,6.2,33.9,10.31347727071616,7.5,6.448913311686221,35.11557339494113,21.1,75.4,18.6,11.9,30.7,12.4,2.8,6.709939097758788,38.9,2.7,9.3,3.9
48001,19.2,23.2,18.5,37.0,59.6,6.3,9.9,6.4,71.9,81.9,17.2,52.3,7.3,17.2,50.7,22.1,13.0,35.2,28.846369101931934,22.561029435592914,18.201216489860467,24.6,7.1,32.8,17.831454577606554,9.7,11.383680279930145,38.18186945934828,30.1,70.9,18.8,15.5,39.5,14.5,4.6,11.398227805575033,41.9,3.7,16.6,6.4
48003,26.1,21.2,17.6,32.6,57.1,5.8,9.5,5.9,71.3,82.5,17.4,52.5,6.2,14.4,49.8,21.8,12.9,34.5,28.777228961363694,23.282120309578506,18.714517606332024,25.6,7.0,32.6,18.786424371307294,9.2,11.352966147487153,38.905009620179406,31.5,71.6,17.9,15.3,36.6,14.7,4.5,11.15878576343772,38.6,3.2,15.9,7.1
48005,19.4,24.9,17.0,37.9,60.0,6.3,11.1,6.6,73.3,82.9,18.2,52.5,7.7,17.4,47.1,24.9,13.0,38.7,29.200361296091558,24.133128409864632,21.30527121105916,27.5,7.3,36.0,19.024553326348816,10.5,12.02904229791458,40.000272621821225,32.5,74.9,20.6,18.0,41.0,16.2,4.8,12.576981868865241,42.6,3.6,18.2,6.7
48007,17.6,22.8,18.9,33.5,57.3,6.7,10.0,5.8,72.4,83.6,16.0,52.5,6.5,14.6,50.1,24.3,11.4,31.8,27.501787077652143,18.006184764125358,14.087530293517482,22.0,6.8,33.9,14.82920718949199,8.6,9.252159476744925,37.94153035884835,27.6,70.8,18.3,13.7,36.4,13.6,3.9,9.034947636452598,40.1,3.1,15.7,5.6
48009,13.1,22.8,19.8,31.7,56.8,7.1,10.3,5.5,72.3,83.6,15.8,54.2,6.4,14.8,58.7,25.3,9.9,30.5,25.192577970960176,14.823250500751156,12.45084451763287,19.1,6.5,32.0,12.42409821305381,8.3,8.103669064401442,35.74216589932394,24.7,73.2,19.0,12.5,34.7,13.0,3.4,7.780919508392555,36.6,2.9,15.1,4.6
48011,12.0,22.0,20.5,30.4,56.4,7.1,10.1,5.1,72.6,84.7,14.7,57.7,5.6,13.3,58.6,24.8,9.4,28.6,25.130228095238877,12.572435081080496,9.92197922366183,17.2,6.1,31.8,11.010111471918917,7.4,7.044739356260588,35.72973607293356,22.8,69.9,18.4,11.4,33.3,12.2,3.0,6.473607029971341,36.4,2.7,11.3,4.0
48013,28.0,22.3,18.2,34.6,57.5,5.4,9.2,5.9,71.8,82.5,17.3,49.9,5.8,13.8,50.2,21.0,14.0,34.9,28.69676790066284,24.129529185973027,18.80723907663674,26.2,7.1,33.6,19.336591019392422,9.2,11.358128624920225,39.21664778159934,34.5,71.2,17.6,15.7,42.2,14.8,4.6,11.350600143852159,38.3,3.2,11.7,7.6
48015,18.2,22.5,18.6,33.4,58.2,6.5,10.1,5.8,72.1,83.3,16.3,54.5,6.6,14.9,53.1,23.2,11.8,32.8,27.144835845628556,19.231634789468792,15.222532066833498,22.4,6.8,32.3,15.628335039502643,9.0,9.924435755337509,37.03843943633099,28.6,69.2,18.4,14.1,37.5,13.9,4.1,9.74238115335038,38.0,3.2,15.2,5.8
48017,30.6,21.6,16.6,33.4,57.4,5.5,9.5,6.3,71.0,81.9,18.6,51.8,6.4,14.9,52.8,21.6,14.3,37.0,28.6459405969658,26.088849927586917,21.019158091611743,28.5,7.4,33.6,20.735408540209896,10.1,12.383586678753042,39.28532719547857,36.0,69.1,18.2,16.9,39.5,15.8,5.1,12.510061588503302,37.5,3.4,15.0,8.2
48019,15.8,22.6,19.9,31.9,57.6,6.9,10.2,5.7,72.6,83.9,15.7,55.3,6.3,14.2,57.8,24.9,10.8,31.7,25.648602549819056,15.858128112187833,13.00680095979722,20.0,6.7,33.0,13.25477835114187,8.3,8.306427197216008,36.595639720148995,26.8,71.8,18.4,13.2,35.4,13.3,3.6,8.098004022358596,38.2,3.0,9.5,5.1
48021,22.3,21.7,18.1,33.1,57.4,6.1,9.5,5.7,71.7,83.4,16.2,54.5,6.1,14.0,55.0,22.2,12.0,32.5,26.156808597979865,19.70059632567483,14.780246261416488,23.2,6.7,33.3,16.067506525033437,8.7,9.7335793201896,36.66794284055153,30.8,69.3,17.6,14.3,40.1,13.8,4.1,9.669746248789272,34.5,3.2,13.6,6.2
48023,15.9,23.7,18.6,34.2,57.9,6.9,10.6,6.3,71.8,82.1,17.7,57.3,7.7,16.9,57.8,25.7,11.6,34.4,25.583555854589605,19.330411852686613,17.41096528921196,23.1,7.3,32.9,15.453780151730172,10.0,10.126824003002433,36.29390251310708,28.6,74.9,19.8,14.9,36.5,14.6,4.4,10.331800386735866,38.0,3.4,13.8,6.0
48025,27.4,21.0,18.3,35.6,58.0,5.3,8.7,6.3,70.9,81.7,17.1,49.3,5.9,15.0,44.9,19.3,14.6,36.0,30.80409579401656,26.016935991374975,19.557798595404414,27.1,7.4,33.3,20.657978990456204,9.1,12.368371734407958,40.00910725673437,33.5,69.6,17.2,16.1,39.5,14.9,4.9,12.151153798542332,41.6,3.4,19.9,7.7
48027,16.1,23.7,15.2,34.1,58.8,6.1,10.7,5.6,76.1,84.5,16.4,56.7,6.0,13.6,56.0,24.4,13.0,34.1,26.499543136082448,21.436262535762253,18.27139797978951,22.5,6.3,30.3,17.344942782989452,8.9,10.973748635829237,36.68973445233119,29.8,74.9,18.6,14.8,43.5,13.8,4.2,11.34791975275335,42.6,3.3,14.8,5.9
48029,21.9,21.9,16.5,33.5,57.6,5.4,9.0,5.4,72.0,84.1,15.5,55.7,5.0,12.3,55.1,22.0,13.8,31.9,28.396290636393257,22.203041680112506,17.54213596958419,22.8,6.3,31.2,18.339936587451092,8.2,10.809653014315971,38.6511311102574,30.7,72.7,16.7,14.4,34.2,13.9,4.1,10.609827210298931,41.2,3.0,13.0,6.6
48031,13.4,21.1,20.1,29.5,56.2,7.0,9.6,4.9,72.6,85.2,13.7,55.4,5.1,11.7,58.4,23.3,9.2,27.1,24.733362298780946,12.594761028383932,9.40869598557041,16.7,5.9,31.6,11.156966813481,6.9,6.836626321689573,35.311403939006965,22.0,75.4,17.0,10.8,34.3,11.6,2.8,6.2427762555978425,36.5,2.6,12.1,4.0
48033,12.5,21.4,20.1,30.1,56.2,7.0,9.9,5.1,72.5,84.7,14.4,60.4,5.5,12.8,65.8,24.4,9.3,28.1,23.216968901135022,12.703821869372815,10.95950505315258,17.3,6.1,31.9,11.167262208015266,7.3,6.917409903610635,34.53340559594523,22.5,77.8,17.8,11.3,33.0,12.0,3.0,6.607830397904156,34.7,2.7,8.6,4.1
48035,16.0,22.6,19.1,31.6,57.1,6.9,10.2,5.6,72.5,83.5,16.2,56.0,6.5,14.7,50.9,24.8,10.5,31.6,26.450579114100346,16.713955439235963,13.644048540448887,20.4,6.7,32.3,13.82657432469933,8.6,8.893010889723968,36.74318873596077,26.0,72.0,18.9,13.2,36.1,13.4,3.6,8.631128233632863,38.4,3.0,17.8,5.1
48037,14.4,23.8,17.4,35.5,60.4,6.5,10.9,5.9,73.2,83.3,16.8,55.3,7.1,16.3,51.9,24.2,12.1,33.0,29.009290948203258,20.853927705727052,17.401607453523894,22.4,6.5,31.6,16.759948838829974,9.7,11.075473618642778,38.10315911841247,28.2,66.9,19.6,14.7,36.9,13.9,4.4,10.968934352212464,42.7,3.5,17.6,5.9
48039,16.5,20.4,17.2,33.5,59.7,6.0,9.3,4.9,75.4,85.8,13.7,58.0,4.8,11.3,57.7,19.9,11.3,27.4,27.12518007625016,17.275183570248796,12.331036538800262,19.5,5.5,31.8,14.846366993761313,7.3,8.653529920755346,37.27150918583332,25.4,73.4,16.3,11.8,35.8,11.7,3.3,8.37824658990745,42.1,2.8,8.9,4.8
48041,16.1,22.3,17.5,33.9,59.2,6.3,9.8,5.9,74.2,84.1,15.4,54.6,6.3,13.8,54.1,23.0,12.5,30.8,26.80527836795978,19.579794006978503,15.068949662146636,21.9,6.6,32.6,16.05818261918224,8.8,10.156896650848593,36.426852953601276,26.9,71.8,17.9,14.1,32.8,13.3,4.2,10.078316042695446,35.8,3.3,16.0,5.9
48043,16.6,19.9,19.0,29.9,56.7,6.3,9.0,4.9,72.9,85.8,13.1,55.8,4.5,10.3,59.5,21.1,10.5,27.4,25.095498322661825,14.495760001107193,9.709775738756646,18.1,5.9,32.0,12.783938549026608,6.7,7.37892939880301,35.647700108821724,23.8,73.2,15.6,11.3,33.6,11.5,3.1,6.823742790155468,35.8,2.5,8.3,4.7
48045,21.7,23.9,17.7,35.1,58.2,6.4,10.4,6.7,71.8,81.5,18.7,48.1,7.9,17.3,42.0,24.6,13.3,36.6,30.193583534827212,24.466288246566982,20.070856109294215,26.5,7.7,33.3,19.11370626685573,10.7,12.436851791060374,39.39750495610545,31.9,67.5,19.9,16.7,39.8,15.8,5.1,12.428736475913233,41.5,3.7,24.3,7.3
48047,38.0,21.5,15.8,36.1,58.8,4.4,8.9,7.1,70.7,79.9,20.3,44.9,6.5,16.1,40.4,19.7,18.2,41.5,33.92591347302005,35.59945977201914,28.131417157971256,35.6,8.3,34.2,27.525470080352527,11.7,16.459335632379506,42.97442291144598,42.0,62.8,18.1,20.7,43.2,17.9,6.9,16.62862186150488,41.5,3.9,18.4,11.8
48049,17.5,22.9,18.5,32.8,57.6,6.7,10.2,6.0,71.9,82.8,17.1,52.8,7.0,15.7,53.6,24.6,11.4,33.5,27.06592415466598,18.804444553736843,15.536784508394444,22.5,7.0,32.6,15.287624798347801,9.3,9.763503095154757,37.442498632034685,28.7,70.6,19.2,14.2,35.2,14.3,4.1,9.595071070774415,39.2,3.2,13.4,5.7
48051,16.9,22.1,18.3,33.1,58.0,6.5,10.2,5.5,72.6,83.8,15.9,52.6,6.1,14.2,53.4,23.2,11.0,31.1,27.228155204555293,18.08993670920964,14.09864928754466,20.8,6.4,32.2,14.946338233530819,8.5,9.461406571602156,37.0629226569455,27.1,70.3,18.3,13.3,35.8,13.2,3.7,9.132859672709493,38.1,3.1,15.8,5.3
48053,15.8,22.4,19.2,31.2,56.8,6.8,9.9,5.4,72.3,84.2,15.2,58.6,5.9,13.5,55.0,23.6,10.3,30.1,25.85649204735947,15.582954465482171,12.443609095577113,19.5,6.4,32.2,13.189008646353388,8.0,8.2282949862626,36.447298538059286,25.0,72.5,18.0,12.5,35.4,12.8,3.4,7.907370638490937,38.8,2.9,12.3,4.8
48055,26.4,21.8,17.2,33.1,58.1,5.6,9.4,5.9,71.9,82.7,17.3,50.5,6.2,14.6,49.4,21.6,13.5,34.4,28.651647048123777,23.889757194518012,18.31646687094849,26.1,7.0,33.0,19.08647170327636,9.4,11.534028851602333,38.627387433220285,33.0,68.3,17.9,15.7,42.4,14.9,4.6,11.497191199132464,37.7,3.3,19.1,7.3
48057,23.1,20.9,17.8,31.8,57.1,5.8,9.3,5.6,71.7,83.6,15.9,51.7,5.6,13.3,56.1,20.9,12.2,32.3,27.87183081353416,20.646307752703155,15.69403659393605,23.0,6.6,32.8,17.017280680102687,8.3,10.124896712227393,38.14227536505142,30.0,71.0,17.3,14.0,35.1,13.7,3.9,9.796550583412756,38.3,3.0,16.4,6.1
48059,13.3,22.9,19.5,32.0,57.3,7.0,10.3,5.6,72.7,83.7,15.8,57.8,6.5,14.8,56.3,25.3,10.2,30.8,25.289029130807737,15.026904951799468,12.310836571005812,19.4,6.6,32.8,12.574521729157768,8.4,8.16675947013082,35.93698422808701,24.8,70.6,19.2,12.7,36.0,13.2,3.5,7.960956132961143,36.9,3.0,14.7,4.7
48061,36.3,19.0,16.1,32.9,59.0,4.6,8.7,6.5,70.8,82.3,18.4,45.8,5.9,13.6,43.7,19.1,17.5,36.1,33.032032636031815,32.99117508288785,26.552239855370367,30.9,7.6,33.5,25.982193040527086,10.9,15.195919578452955,42.28403337932196,36.8,72.1,16.8,17.9,41.0,16.1,6.200000000000001,15.150262076600667,40.9,3.6,17.1,10.9
48063,20.5,24.4,16.6,36.5,59.9,6.3,10.8,6.6,73.2,82.1,18.7,51.0,8.0,17.7,49.8,24.3,13.7,36.6,29.19921615109851,25.164128320950198,21.36414095801537,26.7,7.3,33.0,19.641881953295783,11.1,12.806496759161236,38.60258583701712,32.7,69.1,20.1,17.1,40.2,15.7,5.2,13.111774207806791,40.2,3.9,20.6,7.4
48065,12.0,21.8,20.5,30.3,56.3,7.1,10.0,5.1,72.4,84.7,14.5,57.5,5.6,13.2,60.7,24.5,9.3,28.3,24.75926536191859,12.575961444987975,10.262452071282466,17.1,6.2,31.9,11.02695864780086,7.3,6.942669395906179,35.623953721184,22.6,73.3,18.2,11.3,33.8,12.1,3.0,6.435024508046029,37.5,2.7,9.4,4.0
48067,14.3,24.6,17.6,35.5,59.3,6.7,11.1,6.2,73.3,82.5,18.1,53.3,7.8,17.7,49.2,25.8,12.0,34.5,28.445397550530217,20.899430140372374,18.244710816563632,23.2,6.9,32.4,16.57841292350321,10.4,11.091970800215574,38.075806144488695,28.6,69.4,20.8,15.4,39.3,14.7,4.5,11.168995113651436,41.7,3.6,16.0,5.9
48069,28.4,20.8,17.1,33.0,57.1,5.5,9.1,6.0,71.2,82.6,17.2,48.0,5.8,13.8,50.1,20.7,13.7,34.8,29.44552036938459,24.418538400418942,18.4936864699823,26.6,7.1,33.1,19.649151004851525,9.1,11.6276580242175,39.51928160832196,33.5,68.7,17.4,15.6,38.9,14.8,4.6,11.409075533651803,39.5,3.2,16.9,7.5
48071,16.0,21.8,19.1,31.9,57.4,6.5,9.9,5.3,72.3,84.5,15.0,57.0,5.7,13.1,57.1,23.3,10.7,30.3,26.596371742599874,16.69532055252072,13.833135883530156,19.6,6.2,31.7,14.10053945629806,7.9,8.68597699928383,37.06155410770339,25.1,74.5,18.0,12.6,34.6,12.7,3.4,8.320415214347353,39.4,2.9,12.1,4.8
48073,19.7,23.7,17.8,34.8,58.4,6.4,10.5,6.3,72.7,82.0,18.2,52.3,7.6,17.3,48.1,24.3,12.6,35.7,29.30730947673618,22.802989748821744,19.0758490414454,25.1,7.1,32.3,18.06463411344424,10.2,11.781531243752838,38.63706275921719,30.7,68.1,19.6,15.8,35.9,15.0,4.7,11.708638351331727,40.5,3.6,20.5,6.6
48075,20.8,22.6,18.8,34.0,57.9,6.3,9.6,5.9,71.3,82.3,16.8,52.5,6.7,15.9,48.1,22.2,12.0,33.8,29.025813292149536,20.913316029849124,16.1319268516177,23.5,7.0,32.6,16.815154818066755,9.0,10.590056181371994,38.48569524910001,29.8,68.5,18.4,14.5,37.3,14.2,4.2,10.291894541750201,41.3,3.3,22.8,6.0
48077,12.2,22.9,19.9,31.5,56.9,7.1,10.3,5.5,72.4,83.8,15.6,57.8,6.3,14.7,59.5,25.4,9.8,30.0,24.534098354281287,13.884233137058601,11.63744018609983,18.6,6.5,32.3,11.765689196945468,8.2,7.662334071104713,35.35985982958384,24.2,72.0,19.1,12.3,34.8,12.9,3.3,7.3928344704962425,36.0,2.9,11.5,4.4
48079,33.10000000000001,24.1,15.8,37.3,59.3,5.5,10.2,7.8,71.1,79.4,21.6,45.1,8.8,19.4,39.0,23.3,17.1,42.3,33.43495948605889,34.98770293444136,29.801540290996982,34.7,8.7,34.2,26.58082140785869,13.0,16.87319648837069,42.22691642323924,41.0,67.4,20.3,21.1,42.8,18.5,7.0,17.361123923686346,43.0,4.4,29.4,11.0
48081,17.9,23.4,18.4,33.3,57.7,6.7,10.3,6.2,71.8,82.6,17.4,51.9,7.2,16.2,48.5,25.1,11.8,33.8,28.118021465269326,19.832841967188998,16.181149353731925,23.1,7.2,32.9,15.931612972665278,9.6,10.321660003784205,38.086453247081884,29.1,68.4,19.6,14.8,37.0,14.6,4.2,10.159704386674196,40.3,3.3,19.6,6.0
48083,15.8,23.4,18.8,33.1,57.7,6.8,10.3,6.0,72.4,82.9,16.9,54.1,7.0,16.0,53.8,25.2,11.3,32.9,26.38374716410863,18.228360503027094,15.415171775460669,21.7,7.0,32.7,14.76624146965762,9.2,9.572114993366556,36.788637447100726,27.5,73.0,19.5,14.1,37.2,14.1,3.9,9.530254872358418,38.5,3.2,17.9,5.5
48085,10.3,18.5,17.5,29.7,58.7,6.3,8.8,4.3,74.6,87.2,11.2,58.4,4.0,9.0,67.1,20.0,9.1,23.3,22.849199832943707,11.120530123372639,6.201689953579919,14.6,4.9,33.1,10.60922541389521,5.7,5.795039495990737,33.87539032535965,19.9,78.7,14.7,9.4,31.6,10.0,2.4,5.389067459357111,34.6,2.3,6.5,3.5
48087,21.2,23.3,17.8,34.5,58.3,6.4,10.5,6.5,72.3,82.2,18.2,52.2,7.6,16.5,49.2,24.2,12.7,35.4,28.708002766414182,23.17974416674997,19.374679149021034,25.6,7.4,32.9,18.28358314356775,10.3,11.826448501095996,38.311912220220016,30.8,69.0,19.4,16.1,39.1,15.3,4.8,11.879999312398725,39.7,3.6,22.1,6.9
48089,18.8,21.9,18.1,33.0,58.2,6.3,9.9,5.5,72.5,83.8,15.9,53.8,6.1,14.1,52.3,22.4,11.6,31.8,27.48639681099655,19.58706553863565,15.689991061342146,21.8,6.4,32.1,16.06114795211775,8.5,9.987587004374245,37.370322811227794,28.1,74.0,18.1,13.7,36.7,13.4,3.9,9.77236430522593,38.2,3.1,17.8,5.6
48091,13.6,20.2,20.2,29.7,56.6,6.7,9.4,4.7,74.7,86.4,12.6,58.1,4.6,10.4,60.7,21.1,9.2,24.2,25.118307751599172,12.761516951673354,8.55831947048843,16.1,5.6,28.4,11.370353168725046,6.4,7.096991168611831,34.40701980141611,20.8,70.3,15.7,10.1,34.5,11.1,2.7,6.2585611983138865,35.7,2.4,13.8,3.9
48093,19.3,22.5,18.7,32.6,57.2,6.6,10.0,5.9,71.9,82.9,16.8,54.0,6.6,15.1,51.9,23.9,11.4,32.7,27.266416411905467,18.603834450193684,14.60717875347573,22.5,7.0,32.4,15.17617098014108,9.0,9.58906549711827,37.49667327929225,28.5,67.4,18.7,14.1,37.1,14.1,4.0,9.327295444241319,39.4,3.1,14.8,5.7
48095,24.0,21.6,18.8,35.2,57.8,6.0,9.1,6.3,70.6,81.3,17.1,54.6,6.7,16.3,45.4,20.3,12.7,34.6,29.34351454844333,22.305438147918267,16.609999791571937,25.0,7.2,32.8,17.826713976662393,9.0,11.005473327090742,38.649661161852904,31.0,67.6,17.7,14.9,37.7,14.3,4.4,10.720198103430087,41.5,3.4,17.7,6.4
48097,16.0,22.8,18.9,32.5,57.4,6.8,10.2,5.7,72.3,83.5,16.2,54.4,6.5,14.8,55.5,24.6,10.8,31.6,26.575087762696484,16.879520332531083,13.33802054456424,20.8,6.7,32.1,13.94263131282293,8.7,8.966023350492824,36.801704459584855,26.5,67.5,18.8,13.4,36.2,13.5,3.7,8.662451403981267,38.9,3.1,14.8,5.2
48099,15.5,23.9,17.7,32.9,59.3,6.3,10.4,5.5,74.2,83.8,16.0,56.7,6.2,14.6,52.0,23.5,11.5,31.8,27.65595358260758,19.315339004883874,16.166864580670044,21.1,6.3,31.3,15.80949696761888,8.8,10.063680380405017,37.50497515376331,27.8,73.0,18.9,13.7,38.0,13.4,3.9,9.98640430278962,41.9,3.2,14.0,5.4
48101,21.5,24.2,17.1,36.0,59.3,6.2,10.7,6.8,72.5,81.3,19.1,51.8,8.2,17.8,44.8,24.3,13.9,37.1,29.908660011187518,25.880393884366185,22.339705406720682,27.5,7.6,33.1,20.163597817624943,11.2,13.029154846084865,39.38382051330808,32.8,70.3,20.0,17.5,40.5,16.0,5.5,13.277022058202313,42.4,3.9,13.5,7.7
48103,31.0,21.0,17.0,33.4,57.6,5.2,9.1,6.1,71.0,82.0,17.9,53.5,6.0,14.5,48.0,20.4,14.5,36.2,29.927342353895106,26.754718711920034,21.378309363732278,28.3,7.2,33.2,21.323829650724072,9.6,12.590750257828605,40.11857975391183,35.9,70.3,17.8,16.6,40.0,15.5,4.9,12.580959350083589,39.4,3.4,16.2,8.2
48105,29.6,20.8,17.4,32.1,56.4,5.4,9.4,5.9,70.4,82.1,18.0,52.0,5.9,14.4,52.0,21.2,13.4,35.7,29.276731920468865,24.7021915364504,20.061165145650065,27.2,7.0,33.1,19.906238867666044,9.4,11.750977207766775,39.8475410489433,33.8,69.9,18.0,15.9,37.6,15.2,4.6,11.549162849936229,38.5,3.2,13.1,7.5
48107,28.299999999999997,22.8,16.8,34.9,58.4,5.7,9.8,6.6,71.6,81.5,18.9,51.2,7.2,16.4,45.7,22.4,14.6,37.7,30.370652106054642,27.46861780405915,22.412594433080784,29.0,7.6,33.5,21.50579198988784,10.7,13.325219201012795,40.05304221987141,35.7,68.0,19.0,17.6,41.0,16.2,5.4,13.490404605558105,40.5,3.7,22.7,8.4
48109,32.0,21.7,16.4,35.4,58.3,4.8,9.3,6.7,70.6,80.3,19.7,48.3,6.8,16.9,44.8,21.0,16.2,39.3,31.764189825306943,31.415519753063215,25.954058747145453,32.0,7.9,33.7,24.482044958894722,11.0,14.763904259147065,41.41430394569971,38.9,70.4,18.6,18.8,40.8,16.9,5.9,14.936311024233543,41.0,3.7,17.0,9.8
48111,27.5,22.8,17.1,35.2,58.2,5.7,9.6,6.7,71.3,80.9,18.8,50.6,7.3,17.0,48.5,22.2,14.6,37.5,29.570017995502162,26.588040265972026,21.44127877514029,28.7,7.8,33.6,20.830786239834502,10.6,12.857272305951323,39.49432810057753,35.8,67.9,18.9,17.5,39.7,16.1,5.3,13.013455860501072,40.2,3.7,16.1,8.3
48113,20.6,19.7,16.5,33.5,59.8,5.4,9.7,5.4,75.5,84.5,15.0,53.2,5.5,12.5,53.9,19.1,12.5,29.8,28.16350523974857,22.056432824404645,16.352223245860262,22.6,5.9,34.5,18.192189984365662,8.5,10.802679550926449,37.79516785474766,30.8,73.6,16.9,14.0,35.7,12.6,4.3,10.738077110950499,35.7,3.3,12.7,6.4
48115,29.799999999999997,22.3,17.3,36.1,58.5,5.5,9.4,6.9,70.5,80.1,19.3,47.5,7.5,17.6,42.3,21.1,15.3,38.5,31.63539451853372,29.223353060665296,23.223187294277118,30.4,7.9,33.8,22.68067146043684,10.9,14.0620666372551,40.659703143405515,36.8,67.0,18.6,18.2,40.0,16.6,5.8,14.093440025603876,41.0,3.8,22.9,8.9
48117,35.1,22.0,16.1,35.0,58.2,5.2,9.4,6.8,71.0,80.7,19.8,46.7,6.9,16.1,39.4,20.9,16.0,39.3,32.79351076699562,31.391083815930124,24.869279892368354,32.3,7.9,34.1,24.462053982999542,11.1,14.79398177557931,42.18869728873449,39.9,65.0,18.5,18.9,41.3,17.1,6.0,14.864943483408046,42.1,3.8,21.9,9.9
48119,14.0,23.4,18.9,33.2,57.7,6.9,10.7,5.8,72.5,83.0,17.0,56.4,7.0,16.2,58.2,25.7,10.9,32.7,25.59408619228754,17.238044860421034,15.251089036399868,21.1,6.8,32.3,14.060506166902515,9.2,9.221958007687563,36.24330898487788,26.7,72.5,19.9,13.9,37.0,13.9,3.9,9.19554984677439,37.7,3.2,11.9,5.2
48121,11.4,20.7,17.8,29.3,56.9,6.5,9.3,4.4,74.1,86.4,12.0,57.5,4.2,9.5,65.1,20.7,9.6,25.3,23.07818852762086,11.811500372767057,7.616519744600866,15.6,5.3,34.0,10.974710675207458,6.1,6.172448411144438,34.425840090368446,21.2,79.2,15.8,10.4,33.2,10.5,2.6,5.87106469470284,35.4,2.4,8.3,3.8
48123,22.3,22.4,18.0,34.5,58.4,6.1,9.8,6.2,72.0,82.1,17.5,51.1,6.9,16.1,51.0,22.5,13.1,35.1,28.577353925643664,22.66311669510276,18.093159501602273,25.3,7.2,32.5,18.07426193785392,9.6,11.307940404085913,38.321582209373084,31.3,68.9,18.7,15.5,37.5,14.8,4.6,11.20511648856673,39.3,3.5,13.4,6.8
48125,20.3,23.0,18.3,33.6,57.7,6.5,10.0,6.1,71.8,82.2,17.3,55.4,7.1,15.9,51.8,23.7,12.2,34.3,26.870913766968226,20.37109844854891,16.66943550627194,23.9,7.2,33.0,16.349576770737308,9.6,10.338495967984084,37.232297954590365,29.8,70.9,19.0,15.0,38.1,14.6,4.4,10.361421147236607,38.0,3.3,14.6,6.3
48127,41.6,24.1,14.2,39.9,60.6,4.5,9.5,8.5,71.4,78.1,23.4,39.4,8.6,19.9,33.2,21.5,21.5,46.8,37.11075283987747,44.69770992180764,37.04406982871809,41.89999999999999,9.6,35.4,33.541306995736875,14.8,20.88912335135529,44.983979189804515,48.89999999999999,61.6,20.0,25.2,47.7,20.8,9.2,21.701874413685413,44.1,4.8,33.3,15.5
48129,15.4,23.3,19.2,32.8,57.5,6.8,10.6,5.8,72.0,82.9,17.0,54.7,7.0,16.0,53.9,25.3,10.9,32.6,27.006813057338974,18.277835817651752,16.1652177282486,21.5,6.8,32.2,14.85562862523184,9.2,9.703594003337697,37.241062750365806,27.1,73.4,19.8,14.0,35.9,14.0,3.9,9.523934962253362,38.8,3.2,16.7,5.3
48131,35.9,21.3,16.3,35.6,58.2,4.6,9.0,6.8,70.5,80.5,19.6,48.4,6.3,15.8,40.9,20.0,17.0,39.8,32.48806498049053,33.028065874127925,27.147530805971815,33.1,8.0,34.1,25.752649626722796,10.8,15.236659214615358,42.26363885112041,40.2,72.1,18.2,19.2,42.2,17.2,6.200000000000001,15.45151768973448,41.3,3.7,16.1,10.3
48133,16.7,23.7,18.6,33.1,57.6,6.9,10.4,6.1,71.8,82.4,17.4,52.3,7.4,16.5,51.0,25.4,11.4,34.0,27.381157111687614,19.12601470780786,15.913946436973234,22.7,7.2,32.5,15.349711279242683,9.6,10.113455590404953,37.346963394011716,28.3,70.1,19.7,14.6,36.2,14.4,4.1,9.97990663030089,39.7,3.3,22.0,5.7
48135,27.799999999999997,21.1,17.6,32.2,57.7,5.5,9.2,5.9,70.1,82.7,17.1,51.4,5.9,14.2,49.0,20.8,13.6,34.1,29.139435693418392,24.596028247344748,19.631459215819,26.5,6.9,32.6,19.72833984142129,9.2,11.770815252643608,39.08855370460583,32.5,72.5,17.5,15.6,40.1,14.7,4.6,11.592049316487541,37.6,3.3,16.4,7.4
48137,27.300000000000004,21.9,17.4,33.9,57.6,5.8,9.6,6.5,71.1,81.8,18.3,47.2,6.8,15.6,42.4,21.9,13.7,36.3,30.775050765782286,25.68444975472165,19.721085556819755,27.5,7.6,33.2,20.28102736212493,10.0,12.587952250152378,39.9501871911499,33.7,65.8,18.3,16.5,38.9,15.5,5.0,12.377387569696621,40.6,3.5,23.9,7.8
48139,16.0,21.9,17.8,32.9,57.9,6.4,10.0,5.1,73.4,85.0,14.7,59.2,5.3,12.5,58.6,22.7,10.9,29.9,26.265479686890842,16.75235199072283,13.351395373062061,19.8,5.9,33.1,14.264872859825784,7.8,8.560429768075492,37.180741578705984,25.7,73.8,17.5,12.6,36.9,12.6,3.4,8.42754592722029,41.0,2.9,11.8,4.9
48141,29.1,20.0,17.0,33.0,59.5,4.6,8.6,5.6,74.7,83.8,16.7,51.2,4.8,12.5,50.0,19.9,15.3,33.4,31.008215186833798,27.405603058147562,21.68694018971144,27.0,6.8,32.0,22.158372865797563,9.0,12.869129749889954,40.66596837052323,33.6,71.9,17.4,15.8,34.4,15.0,5.1,12.686074585247884,37.9,3.1,15.7,8.5
48143,15.4,23.0,18.7,31.9,57.5,6.9,10.2,5.7,72.3,83.5,16.1,54.0,6.6,14.5,52.3,24.7,11.0,31.4,27.098650050142947,16.802153614679398,13.033689381168195,20.8,6.8,32.1,13.906615322659135,8.7,8.973985570892523,37.181322618732864,26.1,66.4,18.9,13.5,35.8,13.4,3.8,8.611078538529622,40.6,3.1,13.2,5.3
48145,20.0,24.3,16.3,36.8,60.5,6.1,11.0,6.5,73.5,82.5,18.6,51.0,7.8,17.4,47.1,23.9,13.8,36.6,30.49454995376844,26.418279716995023,22.7072794416737,26.5,7.1,32.6,20.609561347095557,11.0,13.494266442296428,39.32276930316245,32.6,70.4,20.3,17.0,40.3,15.5,5.2,13.754048379742246,41.7,3.9,27.5,7.4
48147,15.9,23.5,19.0,33.7,58.2,6.8,10.4,6.1,72.1,82.4,17.2,55.9,7.3,16.7,53.8,25.1,11.4,33.8,26.28054386186181,18.364082444679116,15.592578545933137,22.1,7.0,32.9,14.79183249189088,9.4,9.583672244953112,36.7875794552259,28.0,71.7,19.4,14.3,39.1,14.2,4.1,9.61758382440652,39.5,3.3,12.5,5.6
48149,15.4,21.2,19.2,30.6,57.1,6.7,9.8,5.1,72.9,84.6,14.7,55.8,5.6,12.9,56.8,23.1,10.1,29.4,26.135094465340543,15.386707438563125,11.919671378078853,18.8,6.1,31.7,13.132003307149326,7.6,8.160568991594229,36.3894781425376,24.3,72.4,17.8,12.0,34.4,12.5,3.2,7.68245472432942,37.7,2.8,16.0,4.6
48151,16.7,21.9,19.2,32.0,57.1,6.5,9.9,5.4,72.3,84.0,15.6,55.8,5.8,13.8,53.0,23.4,10.8,30.9,26.67836035951067,17.14756392624529,13.920036415355632,20.2,6.5,31.9,14.306475645034014,8.1,8.894072311399944,36.99352547615789,26.5,73.7,18.3,12.9,36.1,13.1,3.5,8.554956512323514,38.4,2.9,13.3,5.1
48153,28.799999999999997,22.1,16.7,34.1,57.8,5.6,9.6,6.5,71.4,81.7,18.6,48.9,6.9,15.7,44.1,21.8,14.4,37.1,30.503331039939052,26.982965978069288,21.474845075608492,28.6,7.5,33.5,21.280048326865924,10.4,13.016966757407861,40.17928230707916,35.2,68.0,18.5,17.2,39.7,15.9,5.3,13.016678255047399,40.0,3.6,17.7,8.3
48155,19.8,25.0,17.3,36.2,59.2,6.6,11.1,7.0,72.4,81.0,19.9,49.8,8.8,19.2,47.3,26.1,13.6,38.0,29.213332010695474,24.95510693432182,21.751317116898427,27.4,7.9,33.5,19.244543284083882,11.7,12.843025532722807,38.79130410698652,32.6,67.5,21.3,17.6,41.0,16.5,5.4,13.16901377214787,40.6,3.9,22.0,7.5
48157,13.0,18.3,15.6,30.3,59.6,5.3,8.9,4.4,74.5,87.0,11.7,55.6,3.9,9.5,61.6,17.6,11.1,23.6,26.22499880234584,16.317824013265426,10.253417635252575,16.6,4.9,32.4,14.550887867052394,6.1,8.238376615467411,35.859029317867225,24.0,77.1,14.6,10.3,29.4,10.2,2.8,7.720133172631901,37.1,2.6,10.6,4.2
48159,13.4,22.1,19.4,31.4,56.9,7.0,10.2,5.3,72.7,84.5,15.1,60.0,5.9,13.5,61.7,24.4,9.9,29.6,24.032623744610394,13.970996445392903,11.655453032798267,18.5,6.3,32.1,11.9808033097731,7.9,7.556729823137681,35.090855756152415,23.8,73.9,18.3,12.1,35.5,12.5,3.3,7.349642706658784,36.1,2.8,8.6,4.5
48161,16.9,23.1,18.8,35.2,58.8,6.5,10.3,6.0,72.7,82.9,16.9,57.0,7.0,16.2,51.0,23.8,11.9,33.1,27.992469539657083,20.12206080399156,16.834352534109954,22.5,6.8,32.1,16.17228542689807,9.3,10.465287412680835,37.64717048521803,28.4,70.2,19.4,14.5,38.2,14.0,4.2,10.384450730270082,40.1,3.4,17.2,5.8
48163,36.5,20.9,16.4,35.0,57.9,4.7,8.6,6.6,69.7,79.9,19.2,47.5,6.2,15.7,41.6,19.1,16.5,39.4,32.470730639675125,31.793350936965457,24.84650554594783,32.7,7.8,34.1,24.876274256015886,10.5,14.635467344077451,42.073112534199886,39.5,68.0,17.5,18.7,41.5,16.8,5.9,14.651767889493566,42.0,3.6,19.0,10.0
48165,25.8,21.8,18.2,32.2,55.9,5.8,10.1,6.0,69.6,80.8,19.1,50.8,6.9,16.7,50.3,23.4,12.3,36.5,29.51721871325892,23.665113110746255,20.254500365206383,26.5,7.1,32.8,18.882538284416565,10.0,11.719636790257333,39.73465010122089,32.5,69.0,19.6,15.8,36.5,15.5,4.5,11.409277837787325,38.7,3.3,17.7,6.8
48167,15.5,21.4,19.1,32.7,58.1,6.3,9.8,5.1,73.1,85.2,14.3,57.8,5.3,12.3,60.5,22.2,10.8,28.7,26.25190025538698,16.683507644170245,13.412683836948887,18.9,5.9,31.5,14.187961714118208,7.6,8.676833328424495,36.42502479359371,24.8,74.4,17.3,12.3,33.8,12.2,3.4,8.304056940347069,37.1,2.9,11.4,4.9
48169,31.0,22.1,17.6,35.0,57.6,5.6,9.3,6.7,70.1,80.3,19.0,48.2,7.2,16.9,44.1,20.8,14.5,38.0,30.682621447083605,27.572164551012513,21.931288220298118,29.5,7.8,33.7,21.57124132368654,10.4,13.165243387664116,40.294148078338466,35.9,69.4,18.3,17.3,39.9,16.1,5.3,13.142630964270332,40.9,3.7,19.1,8.3
48171,15.1,21.2,19.5,29.9,56.4,6.9,9.6,5.0,72.5,85.0,14.1,56.1,5.3,11.9,57.9,23.2,9.5,28.2,24.864688343717493,13.273160456541577,9.500424988274201,17.8,6.1,32.0,11.653396052924146,7.2,7.122780001542669,35.51451986033973,23.1,71.9,17.1,11.4,33.7,12.0,3.0,6.585292699167776,36.1,2.6,12.5,4.3
48173,15.8,20.1,19.9,30.0,56.4,6.6,9.1,4.9,72.6,85.6,13.2,56.6,4.7,10.6,62.5,21.3,9.9,27.5,24.2604405432432,13.109470053102623,8.83101401356188,17.4,5.9,31.8,11.680085403420286,6.5,6.812382033901205,34.96599173519049,22.7,73.5,15.8,10.9,33.6,11.4,2.9,6.235437756469278,34.9,2.5,8.2,4.3
48175,19.3,22.2,18.5,32.2,57.3,6.3,10.0,5.7,71.7,83.2,16.6,51.7,6.3,14.7,54.1,23.3,11.6,32.7,27.61123752179552,19.699692819133208,15.933226280780751,22.5,6.7,32.5,16.05474530041093,8.8,10.058155998604246,37.669461702086934,28.1,71.1,18.5,14.0,37.1,13.9,4.0,9.785874600118957,38.3,3.1,19.4,5.8
48177,26.9,22.3,16.9,34.5,58.2,5.8,9.9,6.3,71.7,81.8,18.6,50.4,7.0,16.1,48.4,22.5,13.7,36.8,29.277301266796485,25.494379529298143,20.84851914837427,27.7,7.3,33.1,20.14544892467548,10.3,12.417104135490709,39.30239512120235,34.7,69.9,19.0,16.7,39.8,15.6,5.0,12.503179101753357,38.8,3.5,17.3,7.7
48179,20.5,23.0,18.8,34.7,58.0,6.4,9.9,6.3,71.8,82.1,17.6,51.5,7.2,16.5,48.0,23.6,12.4,35.2,28.45801297913507,21.1272223089395,16.59721597409852,24.3,7.3,32.5,16.824873079923403,9.6,10.73682432147302,38.14430436986836,30.8,66.4,19.1,15.3,38.5,14.7,4.5,10.569572654255774,39.6,3.4,15.3,6.4
48181,14.3,22.7,18.5,32.1,56.9,6.9,10.4,5.5,72.9,83.9,15.9,55.4,6.3,14.6,53.7,25.0,10.6,31.2,27.284280297443622,16.437606747352387,13.305563647729503,19.8,6.4,32.9,13.779122722851502,8.5,8.810930309367354,37.67525734552574,26.4,69.3,18.9,13.0,33.9,13.1,3.6,8.478905552555357,41.7,3.0,17.1,4.9
48183,16.7,23.6,17.3,35.3,59.4,6.4,10.7,5.9,73.2,83.6,17.0,56.3,6.9,15.7,51.8,24.2,12.3,33.5,28.481876737041777,21.237938929581038,17.953473956689223,23.1,6.5,32.0,17.104345119858785,9.7,11.089574771181653,38.04848045975351,28.7,69.0,19.5,15.1,37.2,14.2,4.4,11.076854178224629,40.2,3.5,16.9,6.0
48185,19.2,22.9,18.2,34.5,58.5,6.3,10.1,6.1,72.3,82.7,17.1,53.4,6.9,15.9,50.2,23.3,12.3,33.8,28.39603565473887,21.19037636687901,17.467534754698598,23.6,6.9,32.6,17.040730535578,9.4,10.784114255401498,38.22894368407345,29.0,71.5,18.9,14.9,37.1,14.3,4.3,10.685436916555059,40.5,3.4,15.1,6.1
48187,17.5,22.2,19.4,31.7,58.4,6.0,9.5,5.0,73.9,85.0,14.6,57.0,5.0,12.5,58.2,22.5,11.6,30.1,26.478015172764906,16.9399932264399,13.039297037026953,19.8,6.0,32.0,14.402185469001779,7.4,8.588420645723499,36.967429417168574,25.4,72.1,16.9,12.4,34.4,12.5,3.4,8.248073008189664,37.3,2.8,10.7,5.1
48189,29.299999999999997,22.2,16.6,35.5,58.3,5.5,9.5,6.6,71.5,81.3,18.8,47.1,7.0,16.1,44.3,21.4,15.0,37.5,31.220000576061082,27.98938058704779,21.96449156343446,29.6,7.7,33.9,21.98867247964052,10.5,13.422109326292931,40.75325361599846,36.1,66.4,18.5,17.7,39.5,16.1,5.5,13.440151596079923,41.6,3.7,17.4,8.7
48191,23.0,23.5,17.3,35.1,58.8,6.1,10.1,6.5,72.1,82.1,18.1,52.7,7.3,16.3,50.3,23.6,13.6,36.1,28.983599585820606,24.0594002537798,19.590885045321166,26.4,7.4,33.0,18.992288100936,10.3,12.002868769472347,38.83623299039937,32.5,66.5,19.3,16.6,40.0,15.4,5.0,12.118178243479385,40.7,3.6,18.5,7.3
48193,15.6,23.4,19.0,33.1,57.4,7.0,10.2,5.9,72.0,82.6,16.8,50.7,7.1,16.0,52.2,25.2,11.0,32.8,26.861963302950677,17.684465027149972,14.517231995477777,21.5,7.0,32.6,14.362142536909715,9.2,9.32705855556057,37.1257013136471,27.4,72.0,19.3,13.9,36.6,14.0,3.9,9.13023548396232,40.1,3.2,15.9,5.4
48195,24.0,21.7,17.9,32.2,57.0,6.1,9.6,5.9,71.6,82.8,17.0,55.3,6.4,14.1,55.5,22.5,12.3,33.6,26.956790420707954,21.287995719455793,17.036759978003033,24.6,6.9,32.8,17.257054616423538,9.2,10.520661817988122,37.45911905796628,30.5,70.5,17.8,14.9,37.4,14.4,4.4,10.445044169675498,36.5,3.2,15.7,6.7
48197,18.4,23.4,18.2,33.6,57.9,6.6,10.5,6.1,72.0,82.5,17.7,53.3,7.2,16.5,52.6,24.7,11.9,34.2,27.204240473523875,20.283584954621954,17.403678573455352,23.4,7.0,32.6,16.260385863701586,9.7,10.47162533086484,37.478746307050756,29.3,71.7,19.8,15.0,38.0,14.6,4.3,10.461798545447975,38.2,3.4,13.4,6.1
48199,13.1,23.4,19.3,32.5,57.7,7.0,10.6,5.6,72.4,83.3,16.4,55.7,6.8,15.7,55.9,25.7,10.4,31.8,26.74793563968301,16.123506832156973,13.914594369030802,20.0,6.6,32.3,13.392688637224497,8.8,8.76478456465212,37.22569156367752,25.7,70.3,19.8,13.3,33.7,13.5,3.6,8.470282579974256,40.4,3.1,12.5,4.8
48201,21.5,19.6,16.8,32.9,59.3,5.4,9.2,5.5,73.3,83.8,15.7,52.5,5.5,12.6,49.8,19.5,13.2,31.5,29.142928727608357,22.4776012703526,16.66796385741652,21.8,6.2,33.7,18.49711491689709,8.4,10.91303097690089,38.700136209020044,26.9,73.3,16.4,14.1,37.1,12.9,4.3,10.683500581075105,41.0,3.3,10.9,6.8
48203,15.1,23.7,17.6,35.0,59.6,6.4,10.8,5.9,73.9,83.7,16.8,56.1,6.9,15.7,53.9,24.3,11.9,33.0,27.702019940958877,20.356358424925464,17.109299630645975,22.4,6.4,31.6,16.377041800553773,9.5,10.737091633765388,37.197336732744446,28.7,68.5,19.6,14.6,39.2,13.9,4.2,10.750631052603302,38.9,3.5,16.4,5.8
48205,19.0,20.8,20.0,32.2,56.7,6.4,9.1,5.5,71.2,83.5,15.0,56.4,5.6,13.4,58.5,21.1,10.8,30.4,25.80347343215663,16.568566987088833,12.346236028708576,20.3,6.5,32.3,13.923491361611838,7.5,8.401638737330373,36.13214627554539,25.9,73.4,16.9,12.4,34.3,12.6,3.4,7.969444758147202,36.4,2.9,14.2,4.9
48207,20.8,23.1,18.3,34.1,57.9,6.5,10.1,6.3,71.6,81.6,17.8,52.4,7.4,16.8,48.0,23.8,12.3,34.7,28.259107243140054,21.3057760519307,17.031211073243295,24.7,7.3,33.1,16.965402877362504,9.9,10.880771483323553,38.053650803330314,30.6,67.7,19.1,15.4,36.9,14.9,4.5,10.770116152843652,39.3,3.4,17.9,6.5
48209,16.7,20.8,18.4,30.5,57.3,6.4,9.3,5.1,72.4,85.4,14.0,57.9,5.0,11.2,57.9,21.5,10.8,28.0,25.058279897831245,15.49994918765068,11.250679637588007,18.9,6.0,31.9,13.381690238810787,7.2,7.956845740336975,35.57074582652414,23.9,74.0,16.5,11.9,35.3,12.1,3.3,7.5820214683678335,35.5,2.7,9.5,4.9
48211,17.3,20.6,19.7,29.3,55.7,6.6,9.5,4.8,71.9,84.9,14.5,57.5,5.1,12.1,55.8,22.5,9.7,28.6,26.151968694360846,14.56683265624363,11.244109045641462,18.3,5.9,32.0,12.732170261078023,7.1,7.57404644537506,36.86235960081876,24.3,73.8,17.1,11.4,33.2,12.1,3.0,6.939818997851212,37.7,2.6,12.1,4.4
48213,15.7,24.0,18.2,34.0,58.3,6.8,10.6,6.0,73.0,82.9,17.2,55.0,7.2,16.6,52.3,25.7,11.3,33.5,26.89012462328672,18.634066545182296,15.619041227385171,22.4,6.9,32.4,15.066347476439654,9.5,9.919073426349227,37.04696384630211,28.3,68.9,19.9,14.5,35.6,14.4,4.1,9.87286865825902,38.1,3.3,16.0,5.6
48215,37.5,20.7,16.5,34.1,59.3,4.5,8.7,6.6,71.9,81.0,19.4,52.5,6.0,13.8,39.4,20.0,17.7,39.3,32.71028861766743,34.062252835005054,27.879982932184525,34.1,8.0,33.7,26.567521332420878,11.5,15.636265351225521,42.31922717256694,38.0,69.8,18.0,19.7,45.0,16.8,6.7,15.917219339819612,40.7,3.7,16.6,11.3
48217,17.4,23.2,18.4,33.3,57.9,6.7,10.3,5.9,72.3,83.1,16.9,54.5,6.8,15.6,51.6,24.5,11.5,33.5,27.93610612088688,19.17683596617568,15.828647667268008,22.4,6.9,32.5,15.573130313802016,9.2,9.95413683921637,38.137838234873946,29.0,69.4,19.3,14.4,37.0,14.2,4.0,9.79936322037237,42.2,3.2,17.7,5.7
48219,23.8,21.9,18.0,32.9,57.7,6.0,9.7,5.9,71.7,82.8,17.3,50.4,6.4,14.7,50.3,22.4,12.9,34.1,29.666874166537124,22.692676883053863,18.030505379040758,24.9,7.0,32.7,18.308269816854082,9.4,11.213959562853956,39.562642563796686,31.6,67.9,18.3,15.3,36.4,14.7,4.5,10.924954873298399,41.4,3.3,16.4,6.8
48221,12.5,21.9,19.8,30.0,56.4,7.1,9.9,5.0,73.1,85.0,14.3,56.5,5.5,12.4,62.9,24.4,9.2,28.2,23.89039769478753,11.859584695958517,8.272872940485216,16.8,6.0,32.2,10.513938531682047,7.3,6.674809235035285,34.61782347740418,22.7,68.2,17.7,11.2,33.4,11.8,2.9,6.180491450965629,34.0,2.6,15.8,4.1
48223,16.8,23.2,18.6,33.0,57.9,6.7,10.5,5.8,72.3,82.8,17.1,52.9,7.0,15.9,53.8,25.0,11.2,33.0,26.834075811672527,18.780686610113186,15.867443104858346,22.1,6.8,31.9,15.187158396987355,9.3,9.862538254013787,36.974240513966535,28.4,71.1,19.5,14.3,37.7,14.1,4.0,9.725185518019348,38.1,3.2,15.9,5.6
48225,18.8,23.8,17.3,37.2,59.6,6.3,10.7,6.6,72.9,81.8,18.4,50.3,7.9,18.1,48.2,23.8,13.5,36.6,29.829161084596368,24.869901236798526,21.54512519664489,26.1,7.1,32.4,19.474997349738366,10.7,12.696928058536251,38.95310920866331,31.7,72.6,20.0,16.6,38.2,15.1,5.1,12.835607364893226,41.9,3.9,16.0,6.9
48227,23.9,21.8,18.0,33.8,57.5,5.9,9.5,6.1,71.7,82.4,17.2,51.1,6.3,14.9,49.5,22.0,13.1,34.5,28.822531941905616,22.752545232232688,17.704419797513104,25.0,7.1,32.9,18.253281652713504,9.2,11.193467227613828,38.66481902396703,31.9,69.0,18.2,15.3,38.2,14.6,4.5,11.02223238535731,39.1,3.3,18.2,6.8
48229,36.9,22.2,16.7,37.7,58.9,5.0,8.9,7.8,70.4,78.6,20.6,43.2,7.9,18.7,34.3,19.8,17.4,41.3,33.83022213181654,34.830696546803075,27.31863485910217,34.8,8.8,34.4,26.60419523711318,11.8,16.424502555146177,42.09245941135619,40.1,66.4,18.4,20.1,41.1,17.8,6.8,16.59488619247873,41.5,4.2,27.6,10.9
48231,16.7,22.7,18.1,33.5,58.0,6.7,10.3,5.8,72.6,83.4,16.6,50.8,6.7,15.4,53.2,23.6,11.2,32.7,27.09408614376806,18.17560241405228,14.1648806231729,22.1,6.7,32.7,14.871232790285793,9.1,9.492506349139425,37.20328431019456,27.7,68.4,19.0,14.0,36.9,13.9,3.9,9.26541694966031,38.5,3.2,10.7,5.5
48233,17.3,22.4,19.1,32.0,57.0,6.6,10.2,5.7,72.1,83.3,16.5,55.4,6.4,15.0,56.5,24.2,11.0,32.2,26.333626102352962,18.281856368616452,16.049848092066476,21.3,6.8,32.4,15.01091538181456,8.7,9.461461789169189,36.97460295032547,27.2,76.9,19.0,13.6,35.2,13.8,3.8,9.314442748306599,38.0,3.1,15.1,5.3
48235,15.5,21.8,19.7,31.0,56.2,6.6,9.8,5.2,72.0,84.3,15.1,56.7,5.6,13.0,57.4,23.9,10.3,30.0,25.952888312354613,14.863202026579264,11.483601979841575,19.1,6.3,31.9,12.740380881496598,7.7,7.852600092164641,36.60932771209756,24.8,68.5,18.0,12.2,35.0,12.7,3.3,7.3310840113250055,37.7,2.8,7.800000000000001,4.7
48237,18.6,23.6,19.0,34.4,57.8,6.8,10.2,6.4,71.4,81.3,18.0,51.5,7.8,17.7,51.8,24.5,11.8,35.0,27.218216982160765,20.248158710105386,16.646069509178943,23.9,7.5,33.1,16.00148285939233,9.9,10.504964029948063,37.1383705100866,29.5,69.9,19.7,15.2,37.9,14.9,4.4,10.479517682939196,38.6,3.5,20.6,6.1
48239,20.4,22.6,18.1,33.3,57.7,6.3,10.0,5.9,72.0,82.7,17.2,55.2,6.7,15.5,50.0,23.5,12.1,33.9,28.13577467494798,20.841655627668228,17.00996664068165,23.7,6.9,32.6,16.816292337359137,9.3,10.557991976197904,38.227824012843485,30.2,69.6,19.0,14.8,38.1,14.4,4.2,10.441237817016537,40.0,3.3,17.2,6.2
48241,15.9,25.1,17.4,36.8,60.0,6.6,11.2,6.6,72.7,81.4,19.1,50.2,8.6,19.5,47.0,25.9,12.9,36.2,29.31928641145077,23.783592782540445,21.088683017724748,25.3,7.4,33.2,18.428370798775042,11.2,12.405620130729952,38.64129031999721,31.6,71.7,21.4,16.6,41.2,15.6,4.9,12.694824361331529,42.2,3.9,24.0,6.6
48243,19.8,23.4,17.4,33.9,58.5,6.5,10.1,6.4,73.0,83.2,17.1,51.2,7.0,14.9,49.9,24.3,13.1,34.3,27.801853078438437,22.086930214571435,17.811833460438155,24.5,7.4,33.3,17.605208189391284,9.8,11.216681148360337,37.70842897160897,30.0,71.6,18.7,15.6,38.0,14.8,4.7,11.342348463893002,39.3,3.4,23.2,6.9
48245,19.3,23.4,16.2,37.4,60.8,5.6,10.6,6.2,74.2,83.0,17.3,53.2,7.0,16.2,49.3,21.5,14.2,35.4,30.411300831052635,26.19565004648244,21.727599461561248,25.8,6.5,31.9,20.65261405006713,10.2,13.245029325627637,38.91208163515834,31.3,69.6,19.2,16.6,41.2,14.5,5.0,13.401206237649987,41.2,3.9,18.7,7.1
48247,41.3,22.7,14.7,38.1,59.7,4.5,9.2,8.0,70.9,78.6,22.1,42.0,7.7,18.2,39.6,20.5,20.2,44.8,34.53317804266485,41.19216996085899,33.884353835868325,39.599999999999994,9.2,34.8,31.198163979420507,13.5,19.11033832102607,43.13942281764928,46.6,66.0,18.9,23.5,45.7,19.7,8.3,19.801632500902173,40.7,4.4,28.5,14.100000000000001
48249,33.5,21.6,15.9,34.6,58.5,4.8,9.1,6.5,71.5,81.6,18.9,46.4,6.1,14.9,44.6,20.5,16.2,39.1,32.0293053218534,31.007553107097834,24.605518065661098,31.7,7.7,34.0,24.370202126305536,10.5,14.426421814970688,41.84521516798911,39.4,68.4,17.9,18.6,40.8,16.6,5.8,14.549086267792315,41.7,3.6,18.2,9.8
48251,16.7,22.4,19.0,32.1,57.6,6.6,10.2,5.4,71.8,83.8,15.9,54.3,6.2,14.3,52.1,23.4,11.0,30.8,28.095151745518084,17.92082390252272,14.843993450914848,20.7,6.4,32.4,14.916743335292349,8.4,9.363447952753479,38.15657676091792,26.7,73.2,18.4,13.0,33.1,13.1,3.6,8.934311877117873,41.1,3.0,16.2,5.1
48253,22.1,22.6,18.9,35.9,58.4,6.3,9.5,6.5,71.1,81.1,17.6,51.6,7.3,17.3,45.6,21.3,12.9,35.4,29.25349596554022,22.516609885208247,17.405261327492312,25.2,7.4,32.9,17.800218672259028,9.5,11.241175315191525,38.53327419313169,30.7,68.9,18.5,15.5,38.8,14.8,4.6,11.077782100004585,41.8,3.6,15.0,6.6
48255,27.799999999999997,21.8,17.5,35.9,58.5,5.6,9.2,6.5,71.2,81.1,18.1,50.0,6.9,16.2,47.1,20.3,14.4,37.0,30.139966340237244,26.646846847897905,20.675728004086647,28.2,7.5,32.8,20.938258703114276,9.9,12.876472518457636,39.32682361934382,34.5,68.6,17.9,16.9,39.3,15.5,5.2,12.846362836636564,40.2,3.6,20.8,8.0
48257,16.8,21.9,17.8,33.3,59.1,6.3,10.4,5.4,73.8,84.6,15.5,58.4,5.9,13.7,54.4,21.9,11.5,31.1,27.623122131757874,19.388255438891996,16.051775777210445,21.6,6.1,32.1,16.017884211543624,8.5,9.956774781103716,37.57973439987346,27.6,73.9,18.0,13.6,37.6,13.2,3.8,9.842991627903926,40.9,3.1,13.6,5.4
48259,12.5,20.4,19.8,29.0,55.8,6.9,9.3,4.5,73.5,86.4,12.2,58.6,4.4,10.0,65.2,21.5,8.8,24.3,22.81005688479712,10.806341500908896,7.229307572990153,15.1,5.5,31.5,10.046261698204683,6.1,5.926074469748622,33.583781839676774,19.9,76.7,15.8,9.7,34.1,10.6,2.6,5.356334193101061,33.0,2.4,8.7,3.7
48261,36.5,20.1,16.9,32.6,55.8,4.6,9.4,6.4,69.1,80.3,20.0,40.1,6.0,15.5,28.800000000000004,20.5,14.9,39.1,36.19394343873937,31.792479061097907,24.461771881120804,31.8,7.6,33.6,24.985501480131973,10.3,15.136948918543375,44.38700178552099,38.0,61.0,18.3,17.9,37.9,16.7,5.4,14.421772076802448,42.9,3.4,34.9,9.1
48263,13.4,21.2,20.3,29.4,55.8,6.9,9.8,4.7,72.4,85.1,14.2,58.6,5.1,12.1,58.6,24.0,9.3,28.0,25.207989333577967,12.934637227806167,10.711497644764584,17.1,5.8,31.6,11.492360321845108,7.1,6.9818747808220785,36.153703955246456,22.4,75.4,17.6,11.1,33.1,11.9,2.9,6.383526681015997,37.4,2.6,7.300000000000001,4.1
48265,16.9,21.7,19.3,31.2,57.3,6.7,9.8,5.5,72.7,84.2,15.3,55.1,6.0,13.4,54.1,23.3,10.8,30.5,26.88667096682552,16.851852910878574,12.968158093272194,20.2,6.5,31.9,14.072144184539265,8.2,8.844057304051654,36.89316487736826,25.7,69.8,17.9,12.9,35.3,13.1,3.6,8.419922326900846,38.5,2.9,18.1,5.2
48267,18.2,23.4,18.2,33.3,57.5,6.7,10.2,6.1,72.0,82.6,17.3,55.2,7.1,15.8,51.0,24.8,11.7,33.5,26.498218933223203,19.19348683048425,15.885489360129663,23.2,7.1,33.1,15.504261618204843,9.5,9.904826563327946,37.016752586706325,28.7,71.5,19.2,14.7,37.5,14.4,4.2,9.921295710384488,37.9,3.3,13.0,6.0
48269,17.0,23.8,19.0,35.0,57.7,6.8,10.6,6.7,71.8,81.5,18.4,49.5,7.9,17.8,44.2,25.5,12.2,35.4,28.833428225407445,21.53772166444155,18.15290920197178,24.1,7.7,33.0,16.887804856916084,10.3,11.325101422284632,38.082582359004334,29.1,70.7,20.2,15.4,37.8,15.1,4.6,11.240864801591218,40.4,3.5,26.0,6.2
48271,25.9,21.4,18.8,33.5,57.2,6.0,8.8,6.1,71.3,83.0,16.0,53.1,5.8,13.2,48.9,20.3,13.2,33.3,28.535451682940106,21.461657637261577,15.461096088353257,24.4,7.2,33.3,17.43786904496148,8.4,10.33165396246433,38.59451194548543,30.5,68.2,16.8,14.6,38.4,14.2,4.3,10.059491844646596,40.3,3.2,15.0,6.7
48273,28.199999999999996,21.6,16.4,34.1,58.6,5.1,9.1,6.3,72.1,82.8,17.3,49.7,5.8,13.9,47.7,20.7,15.4,36.4,30.305991155266415,27.56455018940157,21.16486448621532,28.2,7.4,33.0,21.870713349674382,9.7,13.132876358091396,39.77125018161012,35.4,67.7,17.4,17.0,40.0,15.4,5.3,13.155234629687678,39.5,3.4,20.5,8.7
48275,20.3,22.9,18.0,34.1,58.1,6.3,10.2,6.0,72.2,82.6,17.6,50.9,7.0,16.0,50.4,23.9,12.5,34.6,28.736127202904214,21.558948301960655,17.342974660189864,24.2,7.0,32.8,17.266946169213366,9.7,10.967224852933448,38.54712731489194,30.6,66.9,19.2,15.2,38.0,14.7,4.4,10.820168211312346,39.8,3.4,17.9,6.5
48277,14.7,24.3,18.0,35.2,59.0,6.8,11.1,6.1,72.9,82.7,17.7,55.8,7.7,17.2,51.6,25.6,11.9,34.6,27.442001918127147,20.332541931383673,17.89789333006175,23.0,7.0,32.2,16.16920653327356,10.1,10.818031813846886,37.24116257350859,28.8,70.6,20.4,15.3,38.7,14.6,4.4,10.929830988469144,39.8,3.5,16.3,6.0
48279,28.299999999999997,22.3,16.9,34.1,57.9,5.6,9.6,6.3,71.4,81.9,18.5,45.4,6.7,15.6,45.3,22.1,14.3,37.0,30.27901738196765,26.574242822877622,21.330605651438788,28.3,7.4,33.3,20.979266143719286,10.2,12.773700459197348,40.11868321526909,34.9,70.6,18.6,16.9,40.4,15.8,5.1,12.754852313751707,39.5,3.5,17.6,8.1
48281,15.6,22.5,19.0,32.2,57.3,6.7,10.2,5.6,72.9,83.6,16.1,55.5,6.3,14.3,53.3,24.9,11.0,31.8,26.96571485296317,17.178304332555573,14.549379570218703,20.4,6.7,32.4,14.296574445444454,8.5,8.986730700855288,37.59745038273842,26.1,73.5,19.0,13.0,34.8,13.3,3.7,8.734593561951597,41.2,3.0,11.5,5.2
48283,39.00000000000001,21.6,16.7,35.4,57.5,4.9,8.9,6.9,69.2,79.1,20.3,43.6,7.0,17.0,38.8,19.7,16.6,40.9,33.71909346557329,33.12217470539467,25.85381193916084,34.1,8.1,34.0,25.660447084562982,11.2,15.425752657275398,42.7904693751153,40.9,63.1,18.1,19.7,40.9,17.6,6.200000000000001,15.32510251228111,41.6,3.9,22.4,10.4
48285,16.4,22.9,19.0,32.8,57.8,6.7,10.3,5.7,72.4,83.3,16.6,52.9,6.6,15.1,53.6,24.6,11.1,32.4,26.70517155537017,17.514246783548703,14.395524603476993,21.4,6.6,32.6,14.402012489697857,8.9,9.139065123689413,37.191957747953,27.4,70.9,19.1,13.7,36.8,13.7,3.8,8.919342768513363,38.1,3.1,10.0,5.3
48287,19.7,23.4,17.8,34.8,58.7,6.4,10.3,6.2,72.5,82.4,17.7,52.8,7.3,16.6,51.6,24.0,12.4,34.8,28.153036816503434,21.92793036929705,18.221813451869245,24.3,7.1,33.0,17.420622444115633,9.8,11.159348796924897,38.07537872976597,30.4,70.7,19.4,15.4,39.6,14.8,4.5,11.247056019816597,40.5,3.5,21.7,6.4
48289,16.8,23.6,18.5,33.5,57.9,6.7,10.5,6.0,72.2,82.6,17.4,53.8,7.2,16.5,48.9,25.0,11.4,33.4,27.57261083894562,19.06187265865868,15.986565034134111,22.5,6.9,32.4,15.404404835380781,9.5,10.022971507558282,37.62136949603628,28.3,69.8,19.8,14.5,36.4,14.3,4.1,9.860008248181828,38.9,3.3,12.2,5.7
48291,24.1,23.6,17.2,35.5,58.7,6.1,10.5,6.6,71.7,81.4,19.2,52.4,7.9,17.8,45.7,23.5,13.8,37.4,29.826011077211184,26.15648680007931,22.329533370376655,27.9,7.5,33.3,20.390818161230825,11.0,13.07322874720964,39.335739064055566,34.8,70.2,20.0,17.3,40.0,16.1,5.2,13.282034174728556,39.6,3.8,22.8,7.6
48293,19.0,24.0,17.6,36.2,59.6,6.3,10.6,6.3,73.3,82.5,17.9,50.2,7.5,17.0,46.2,23.8,13.1,35.4,29.76557702122281,23.577621061987145,19.440844991289953,25.0,7.0,32.5,18.570554783803022,10.3,12.0915327896266,38.815069957302306,31.2,68.3,19.7,16.2,39.9,15.0,4.8,12.11677288184517,40.9,3.7,19.7,6.8
48295,21.2,22.3,18.3,32.8,57.3,6.5,9.8,6.0,71.9,83.0,16.7,52.0,6.6,14.7,52.4,23.0,12.1,33.3,27.002729328730847,19.75221544314706,15.458595789701258,23.4,7.1,32.8,16.04465375587053,9.1,9.959276599083003,37.333953020897695,29.2,70.5,18.2,14.5,36.9,14.2,4.2,9.803163399800885,37.9,3.2,12.0,6.2
48297,25.6,22.8,17.9,36.0,58.7,6.0,9.7,6.8,71.4,81.1,18.5,48.9,7.4,17.2,47.9,22.0,14.2,37.1,29.889347328175827,25.869333394100927,20.470518538762843,28.0,7.8,33.5,20.180470548484365,10.3,12.727633486037519,39.1696347172849,33.7,67.4,18.8,16.9,40.1,15.8,5.2,12.786724628460002,40.6,3.7,25.2,7.8
48299,13.8,22.8,19.4,31.4,57.4,7.1,10.1,5.4,72.8,84.2,15.1,57.5,6.2,13.7,55.9,24.6,10.1,30.2,25.18494481275693,15.05130614867466,12.019613271383205,19.2,6.5,32.4,12.632419457484279,8.0,8.136555584404492,35.63314825221129,24.5,73.5,18.2,12.5,36.7,12.8,3.4,7.936272361199956,37.9,2.9,20.9,4.7
48303,17.8,21.8,17.8,31.9,58.1,6.3,9.7,5.6,72.6,84.0,15.6,56.2,6.0,13.7,53.7,22.4,12.0,31.5,25.816449578506734,18.88309943157456,14.948387975128757,21.7,6.6,33.1,15.564894879081244,8.6,9.515301586400238,36.315117912819474,28.6,75.8,17.7,13.8,37.1,13.5,4.0,9.507132051565435,35.9,3.1,10.2,5.9
48305,22.4,22.8,17.8,34.3,58.1,6.1,9.9,6.4,72.0,82.1,17.8,50.5,7.1,16.0,45.8,23.5,13.4,35.3,29.117655050540296,23.582515857003656,19.02991277941389,26.0,7.4,33.3,18.69813196223603,10.0,11.757791303802604,38.823481430683486,31.6,69.6,18.9,16.1,38.5,15.2,4.8,11.732453865962936,39.3,3.5,17.5,7.3
48307,20.0,22.8,18.3,33.0,57.5,6.4,10.1,6.0,71.9,82.5,17.3,52.7,6.9,15.7,48.9,24.2,11.9,33.9,28.037297436511437,20.456768661231777,16.73201447826758,23.5,7.1,32.7,16.499243139863168,9.4,10.431152249471836,38.15911179828434,30.1,70.2,19.1,14.8,36.7,14.5,4.2,10.266881453003105,39.6,3.3,15.4,6.1
48309,17.1,23.1,17.1,33.9,59.4,6.3,10.4,5.8,73.7,84.0,16.2,55.7,6.5,14.5,50.5,23.7,12.2,32.0,27.996195684384986,20.78013315317952,17.27996102780615,22.5,6.5,31.3,16.893037133556668,9.2,10.773898114286538,37.585175156711365,28.1,72.5,18.5,14.5,36.1,13.9,4.2,10.708874077494478,40.1,3.3,14.0,6.0
48311,23.0,22.9,17.8,35.2,58.5,6.0,9.7,6.7,71.7,81.6,18.0,47.6,7.2,16.7,43.9,22.8,14.1,36.1,30.309314451913863,25.015491741812582,19.59296416345456,26.6,7.7,33.5,19.63136988599556,10.1,12.416637994528005,39.463457068373856,33.2,67.5,19.0,16.5,39.1,15.5,5.0,12.36147744212943,41.3,3.6,24.2,7.6
48313,21.0,23.2,17.8,35.9,59.1,6.2,10.1,6.3,72.0,81.8,17.9,53.7,7.4,17.1,49.3,22.1,12.9,35.4,29.096740433849376,23.36698342733817,18.915397557357437,25.4,7.1,32.9,18.471926864686388,9.9,11.82094229923007,38.39582486357227,31.5,69.4,19.0,15.9,38.0,14.8,4.7,11.841188716573072,40.6,3.6,21.6,6.7
48315,15.0,24.7,17.6,36.7,60.0,6.5,11.3,6.5,73.4,82.2,18.4,54.5,8.1,18.5,49.9,25.4,12.8,35.5,28.47562911193541,22.92784384256199,20.79281825242615,24.5,7.1,32.6,17.979501902707852,10.8,12.018445737203963,37.97977138973704,30.0,73.2,20.9,16.2,39.1,15.1,4.8,12.297299695274447,40.4,3.8,15.2,6.4
48317,22.2,20.9,18.5,31.5,56.6,6.0,9.6,5.4,71.4,83.2,16.4,52.8,5.7,13.8,50.2,22.2,11.5,32.6,28.361583557560017,19.788981329998286,15.605306766329662,22.5,6.5,32.2,16.35435414932624,8.4,9.852298997308283,38.596498475855014,29.3,70.9,18.0,13.7,35.6,13.7,3.8,9.383454363126496,39.0,2.9,13.3,5.8
48319,15.7,21.5,19.3,30.3,56.4,6.9,9.7,5.2,72.4,84.6,14.6,56.2,5.6,12.4,56.6,23.5,9.9,29.1,25.106516113761735,14.393686048125263,10.854055799868027,18.9,6.2,32.3,12.412974005289513,7.6,7.622665287205606,35.79969334958763,23.9,73.1,17.2,12.0,34.3,12.3,3.3,7.1961780142372325,36.6,2.7,11.8,4.7
48321,23.6,22.8,17.0,35.0,59.1,5.9,10.0,6.3,72.5,82.6,17.7,52.9,6.9,15.5,46.3,22.7,13.9,35.5,29.909742192642504,25.214722952381198,20.634157191598664,26.4,7.1,33.0,19.98253042026994,10.1,12.46674395457693,39.432943140864595,32.7,70.3,18.6,16.4,39.5,15.1,5.0,12.552372159315773,41.4,3.6,20.0,7.5
48323,39.00000000000001,20.8,15.4,35.0,58.5,4.2,8.9,6.6,71.2,80.8,19.8,45.2,5.7,14.8,39.2,19.6,18.1,40.6,33.72322624125734,35.303905933653226,28.212422507818268,34.9,7.9,34.1,27.513329676328993,11.1,16.132037801691325,43.216313457631514,42.2,67.0,17.8,20.0,44.6,17.6,6.6,16.307449692410394,41.0,3.7,16.8,11.5
48325,22.6,20.9,17.8,33.4,57.1,5.9,9.2,5.4,72.5,83.8,15.5,54.0,5.3,12.7,52.8,21.2,12.4,33.0,26.78160999341031,20.200675001850097,15.324970911827043,22.7,6.6,32.2,16.62242054690881,8.1,9.823876311364417,37.23427593964122,29.6,74.8,16.9,14.0,39.6,13.5,3.8,9.704116115891845,38.2,2.9,14.4,6.0
48327,22.3,22.2,18.0,32.5,57.2,6.3,10.0,5.9,71.7,82.6,17.4,50.3,6.6,15.0,53.3,23.5,12.1,33.9,27.79703086441599,21.138405386742875,16.924655507002356,24.3,7.0,32.9,17.02848642007014,9.4,10.653841584067747,37.93534624763973,30.0,69.3,18.6,14.9,37.6,14.6,4.3,10.482654196855599,37.7,3.2,21.6,6.4
48329,19.7,20.5,18.4,31.8,57.6,6.0,9.4,5.1,72.7,84.8,14.7,55.0,5.1,11.9,57.8,21.0,11.4,31.3,26.841970124931695,18.49380008967652,14.569703181358635,20.5,6.1,31.7,15.575064159414657,7.5,9.156883222873354,37.32550085576063,27.0,76.6,16.8,12.9,35.8,12.7,3.5,8.831858684682611,39.2,2.8,10.9,5.4
48331,18.7,23.1,18.4,34.1,57.7,6.4,10.2,5.9,71.8,82.9,17.0,52.1,6.8,15.7,52.9,23.9,11.9,33.3,27.919151205772653,20.171608039732423,16.450427450275445,23.1,6.8,31.9,16.272079035600797,9.3,10.407302759898611,37.7301344426433,29.5,68.7,19.0,14.6,37.3,14.2,4.1,10.188737835170606,38.8,3.3,16.4,5.9
48333,14.6,22.0,19.8,30.7,56.6,6.9,9.9,5.4,72.0,83.9,15.2,55.4,6.0,13.7,56.3,24.1,9.9,29.8,25.799016840514398,15.0994761928095,12.032423104357159,18.9,6.4,32.0,12.765721798457015,7.9,8.14542049274052,36.06991682264077,24.3,72.9,18.2,12.2,33.6,12.7,3.3,7.6873605518458055,36.9,2.8,19.2,4.6
48335,23.9,22.4,18.4,35.9,58.6,6.0,9.3,6.5,71.2,81.2,17.5,49.2,7.0,16.7,44.8,20.9,13.5,35.6,29.96855467010862,23.98070178226859,18.109238574086813,26.2,7.4,33.2,18.92427791828965,9.6,11.806621563318464,39.06701254333557,32.2,67.6,18.2,15.9,39.1,15.0,4.8,11.636209596295755,41.3,3.6,18.6,7.1
48337,15.0,23.3,19.2,32.2,57.1,7.0,10.5,5.8,71.5,82.8,16.9,53.8,7.0,16.1,55.5,25.9,10.5,32.5,26.346634456056325,16.704782959843342,14.287171443737885,20.9,6.9,32.0,13.700527187935744,9.1,8.998109178386287,36.81912164071659,26.6,70.1,19.8,13.6,35.0,13.9,3.7,8.721130296875595,38.7,3.1,14.0,5.1
48339,15.2,21.4,18.9,30.1,57.7,6.6,9.5,5.0,72.8,85.5,13.8,57.6,5.1,11.6,55.5,21.7,10.4,27.0,25.998710601219443,14.949434609506866,11.560381130253655,17.8,5.9,33.3,13.085168548625857,7.2,7.722177348025552,36.75419408028236,23.1,79.1,16.8,11.4,31.4,11.8,3.1,7.32092981301222,38.7,2.7,10.7,4.5
48341,29.5,21.7,16.6,34.4,58.1,5.4,9.4,6.5,71.2,81.4,18.6,47.1,6.7,15.8,44.0,21.2,14.7,37.4,30.668704176060082,27.798074031166458,22.091913636447156,29.0,7.5,33.5,21.87842898579923,10.2,13.316503430039802,40.20809412306113,36.0,70.6,18.4,17.2,39.1,15.9,5.2,13.324939796957908,39.3,3.6,21.3,8.3
48343,15.5,24.3,17.5,36.1,60.0,6.4,11.2,6.1,73.8,83.0,17.8,53.5,7.5,17.2,50.9,24.9,12.5,34.5,29.03085236816566,22.568922023126845,19.729352149386433,23.6,6.7,32.2,17.848238824843094,10.3,11.876757805449046,38.18494960376011,29.7,70.1,20.4,15.6,39.1,14.6,4.6,11.981160540776303,40.3,3.7,22.1,6.2
48345,16.4,22.5,19.2,32.2,57.0,6.8,10.2,5.7,71.9,83.2,16.4,56.1,6.5,15.2,56.7,24.5,10.5,31.8,25.906028452110185,16.45291980004849,13.54253870233824,20.8,6.7,32.2,13.639994120820878,8.6,8.69654469073099,36.53070843099016,26.3,70.2,19.0,13.2,35.8,13.5,3.6,8.42970566138373,37.8,3.0,11.7,5.1
48347,17.4,23.7,17.0,35.1,60.0,6.5,10.9,6.4,73.0,82.6,17.8,50.7,7.7,16.6,51.6,24.4,13.0,34.7,28.455498526080092,23.106082631315335,19.86688256997105,24.7,7.1,32.9,18.291867157212412,10.5,11.976838167083681,37.90645689835629,30.5,72.7,19.8,15.9,35.4,14.9,4.9,12.111894293673998,38.9,3.7,17.4,6.8
48349,21.6,23.7,17.3,35.2,58.9,6.2,10.6,6.4,72.7,82.2,18.4,52.8,7.6,17.1,49.9,23.9,13.5,35.9,29.063737412580995,24.45599788505876,21.35117896528173,25.9,7.2,33.1,19.29710218465338,10.5,12.28782555426077,38.981457737238316,32.3,73.3,19.7,16.4,38.5,15.3,5.0,12.493709819528878,40.8,3.7,16.0,7.1
48351,17.3,26.6,16.9,38.4,60.5,6.5,11.6,7.4,72.6,79.6,21.4,48.1,10.1,22.9,42.2,26.8,14.1,40.1,31.117276237414163,28.05673937538434,25.916701182527028,28.7,8.1,33.1,21.206106038672615,13.1,14.50802316867608,39.98425896197885,34.6,71.4,22.8,19.0,42.6,17.2,5.9,15.036694593682546,45.2,4.4,21.3,7.8
48353,23.8,23.7,17.3,35.7,58.5,6.2,10.2,6.8,71.7,81.2,19.1,47.1,7.9,17.7,46.2,24.0,14.0,37.4,29.636928326313917,25.429352130254784,21.047181982539943,27.8,7.7,33.6,19.83017870606189,10.9,12.586814018563324,39.46124734074948,34.5,68.9,19.8,17.4,40.8,16.2,5.3,12.748345476015235,40.8,3.7,16.5,7.8
48355,25.0,20.0,18.9,34.0,58.4,5.4,9.3,5.7,72.9,83.7,16.2,52.4,5.5,13.4,47.8,20.4,14.5,34.5,29.929605111868966,24.1797137909077,19.124710990560793,26.1,6.9,33.6,19.53627514381176,8.8,11.497003195893955,39.83194361704964,31.3,73.1,17.0,15.1,40.0,14.2,4.5,11.3345710331612,40.1,3.1,14.5,7.2
48357,26.6,22.2,17.2,33.9,57.8,6.0,9.5,6.3,71.5,82.1,17.8,51.7,6.8,15.2,50.2,22.2,13.5,35.6,27.833112962961373,23.617509585826006,18.585871964413343,26.6,7.5,33.2,18.804049084198272,9.8,11.441657075304786,38.24283124644684,33.5,70.2,18.2,16.2,39.6,15.3,4.8,11.535959720090379,38.2,3.4,13.0,7.5
48359,15.5,22.9,18.8,32.3,57.7,6.7,10.2,5.8,72.6,83.5,16.3,54.4,6.5,14.9,55.1,25.0,11.3,32.2,26.42785983030003,17.719131144374668,14.544345792204371,21.3,6.8,32.5,14.54088829384406,8.9,9.334927919411117,36.75569312447618,27.4,70.8,19.0,13.7,35.3,13.8,3.9,9.162591516059553,37.6,3.1,16.6,5.4
48361,13.7,23.3,18.8,33.5,58.2,6.8,10.6,5.8,72.7,83.3,16.7,57.9,6.9,15.8,55.2,25.6,10.9,32.1,26.943089335196017,17.766638936669356,15.556727945557551,20.9,6.7,31.9,14.490200074485308,9.0,9.478550049019868,37.23751130007437,26.7,71.3,19.8,13.7,38.2,13.7,3.8,9.390762370063067,41.9,3.2,17.4,5.1
48363,17.6,23.6,18.4,33.0,57.9,6.8,10.4,6.1,71.6,82.2,17.6,52.0,7.4,16.7,51.7,25.1,11.6,33.6,27.43838788781868,19.428092956443052,16.116720237279697,23.2,7.1,32.5,15.543091573833278,9.7,10.1266588538918,37.574338722616545,29.2,68.5,19.9,14.7,39.4,14.6,4.2,10.024032589640997,40.1,3.3,18.0,5.9
48365,14.5,23.2,18.6,34.0,58.2,6.6,10.8,5.8,73.2,83.4,16.8,56.6,6.9,16.0,52.1,24.7,11.3,32.9,27.7535919637921,19.102828759395905,16.763961807574844,21.5,6.6,32.4,15.521438471996824,9.2,10.084822511904514,37.76557938140871,27.3,72.8,19.6,14.1,37.5,13.8,4.0,9.998653671090953,41.3,3.3,14.6,5.3
48367,12.7,22.5,20.9,30.4,56.2,7.1,10.0,5.1,73.0,84.8,14.4,61.1,5.5,12.7,61.6,24.7,9.2,27.8,24.707762772275338,12.672994341341216,10.543042057889808,17.3,6.1,31.7,11.087047715252552,7.4,6.991962456305739,35.592547313712146,22.6,72.6,17.8,11.3,35.0,12.0,3.0,6.555818524631335,38.3,2.7,13.4,4.1
48369,29.5,20.6,17.6,32.3,56.7,5.4,9.1,5.9,70.9,82.5,17.2,48.9,5.7,13.7,47.5,20.5,13.5,34.8,29.692154237977093,24.72287071702038,19.368730414069194,26.5,7.0,33.1,19.93684259995906,9.0,11.734410696897598,39.78888295261462,33.2,72.4,17.3,15.5,37.4,14.9,4.5,11.456417832924343,38.3,3.2,15.9,7.4
48371,31.299999999999997,21.3,17.0,35.5,58.3,4.9,8.7,6.7,70.6,80.9,18.3,49.8,6.2,15.7,46.3,19.6,16.0,37.6,30.687998916627684,29.569334750067945,23.436448381052024,30.4,7.9,33.2,23.199013412565797,10.0,13.82771230122869,40.24742754730079,37.3,71.7,17.5,17.6,39.9,16.1,5.6,13.918649985861588,40.3,3.6,15.7,9.2
48373,18.7,24.1,18.5,35.3,58.5,6.6,10.6,6.5,71.7,81.3,18.6,53.2,8.0,18.3,49.8,25.4,12.5,36.2,27.971324061587687,21.694447526641245,18.627591519133645,25.0,7.5,32.8,17.061570528541342,10.3,11.202808021748496,37.93109122515564,31.1,69.5,20.2,15.9,38.3,15.2,4.6,11.292217177159946,40.1,3.6,16.6,6.4
48375,24.0,23.7,16.7,36.3,59.2,6.0,10.1,6.7,72.1,81.4,19.0,51.0,7.7,17.5,43.9,23.1,14.4,38.3,30.002581482349527,25.93350647425374,20.75328699919463,28.2,7.5,33.9,20.262805593500694,11.0,12.793145021206344,39.61842721950602,34.6,65.3,19.5,17.5,42.0,15.9,5.4,13.018946951199581,41.5,3.8,15.4,8.0
48377,35.5,21.7,15.4,35.9,58.9,4.7,9.2,7.2,71.3,80.4,20.1,43.8,6.7,16.2,37.2,20.6,17.8,40.7,33.930458310843925,34.674524901560666,27.035070137536234,34.4,8.3,34.2,26.788911614773365,11.6,16.303794616023183,42.56123423717391,41.0,62.3,18.3,20.2,42.5,17.7,6.7,16.449047449567466,41.5,3.9,25.7,11.3
48379,13.5,23.0,19.4,32.0,57.3,7.0,10.3,5.6,72.5,83.6,16.0,53.1,6.5,14.9,55.5,25.2,10.3,31.0,26.273300949057752,15.935733984674144,13.098507585748033,19.7,6.6,32.4,13.221348515253325,8.5,8.61249665398766,36.56594454018575,25.3,72.0,19.1,12.9,35.6,13.2,3.5,8.312876644059209,38.8,3.0,19.0,4.8
48381,14.2,21.9,19.9,31.1,57.0,6.8,9.8,5.1,73.1,85.1,14.4,58.2,5.4,12.2,58.4,23.8,10.0,29.1,24.88682522545485,14.267050811871389,11.478808188889913,18.3,6.1,31.8,12.301193051061064,7.4,7.5935040729947705,35.62221379012162,23.2,75.6,17.6,11.8,35.4,12.2,3.1,7.25433015443383,36.3,2.7,13.3,4.4
48383,27.5,20.3,17.5,33.1,57.4,5.3,8.6,5.7,71.5,83.3,16.0,51.8,5.2,12.9,51.9,19.6,13.7,33.7,28.69242182687681,23.27351829479703,17.478124783911674,25.0,6.8,32.7,18.97170658982695,8.3,10.90177349217776,39.058238447630394,32.9,72.5,16.7,14.8,38.7,14.0,4.2,10.701010251493077,39.7,3.1,11.9,7.0
48385,20.3,23.8,17.7,34.3,58.3,6.5,10.4,6.4,72.2,82.0,18.2,49.4,7.6,17.0,47.3,25.0,12.6,35.6,28.63458819712139,22.524814801225247,18.702990044149495,25.2,7.4,32.9,17.7808084865696,10.3,11.512872496600664,38.40241338944752,31.5,69.7,19.8,16.0,38.4,15.3,4.7,11.538505499394173,39.7,3.5,21.0,6.8
48387,15.3,24.6,17.8,36.1,59.5,6.6,11.2,6.5,73.1,82.0,18.5,53.3,8.1,18.4,48.9,25.8,12.5,35.7,28.63640199177941,22.06107927959189,19.66628428823109,24.3,7.2,32.6,17.367150078711248,10.7,11.581288167848971,38.31908161829842,29.8,70.6,20.9,16.0,38.7,15.1,4.7,11.737426819602023,41.8,3.7,12.7,6.3
48389,37.5,20.8,16.0,35.5,58.0,4.4,8.7,6.8,70.0,80.1,19.6,47.6,6.1,15.9,41.5,19.5,17.5,40.0,32.961306579489545,33.83889364174912,27.09103231481589,33.8,8.1,34.1,26.38177414089646,10.8,15.550302070970211,42.52517499283732,41.6,68.4,17.9,19.5,41.0,17.3,6.3,15.674106072820491,41.1,3.7,18.1,10.8
48391,25.7,22.3,17.2,34.3,58.2,5.7,9.7,6.2,71.9,82.2,18.0,49.7,6.6,15.5,50.5,22.2,14.0,36.1,29.456927233504693,25.547388553845543,21.022265770959574,27.1,7.2,33.2,20.236733491590403,9.9,12.386366654572583,39.44872924416876,34.0,72.2,18.7,16.5,40.1,15.4,4.9,12.464304428428118,39.9,3.5,20.4,7.6
48393,11.7,21.5,20.7,29.6,55.8,7.1,9.9,4.8,72.2,85.1,14.2,56.8,5.3,12.7,57.4,24.6,8.9,27.6,25.440738635572224,11.864856767101099,9.231873106170642,16.2,5.9,31.5,10.582278448053225,7.0,6.671947764976567,35.9984453290477,21.9,71.4,18.1,10.7,33.8,11.7,2.7,5.953586358722869,37.6,2.6,12.9,3.7
48395,18.3,23.0,17.4,34.6,59.3,6.2,10.6,5.9,73.2,83.1,17.3,56.0,6.9,16.0,53.0,23.4,12.3,34.0,28.383328727743937,21.967226719637807,19.002301595204692,23.7,6.6,32.5,17.65829606276794,9.7,11.20967519362967,38.32776107839464,29.7,72.8,19.4,15.1,38.0,14.3,4.4,11.27624737623071,41.0,3.5,14.0,6.2
48397,11.7,19.6,19.1,29.1,57.2,6.7,9.6,4.4,73.7,86.9,12.2,60.0,4.2,9.7,63.6,22.0,8.7,25.4,23.473157532882038,11.319499858065676,7.863517954647932,14.8,5.3,31.2,10.517056844725277,6.0,6.190177028640081,34.175824741528444,20.1,76.5,15.9,9.7,34.4,10.4,2.5,5.645230274195471,35.3,2.4,8.9,3.5
48399,20.3,22.2,18.4,32.3,57.2,6.3,9.7,5.8,71.7,83.1,16.6,53.0,6.3,14.7,52.7,23.1,11.8,32.7,27.678542904318313,19.637484001435425,15.596493441038811,22.7,6.9,32.5,16.047524094953946,8.8,9.910199159647368,37.967942359029365,29.4,70.5,18.4,14.1,36.1,14.0,4.0,9.651396535648965,39.7,3.1,15.5,5.9
48401,17.4,23.4,18.1,35.7,59.2,6.4,10.4,6.1,72.6,82.8,17.2,56.0,7.0,16.3,53.2,23.2,12.2,34.4,27.926107025246548,21.66804856385955,18.677028344919872,23.2,6.8,32.3,17.301432371298215,9.6,11.157703308635892,37.5895841159271,29.0,74.9,19.2,15.0,37.5,14.3,4.4,11.247227783065814,40.3,3.5,20.0,6.0
48403,14.0,24.2,18.5,34.1,58.1,6.9,11.0,6.2,72.4,82.4,17.7,52.4,7.6,17.3,49.1,26.2,11.1,33.9,27.715789908158584,19.161109577672473,16.517809048136606,22.1,7.1,32.1,15.31527056909043,9.8,10.407470419691425,37.255998602095744,27.2,69.9,20.4,14.6,35.8,14.4,4.1,10.265530375705065,39.4,3.4,20.2,5.5
48405,19.0,26.6,16.1,40.0,61.4,6.4,11.8,7.7,73.1,79.8,21.7,51.7,10.4,22.9,44.4,26.7,15.2,41.0,30.8623124561189,30.147245007668385,27.573058175706826,30.6,8.1,33.3,22.649795792606245,13.7,15.549975412769133,39.42932681192286,36.0,67.9,22.7,20.0,43.9,17.7,6.5,16.330586849458808,41.8,4.6,26.0,8.7
48407,18.8,24.3,17.7,35.6,58.5,6.5,10.7,6.4,72.5,81.8,18.6,52.2,7.9,18.0,49.7,25.4,12.7,35.9,28.206518799329764,22.33040612217275,19.4522587483794,25.1,7.3,32.9,17.60830204678934,10.5,11.464202347751428,38.29648697145101,30.5,71.0,20.4,16.1,39.1,15.4,4.7,11.626813818524607,40.2,3.6,14.6,6.6
48409,25.4,22.2,16.9,35.5,57.7,5.7,9.6,6.0,71.3,82.6,17.2,52.0,6.2,14.5,49.0,21.1,13.9,35.3,29.26418311013995,24.270560268043376,19.09248330997828,26.7,7.1,34.8,19.448393999024848,9.4,11.610825858841308,39.723138158567735,34.0,71.3,18.1,15.8,41.3,15.0,4.6,11.712925540640608,41.7,3.3,18.1,7.3
48411,21.0,22.8,18.7,33.6,57.7,6.5,9.7,6.2,71.3,81.8,17.2,53.0,7.1,16.1,50.6,22.9,12.0,34.4,27.6560807734348,20.132593598340577,15.549110594198169,24.1,7.3,32.9,16.17450381938385,9.3,10.193972550910336,37.6989692801628,29.8,67.5,18.6,14.9,37.0,14.5,4.3,10.015820392013087,39.8,3.3,14.3,6.3
48413,23.699999999999996,20.6,18.1,31.2,56.2,5.8,9.2,5.5,71.6,83.8,15.9,51.6,5.4,12.6,48.5,21.4,11.9,32.0,28.693203942143217,20.344452151791813,15.247165861607305,22.9,6.6,32.5,16.862728484367416,8.1,9.94994722025708,38.859106496114954,29.1,70.4,17.1,13.7,36.4,13.5,3.9,9.459496245255222,39.7,2.9,13.2,6.1
48415,21.8,22.0,18.2,33.0,57.5,6.1,9.6,5.9,72.1,82.9,16.7,55.2,6.3,14.6,48.9,22.5,12.4,33.3,28.388337651564274,21.0535519604763,16.183212230413073,23.7,6.9,33.1,17.03641787521823,8.9,10.523151686359718,38.30057558054325,30.5,67.9,18.1,14.6,38.6,14.2,4.2,10.3520651094682,39.8,3.2,22.0,6.3
48417,12.3,22.0,20.0,30.5,56.7,7.1,10.0,5.2,72.8,84.8,14.5,57.1,5.6,12.8,58.9,24.6,9.5,28.6,24.535736942615898,13.021307908896777,10.589893588670105,17.5,6.2,32.1,11.363434509845467,7.5,7.119515241369547,35.44876274427893,22.5,75.4,17.9,11.5,33.8,12.1,3.1,6.722332839356644,37.1,2.7,8.9,4.2
48419,19.7,24.8,16.7,37.2,60.2,6.3,11.0,6.8,73.2,81.4,19.3,51.9,8.5,18.9,45.6,24.8,13.7,37.1,29.487261442443877,25.68439135332796,22.309563437407835,27.4,7.4,33.6,19.899769605319527,11.4,13.074315497098603,38.90273321576537,33.8,70.9,20.8,17.4,41.3,15.9,5.3,13.496786776718153,40.6,4.0,19.9,7.4
48421,21.7,20.5,18.7,30.8,56.3,6.1,9.3,5.4,71.5,83.9,15.5,53.5,5.4,12.6,53.2,21.6,11.2,31.1,27.32473044889621,18.415261654578742,13.862195428187619,21.6,6.5,32.3,15.418447099520415,7.9,9.142901536124326,37.725942092895856,27.7,71.5,17.0,13.1,35.7,13.2,3.6,8.66041654492166,38.5,2.8,12.7,5.6
48423,15.6,22.5,17.4,33.4,59.1,6.5,10.5,5.5,73.9,84.4,15.7,56.2,6.2,14.0,53.2,23.9,11.7,31.5,27.255632320736556,18.54811169039805,14.812533339454784,20.6,6.2,32.6,15.314519191237682,8.7,9.707353395749395,37.260672925277845,26.4,70.0,18.5,13.7,37.9,13.1,3.9,9.616360467322105,40.1,3.2,15.6,5.4
48425,14.4,21.9,19.8,30.7,56.5,6.9,9.9,5.2,72.3,84.4,15.0,57.4,5.7,13.3,63.2,24.3,9.8,29.2,24.111161345274095,13.76486391855796,11.05611678133483,18.4,6.3,32.0,11.857733776971568,7.7,7.416249081375797,35.096746543904125,24.2,72.6,18.1,11.9,33.9,12.5,3.2,7.062220341776008,34.5,2.8,10.8,4.4
48427,43.7,23.0,14.3,37.5,59.0,4.2,9.3,7.8,70.7,78.7,22.7,41.9,7.3,17.6,36.6,21.0,20.5,45.3,35.99549276596103,42.81539106543363,36.095128479906464,40.8,9.0,35.2,32.574676792185116,13.8,19.688715296292845,45.01523680997316,47.6,66.8,19.2,24.1,45.8,20.2,8.5,20.34545576734554,42.7,4.4,24.2,14.7
48429,19.1,23.0,19.0,33.5,57.5,6.6,9.9,6.1,71.5,82.0,17.1,51.2,7.1,16.3,48.4,23.6,11.8,33.7,28.174407846482026,19.364133767682365,14.772986440530689,23.2,7.2,32.7,15.59388963539185,9.3,9.995863666876097,37.907917138132056,28.9,65.3,18.9,14.6,37.0,14.4,4.2,9.670476081873696,40.1,3.3,14.4,5.9
48431,16.0,19.9,20.2,28.7,55.5,6.3,9.3,4.5,71.8,85.5,13.7,57.2,4.4,11.2,58.3,21.9,9.4,27.1,26.28622982610022,13.790655943278527,10.430892276021096,17.1,5.6,31.7,12.31049738229093,6.5,7.148831236501152,36.929523164615745,23.2,73.8,16.7,10.6,33.2,11.5,2.7,6.339209249109206,37.6,2.4,11.7,4.1
48433,18.4,22.9,18.4,33.1,57.6,6.6,10.2,5.9,71.9,82.5,17.3,51.4,7.0,16.1,50.6,24.4,11.5,33.6,27.984493167773625,19.50718367951571,15.657116602471863,22.7,6.9,32.5,15.746574909198303,9.3,10.143996309073527,37.87728912953026,29.1,68.1,19.4,14.4,36.7,14.3,4.0,9.898702857313737,39.4,3.2,21.2,5.8
48435,28.6,21.2,17.2,33.1,57.0,5.4,9.2,6.1,71.2,82.2,17.7,51.0,6.0,14.4,45.5,21.2,14.0,35.5,30.164469416741184,25.174211652896066,19.324449128365913,27.1,7.2,33.0,20.160327516702644,9.4,12.077169112805032,39.98366172506931,34.1,66.5,17.8,16.0,38.6,15.2,4.7,11.854709097613405,39.7,3.3,17.7,7.7
48437,26.8,23.6,16.7,37.5,59.8,5.9,9.8,7.2,71.9,80.4,19.4,47.3,8.2,18.3,46.3,22.3,15.5,38.9,30.338150185837307,28.546321152632203,22.803545298940122,30.2,8.1,33.6,21.99025980342012,11.4,13.938091499026457,39.4907677163392,36.5,66.4,19.2,18.5,41.4,16.6,5.9,14.259994592675294,41.1,4.0,20.1,9.0
48439,17.0,21.1,16.7,31.1,57.2,6.0,10.0,5.1,72.5,84.9,14.8,56.1,5.3,12.6,57.2,22.6,11.4,30.1,27.402861002714477,19.6845616694841,16.90628025218168,20.7,5.7,30.9,16.50041314569364,7.9,10.055882206923854,37.51964920940934,27.8,79.2,17.5,13.5,33.1,12.7,3.6,9.767012131315592,39.5,3.0,14.6,5.3
48441,15.8,22.5,18.3,33.0,58.1,6.6,10.0,5.5,72.9,84.2,15.6,53.8,6.1,13.9,55.1,23.4,11.3,30.5,26.407176760759455,17.08380320627926,13.279822170637809,20.5,6.4,32.9,14.261384732870866,8.5,8.86880032444276,36.86131323723482,26.5,71.4,18.3,13.3,35.7,13.2,3.7,8.655379286992275,37.9,3.0,10.0,5.3
48443,17.5,18.9,19.2,29.4,56.3,5.8,8.7,4.6,72.3,85.9,13.0,54.5,3.9,10.0,59.9,20.3,10.4,27.0,25.920045148880728,15.022979287135913,10.411392761138572,17.6,5.7,31.7,13.323534988315545,6.2,7.41432926547173,36.55461209642525,23.8,75.7,15.5,10.7,34.3,11.2,2.8,6.711303361014147,37.3,2.4,7.6,4.5
48445,29.699999999999996,23.0,16.8,35.5,58.4,5.6,9.7,6.8,71.2,80.7,19.5,49.4,7.5,17.1,42.5,22.2,15.1,38.7,31.437521145454276,28.97648139104158,23.621448320536217,30.3,7.8,33.9,22.545590490613193,11.1,13.96267747375203,40.93454463263653,36.8,67.4,19.1,18.3,41.2,16.7,5.7,14.122613125933665,42.0,3.8,22.9,8.9
48447,14.2,23.5,19.0,33.2,57.7,7.0,10.3,6.0,72.4,82.9,16.6,51.2,7.0,15.9,56.5,25.6,11.0,32.3,26.078402464141604,17.262197691211558,14.101359054664997,21.0,7.0,32.6,14.006480315853493,9.1,9.249401182074203,36.265979911524475,26.9,70.8,19.5,13.8,36.3,13.8,3.9,9.113811332469577,37.8,3.2,20.5,5.3
48449,25.5,23.1,16.8,35.1,59.0,6.0,10.2,6.5,72.3,81.7,18.9,50.8,7.5,16.9,47.6,22.9,14.0,37.0,30.22448641731948,26.115234737994243,21.635809737512673,27.9,7.4,33.1,20.527834419992068,10.8,12.891954576304476,39.900154351434665,34.5,68.0,19.4,17.2,38.8,15.9,5.2,13.005599070689115,41.7,3.7,18.2,7.9
48451,19.6,22.4,18.2,32.7,57.3,6.2,9.6,5.6,72.6,84.0,15.9,57.6,5.8,13.3,52.4,23.4,11.9,32.2,26.644381620738336,19.06855413154921,15.591885011011268,22.0,6.6,32.3,15.763686409643899,8.4,9.51870351900125,37.43567519489944,28.6,75.0,17.9,13.8,37.5,13.5,3.9,9.449577329972133,39.1,3.0,10.7,5.8
48453,13.6,18.9,18.6,28.0,56.2,6.3,9.1,4.6,73.7,87.1,11.9,59.6,4.2,9.3,60.5,21.6,9.5,23.8,24.30718829298246,12.781061266151854,8.648256925559231,16.1,5.3,32.4,11.769014092209446,6.3,6.779443148223958,34.84455938318739,20.3,75.7,15.5,10.3,30.1,10.5,2.8,6.138850342607441,31.8,2.5,9.0,4.1
48455,15.9,24.4,18.2,34.6,58.7,6.8,10.9,6.2,72.5,82.4,17.9,53.5,7.7,17.4,52.5,25.9,11.8,34.3,27.48785060345215,20.267935944406805,17.721223631910366,23.1,7.1,32.4,16.10219413310599,10.1,10.73610731060271,37.40391600639425,29.1,70.4,20.5,15.1,37.8,14.7,4.4,10.791396227454968,39.3,3.5,19.3,5.9
48457,17.8,24.7,18.2,37.0,59.6,6.7,10.8,6.8,72.1,80.5,19.1,52.6,8.8,20.3,50.7,25.3,12.7,37.4,27.812536650890255,22.433236380823555,19.11360256280866,26.0,7.7,33.7,17.39172385830114,11.1,11.631111119519002,37.609935393267754,31.6,67.6,20.8,16.7,39.4,15.7,5.0,11.914136349503446,39.5,3.9,14.7,6.7
48459,14.8,24.2,18.5,33.7,58.4,6.9,10.8,6.1,72.4,82.6,17.7,54.0,7.5,16.8,49.7,26.0,11.4,33.8,27.345306931429505,18.677679364866275,15.88062333538253,22.3,7.0,32.6,15.01857731114076,9.8,9.978217261104993,37.42770230721486,28.2,68.4,20.4,14.7,37.3,14.4,4.2,9.902046815511666,39.4,3.4,12.8,5.6
48461,27.799999999999997,22.7,16.9,34.9,58.5,5.6,9.8,6.6,71.1,81.2,19.1,48.6,7.2,17.0,45.4,22.6,14.8,38.1,30.176293509302376,27.84012981903321,23.323227279655175,29.2,7.8,33.1,21.740109667718144,10.7,13.42168653930698,40.00603074161556,36.3,72.2,19.3,17.7,41.2,16.3,5.4,13.606774934338098,40.4,3.7,16.6,8.5
48463,28.9,21.3,16.6,33.7,58.0,5.4,9.2,6.1,71.8,82.6,17.6,48.4,6.0,13.8,47.4,21.0,14.6,35.8,29.885647794638746,26.496214906972185,20.663009570565578,27.7,7.2,33.0,21.088252509997364,9.6,12.598718836407777,39.72052272052201,34.1,70.5,17.5,16.5,41.0,15.4,5.1,12.58174373495191,39.5,3.3,19.4,8.3
48465,32.3,20.5,16.6,33.3,57.8,4.7,8.8,6.2,70.8,81.8,17.9,47.0,5.5,13.7,45.7,19.4,15.7,36.6,31.46622544633706,28.945023899295308,22.126394759120267,29.8,7.4,33.4,23.016371101241365,9.7,13.498955754522186,41.01711802172391,36.7,67.0,17.1,17.4,38.8,15.7,5.4,13.303105259722939,39.4,3.4,14.1,9.1
48467,14.8,23.4,19.1,32.9,57.3,7.0,10.5,5.8,72.2,83.1,16.8,55.8,6.9,15.9,52.5,26.1,10.7,32.6,26.306781204312625,17.12508993005011,14.764990173528286,21.0,6.8,33.0,14.003275814702569,9.0,9.161897960870492,36.85197375722118,27.0,72.9,19.8,13.7,35.9,13.9,3.8,9.059674084076066,37.8,3.1,20.2,5.1
48469,22.9,21.5,17.8,32.4,57.9,5.9,9.7,5.8,71.8,83.4,16.7,54.5,6.1,14.2,50.2,22.1,12.9,33.4,28.823950220839055,22.71361660785224,18.668195284434184,24.3,6.8,32.0,18.351396600124232,9.1,11.250886862788892,38.66303913200293,30.9,72.8,18.2,14.9,37.6,14.3,4.3,11.079553677846276,39.4,3.2,19.3,6.7
48471,18.6,23.1,17.8,37.7,59.8,6.2,10.0,6.6,72.8,82.1,17.4,52.1,7.4,17.2,47.4,22.3,13.8,34.9,29.90284734046475,23.664753832211655,18.435016722814908,24.9,7.2,32.9,18.604150775166666,9.9,12.033479849923705,38.62177400029268,30.5,65.8,19.0,15.8,40.6,14.6,4.9,12.044902122875941,42.9,3.8,21.4,6.8
48473,18.7,21.7,16.9,33.7,58.8,6.0,10.0,5.6,73.7,84.4,15.9,56.0,5.8,13.6,53.4,21.4,12.2,32.2,27.330136337096455,20.63840975435655,16.465145238564084,22.4,6.3,32.4,16.919130664107406,8.7,10.389028814090686,37.310435806964385,28.3,74.1,18.0,14.0,38.6,13.3,4.0,10.37905088821264,38.7,3.2,13.2,5.9
48475,26.4,21.6,17.7,33.3,57.2,5.5,9.4,5.9,71.5,82.4,17.5,50.5,6.0,14.7,47.7,21.5,13.5,35.1,30.135656658406734,24.64752523251946,19.68338635949919,26.1,7.0,33.0,19.764526039358003,9.3,11.921632108718892,39.98103670200886,33.6,70.5,18.2,15.7,37.8,14.9,4.5,11.71235574666037,40.2,3.3,20.9,7.2
48477,14.1,22.2,18.5,32.9,58.7,6.6,10.2,5.2,74.0,85.0,14.8,58.0,5.7,13.0,56.1,23.0,10.7,29.8,26.13460152567592,16.617079964148754,13.46193789843661,19.3,6.0,32.0,13.98541189401729,8.0,8.742590914794265,36.369044395967094,25.2,74.8,18.0,12.6,37.0,12.5,3.5,8.575617869898881,38.7,3.0,12.4,4.8
48479,36.3,19.7,15.7,33.0,58.0,4.4,8.6,6.2,71.5,81.9,18.4,45.3,5.2,13.1,49.1,18.8,16.8,38.8,30.94453494298059,31.899556721679954,25.017248085023816,32.0,7.5,32.8,25.1401606160214,10.1,14.568807285195488,40.767666817904846,40.0,70.8,16.8,18.9,42.8,16.4,5.9,14.665122380752933,37.5,3.4,15.3,10.3
48481,22.0,22.2,17.3,34.1,58.6,5.9,10.0,5.9,72.8,83.3,17.0,50.9,6.3,14.7,49.5,22.2,12.9,34.0,29.270099144893678,23.459711665925692,19.035766826326192,24.4,6.7,32.5,18.782191135245736,9.4,11.66171306449479,38.81550228670536,31.1,72.2,18.4,15.2,40.5,14.4,4.5,11.607097595496318,40.5,3.4,21.5,6.7
48483,18.3,23.4,18.4,33.5,57.9,6.7,10.4,6.1,72.2,82.5,17.5,54.6,7.3,16.3,50.1,24.7,11.8,34.0,27.649425291643748,19.88597297545063,16.34623205868995,23.2,7.2,32.6,15.952335116698636,9.7,10.371334973476548,37.62164070393816,29.2,67.9,19.6,14.9,37.3,14.6,4.3,10.279217122387127,39.5,3.3,18.3,6.1
48485,16.1,22.8,18.4,34.1,58.5,6.5,10.3,5.8,73.4,83.2,16.4,53.7,6.7,15.3,53.1,24.1,11.6,32.6,27.4126987153636,19.104811758992263,15.691932571481047,21.9,6.6,31.8,15.55823150999245,9.0,9.98844904721761,37.24629998358267,27.0,71.1,18.8,14.2,36.2,13.7,4.0,9.817616501882863,39.5,3.2,13.7,5.6
48487,22.0,24.6,16.9,36.2,59.2,6.2,10.5,6.9,72.5,81.1,19.4,50.3,8.4,18.6,45.4,24.4,14.2,38.0,30.011791417833823,26.242939564005496,21.788231870239162,28.0,7.8,33.1,20.30738404161197,11.5,13.286426678581414,39.15905470928998,34.7,65.4,20.4,17.9,39.9,16.3,5.5,13.526191286418022,40.6,3.9,22.5,8.0
48489,40.7,22.2,15.4,36.9,58.9,4.5,8.9,7.5,70.2,78.9,21.1,45.6,7.1,17.4,40.7,19.4,19.0,42.8,33.642531069776446,38.007874823122606,31.25438548494748,37.5,8.7,34.1,29.106610068056185,12.4,17.472203379514887,42.855973485235786,44.5,68.8,18.3,21.7,44.4,18.7,7.4,17.943564987899514,41.9,4.2,17.3,12.6
48491,12.3,19.2,17.1,28.6,57.0,6.6,9.0,4.5,75.0,87.1,12.1,62.4,4.2,9.6,64.3,20.4,9.5,25.3,22.34765501654161,11.944174179226483,7.45936910827543,15.8,5.3,31.0,11.052677556801124,6.1,6.39615848966292,33.1041558575898,22.4,77.4,15.6,10.0,32.1,10.4,2.6,6.067831368007383,32.9,2.4,8.5,3.8
48493,18.5,21.0,19.8,30.0,56.5,6.2,9.4,5.2,72.9,84.5,14.7,54.7,5.2,12.3,53.4,21.7,11.0,29.9,27.400253213260378,16.83656234547775,12.54493608749999,20.2,6.2,32.5,14.306635764663602,7.5,8.537446497770656,37.62509622030817,25.6,70.6,17.0,12.5,34.9,12.6,3.4,7.952448482722121,38.4,2.8,11.2,5.1
48495,28.4,20.7,17.8,32.6,56.5,5.4,9.1,5.8,70.8,82.5,17.2,53.0,5.7,14.0,47.6,20.7,13.3,34.6,29.33407143605732,24.148030172346065,19.41399817791141,25.9,6.9,32.8,19.53039144107451,8.9,11.488867717857412,39.61349851784077,33.0,73.6,17.6,15.2,37.5,14.7,4.4,11.25495315016671,38.6,3.2,13.5,7.1
48497,16.0,22.5,19.2,31.2,56.3,6.8,10.0,5.5,72.1,83.5,15.9,55.4,6.3,14.6,52.8,24.0,10.3,30.6,27.794842011958046,16.227301708413457,12.89112973848336,20.1,6.6,32.1,13.648889678912761,8.4,8.602751710494392,38.12712198168551,25.9,67.7,18.7,12.9,33.8,13.3,3.5,8.064266459122415,43.2,2.9,12.5,4.9
48499,14.7,23.3,19.5,32.5,57.6,7.0,10.4,5.8,72.5,83.1,16.5,54.3,6.9,15.7,54.6,25.2,10.6,31.6,26.001918998144152,16.827704393114235,14.308744565523432,20.8,6.8,32.4,13.784880352260117,8.9,9.038563906360425,36.29458381637117,26.2,73.7,19.3,13.5,34.8,13.6,3.7,8.85580221886456,36.9,3.1,17.2,5.1
48501,27.6,20.8,17.8,32.0,56.6,5.6,9.2,5.7,71.2,83.1,16.9,49.0,5.6,13.3,44.3,21.0,13.0,34.1,30.311713023122103,23.084531080655168,17.093923415295755,25.2,6.9,33.0,18.75993864525104,8.7,11.12272475035997,40.12989295184495,32.2,66.4,17.4,15.0,38.2,14.5,4.3,10.660844207550653,40.4,3.1,17.8,6.9
48503,15.9,22.9,19.2,32.5,57.2,6.9,10.1,5.7,72.2,83.4,16.1,54.8,6.6,14.9,51.9,24.6,10.8,31.3,26.478379319660387,16.982445346519462,13.97334822637655,20.7,6.7,32.5,13.988601575063377,8.6,8.912173534981143,36.90419639641263,27.0,73.2,18.8,13.3,37.3,13.5,3.7,8.703133834524232,39.2,3.1,14.0,5.2
48505,43.3,22.5,14.4,37.4,59.3,4.4,9.3,7.9,70.8,78.8,22.4,43.1,7.5,17.8,33.89999999999999,20.6,20.1,44.7,35.978550283398945,41.837489036085216,34.63166229995341,40.0,9.0,34.7,31.834606591630006,13.6,19.37389719201852,44.57979432398783,47.1,64.7,19.0,23.5,44.5,19.9,8.3,19.918157011563125,42.5,4.4,25.1,14.2
48507,42.8,23.4,14.2,39.4,60.2,4.3,9.4,8.3,71.3,78.5,23.0,42.8,7.9,18.7,38.3,21.1,21.4,46.4,35.62261807667015,43.86436732621529,36.6480795205441,41.6,9.5,35.1,33.08214669291661,14.3,20.30218753622925,44.213687340405336,48.2,63.6,19.5,24.8,48.2,20.6,9.0,21.183404541310402,42.3,4.6,26.9,15.3
49001,10.8,22.7,12.8,27.7,50.3,7.5,10.6,5.1,69.5,80.3,15.5,58.4,5.0,9.7,67.6,25.7,8.9,29.3,21.1,12.2,6.2,16.2,7.0,29.2,10.3,7.1,6.9,31.7,19.1,72.5,17.4,10.8,29.0,12.7,2.9,6.7,35.8,2.7,13.6,4.1
49003,10.4,22.5,11.0,28.2,51.5,7.5,11.1,5.2,73.4,80.0,16.2,58.8,5.4,9.9,67.8,26.6,8.9,29.4,20.4,12.7,7.0,16.5,7.1,28.4,10.1,7.5,7.1,32.0,19.4,65.2,18.1,11.2,32.7,13.1,3.1,7.0,37.9,2.8,9.8,4.3
49005,9.7,24.0,10.8,28.7,50.5,7.6,10.4,5.2,70.6,80.1,15.5,55.8,5.3,9.100000000000001,65.9,26.6,9.5,28.6,18.4,12.2,7.1,16.2,7.2,29.5,9.6,7.4,7.2,31.5,16.9,71.2,16.6,11.1,30.3,12.8,3.2,7.3,32.8,2.8,16.8,4.4
49007,12.1,26.1,12.100000000000001,29.6,52.4,7.4,11.7,6.0,71.0,78.1,18.4,57.9,6.6,12.3,59.9,29.6,10.8,34.4,21.7,17.1,10.1,19.4,8.1,27.2,13.0,9.2,8.9,32.8,21.1,72.3,19.1,13.4,35.1,15.1,4.0,9.1,35.6,3.3,19.9,5.5
49009,10.8,24.0,13.0,30.0,50.2,7.6,10.9,5.7,70.1,78.7,17.1,59.4,5.9,11.4,65.9,26.7,9.4,31.9,21.7,13.5,7.5,17.8,7.8,29.4,10.9,8.0,7.6,32.7,20.5,70.2,18.5,11.9,32.8,13.7,3.3,7.5,35.3,3.0,10.1,4.5
49011,8.7,21.9,10.5,27.4,49.5,7.6,10.9,4.7,73.5,82.6,14.4,61.5,4.3,7.4,73.0,28.7,8.4,27.3,18.8,9.5,4.9,14.5,6.4,28.8,8.5,6.3,5.8,32.3,17.2,72.2,17.0,9.4,32.7,11.0,2.6,5.5,33.6,2.5,9.2,3.6
49013,11.4,24.5,11.9,29.6,50.2,7.5,11.3,5.9,70.3,78.4,17.9,51.9,6.5,11.8,63.4,26.0,10.2,30.7,21.6,15.5,9.5,19.5,7.8,26.9,12.0,8.9,8.5,31.4,23.8,61.6,19.1,12.5,31.6,14.4,3.7,8.5,32.0,3.2,16.3,5.2
49015,10.1,23.9,12.7,30.0,50.2,7.6,11.3,5.5,69.5,79.0,17.1,57.5,5.9,11.3,63.5,28.2,9.4,31.5,19.7,13.4,7.8,17.6,7.5,28.9,10.7,8.0,7.5,30.7,19.3,70.8,18.5,12.1,30.7,13.7,3.3,7.5,37.9,3.0,15.9,4.5
49017,9.4,23.3,12.8,28.3,50.4,7.7,10.8,5.2,71.8,80.5,15.4,56.3,5.2,9.8,65.7,26.4,8.9,29.2,19.6,12.1,6.7,16.3,7.2,29.4,9.9,7.3,7.0,31.9,18.1,68.9,17.3,11.1,28.9,12.7,3.0,6.9,36.8,2.8,15.2,4.2
49019,10.4,24.2,13.0,28.8,51.5,7.6,11.0,5.4,69.7,80.5,16.0,57.4,5.6,10.4,64.8,26.4,9.3,30.4,19.2,13.7,7.999999999999999,17.5,7.4,28.3,10.9,7.8,7.8,31.5,19.2,62.7,17.7,11.6,28.2,13.1,3.3,7.8,36.7,2.9,9.6,4.7
49021,10.1,24.3,11.6,28.4,50.1,7.6,11.0,5.6,71.7,79.2,16.6,54.2,5.9,10.8,66.8,27.2,9.7,31.3,20.2,14.1,8.5,17.9,7.6,29.8,11.3,8.2,7.9,31.8,18.9,67.7,18.1,12.4,36.9,13.7,3.5,8.0,32.7,3.0,15.9,4.8
49023,9.7,23.3,12.9,28.5,50.5,7.7,11.0,5.3,69.2,79.2,16.4,57.3,5.6,10.6,70.0,26.4,8.9,29.8,21.2,12.7,7.0,16.8,7.2,29.5,10.2,7.7,7.0,30.7,18.8,71.1,18.3,11.4,32.9,13.1,3.1,6.9,35.2,2.8,11.2,4.2
49025,8.8,23.8,12.7,28.7,51.3,7.8,11.0,5.2,70.9,80.5,15.5,57.7,5.3,9.7,67.6,26.8,8.9,29.3,19.5,11.8,6.6000000000000005,16.0,7.0,29.7,9.5,7.3,6.8,31.5,17.9,72.5,17.5,10.9,33.4,12.6,3.0,6.7,35.1,2.8,15.5,4.1
49027,12.0,22.6,11.6,29.9,51.5,7.6,10.9,5.7,71.6,78.9,17.6,51.9,6.0,11.2,60.7,26.4,10.1,33.0,20.7,15.0,8.6,19.2,7.6,28.7,11.9,8.5,8.1,32.0,22.5,67.6,18.3,12.6,34.5,14.2,3.5,8.1,32.3,3.0,17.6,5.0
49029,6.8,21.6,13.3,26.4,49.9,7.9,10.5,4.4,70.7,82.7,13.2,63.3,4.1,7.699999999999999,72.0,25.2,7.5,24.9,18.7,7.9,4.0,12.4,6.2,28.0,7.3,5.8,5.0,31.5,14.899999999999999,71.9,16.1,8.7,25.1,10.7,2.2,4.9,35.8,2.3,7.1,3.0
49031,14.0,25.9,12.0,31.5,51.8,7.5,11.8,6.5,69.6,77.0,19.7,51.0,7.6,13.4,55.8,28.6,11.0,35.8,21.7,19.1,12.3,22.4,8.5,30.4,14.0,10.2,9.9,34.9,23.7,66.3,19.9,14.9,34.0,15.8,4.4,9.9,37.4,3.5,19.0,6.1
49033,9.1,24.2,12.8,28.8,50.9,7.8,11.1,5.6,71.2,80.1,16.1,56.0,5.7,10.5,66.3,27.5,9.4,30.8,19.4,12.3,7.2,16.7,7.6,28.8,10.2,7.7,7.2,31.7,18.2,74.3,18.1,11.5,33.0,13.2,3.3,7.4,34.9,2.9,9.3,4.3
49035,11.5,21.8,15.3,28.1,49.6,7.3,10.9,4.6,69.7,82.2,14.6,63.0,4.5,8.3,68.6,27.5,8.7,28.3,22.6,13.8,6.2,16.3,6.4,29.3,11.0,6.6,7.0,35.4,18.9,73.5,17.2,10.9,29.9,12.6,2.8,7.0,35.0,2.6,8.7,4.2
49037,12.4,26.0,10.3,34.6,53.8,7.0,13.3,6.9,71.8,76.6,21.5,51.0,8.0,16.2,59.0,27.0,13.7,39.9,25.3,26.2,16.7,25.7,9.8,29.4,18.5,11.7,14.1,34.8,24.6,60.9,21.3,17.9,34.4,17.9,5.0,14.0,38.8,4.2,21.2,8.1
49039,12.1,25.0,11.8,28.6,50.5,7.5,11.2,6.0,69.5,77.6,17.7,53.5,6.6,11.9,61.5,26.7,10.3,32.9,20.4,16.0,9.6,18.9,8.1,28.2,12.5,9.0,8.7,32.5,20.9,65.4,18.5,12.9,30.2,14.2,3.9,8.9,37.7,3.3,18.6,5.3
49041,9.9,24.9,12.3,29.7,51.2,7.6,11.2,5.4,71.2,79.5,16.5,56.5,5.8,10.6,64.0,28.4,9.1,30.9,21.9,12.8,7.3,17.5,7.3,29.9,10.1,7.9,7.2,33.5,20.4,72.5,18.6,11.7,36.6,13.8,3.2,7.1,36.7,2.9,20.1,4.3
49043,7.8,21.0,15.3,24.2,50.2,7.8,10.0,4.3,73.0,83.6,12.0,63.1,3.6999999999999997,6.5,74.5,23.4,7.2,22.4,17.2,7.9,3.8000000000000007,11.7,5.9,27.4,7.2,5.3,4.9,28.7,13.7,76.6,14.5,8.0,19.3,9.8,2.1000000000000005,4.7,25.8,2.2,9.2,3.0
49045,10.7,24.4,12.9,30.3,51.0,7.2,11.3,4.8,70.6,81.0,16.1,55.6,4.8,9.3,67.3,27.3,9.4,31.7,19.8,12.4,5.9,16.4,7.1,29.1,9.7,7.1,6.8,33.6,21.3,69.0,16.8,11.4,37.3,12.5,2.8,6.4,39.2,2.6,10.0,4.1
49047,11.4,25.8,12.9,30.2,51.9,7.5,11.5,5.7,69.0,77.3,17.9,51.7,6.3,12.5,60.8,27.2,10.2,34.6,22.2,15.9,9.1,19.2,8.0,29.7,12.0,8.9,8.4,33.4,21.4,63.1,18.8,13.4,35.4,14.2,3.6,8.6,37.3,3.1,17.2,5.1
49049,9.5,21.6,8.2,27.9,48.2,7.9,9.8,4.9,71.3,81.7,13.9,61.5,4.4,7.0,75.7,25.1,8.8,26.5,18.5,10.4,5.6,13.9,6.7,29.3,9.1,6.5,6.2,32.9,15.6,69.1,15.7,10.0,31.6,11.9,2.7,6.2,31.8,2.6,8.4,3.9
49051,8.7,20.8,12.7,24.9,50.9,7.6,10.0,4.5,72.4,82.8,13.0,64.5,4.1,7.300000000000001,75.9,22.8,7.4,24.0,16.7,8.9,4.5,12.9,6.2,27.6,8.1,5.9,5.4,27.3,16.5,72.2,15.1,9.0,24.1,10.9,2.4,5.3,28.3,2.3,12.2,3.4
49053,10.3,23.3,11.3,29.2,50.1,7.6,10.9,5.1,69.1,80.4,15.3,57.8,5.1,8.7,70.4,26.8,8.8,30.7,18.7,12.2,6.6000000000000005,16.5,7.3,29.1,9.7,7.3,6.9,31.2,15.9,71.8,17.0,11.0,34.1,13.0,3.0,7.1,34.9,2.8,10.7,4.3
49055,9.6,25.1,12.100000000000001,30.7,51.7,7.8,11.3,5.9,70.8,79.4,16.9,55.8,6.3,11.1,64.1,27.3,9.9,31.5,19.7,14.1,8.8,18.0,7.9,29.8,11.1,8.4,8.0,31.6,20.5,70.0,18.7,12.3,34.2,14.0,3.6,8.3,34.5,3.1,14.4,4.8
49057,11.2,24.7,11.5,29.5,49.9,7.4,11.4,5.0,73.2,81.7,16.8,58.7,4.9,9.2,70.5,28.0,8.9,32.1,21.7,13.8,6.5,16.8,6.8,31.1,11.0,7.3,6.9,33.3,20.5,74.5,18.5,11.3,34.8,12.9,3.0,7.0,33.7,2.7,13.1,4.3
50001,6.3,23.0,18.7,26.9,53.5,7.5,11.0,4.5,75.3,84.4,12.5,63.2,4.9,10.7,72.6,26.2,6.5,22.0,19.01090102827849,8.302338169009671,7.211074694778917,12.8,6.1,27.7,7.948591827849746,6.3,5.839616231756644,29.274414236285917,17.0,78.0,16.5,8.3,28.1,11.0,2.6,5.33886099244903,29.4,2.5,9.6,3.3
50003,6.6,24.0,18.9,28.2,53.2,7.7,11.7,5.0,73.2,83.2,13.6,62.4,5.6,12.6,67.7,31.5,7.3,26.3,20.624067651151925,10.052756501633333,10.786332312493482,14.2,6.3,26.4,8.987043075871753,7.0,6.8393512320204,31.09984630190177,18.3,75.5,18.3,9.7,30.8,12.4,2.9,6.351917338421737,33.4,2.7,11.2,3.7
50005,7.1,24.1,19.7,28.7,53.3,7.5,11.5,5.2,73.2,82.1,15.0,57.5,6.2,14.1,61.0,28.3,7.7,27.0,23.068978213129597,11.93253873135584,11.227490102729435,15.7,6.8,28.2,10.200563097393264,7.5,7.637091676590563,32.68820121375416,22.3,72.9,19.0,10.2,31.1,12.5,3.1,7.023164477607299,36.0,2.9,14.7,4.1
50007,5.4,21.1,18.7,24.3,53.8,7.9,10.9,4.4,74.7,84.8,12.1,64.5,4.6,9.2,70.3,27.2,6.2,21.5,18.789011236014737,6.698489508282886,5.463462559791161,11.3,5.6,25.9,6.921725891901665,5.8,5.340312998441625,28.58170805370434,14.1,74.5,16.1,7.8,23.6,10.6,2.5,4.492264734702323,26.5,2.4,6.800000000000001,3.2
50009,8.9,24.9,18.7,30.1,55.8,7.5,11.9,6.0,72.4,80.4,17.0,59.1,7.5,17.0,62.0,29.0,8.6,30.6,21.956151101849677,15.088771974417627,14.446238810735727,19.0,7.6,28.6,12.04079369444432,9.2,9.227422877789747,31.40352414836148,24.2,72.7,19.9,12.2,34.1,14.5,3.9,9.136531736428946,32.3,3.3,20.2,5.1
50011,7.1,24.4,19.1,29.5,54.8,7.7,11.5,5.5,73.4,82.7,14.5,64.6,6.1,13.0,68.2,26.4,7.9,26.2,20.356580566348043,10.725218910524212,9.850908467247859,14.9,6.5,27.9,9.249218887680685,7.4,6.977073161740063,30.43011561320364,20.3,72.7,18.3,10.3,36.4,12.5,3.1,6.721778382589982,33.6,2.8,8.8,4.0
50013,6.1,23.3,19.5,27.9,52.6,7.7,11.0,4.7,72.6,83.8,12.6,66.5,5.0,11.4,68.1,26.9,6.9,22.9,19.451501188893804,8.34227024003114,8.135154908449746,12.7,6.1,26.3,7.865184524278655,6.2,5.930859152466579,29.53261943211841,17.1,78.7,17.1,8.4,29.9,10.8,2.5,5.316133829838623,30.6,2.5,6.699999999999999,3.4
50015,6.4,24.1,20.2,25.2,54.0,7.5,11.3,4.8,70.2,83.5,13.4,60.8,5.2,12.0,65.3,28.6,6.8,26.4,20.663225102156023,9.984213319811225,10.403372136240058,13.9,6.2,25.0,8.952148743105372,6.6,6.797299399163695,30.293118754907614,18.3,79.8,16.9,9.1,28.9,11.7,2.7,6.003021568517212,30.8,2.6,8.2,3.5
50017,6.6,24.2,18.3,27.5,54.8,7.6,11.4,4.9,72.3,83.1,13.3,59.7,5.5,12.4,70.7,28.1,7.2,24.0,19.25263660146608,9.427151470967576,8.330196741012337,14.6,6.2,27.5,8.451169165060705,6.8,6.431311252779253,29.399681080612186,20.5,74.1,17.5,9.3,32.3,11.9,2.8,6.002817913602753,28.7,2.7,11.7,3.6
50019,7.6,23.3,18.4,29.4,56.5,7.4,11.7,5.5,75.1,81.8,15.7,60.1,6.5,14.3,63.3,26.5,8.1,27.7,22.169579240890247,13.4885480212753,12.708980987173168,16.7,6.9,28.0,11.251468032625528,7.9,8.310411619700892,31.73117850977623,21.7,76.9,19.1,10.6,33.0,13.2,3.3,8.088691363008717,35.9,3.0,13.4,4.3
50021,7.1,24.6,19.2,29.3,55.9,7.6,12.0,5.2,73.8,82.4,14.5,59.0,6.1,13.5,64.8,27.2,7.6,27.8,20.651689238895,11.451114542685836,10.657399262771984,15.2,6.7,26.5,9.670722058796462,7.3,7.529910585844911,30.017820612999138,20.4,74.7,18.5,10.2,35.5,12.8,3.0,7.172998928461305,31.5,2.8,12.1,3.9
50023,6.1,22.9,18.6,25.3,54.8,7.7,10.8,4.6,71.4,83.5,12.7,60.3,5.1,11.8,68.1,29.0,7.1,24.0,18.588877036640184,7.637572139265105,6.266002110970722,12.7,6.2,27.6,7.318957128854633,6.3,5.592584525733345,28.881082194534585,17.1,75.6,17.0,8.3,27.1,10.8,2.6,4.975959000051066,26.4,2.5,12.7,3.4
50025,6.8,22.6,18.7,25.5,54.2,7.5,11.0,4.9,70.6,83.0,13.6,61.4,5.7,12.7,65.6,28.1,7.2,25.9,20.749706790201465,10.879640412174483,10.69033322961334,14.7,6.5,26.3,9.643458271496375,7.1,7.221607137685236,30.398228670900167,18.1,79.0,17.9,9.4,26.0,11.9,3.0,6.53036113344989,29.7,2.7,13.2,3.9
50027,6.2,22.0,18.5,25.8,54.3,7.6,11.0,4.6,69.3,83.9,13.1,65.2,5.0,11.5,70.1,28.8,6.9,23.2,19.89339591070189,8.886808323201683,8.707556908345559,12.8,6.1,25.9,8.319585723634113,6.4,6.20167052170288,30.034466853348537,17.7,76.3,17.1,8.3,28.7,10.8,2.6,5.474241761275068,31.8,2.5,12.3,3.5
51001,13.0,26.5,14.5,38.5,61.7,6.5,11.7,6.4,77.8,83.7,18.5,57.9,7.8,17.1,55.1,23.4,13.4,35.5,24.2,21.3,19.8,24.2,6.7,35.0,17.3,10.5,11.3,36.5,31.0,74.5,19.4,16.0,40.3,14.8,4.7,11.6,38.1,3.7,24.3,6.4
51003,6.7,21.7,16.7,28.5,57.7,7.3,10.1,4.5,77.7,87.5,12.0,66.1,4.4,9.6,72.3,21.8,8.7,25.1,18.9,8.8,6.6000000000000005,13.3,5.3,32.7,8.3,5.9,5.5,32.8,18.6,80.9,15.2,9.5,29.0,10.5,2.4,5.2,33.5,2.4,5.699999999999999,3.2
51005,9.4,26.8,16.8,33.8,58.3,7.3,11.3,6.1,76.2,83.5,17.9,58.2,7.5,17.5,61.8,26.7,11.0,34.0,22.1,14.5,13.0,20.0,6.9,33.7,11.8,9.4,8.3,35.9,25.7,76.8,20.1,14.1,39.1,14.5,3.7,7.9,36.5,3.2,12.4,4.9
51007,11.0,26.1,15.9,36.1,60.1,6.7,11.5,6.3,76.8,83.3,18.4,60.0,7.7,18.0,59.5,24.9,12.8,35.1,23.2,18.0,16.7,22.4,6.7,34.8,14.4,10.0,9.9,35.5,28.2,76.2,19.9,15.5,38.8,15.0,4.3,9.7,37.8,3.6,18.9,5.7
51009,9.6,25.7,15.9,34.9,59.5,6.9,11.5,5.9,76.9,84.5,17.0,63.2,7.0,16.3,63.6,24.8,11.8,32.8,22.8,15.8,14.1,20.1,6.4,32.8,13.2,9.3,9.0,33.8,27.1,76.5,19.3,14.0,39.6,14.1,3.8,8.9,37.7,3.3,13.1,5.1
51011,9.4,25.9,16.0,35.2,60.1,6.9,11.3,6.0,77.1,84.3,17.2,60.8,7.1,16.2,59.4,25.0,11.7,33.0,22.4,15.8,14.3,20.1,6.5,35.0,13.1,9.2,9.0,34.9,26.4,75.2,19.2,14.0,38.8,14.1,3.8,9.0,38.7,3.3,14.0,5.1
51013,6.2,20.4,16.4,27.2,56.7,6.8,9.0,4.1,77.5,88.9,10.0,66.7,3.4000000000000004,7.0,72.5,20.6,8.5,21.0,18.0,7.1,4.9,11.7,4.8,34.0,6.9,4.8,4.7,32.2,15.099999999999998,79.4,13.0,8.1,25.2,9.0,2.0,4.3,28.1,2.1,5.0,2.9
51015,9.1,24.6,16.5,31.7,57.4,7.2,10.5,5.5,76.8,84.3,16.3,61.1,6.4,15.0,64.0,26.2,10.3,31.9,21.8,12.5,10.2,18.0,6.4,33.2,10.7,8.1,7.3,34.5,23.8,72.6,18.7,12.5,40.8,13.3,3.2,6.8,37.0,2.9,14.6,4.2
51017,11.4,27.5,16.1,36.2,58.8,7.3,11.6,7.2,75.6,81.6,20.1,56.2,9.3,20.3,57.3,27.8,12.6,37.5,22.1,18.9,18.5,24.1,8.0,34.7,14.2,11.3,10.4,35.2,29.5,71.8,21.2,16.6,38.7,16.5,4.7,10.0,38.9,3.8,22.0,6.2
51019,7.8,24.2,17.2,30.4,57.3,7.4,10.7,5.4,75.7,85.4,14.9,60.3,5.9,13.6,67.7,25.0,10.1,29.7,20.4,11.2,9.1,16.7,6.2,33.4,9.8,7.6,6.7,32.4,24.4,73.7,18.0,11.7,36.7,12.5,3.0,6.4,36.6,2.8,9.5,4.0
51021,9.4,25.3,17.7,32.9,57.7,7.3,10.5,6.0,75.2,83.4,16.7,61.0,6.9,16.4,65.3,25.1,10.5,32.2,22.1,12.8,10.8,18.7,6.9,33.6,10.8,8.4,7.6,34.5,24.3,73.7,18.8,12.9,36.2,13.7,3.4,7.2,36.4,3.1,19.2,4.4
51023,7.8,23.8,17.8,31.3,57.4,7.4,10.6,5.2,76.5,85.5,15.1,63.2,5.8,13.4,68.1,25.6,9.5,29.1,20.5,10.3,8.3,16.0,6.1,33.0,9.2,7.4,6.4,32.1,21.8,75.8,17.9,11.3,34.8,12.4,2.8,5.9,35.0,2.7,9.1,3.7
51025,12.7,26.6,13.6,40.6,63.0,5.8,11.8,6.6,78.5,83.5,18.9,58.9,7.9,18.6,55.2,21.6,15.1,37.9,28.4,25.3,24.1,25.8,6.3,34.2,20.6,11.2,13.3,38.5,32.3,76.9,19.6,17.8,43.7,15.4,5.4,14.3,46.2,4.3,23.6,7.2
51027,12.5,28.4,15.7,36.6,59.7,7.2,11.7,7.5,75.8,80.5,21.4,54.1,10.2,22.2,51.6,28.4,13.2,40.2,23.7,21.4,20.8,26.4,8.3,35.0,15.1,12.1,11.2,36.5,31.8,69.6,22.0,17.7,38.8,17.4,5.1,10.8,40.2,4.0,19.7,6.8
51029,11.6,25.9,15.4,38.3,60.9,6.3,11.3,6.5,77.2,83.2,18.4,61.3,7.7,18.5,56.4,23.7,13.6,36.5,26.0,20.5,18.5,23.7,6.6,34.9,16.6,10.2,11.0,37.6,29.2,76.2,19.6,16.2,43.1,15.1,4.6,11.2,41.6,3.9,23.8,6.1
51031,9.1,25.1,16.4,33.5,59.3,7.0,11.2,5.8,77.3,84.7,16.5,61.7,6.8,15.8,62.2,24.4,11.3,31.7,21.5,14.8,13.2,19.1,6.4,34.0,12.4,8.9,8.5,33.7,25.2,73.5,18.9,13.5,35.6,13.6,3.7,8.4,36.2,3.2,13.8,4.9
51033,10.5,25.0,15.8,35.4,59.7,6.4,11.1,5.6,77.2,85.0,16.5,62.3,6.4,15.1,64.1,23.5,12.0,31.8,24.3,16.4,13.9,20.0,5.9,33.9,13.9,8.8,9.1,36.4,26.8,77.6,18.4,13.8,41.3,13.5,3.7,9.0,39.1,3.3,16.4,5.1
51035,10.9,27.0,16.4,34.1,58.0,7.4,11.3,6.6,75.8,82.5,18.9,58.8,8.3,18.6,58.6,28.1,11.5,34.9,21.9,16.2,15.0,21.8,7.4,35.1,12.8,10.1,9.1,35.5,27.7,73.9,20.6,15.0,41.3,15.5,4.1,8.6,40.2,3.4,15.2,5.4
51036,10.5,26.3,14.7,37.7,61.5,5.9,12.0,6.0,78.4,84.7,17.9,60.1,6.9,17.1,60.1,23.2,13.7,35.6,26.8,20.6,18.3,22.5,6.1,33.0,17.2,10.1,11.2,37.8,28.8,76.2,19.5,15.9,41.6,14.6,4.4,11.6,41.2,3.8,17.3,6.0
51037,12.0,27.8,14.6,37.4,60.8,6.6,12.1,6.9,77.7,82.5,20.0,59.0,8.9,19.8,56.2,25.8,14.0,38.1,24.8,22.7,22.5,25.6,7.2,34.3,17.5,11.8,12.2,36.2,31.0,73.2,21.0,17.5,42.5,16.4,5.3,12.5,42.2,4.1,19.8,7.0
51041,8.6,24.1,14.8,33.4,59.9,6.6,10.6,4.9,77.8,87.3,13.8,63.7,4.9,11.4,70.5,21.8,10.8,27.1,22.7,12.4,9.8,16.1,5.3,34.8,11.5,7.0,7.3,33.9,21.9,81.7,16.9,11.2,36.1,11.8,2.9,7.4,34.5,2.7,9.9,4.0
51043,8.1,23.0,17.7,29.5,56.8,7.4,10.2,4.9,76.6,86.2,14.0,63.6,5.2,11.9,69.0,25.1,9.1,27.8,20.4,9.9,7.3999999999999995,15.2,5.7,33.5,9.0,6.8,6.1,33.3,21.0,78.2,16.9,10.7,32.6,11.8,2.6,5.6,36.5,2.5,7.300000000000001,3.6
51045,9.1,25.6,17.4,32.0,57.2,7.5,10.9,5.8,75.5,83.7,17.1,61.6,7.0,16.1,61.4,26.5,10.2,32.4,21.2,12.6,10.6,18.8,6.8,33.5,10.4,8.7,7.4,34.2,24.0,75.4,19.3,12.9,36.2,14.0,3.3,6.7,37.9,3.0,20.6,4.4
51047,11.0,24.2,16.6,33.3,58.2,6.8,10.7,5.4,76.5,85.3,15.8,59.5,5.9,13.8,63.6,23.3,10.9,30.1,22.6,14.1,11.2,18.6,6.1,34.2,12.4,8.0,8.0,34.4,24.9,75.0,17.8,12.5,38.2,13.0,3.3,7.6,38.6,3.0,11.6,4.6
51049,9.8,25.4,15.3,35.6,60.6,6.5,11.6,5.9,77.1,84.7,17.3,60.4,6.8,15.9,63.1,24.5,12.1,33.2,24.1,17.2,15.4,20.7,6.1,32.9,14.5,9.3,9.5,35.5,26.3,78.6,19.3,14.4,39.4,14.0,4.0,9.7,39.4,3.5,16.3,5.3
51051,11.7,28.7,16.2,36.1,59.1,7.3,11.6,7.3,75.3,80.9,20.9,57.3,9.8,21.3,57.5,28.5,12.6,38.7,22.9,18.9,18.6,24.9,8.3,34.4,13.9,11.7,10.3,36.4,31.2,68.0,21.9,16.9,39.0,17.1,4.8,9.8,39.2,3.8,17.2,6.3
51053,9.3,25.0,15.9,35.2,59.7,6.5,11.3,5.4,78.0,85.5,16.1,62.1,6.1,14.7,61.0,23.8,11.8,31.4,24.3,15.6,13.1,19.2,5.7,33.1,13.8,8.5,8.8,37.6,26.3,74.4,18.8,13.4,40.1,13.2,3.6,8.9,39.7,3.3,15.9,4.8
51057,11.2,26.4,14.4,37.8,61.6,6.3,12.0,6.2,78.6,84.3,18.3,58.9,7.4,17.4,55.6,24.5,13.5,35.2,25.6,21.4,19.7,23.3,6.3,34.1,17.5,10.4,11.4,37.1,28.9,74.8,20.1,16.0,42.5,15.0,4.6,12.0,42.3,3.8,20.2,6.2
51059,7.6,19.3,14.8,27.2,57.6,6.3,9.1,4.4,76.5,88.4,11.0,63.1,3.6999999999999997,8.0,74.1,18.8,9.5,22.2,21.7,9.4,6.099999999999999,13.3,4.8,34.1,8.3,5.3,5.5,33.3,18.9,81.4,12.7,8.8,23.8,9.8,2.2,5.0,34.6,2.3,7.4,3.4
51061,8.7,23.2,17.8,29.4,57.2,7.1,10.1,4.9,76.8,86.5,13.9,67.4,5.0,11.5,71.2,23.1,9.5,27.6,20.0,10.4,7.8,15.5,5.7,33.6,9.5,6.8,6.3,32.6,20.1,79.5,16.5,10.7,32.4,11.6,2.7,5.9,32.4,2.5,12.4,3.7
51063,8.6,25.2,17.3,31.2,57.3,7.4,10.7,5.7,75.7,84.3,16.3,62.8,6.6,15.5,66.8,25.7,9.9,30.4,20.4,12.0,10.3,17.6,6.5,33.4,10.2,8.3,7.2,33.8,23.9,73.1,18.7,12.4,32.5,13.4,3.2,6.7,35.4,2.9,15.2,4.2
51065,7.7,24.5,16.4,31.5,59.0,7.2,11.1,5.1,78.0,86.6,14.6,64.8,5.5,12.6,65.9,24.8,9.9,28.5,20.7,11.8,9.7,16.2,5.7,32.8,10.6,7.4,7.1,33.4,21.4,75.6,17.6,11.5,38.8,12.3,2.9,7.0,37.7,2.8,6.699999999999999,3.9
51067,9.4,25.5,17.2,32.9,59.1,7.3,11.3,5.9,76.5,84.4,16.7,60.5,6.9,15.7,67.7,26.0,11.0,31.8,20.9,13.9,12.3,19.0,6.7,34.9,11.7,8.8,8.2,33.2,25.1,73.8,19.0,13.2,34.9,13.8,3.5,7.8,36.3,3.1,11.4,4.7
51069,9.9,22.4,16.9,30.3,57.1,7.2,10.4,5.2,76.5,85.5,15.1,63.7,5.7,13.0,66.0,23.3,9.6,28.0,21.7,12.0,9.1,16.7,6.0,32.6,10.5,7.4,7.0,33.6,22.9,78.7,17.4,11.4,37.3,12.4,2.9,6.4,36.1,2.7,7.4,4.1
51071,9.1,25.7,17.3,33.0,57.8,7.3,11.0,5.8,75.3,83.8,17.1,59.3,7.1,16.4,63.4,26.6,10.6,32.6,21.7,13.2,11.4,18.9,6.7,34.1,10.8,8.8,7.7,35.6,24.9,76.2,19.5,13.3,36.0,13.9,3.4,7.1,36.7,3.1,14.6,4.5
51073,8.3,24.7,16.9,31.9,57.9,7.2,10.8,5.2,76.8,85.6,15.3,60.3,5.8,13.6,67.9,25.6,9.9,29.5,20.8,11.2,9.1,16.4,6.0,32.7,10.1,7.6,6.8,33.4,22.1,75.3,18.0,11.8,35.4,12.8,3.0,6.4,32.6,2.8,7.0,3.9
51075,6.7,22.3,18.1,30.0,58.0,7.2,10.2,4.5,77.2,87.5,12.6,67.5,4.5,10.5,73.6,22.8,8.7,25.2,19.7,8.8,6.7,13.7,5.1,31.9,8.5,6.1,5.6,33.4,18.9,80.7,15.9,9.6,32.8,10.6,2.3,5.4,36.1,2.4,7.800000000000001,3.2
51077,12.4,27.9,15.8,36.8,60.1,7.2,11.4,7.2,75.8,81.5,20.1,57.4,9.2,20.5,55.6,26.6,13.1,38.1,23.5,20.4,19.5,24.9,7.9,35.2,15.2,11.3,11.0,36.6,31.3,72.4,20.7,16.7,41.2,16.5,4.8,10.7,39.7,3.8,23.2,6.4
51079,9.5,24.8,17.0,32.4,58.3,7.2,10.8,5.5,76.3,85.0,16.0,63.0,6.3,14.3,65.7,24.8,10.4,30.6,21.5,13.3,10.9,18.2,6.3,33.2,11.3,8.2,7.7,34.3,24.5,76.4,18.1,12.6,37.5,13.2,3.3,7.2,35.8,2.9,9.2,4.4
51081,13.2,25.5,14.4,42.2,62.3,5.5,11.1,6.8,78.3,83.1,18.4,58.1,7.7,19.0,54.7,19.6,15.6,37.1,30.0,25.7,23.3,26.2,6.2,33.9,20.5,10.7,13.5,37.7,30.9,76.8,18.9,17.4,44.9,15.1,5.4,14.3,43.1,4.4,18.8,7.2
51083,11.9,26.8,14.0,38.7,61.6,6.3,12.0,6.7,76.8,83.1,19.5,59.7,8.5,19.5,58.8,24.4,14.3,36.6,25.0,23.3,23.0,24.9,6.6,34.5,18.1,11.6,12.4,37.5,30.9,75.0,20.6,17.4,40.6,16.0,5.3,12.9,39.6,4.2,19.3,7.0
51085,7.1,22.2,17.1,29.8,57.4,7.2,10.1,4.8,76.4,86.5,13.5,66.1,5.0,11.9,69.5,22.9,9.3,27.1,19.8,9.6,7.3999999999999995,14.4,5.5,34.0,8.8,6.6,5.9,32.5,20.1,78.6,16.4,10.4,32.7,11.3,2.6,5.6,35.1,2.5,8.8,3.5
51087,8.0,22.8,14.4,33.3,60.5,6.4,10.6,4.9,78.8,87.2,13.6,65.3,5.0,11.4,69.0,21.3,10.8,28.4,22.5,13.0,10.4,16.6,5.2,31.3,11.9,7.2,7.6,34.8,20.6,76.8,16.2,11.5,32.5,11.4,3.0,7.6,37.0,2.9,10.0,4.2
51089,12.1,27.6,14.9,37.5,60.9,6.7,11.9,6.6,77.5,83.0,19.3,57.6,8.4,18.7,54.0,25.7,13.4,36.7,24.5,21.2,19.8,24.5,6.9,33.8,16.6,11.0,11.3,36.1,30.4,75.6,20.6,16.5,42.2,16.0,4.9,11.5,41.0,3.9,17.6,6.5
51091,8.1,24.3,17.9,30.2,57.1,7.5,10.6,5.3,76.3,85.0,15.4,59.1,6.0,14.1,68.3,25.4,9.4,29.2,20.2,11.0,8.9,16.4,6.2,33.1,9.3,7.6,6.5,33.8,21.8,76.7,18.1,11.3,33.4,12.5,2.8,5.9,33.7,2.7,9.7,3.8
51093,8.3,24.7,16.0,32.9,59.2,6.8,10.9,5.2,77.9,86.1,15.1,62.7,5.7,13.3,67.5,23.6,10.8,29.8,21.8,12.9,10.7,17.3,5.6,32.3,11.6,7.7,7.6,33.9,22.4,77.5,17.7,12.3,36.1,12.4,3.2,7.5,37.2,2.9,11.3,4.2
51095,7.1,22.5,16.9,30.0,57.6,7.2,10.5,4.6,78.4,87.6,12.7,66.5,4.6,10.3,73.0,23.4,9.1,25.9,20.4,9.7,7.2,14.3,5.2,33.5,9.2,6.3,6.0,33.4,19.0,78.9,16.1,10.0,32.5,10.9,2.5,5.799999999999999,30.9,2.4,7.300000000000001,3.4
51097,10.3,26.4,15.5,36.7,60.2,6.7,11.5,6.2,77.4,84.1,17.6,62.4,7.3,16.8,59.0,24.5,12.6,34.5,23.9,18.0,16.2,21.6,6.5,33.9,14.7,9.7,9.9,36.4,27.4,74.9,19.5,15.1,40.3,14.6,4.2,10.1,40.6,3.6,16.7,5.6
51099,8.6,23.8,16.6,31.5,58.3,6.9,10.7,5.2,77.1,86.0,14.8,62.4,5.5,12.9,68.0,23.5,10.3,29.2,21.9,12.2,9.8,16.8,5.8,33.4,10.9,7.4,7.2,34.2,22.5,77.5,17.3,11.6,35.5,12.2,3.0,6.9,34.9,2.8,10.2,4.1
51101,8.2,24.6,17.3,32.5,58.2,6.9,10.9,5.3,76.6,85.5,15.3,60.3,5.7,13.7,65.0,24.7,10.3,30.0,21.8,12.2,9.9,17.2,5.8,32.8,10.8,7.8,7.2,35.9,22.8,74.5,18.2,12.1,34.3,12.7,3.1,7.0,38.0,2.9,12.7,4.1
51103,9.4,25.9,15.2,35.5,61.3,6.8,11.4,5.8,77.5,85.4,16.2,61.8,6.6,14.9,63.4,23.9,11.6,31.4,23.1,17.0,15.2,19.9,6.0,33.9,14.1,9.0,9.4,34.6,25.2,75.0,18.3,13.8,36.5,13.5,3.9,9.6,38.7,3.3,11.4,5.1
51105,12.6,28.7,15.5,37.8,60.2,7.3,11.6,7.5,75.9,80.8,20.9,56.1,10.1,21.7,56.5,27.2,13.6,39.9,22.8,20.9,21.0,25.9,8.4,35.5,15.6,12.1,11.4,35.1,31.8,72.1,21.4,18.2,42.2,17.5,5.2,11.3,39.5,4.0,25.1,6.9
51107,7.1,19.9,14.4,28.6,58.3,6.4,8.9,4.2,78.3,88.6,10.8,64.0,3.6,8.0,74.5,18.7,8.9,22.7,19.7,8.5,5.199999999999999,13.1,4.8,33.8,7.3999999999999995,5.1,5.1,33.0,18.7,79.2,13.3,8.5,27.3,9.6,2.1000000000000005,4.4,30.1,2.1,7.5,3.1
51109,9.2,24.9,16.7,33.3,58.4,7.0,11.0,5.6,76.8,84.9,16.1,59.5,6.4,14.9,66.9,24.4,10.9,31.8,21.6,13.9,11.9,18.5,6.2,34.0,11.9,8.4,8.1,35.3,23.7,75.0,18.4,12.9,36.1,13.4,3.4,7.8,37.4,3.1,14.1,4.6
51111,13.2,26.6,15.1,38.8,61.4,6.3,11.6,6.9,77.0,82.5,19.5,58.4,8.4,19.3,57.2,24.2,14.7,36.5,26.3,22.9,21.2,25.5,6.9,34.3,18.2,11.2,12.2,36.1,31.3,72.2,20.0,17.2,45.8,16.1,5.2,12.5,41.5,4.2,17.7,6.8
51113,9.1,24.6,17.0,31.9,58.0,7.2,11.0,5.4,76.4,84.9,16.1,61.9,6.3,14.6,66.0,25.2,10.2,30.4,21.6,12.7,10.5,17.9,6.2,33.5,10.8,8.2,7.4,34.6,23.6,76.4,18.5,12.4,37.7,13.1,3.2,6.9,35.4,2.9,11.2,4.3
51115,8.3,24.5,17.0,31.5,58.0,7.3,10.9,5.4,76.9,85.2,15.6,62.7,6.1,14.1,70.0,26.1,10.1,30.8,21.1,12.0,10.0,17.3,6.2,33.5,10.3,7.9,7.1,34.2,22.8,76.8,18.3,12.2,35.3,13.0,3.1,6.7,34.1,2.9,8.0,4.1
51117,10.9,26.8,14.4,37.7,61.3,6.5,11.7,6.3,78.0,84.0,18.0,59.6,7.6,17.2,59.9,24.7,13.6,34.1,24.8,20.0,19.0,22.7,6.5,33.9,16.5,10.3,11.1,36.2,28.6,73.1,19.4,15.7,41.5,14.9,4.6,11.5,41.8,3.8,18.4,6.1
51119,8.6,25.5,16.4,32.6,58.7,7.1,11.1,5.6,77.9,85.4,16.0,66.2,6.3,14.3,66.5,25.0,10.8,31.4,21.0,13.4,11.6,18.2,6.2,33.3,11.6,8.3,7.9,33.2,23.6,82.7,18.1,12.7,38.3,13.1,3.4,7.8,40.9,3.1,12.7,4.5
51121,8.0,24.5,16.4,33.1,58.7,7.5,10.5,5.9,76.6,84.8,15.4,62.9,6.6,14.2,64.4,24.9,11.0,29.2,19.5,12.6,11.4,17.7,6.6,34.8,10.4,8.1,7.6,33.1,23.1,77.4,17.7,12.5,31.4,13.1,3.4,7.4,33.9,3.0,16.9,4.5
51125,9.1,24.9,16.3,32.7,58.3,7.2,10.9,5.6,76.9,85.0,16.0,60.8,6.4,14.4,66.4,25.1,10.7,31.5,20.8,13.6,11.7,18.2,6.3,33.4,11.4,8.3,7.9,33.8,24.4,72.1,18.2,12.9,35.2,13.1,3.4,7.5,35.7,3.0,12.5,4.6
51127,7.5,23.3,17.2,31.2,58.0,7.1,10.6,5.0,76.9,86.5,13.9,66.6,5.1,12.1,73.0,23.2,9.9,26.8,21.7,10.7,8.4,15.400000000000002,5.6,32.6,9.8,6.9,6.6,34.7,20.5,81.0,16.9,10.7,34.4,11.6,2.8,6.3,36.2,2.7,9.1,3.7
51131,11.1,24.8,14.8,36.3,61.4,6.5,11.4,6.0,78.0,85.0,16.9,60.9,6.9,15.3,61.6,23.0,12.9,33.5,24.2,19.2,17.5,21.7,6.2,34.3,15.8,9.6,10.5,35.0,28.2,76.4,18.6,15.1,40.1,14.2,4.3,10.8,36.8,3.5,14.4,5.9
51133,8.8,24.0,16.1,33.4,59.5,6.8,11.1,5.3,78.1,86.2,15.2,64.4,5.8,13.2,64.2,23.0,10.8,30.2,22.6,14.0,11.7,17.9,5.8,32.4,12.6,7.9,8.0,35.0,22.8,79.5,17.5,12.4,37.2,12.5,3.3,8.2,35.0,3.0,11.5,4.4
51135,12.0,26.4,14.9,39.4,61.5,6.2,11.4,6.5,78.0,83.5,18.3,59.0,7.7,18.2,54.7,22.7,14.5,36.2,26.4,21.7,20.4,24.4,6.5,35.0,17.7,10.4,11.8,36.4,29.7,76.9,19.3,16.4,43.4,15.1,4.8,12.3,40.1,4.0,20.4,6.5
51137,9.2,24.6,16.1,32.5,58.7,7.0,10.8,5.3,77.7,85.5,15.6,59.9,6.0,13.9,64.4,24.7,10.2,30.7,21.5,12.9,10.6,17.4,6.0,33.5,11.3,7.9,7.5,35.2,23.3,73.6,18.2,12.2,36.9,12.8,3.2,7.2,39.2,2.9,10.8,4.3
51139,10.2,26.0,17.0,32.8,57.6,7.2,11.1,6.0,75.3,83.1,18.1,61.5,7.5,17.5,63.3,26.9,10.7,34.1,22.4,14.3,12.3,20.1,7.0,34.7,11.5,9.3,8.1,35.8,26.9,72.9,20.0,13.8,34.4,14.6,3.6,7.4,36.9,3.2,16.4,4.8
51141,10.8,26.9,16.5,33.2,58.6,7.2,11.2,6.5,75.1,82.7,18.5,59.6,8.0,17.9,61.9,26.2,11.4,34.3,22.3,16.0,14.6,21.5,7.2,33.3,12.8,10.0,9.1,35.3,27.1,76.1,20.3,14.8,39.8,15.2,4.1,8.6,38.1,3.4,17.6,5.4
51143,11.0,26.9,15.6,37.6,60.2,6.8,11.4,6.5,77.3,82.9,18.5,59.8,8.2,18.8,56.1,24.8,13.0,36.3,23.9,19.6,18.1,23.2,6.9,35.2,15.3,10.5,10.6,36.0,30.6,79.6,19.9,16.2,41.6,15.5,4.5,10.6,37.4,3.7,24.0,6.0
51145,7.7,23.8,18.2,31.3,57.5,7.3,10.5,5.1,76.8,86.0,14.3,62.4,5.4,12.6,72.3,23.6,9.4,28.3,21.0,10.1,7.9,15.6,5.8,33.7,9.1,7.0,6.2,33.4,20.9,80.9,17.5,10.8,35.5,12.0,2.7,5.799999999999999,31.2,2.6,9.6,3.6
51147,10.9,27.3,14.8,38.4,62.3,6.4,11.7,6.5,77.7,83.8,18.5,60.6,7.8,17.4,58.0,25.0,14.3,36.1,24.9,21.0,20.4,23.5,6.5,34.6,17.3,10.6,11.5,36.1,29.3,76.4,20.0,16.3,41.3,15.2,4.9,12.5,41.6,4.0,15.7,6.4
51149,10.7,24.7,15.8,36.1,59.9,6.4,10.7,5.8,77.4,85.1,15.9,64.9,6.2,14.7,59.6,21.8,12.3,31.8,24.4,16.6,13.9,20.0,6.0,32.4,14.6,8.4,9.4,35.4,25.8,75.3,17.9,13.6,39.7,13.2,3.8,9.6,42.0,3.4,13.0,5.1
51153,10.7,21.0,15.3,31.9,59.7,6.1,9.7,4.7,78.9,87.5,13.0,63.2,4.5,10.9,68.9,20.1,10.8,28.3,22.3,13.2,9.3,16.4,5.3,34.0,11.8,6.7,7.3,34.1,23.0,78.3,15.1,11.6,33.7,11.4,2.9,7.1,38.1,2.7,10.0,4.3
51155,9.0,26.0,16.6,32.4,58.2,7.4,11.0,6.0,76.4,83.9,17.0,61.4,7.1,16.2,63.3,25.6,10.8,32.6,21.4,13.8,12.1,18.7,6.7,34.9,11.3,8.8,7.9,34.4,25.8,76.8,19.4,13.5,35.5,13.9,3.5,7.6,37.6,3.1,14.9,4.7
51157,8.6,24.8,17.2,31.8,57.6,7.4,10.6,5.6,76.2,84.9,15.5,61.3,6.3,14.2,63.1,25.3,10.1,29.8,20.2,12.0,10.1,17.4,6.4,33.6,10.1,7.9,7.1,33.8,22.5,73.2,17.9,12.1,35.2,13.0,3.2,6.7,37.7,2.9,10.4,4.3
51159,12.8,24.5,16.2,37.7,59.1,6.5,11.0,6.2,76.1,83.3,17.8,59.3,7.3,17.8,53.1,22.7,12.7,35.8,26.9,19.4,16.5,23.0,6.6,33.7,15.8,9.6,10.5,37.2,28.3,75.2,18.8,15.3,37.4,14.5,4.3,10.3,39.8,3.6,19.7,5.8
51161,7.5,23.6,16.2,30.4,58.3,7.3,10.5,5.1,77.7,86.2,14.3,62.7,5.4,12.3,69.5,26.0,9.5,26.5,20.9,10.7,8.6,15.2,5.7,32.4,9.6,7.1,6.4,33.7,21.1,75.6,17.4,10.8,34.4,12.1,2.8,6.1,32.4,2.6,11.3,3.7
51163,8.3,25.6,17.1,32.0,57.5,7.5,10.7,5.7,75.9,84.7,15.9,61.1,6.5,14.6,63.4,25.6,10.1,30.6,20.3,11.9,10.3,17.7,6.5,34.0,10.1,8.1,7.2,33.8,23.4,77.0,18.5,12.3,34.3,13.4,3.2,6.7,35.8,2.9,8.2,4.2
51165,10.2,24.6,16.6,31.7,57.8,7.3,10.7,5.6,76.1,84.4,16.2,60.0,6.4,14.5,67.0,25.1,10.1,31.9,20.9,12.8,10.5,18.3,6.4,34.0,10.8,8.3,7.4,35.1,24.6,72.7,18.4,12.8,33.5,13.4,3.2,6.8,33.2,2.9,15.4,4.4
51167,10.7,27.6,16.1,35.1,58.4,7.4,11.6,6.7,75.1,82.0,19.6,58.1,8.9,19.5,56.6,28.3,11.8,37.7,21.7,17.3,16.2,22.9,7.6,35.0,12.8,10.7,9.4,36.0,28.8,68.5,21.0,15.8,39.3,16.2,4.3,8.9,38.9,3.5,22.4,5.6
51169,10.8,27.9,16.2,35.2,58.7,7.4,11.5,6.8,75.9,81.8,19.7,54.9,8.9,19.4,59.6,28.9,12.1,36.9,21.3,16.8,16.2,22.8,7.7,35.3,12.8,10.7,9.5,34.9,28.7,71.7,21.0,15.8,38.3,15.9,4.4,8.9,38.3,3.6,13.3,5.7
51171,11.1,25.3,16.4,32.1,57.8,7.2,11.0,6.0,76.0,83.6,17.6,58.0,7.2,16.4,63.2,25.1,11.0,33.3,21.5,15.0,13.0,20.3,6.9,32.9,12.4,9.1,8.5,34.0,26.9,73.0,19.3,13.7,36.3,14.2,3.7,8.0,38.1,3.2,11.7,5.1
51173,10.5,26.8,16.3,34.0,59.0,7.3,11.5,6.7,75.9,82.3,19.1,57.1,8.7,18.8,54.8,27.7,11.8,35.1,21.4,16.8,16.0,22.7,7.5,34.0,12.8,10.6,9.4,35.5,28.4,74.8,20.8,15.5,38.0,15.9,4.3,8.9,39.6,3.5,19.9,5.6
51175,9.4,25.1,16.0,35.8,60.0,6.4,11.3,5.7,77.8,85.1,16.5,59.5,6.2,15.2,65.2,23.2,12.1,32.2,24.8,16.0,13.6,19.6,5.8,33.3,14.0,8.7,9.0,35.9,25.1,78.1,18.7,13.6,37.9,13.3,3.7,9.1,40.5,3.4,13.9,4.9
51177,9.8,23.3,16.1,33.6,58.7,6.7,10.7,5.1,76.8,86.1,14.7,63.1,5.4,12.7,66.9,23.2,11.1,28.7,21.9,13.4,10.2,17.8,5.6,33.2,11.8,7.5,7.5,34.4,23.9,79.2,17.1,12.0,40.0,12.4,3.1,7.3,41.1,2.8,9.9,4.3
51179,9.1,22.6,16.0,30.7,59.6,6.6,10.2,4.8,77.0,87.0,13.3,66.6,4.6,10.8,69.5,22.1,10.2,27.3,21.7,11.7,8.5,15.9,5.3,33.4,10.9,6.6,6.9,34.0,22.0,75.2,15.9,10.9,35.2,11.5,2.8,6.7,37.6,2.6,9.6,3.9
51181,9.3,25.4,15.2,36.5,60.8,6.3,11.5,5.7,78.3,85.5,16.2,61.2,6.3,14.9,61.7,23.1,12.4,32.4,23.8,17.2,15.3,20.3,5.7,33.5,14.7,8.9,9.6,35.5,26.5,78.2,18.5,14.1,39.5,13.5,4.0,10.0,39.4,3.5,17.7,5.2
51183,11.8,25.9,14.5,40.6,62.3,5.7,11.3,6.3,78.6,84.1,17.6,60.6,7.1,17.6,58.9,20.6,14.4,34.7,28.4,22.4,20.0,23.9,6.0,33.3,18.6,10.0,12.0,37.6,29.9,79.7,18.6,16.0,45.7,14.3,4.8,12.7,44.3,4.0,19.0,6.4
51185,10.6,28.3,16.1,36.3,59.1,7.3,11.6,6.8,76.7,82.3,19.3,58.5,8.7,18.8,59.8,28.6,12.4,37.7,21.9,17.3,16.8,23.3,7.5,34.8,13.3,10.7,9.6,37.0,28.9,72.7,20.8,16.1,40.5,16.0,4.4,9.2,40.9,3.6,14.8,5.7
51187,10.0,24.9,17.0,32.2,57.7,7.2,10.8,5.8,75.6,84.4,16.5,59.8,6.6,15.0,63.8,25.1,10.7,32.0,21.8,13.4,11.2,18.7,6.5,32.9,11.6,8.4,7.8,34.5,24.7,73.4,18.6,12.9,37.7,13.7,3.4,7.3,39.0,3.0,15.4,4.6
51191,8.6,24.9,16.9,32.4,57.5,7.5,10.9,5.8,76.1,84.2,16.4,57.8,6.8,15.5,63.5,26.2,10.3,31.1,21.3,12.2,11.0,17.9,6.7,34.0,10.1,8.5,7.4,35.1,24.7,77.5,18.7,12.4,38.4,13.6,3.3,6.8,36.5,3.0,10.3,4.3
51193,12.2,27.4,15.0,35.9,60.8,6.5,11.7,6.5,78.0,83.6,18.6,58.6,7.8,17.9,59.2,25.1,13.2,36.4,24.4,20.9,19.2,23.9,6.7,34.1,16.5,10.5,11.2,35.7,30.2,75.9,19.7,16.4,41.2,15.3,4.6,11.3,40.1,3.8,16.5,6.3
51195,11.2,27.9,15.7,37.4,58.9,7.4,11.5,6.9,76.0,82.0,19.6,60.4,9.0,19.9,57.3,27.2,12.7,37.0,22.8,18.4,17.2,23.2,7.6,34.4,13.9,10.8,10.1,37.5,30.2,71.5,21.1,15.9,43.5,16.1,4.5,9.7,36.8,3.7,17.5,6.0
51197,9.2,26.8,16.8,33.4,58.1,7.4,11.3,6.2,75.9,83.3,17.8,58.7,7.6,17.0,67.4,26.8,11.0,33.9,20.9,14.2,13.1,20.3,7.0,34.3,11.5,9.4,8.3,35.7,26.1,70.7,20.0,14.1,38.4,14.6,3.7,7.9,34.5,3.2,22.7,4.9
51199,7.0,22.9,16.2,29.5,58.6,7.0,10.0,4.6,78.6,87.6,12.4,67.0,4.4,10.1,71.5,22.0,9.4,24.9,19.9,9.5,7.0,13.9,5.2,33.4,9.0,6.1,5.9,34.0,18.3,78.6,15.5,9.8,31.5,10.6,2.4,5.6,33.9,2.4,9.3,3.4
51510,7.8,21.6,15.9,30.1,58.3,6.6,9.9,4.5,78.2,88.3,11.8,65.4,4.0,8.6,73.8,20.6,9.8,24.8,20.2,10.4,7.699999999999999,14.6,4.9,34.1,9.5,6.0,6.2,33.0,19.4,81.5,14.4,9.9,31.2,10.4,2.5,6.0,33.9,2.4,6.5,3.6
51520,10.0,27.2,15.9,34.8,59.4,7.3,11.4,6.4,76.5,83.1,18.5,60.2,8.2,17.8,60.2,27.1,11.8,35.4,21.7,16.7,15.8,21.7,7.2,34.3,13.0,10.1,9.4,34.5,27.6,76.6,20.1,15.3,39.3,15.2,4.2,9.2,37.5,3.5,12.9,5.5
51530,10.3,27.1,16.2,34.5,58.8,7.3,11.6,6.4,76.2,83.2,18.5,56.7,8.1,17.8,56.6,27.5,11.9,35.2,21.6,16.4,15.2,21.6,7.2,34.4,12.9,10.2,9.3,35.1,27.5,73.2,20.3,15.3,39.0,15.4,4.2,8.9,38.3,3.5,19.1,5.5
51540,7.7,24.6,15.5,33.0,60.0,7.0,10.7,5.5,78.3,86.1,14.3,62.7,5.8,12.3,63.1,23.9,11.5,29.2,19.9,13.0,11.7,17.7,5.9,34.4,11.0,7.9,7.8,33.6,23.1,74.9,16.8,12.6,35.2,12.4,3.4,7.8,36.6,3.0,10.7,4.6
51550,8.5,24.0,15.7,34.2,60.7,6.4,11.0,5.1,79.5,86.6,14.3,64.0,5.3,12.4,67.2,21.9,11.6,28.8,21.9,13.8,11.2,17.9,5.3,31.7,12.3,7.5,8.0,33.6,22.2,79.8,17.0,12.5,39.6,12.2,3.2,8.2,39.8,3.0,15.5,4.4
51570,9.0,24.2,15.9,32.5,59.4,6.9,10.9,5.1,77.6,86.1,15.2,63.7,5.7,13.1,66.1,23.7,10.5,29.3,22.6,13.5,11.0,17.5,5.7,33.4,12.0,7.8,7.8,34.8,24.0,80.3,17.7,12.0,37.7,12.5,3.1,7.7,39.2,2.8,12.5,4.3
51580,11.6,27.9,15.5,36.8,59.9,6.8,11.8,6.8,76.3,81.9,20.2,60.0,9.1,20.5,61.3,26.9,13.4,38.3,24.1,20.8,20.1,24.6,7.4,34.6,15.8,11.6,11.2,37.1,31.1,73.5,21.4,17.2,40.7,16.5,4.9,11.1,37.7,3.9,20.2,6.5
51590,12.9,28.0,12.5,42.6,64.0,5.8,12.6,6.9,79.5,83.4,20.3,55.0,8.9,20.0,52.2,23.1,16.6,38.8,26.9,29.1,29.700000000000003,27.9,6.5,34.2,22.7,12.9,15.2,38.3,34.0,76.5,20.8,19.4,42.3,16.5,6.200000000000001,16.9,46.6,4.6,21.4,8.3
51595,14.0,27.2,12.100000000000001,42.1,64.1,5.4,13.0,6.7,80.1,84.1,20.2,56.0,8.3,19.3,50.6,22.1,16.6,39.1,29.6,30.3,29.6,28.1,6.0,33.2,24.3,12.6,15.5,40.0,34.7,76.7,20.7,19.4,44.9,16.3,6.1,17.1,46.1,4.6,24.3,8.2
51600,8.5,20.8,15.2,29.5,58.2,6.4,9.2,4.6,77.8,87.4,11.9,65.2,4.2,9.2,68.8,19.7,10.2,24.3,20.6,10.6,7.3,14.6,5.2,33.8,8.9,5.9,6.1,33.0,20.4,76.9,14.2,9.9,31.6,10.5,2.5,5.4,34.9,2.4,7.5,3.7
51610,5.2,20.3,17.1,26.5,56.7,7.2,9.1,3.8,78.1,89.2,9.6,67.3,3.2,6.699999999999999,78.3,20.8,7.8,20.4,17.1,5.9,3.8000000000000007,10.4,4.5,32.8,5.9,4.4,4.1,30.4,15.3,81.6,13.0,7.4,28.6,8.7,1.6999999999999997,3.7,32.1,1.9,4.0,2.5
51620,11.1,27.1,12.8,40.3,63.6,5.9,12.6,6.3,80.0,84.8,18.7,56.7,7.8,17.5,57.2,23.4,15.1,36.8,26.3,25.2,24.8,25.0,6.0,33.1,20.4,11.4,13.4,37.8,31.2,75.2,20.1,17.6,44.2,15.3,5.3,14.7,42.8,4.2,18.5,7.1
51630,9.0,24.5,15.4,33.5,60.5,6.7,11.1,5.4,78.1,86.3,15.0,64.6,5.7,12.8,63.3,23.8,11.6,31.2,21.6,14.4,12.3,18.3,5.8,33.7,12.7,8.1,8.3,33.4,24.2,78.6,17.3,13.0,41.5,12.9,3.5,8.6,40.5,3.1,14.0,4.8
51640,13.8,27.7,15.1,36.6,59.2,7.1,11.7,7.0,76.4,82.1,20.3,58.4,9.2,19.5,55.6,27.4,13.9,38.8,22.2,21.8,20.9,25.5,7.7,34.5,16.5,11.8,11.6,35.7,31.8,71.5,20.9,17.7,39.4,17.0,5.2,11.5,38.1,3.9,27.4,7.1
51650,9.8,25.7,13.6,38.1,62.3,5.8,11.9,5.7,80.6,86.1,16.5,63.8,6.3,14.6,63.9,21.3,13.8,34.7,26.2,20.1,18.0,20.9,5.5,33.3,17.3,9.3,11.0,36.6,26.1,81.0,18.6,15.3,40.9,13.5,4.3,12.0,44.0,3.7,9.5,5.9
51660,14.3,25.9,14.8,35.5,59.7,6.7,10.8,6.7,76.9,83.4,18.2,57.4,7.7,16.3,58.0,24.8,13.9,35.6,21.9,20.4,18.5,23.7,7.3,34.8,16.1,10.2,10.9,33.9,29.6,74.1,18.7,16.1,39.1,15.5,4.8,10.9,40.2,3.6,21.2,6.8
51670,13.8,28.2,12.8,41.1,63.6,5.9,12.6,7.1,78.7,83.1,20.8,55.7,9.1,20.5,51.9,24.4,16.1,40.6,27.3,29.4,29.4,28.3,7.0,34.6,22.9,13.0,15.2,39.0,34.9,74.1,21.4,19.7,45.9,17.0,6.1,16.6,46.3,4.6,22.1,8.3
51678,8.3,24.6,16.7,32.3,58.2,7.2,10.7,5.3,77.0,85.7,14.9,65.5,5.9,13.2,70.2,24.7,10.5,29.5,20.5,12.1,10.0,17.0,6.0,33.6,10.6,7.7,7.2,33.6,22.8,78.2,17.7,12.0,35.7,12.6,3.1,7.1,35.0,2.9,10.1,4.2
51680,9.1,26.0,14.4,36.5,60.7,6.6,11.7,5.8,78.5,85.3,16.4,60.4,6.7,14.9,65.8,24.1,12.5,32.1,22.7,17.2,16.0,20.2,6.0,33.6,14.4,9.3,9.6,36.3,25.3,74.2,18.6,14.5,40.4,13.8,4.1,10.3,37.7,3.5,18.0,5.4
51683,15.5,21.3,15.5,30.9,58.4,5.9,9.6,5.1,75.9,85.7,14.8,61.0,4.9,11.7,67.3,19.8,11.8,29.6,23.8,16.1,11.1,19.8,5.7,34.3,13.9,7.4,8.4,35.2,26.4,78.9,15.7,12.5,35.3,12.7,3.3,7.7,37.0,2.8,17.0,5.1
51685,18.1,22.3,14.2,33.6,59.0,5.3,9.7,5.7,76.1,84.4,16.4,57.8,5.6,13.5,60.1,20.1,13.9,33.7,25.6,20.7,14.9,23.4,6.3,34.7,16.7,8.5,10.2,36.1,31.0,75.2,16.5,14.8,38.0,14.0,4.1,9.5,39.0,3.2,11.5,6.4
51690,12.8,28.0,13.0,40.8,63.7,6.1,12.5,7.0,78.9,83.7,19.9,58.3,8.8,19.3,53.1,23.9,15.9,38.7,25.9,27.5,28.0,27.4,6.7,34.0,21.6,12.4,14.5,37.3,32.9,75.3,20.6,19.0,44.7,16.5,6.0,16.1,44.1,4.5,20.1,8.0
51700,10.3,26.3,13.7,37.6,61.4,6.1,11.6,5.7,79.3,85.8,16.0,62.1,6.3,14.7,61.3,22.2,13.3,32.2,24.4,19.1,17.0,21.2,5.7,34.3,16.2,9.1,10.3,36.6,28.3,80.0,18.1,14.9,41.5,13.6,4.2,11.2,41.6,3.5,13.3,5.7
51710,10.6,25.0,16.1,38.5,63.1,6.0,11.1,5.8,79.7,85.3,16.3,62.1,6.5,14.6,62.2,21.3,13.6,33.3,24.1,19.2,17.6,21.0,5.8,34.3,16.1,9.4,10.8,37.3,27.1,82.3,18.2,15.4,41.6,13.7,4.3,11.5,41.7,3.7,15.5,5.9
51720,10.6,28.3,15.6,36.7,60.0,7.2,11.8,6.9,76.5,82.1,19.8,59.5,9.3,20.1,56.5,27.8,13.1,37.3,21.8,19.2,19.5,23.9,7.6,34.9,14.4,11.4,10.7,35.3,30.2,74.8,21.2,16.9,40.7,16.4,4.8,10.6,38.5,3.9,24.5,6.4
51730,12.0,26.7,11.8,43.4,65.0,4.9,13.0,6.3,81.6,85.6,18.7,58.9,7.5,17.3,56.7,21.4,17.0,38.8,28.7,29.5,29.6,27.1,5.2,32.7,23.9,12.0,15.3,40.0,33.2,79.4,20.4,19.3,46.6,15.4,6.0,17.5,48.6,4.7,25.2,8.1
51735,6.7,23.3,18.2,29.4,56.6,7.5,10.1,4.8,76.6,86.6,13.2,65.4,5.0,11.3,73.2,24.5,8.8,25.8,19.0,8.6,6.6000000000000005,14.0,5.7,33.1,7.9,6.4,5.6,33.3,19.1,74.9,16.5,9.9,32.9,11.2,2.4,5.1,33.2,2.4,5.199999999999999,3.3
51740,10.9,26.3,14.1,39.3,63.6,5.8,12.3,6.1,79.2,85.3,17.8,61.0,7.1,16.7,58.9,22.9,14.9,35.7,25.6,22.9,21.5,23.5,5.9,34.4,19.0,10.5,12.3,38.4,29.7,75.3,19.7,16.5,41.0,14.4,5.0,13.6,43.4,4.1,16.7,6.6
51750,9.7,28.6,15.2,37.5,60.4,7.4,11.7,7.2,77.3,83.3,19.0,58.2,9.0,18.5,62.1,27.9,13.7,36.9,20.7,19.0,19.8,23.4,7.7,35.7,14.7,11.2,10.9,34.6,29.0,75.2,20.7,16.6,40.5,16.1,5.0,11.4,36.7,3.9,14.8,6.4
51760,9.8,25.1,15.2,37.6,60.9,6.0,11.4,5.8,78.9,85.9,16.1,61.0,6.3,14.6,61.8,22.3,13.5,33.2,23.8,18.3,17.1,20.1,5.6,33.7,15.6,9.1,10.2,37.3,25.9,78.3,17.8,14.9,38.3,13.2,4.3,10.8,37.5,3.6,15.4,5.8
51770,10.9,26.7,15.6,36.1,60.3,6.5,11.5,6.2,76.5,84.4,17.7,63.1,7.3,16.7,58.9,24.1,13.2,33.4,24.2,19.7,18.4,22.0,6.3,32.3,15.8,10.0,10.7,36.8,28.9,76.9,19.1,15.3,41.9,14.5,4.4,11.1,41.1,3.6,10.6,6.1
51775,8.2,25.4,16.9,31.9,58.5,7.3,10.9,5.4,76.9,85.5,15.5,64.9,6.1,13.9,68.3,25.7,10.4,30.2,20.2,12.4,10.3,17.1,6.2,33.8,10.6,8.0,7.3,34.1,23.2,78.2,18.2,12.3,36.2,12.9,3.2,7.1,38.2,2.9,12.8,4.2
51790,8.3,25.5,16.5,32.4,59.0,7.3,11.2,5.5,77.3,85.6,15.7,64.3,6.3,13.9,63.9,25.6,10.7,30.7,20.6,13.1,11.4,17.9,6.1,33.4,11.2,8.3,7.8,34.4,23.8,77.3,18.5,12.7,36.6,13.2,3.3,7.6,37.2,3.0,9.5,4.5
51800,8.8,26.8,13.9,36.4,61.1,6.2,11.6,5.2,79.6,86.8,15.0,65.2,5.6,13.1,66.0,21.6,12.1,30.2,23.7,16.2,13.9,18.6,5.3,35.1,14.5,8.2,9.1,35.0,25.2,80.9,17.6,13.1,42.0,12.6,3.6,9.7,40.5,3.2,9.9,4.8
51810,8.3,23.3,16.2,33.1,59.4,6.7,10.6,5.0,79.1,86.5,13.7,63.2,5.1,12.0,72.6,23.6,11.2,27.6,21.7,12.5,9.7,16.8,5.5,35.9,11.2,7.2,7.3,36.1,21.7,80.2,16.8,11.6,36.6,11.7,2.9,7.1,37.3,2.8,8.5,4.1
51820,10.5,25.6,15.8,33.8,59.2,7.0,11.1,5.8,76.7,84.5,16.9,58.5,6.8,15.4,62.5,25.0,11.4,32.9,22.2,15.7,13.6,20.0,6.5,33.5,13.0,9.0,8.8,35.0,26.3,73.9,18.8,13.7,38.6,14.0,3.7,8.6,37.7,3.2,18.0,5.1
51830,8.5,24.7,16.0,33.8,59.3,7.0,11.0,5.5,78.1,86.1,15.0,63.4,5.9,13.1,66.2,23.7,11.3,29.8,21.2,13.7,11.8,17.8,6.0,34.1,12.2,8.0,8.1,33.6,23.5,77.7,17.8,12.6,37.2,12.9,3.4,8.4,38.2,3.0,11.1,4.6
51840,13.1,26.0,15.5,35.1,59.7,6.8,10.9,6.4,77.0,83.7,17.8,61.0,7.5,16.3,64.0,24.7,12.9,35.0,22.2,18.9,16.8,22.6,7.0,34.6,15.0,9.9,10.2,34.8,28.5,74.6,18.9,15.3,38.3,14.9,4.4,10.0,36.4,3.5,11.0,6.1
53001,24.2,23.2,15.8,32.2,52.8,6.0,10.6,6.6,67.1,77.5,20.1,52.9,6.7,14.5,52.9,22.3,13.1,36.5,25.712771130696513,25.38209378877728,20.72852071905961,27.9,8.0,31.4,19.770952163387637,10.8,13.147597734035504,34.519059711828604,30.1,65.8,18.3,16.3,38.3,16.8,5.7,13.026131454804151,29.8,3.7,16.9,8.8
53003,8.7,24.9,19.2,29.6,52.3,7.5,12.0,5.4,71.3,80.1,16.8,60.2,6.2,13.9,62.1,27.6,9.3,32.1,21.592736622201663,13.312490863155343,12.779175353260031,17.4,6.9,29.4,11.0293075256717,8.7,8.297601621426939,31.568120692103864,19.5,71.4,19.6,12.3,35.5,13.6,3.6,7.96837219497762,31.8,3.0,10.6,4.5
53005,10.8,22.1,17.9,26.9,50.1,7.3,10.9,5.1,69.6,82.1,14.5,59.0,5.1,10.5,63.4,24.3,9.4,28.1,21.378295908970845,12.24181340706841,9.69937873249074,18.0,6.4,32.5,10.73210265305567,7.4,7.193137887545777,32.10248315608908,20.1,72.4,16.7,11.2,36.3,13.0,3.3,6.725881835197766,31.9,2.7,11.0,4.4
53007,12.2,22.2,17.8,27.3,50.0,7.0,10.6,5.1,67.9,81.3,15.6,60.5,5.1,11.7,64.4,25.6,8.7,28.4,22.11044938058668,13.128684965213587,10.881174775757938,17.8,6.3,29.7,11.403176932060626,7.6,7.928382979389694,32.047092471845076,19.5,68.8,17.5,10.8,29.4,12.8,3.3,7.148887622551978,28.9,2.8,17.3,4.6
53009,8.1,25.2,18.4,28.6,51.4,7.5,11.8,5.1,65.6,80.7,15.7,60.5,5.4,12.7,64.1,27.2,8.2,28.8,21.602886245813018,11.689460260043328,10.971109017852758,16.8,6.4,31.0,10.161417599493472,7.7,7.499091836445018,31.925658981111763,17.9,71.3,18.3,11.0,31.3,13.2,3.2,6.859074566058043,31.2,2.9,12.2,4.2
53011,8.2,22.6,17.6,28.2,52.0,7.3,11.6,4.8,66.9,82.2,14.3,64.4,4.9,11.0,68.7,27.5,8.4,26.9,20.836098635046596,11.379615928489956,11.471747946675634,16.2,5.9,29.3,10.1096415077452,6.9,7.133796151793806,31.7087971136833,19.1,74.6,19.0,10.5,35.0,12.5,2.9,6.602556313869284,30.6,2.6,11.6,3.8
53013,8.7,23.5,18.5,27.8,51.4,7.4,11.7,5.2,67.9,80.9,15.6,60.8,5.5,12.6,64.0,27.9,8.7,28.9,21.86117791198226,11.657116810288468,10.25172824103174,17.1,6.5,30.0,10.11190607272714,7.9,7.502418889182971,31.94583507865785,18.5,64.4,18.6,11.3,32.7,13.2,3.3,6.784719719029454,30.8,2.8,11.9,4.2
53015,9.5,27.8,18.3,30.4,51.1,7.5,12.4,5.6,68.3,80.1,17.0,58.3,6.2,13.7,59.0,28.7,9.3,31.8,22.85498146227149,14.961753134582594,15.657207105896322,19.4,6.9,28.7,12.1674431418713,8.6,9.059784230013008,33.02253695597501,21.3,75.4,20.2,12.2,40.3,14.5,3.6,8.782410692695624,36.5,3.0,15.6,4.7
53017,14.5,22.0,18.1,28.7,50.1,6.8,10.6,5.3,68.5,80.3,16.4,58.9,5.3,12.0,61.7,23.2,9.5,32.6,22.518540389136767,15.21163407839687,11.957544123326759,20.0,6.7,29.1,12.6812237113861,8.0,8.735563209463823,32.00667505984358,22.3,66.2,17.5,12.3,36.1,13.9,3.6,8.074244218581956,29.9,2.9,12.8,5.1
53019,9.4,27.2,18.3,30.7,51.5,7.3,12.7,6.3,66.4,78.9,18.6,55.8,6.9,16.7,55.1,27.6,10.4,34.7,24.95927465049555,17.224226577359026,16.014460868025093,21.6,7.9,30.7,13.586865360972947,9.8,10.321636229062275,34.040666264552,22.4,61.6,20.8,13.8,40.0,15.6,4.3,9.876259918269485,37.5,3.5,14.4,5.7
53021,19.4,21.4,16.1,29.1,52.4,6.1,10.5,5.8,68.7,79.0,17.1,57.0,5.6,12.2,54.8,20.9,11.3,31.9,25.94365047775406,21.31870330211064,17.31198966116702,23.8,7.1,30.3,17.243358758656814,9.1,11.307017545396862,34.814431969330265,25.5,69.3,17.4,13.9,35.4,15.2,4.5,10.794744347223048,35.9,3.2,15.1,6.7
53023,7.7,23.1,18.8,29.0,51.5,7.5,11.3,5.0,68.6,81.6,14.9,59.1,5.1,11.9,63.6,25.6,8.3,27.1,22.099102623393094,11.189603885839777,9.87431658539683,16.0,6.3,29.8,9.90149355364952,7.2,7.154081723926324,32.07003921804853,17.9,72.5,18.0,10.3,30.9,12.5,3.0,6.388383618802996,32.8,2.7,10.0,3.8
53025,17.6,23.8,18.4,31.1,52.4,6.5,10.8,5.9,68.5,78.9,17.8,54.2,5.9,13.0,56.2,23.9,10.8,33.3,24.378770261663632,18.44440580307698,15.127363643373227,22.9,7.2,30.6,14.841535097097456,8.9,9.999084923903222,33.943223033378,25.2,67.3,18.2,13.5,39.2,14.7,4.2,9.568079526434964,33.1,3.2,11.1,6.1
53027,10.5,24.7,18.3,32.4,52.0,7.3,11.6,5.9,65.7,79.3,17.7,60.3,6.4,15.4,58.3,28.4,10.5,33.0,24.451162552183423,16.088108544111474,16.082708126360586,20.2,7.2,31.4,13.117816376311437,8.9,9.22904807672359,35.1001795972872,22.2,72.8,20.5,12.9,36.8,14.5,3.8,8.91420719248169,40.2,3.2,14.1,5.0
53029,7.3,22.4,17.2,27.8,51.1,7.6,10.6,4.7,69.2,82.4,13.6,63.2,4.4,10.2,68.9,24.8,7.7,25.7,19.661810011533696,8.783005338190016,6.563478035926673,14.3,5.7,29.3,8.343161805913274,6.4,5.913145573111846,30.165048880415064,14.700000000000001,71.7,16.8,9.5,31.8,11.6,2.7,5.24062502699849,31.0,2.5,7.800000000000001,3.5
53031,6.6,23.9,19.9,27.5,49.4,7.7,11.0,4.9,69.5,82.6,14.1,61.6,4.6,10.5,68.2,27.4,8.0,27.3,20.740435687287132,8.200442811780512,6.734886334976705,14.8,6.0,30.4,7.846404444193006,6.8,5.8016409886960325,31.351848768153875,14.700000000000001,65.9,17.4,9.8,29.1,12.0,2.8,4.919378092558244,29.4,2.6,7.9,3.6
53033,6.8,18.9,17.2,26.2,50.7,6.6,9.7,4.0,69.9,85.4,11.1,62.1,3.2999999999999994,7.1,71.9,23.4,7.2,20.799999999999997,21.321073258738092,8.218499998043201,5.427619797000384,12.4,4.6,32.1,8.748134451833359,5.2,5.214993722115033,32.24944808376833,13.8,75.4,14.7,7.2,22.4,9.6,2.3,4.157757217417603,29.1,2.3,4.5,3.2
53035,7.1,23.2,18.8,29.5,52.0,7.7,11.3,4.7,69.6,82.4,13.8,61.6,4.6,10.7,70.3,25.9,8.3,25.1,20.779847280929364,9.55463777991,8.216578201281726,14.2,5.8,29.3,8.790581829051447,6.6,6.3900457273284665,30.999231858178277,16.0,71.5,17.0,9.7,32.0,11.8,2.8,5.6881062614454105,32.4,2.6,10.5,3.6
53037,8.5,24.7,19.1,28.5,50.2,7.5,11.3,5.3,67.9,80.9,15.8,60.3,5.5,12.2,64.9,26.8,8.9,28.6,21.315680996813803,12.156093673131942,11.294384135446801,16.8,6.5,28.9,10.3326426298234,7.8,7.651851497329236,31.313445274977802,19.4,70.9,18.5,11.1,36.3,13.3,3.3,7.0563334488595455,30.9,2.9,13.0,4.3
53039,9.8,23.5,18.7,26.8,52.0,7.3,11.4,5.4,66.3,80.1,15.5,57.7,5.5,12.4,59.2,25.7,8.7,27.8,23.111944684616653,13.459646253452082,12.082137518657817,17.3,6.7,28.5,11.364887087502748,7.7,8.32895475054451,32.277972307870314,18.8,71.0,18.3,11.0,32.7,13.2,3.4,7.4427627644166705,33.3,2.9,13.2,4.4
53041,9.9,25.1,18.4,30.6,51.9,7.4,11.4,5.4,64.6,79.4,16.9,54.9,6.0,14.7,59.1,27.9,9.6,30.9,23.752853438992837,13.752334561131496,11.914162185490767,19.0,7.1,32.0,11.384069214218972,8.6,8.178719331813195,34.10211266697781,21.0,64.8,19.4,12.0,38.8,14.7,3.6,7.591801293441391,37.4,3.1,15.3,4.7
53043,7.8,24.7,20.5,28.3,50.9,7.7,11.5,5.3,69.7,81.4,15.8,56.6,5.4,12.3,60.6,25.2,8.3,30.2,22.17055891878995,11.115258172930083,9.584396691931065,16.6,6.6,30.5,9.553514173447802,7.7,7.064690741636808,32.12639414451721,18.5,69.7,18.4,11.4,37.8,12.9,3.2,6.391019383322508,33.3,2.9,5.9,4.0
53045,9.7,25.1,19.1,29.7,51.7,7.3,11.2,5.4,67.6,80.1,16.1,62.0,5.7,13.3,61.4,26.9,9.2,30.7,22.21114486811799,12.882744305655551,11.950324037946633,19.1,6.8,31.1,10.904166559057185,8.0,7.7176467345174435,32.92442687558373,19.8,70.5,19.0,11.9,35.8,14.0,3.4,7.278649552717191,34.1,3.0,7.300000000000001,4.5
53047,13.1,24.7,17.5,30.9,51.3,7.0,11.7,6.2,68.2,78.4,18.1,55.0,6.7,15.8,55.6,25.9,10.4,33.7,24.878619572242094,18.977539528485575,17.28854712588301,21.5,7.6,29.4,15.107471323720123,9.5,10.932837741534259,33.63362423285451,23.3,70.7,19.2,13.6,32.7,15.0,4.4,10.461114433480985,35.8,3.4,18.0,6.1
53049,9.5,25.1,18.0,30.5,52.5,7.3,11.4,5.5,66.9,80.1,16.6,57.2,5.7,13.8,60.0,28.1,9.9,30.6,23.14862052351267,13.743385079029586,12.925975245316046,19.1,6.7,31.4,11.558299235116964,8.2,8.093880398569002,33.96229050559535,19.6,71.7,19.6,11.9,36.4,13.7,3.5,7.6740522054767375,36.8,3.0,8.7,4.6
53051,8.5,25.0,18.2,29.3,50.8,7.6,11.7,5.7,66.8,79.4,16.9,59.5,6.3,14.0,60.7,27.0,9.3,31.4,21.54564396118752,13.649332343932537,12.762947473716824,18.7,7.1,30.0,11.185181511357248,8.6,8.39736928498138,31.557076905815727,20.8,70.8,19.7,12.2,38.6,14.4,3.6,8.016107106361268,32.3,3.1,13.3,4.7
53053,8.7,24.2,17.7,30.8,52.6,6.9,10.8,4.9,69.5,82.1,15.9,61.0,4.9,11.6,65.1,26.7,9.9,30.4,22.414834132540786,13.006094546486594,11.648297326504668,16.9,6.3,32.3,11.305634410892614,7.5,7.481576462670685,33.78517269565195,18.7,74.2,18.5,11.2,36.8,13.3,3.1,7.254819329471703,37.2,2.8,14.5,4.2
53055,6.7,21.9,19.5,25.6,50.0,7.6,10.8,4.6,65.4,83.1,12.6,57.4,4.2,9.5,68.2,25.5,7.0,23.5,21.59720271239121,8.515532452632952,7.078139600050502,13.3,5.7,28.2,8.2656174979879,6.1,6.062309306069005,31.12469779843478,13.6,71.7,16.3,8.9,24.8,10.9,2.6,4.687614695973759,28.9,2.4,10.5,3.3
53057,10.4,23.9,18.3,27.4,50.9,7.1,11.1,5.0,67.0,81.2,15.0,56.9,5.2,11.7,64.3,26.8,8.5,28.2,21.81318011086052,13.14096829548562,12.353629163868195,16.7,6.5,27.9,11.259857323180015,7.4,7.996258378599565,31.722538483560417,18.3,76.4,17.4,10.9,33.2,13.1,3.2,7.270109692291174,32.2,2.8,12.0,4.3
53059,7.9,23.4,19.4,28.4,51.2,7.6,11.7,5.1,68.5,81.1,15.2,61.7,5.3,12.2,64.6,27.2,8.2,28.8,21.98824117387149,11.22623837004216,10.506216631066316,16.1,6.5,28.8,9.802727828803665,7.5,7.34682325894997,31.869267224589766,17.5,68.6,18.5,10.8,32.3,12.7,3.1,6.563103598879779,33.2,2.8,10.3,4.0
53061,7.8,21.8,16.7,27.6,52.3,7.0,11.1,4.5,70.7,83.5,12.9,63.1,4.4,9.8,65.9,25.2,8.3,25.3,21.414903729111256,10.387041695645358,8.328714554282518,14.9,5.7,31.9,9.797361564967668,6.3,6.417711152701596,32.39443720339657,17.4,74.2,16.2,9.8,30.1,11.6,2.7,5.871360037563692,34.8,2.5,6.199999999999999,3.6
53063,7.4,23.7,18.6,28.5,50.0,7.3,11.6,5.1,71.2,81.6,15.2,63.5,5.4,12.0,64.7,27.1,9.1,27.9,21.35840746619751,12.27766811915605,12.156813262344073,17.0,6.4,30.5,10.651594895602337,7.7,7.580263965803814,31.986205241775096,18.7,76.4,18.2,10.7,34.8,12.6,3.3,7.210053217153418,33.5,2.8,9.9,4.1
53065,8.7,26.1,18.8,29.3,50.1,7.6,12.2,5.9,67.2,78.8,16.8,55.5,6.4,14.5,61.3,26.4,9.1,31.6,22.445293848233877,13.816402896054512,11.872474841316375,18.4,7.2,29.4,11.257023747345613,8.9,8.856867824149884,31.261434283262425,19.6,63.6,18.5,12.7,34.1,14.1,3.7,8.155037595972273,32.1,3.1,16.4,4.8
53067,7.4,24.9,15.9,30.8,51.4,7.4,11.3,4.8,66.7,82.0,14.5,64.7,4.6,10.3,68.4,28.0,8.9,27.8,20.464155852058443,10.491806237026523,9.89744209331954,15.8,5.9,31.7,9.689432609462468,7.2,6.582658698058501,32.31009941634326,16.4,75.1,17.9,9.9,31.1,12.7,2.9,6.25794390567842,35.3,2.6,7.199999999999999,3.8
53069,8.9,26.9,18.3,31.0,51.3,7.6,11.9,5.9,67.6,79.8,17.1,56.5,6.2,14.3,60.3,28.6,9.7,31.8,21.946751458427226,13.519541167404974,12.482484861716234,19.1,7.2,31.9,11.098207881852046,8.7,8.251522123585808,32.48041854195573,19.0,69.4,19.6,12.2,39.4,14.3,3.7,8.009370721770695,34.2,3.2,13.7,4.8
53071,11.2,22.5,17.7,28.4,50.8,7.0,11.1,5.2,67.9,80.1,15.6,57.7,5.2,11.9,61.8,25.6,9.2,29.3,21.7322244212094,13.883594523281673,12.151490868454031,18.6,6.5,30.3,11.771618220614435,7.7,8.186892638842412,31.823172273737548,19.0,73.9,17.7,11.0,35.4,13.7,3.4,7.624229759331647,30.4,2.9,11.2,4.6
53073,8.0,22.1,19.1,26.4,51.2,7.4,10.8,4.9,68.7,81.8,15.1,63.3,4.9,11.6,65.6,30.1,7.9,28.3,21.10189222074393,10.301901515883863,10.179242011761858,15.9,6.3,29.4,9.38364254528191,7.3,6.67267859863327,32.08868940138534,16.5,72.3,18.5,10.0,27.3,12.6,3.1,5.932948527694061,30.1,2.7,10.1,4.0
53075,8.1,24.2,16.3,30.3,55.4,7.7,11.9,5.8,70.1,80.3,16.1,59.3,6.2,12.7,61.9,27.1,9.9,31.0,20.552302740232214,13.88698870290235,12.042188747128144,18.2,7.2,30.5,11.518166240840332,8.9,8.565377364601346,30.52564965392026,18.9,72.5,19.0,12.3,32.9,14.0,3.9,8.485897954302924,31.1,3.2,9.3,5.0
53077,19.0,21.7,16.3,31.2,53.3,6.2,10.7,5.9,67.4,78.7,17.9,51.4,6.0,13.2,54.6,22.8,12.1,33.1,25.31243000063854,21.9080084355899,17.537558663591106,26.1,7.4,31.2,17.374059001986176,9.7,11.55920712716837,34.228554251779144,27.7,67.2,18.2,14.6,40.2,15.2,4.8,11.21691385949907,31.4,3.4,17.4,7.1
54001,9.8,32.8,15.4,41.1,61.3,7.4,12.7,7.2,78.0,83.2,21.5,58.8,10.0,22.5,50.0,33.5,13.8,39.5,24.7,19.7,22.5,26.6,7.9,37.2,15.4,11.8,10.7,36.0,34.7,73.8,24.4,16.9,43.8,17.3,4.4,13.5,44.2,3.6,20.8,5.8
54003,8.9,29.4,15.5,36.9,59.2,7.2,12.2,6.0,78.7,85.6,18.1,64.7,7.5,17.2,60.6,29.9,12.0,34.2,23.8,15.5,15.9,21.5,6.5,35.6,13.5,9.3,8.8,34.0,30.4,79.3,22.4,14.3,38.1,14.9,3.5,11.5,36.4,3.1,15.5,4.7
54005,9.7,33.2,16.2,40.4,60.7,7.4,12.6,7.0,77.5,83.2,21.2,57.1,9.8,22.4,49.3,32.9,13.1,39.3,24.8,18.6,20.7,25.9,7.6,36.8,14.5,11.4,10.1,34.6,34.5,70.4,24.1,16.7,46.2,17.0,4.3,12.5,44.0,3.5,24.5,5.5
54007,11.0,32.9,15.7,40.8,61.1,7.3,12.6,7.7,77.8,81.7,22.8,58.3,11.2,24.9,48.1,32.4,14.4,41.0,24.9,21.6,25.9,28.1,8.5,36.0,16.1,12.9,11.7,35.0,35.6,75.1,24.8,18.0,41.3,18.1,5.0,14.7,44.0,3.9,29.5,6.5
54009,7.9,30.2,17.1,37.0,60.1,7.5,11.9,6.0,78.0,85.1,17.9,59.2,7.6,17.9,55.2,30.8,11.7,33.8,22.7,13.9,14.6,21.2,6.7,35.2,11.9,9.2,8.1,34.7,27.6,79.5,21.9,13.6,40.3,14.7,3.3,10.3,45.7,3.0,19.1,4.3
54011,8.5,33.5,15.3,37.1,62.5,7.6,12.9,6.6,79.2,84.7,19.7,63.0,8.8,19.4,51.7,33.4,13.2,37.6,24.0,17.2,19.4,24.2,7.1,36.1,13.9,10.8,9.9,36.3,30.4,74.1,22.9,15.9,45.7,16.3,4.1,13.1,42.5,3.4,21.3,5.3
54013,11.5,35.1,15.2,41.3,61.9,7.3,13.0,8.3,77.1,81.0,24.1,55.6,12.2,27.0,45.5,33.8,15.1,43.9,25.0,24.5,29.8,30.6,8.9,36.6,17.7,14.0,12.9,35.8,37.8,71.8,25.7,19.6,40.4,19.3,5.6,16.4,43.5,4.2,28.9,7.3
54015,10.9,33.9,15.4,40.4,61.3,7.4,12.8,7.7,77.4,82.0,23.0,60.5,11.1,24.8,47.9,33.8,14.2,41.9,25.0,21.9,25.5,28.5,8.4,36.8,16.2,12.9,11.6,37.2,36.6,71.2,25.0,18.2,41.6,18.5,5.0,14.5,44.0,3.9,27.8,6.5
54017,10.2,32.2,16.6,39.8,60.6,7.3,11.9,7.1,77.0,82.8,20.5,58.2,9.5,22.1,51.5,30.5,13.2,37.6,25.1,18.0,19.7,25.3,7.8,36.6,14.3,10.9,10.0,35.7,32.6,75.9,22.9,16.0,41.0,16.5,4.3,12.5,44.8,3.5,18.4,5.5
54019,9.6,32.4,15.5,38.3,60.6,7.4,12.7,7.1,77.0,83.4,21.0,57.5,9.7,22.2,48.7,33.2,13.8,40.1,25.3,18.8,21.5,26.7,7.8,37.6,15.2,11.4,10.5,37.7,33.4,78.4,24.3,16.7,40.3,17.1,4.3,13.3,48.2,3.5,27.9,5.7
54021,11.6,31.6,16.1,42.0,61.9,7.1,11.7,7.3,78.3,83.2,20.1,58.8,9.3,21.5,52.1,28.6,14.5,39.1,27.3,20.6,22.1,26.7,7.7,37.5,16.7,10.9,11.2,34.9,34.2,74.8,22.0,16.6,43.8,16.6,4.5,14.6,42.7,3.7,17.9,6.0
54023,8.8,31.5,16.2,36.9,60.2,7.4,12.1,6.5,78.0,84.2,19.5,61.8,8.5,20.2,50.0,31.4,12.2,36.8,23.6,16.0,17.6,22.9,7.3,35.3,13.0,10.1,9.0,34.7,30.8,73.6,22.9,15.0,43.3,15.8,3.7,11.2,47.3,3.2,18.4,4.9
54025,9.8,32.8,15.7,38.5,60.6,7.4,12.6,7.0,78.0,83.7,20.3,56.2,9.6,21.4,52.3,31.6,12.9,36.1,24.2,18.7,21.3,24.8,7.5,35.1,14.5,11.3,10.2,34.7,32.4,72.8,23.6,16.1,40.2,16.9,4.3,13.1,39.6,3.5,24.1,5.7
54027,9.1,31.7,16.3,37.4,61.0,7.4,12.1,6.5,76.8,84.0,19.7,58.9,8.6,20.7,52.0,31.9,12.4,37.0,24.5,15.9,17.3,23.3,7.3,36.2,13.3,10.1,9.0,34.0,31.2,77.4,22.9,15.0,38.8,15.6,3.8,11.2,40.5,3.2,24.3,4.9
54029,8.6,31.5,16.1,38.2,60.5,7.4,12.3,6.4,78.8,84.5,19.2,66.4,8.4,19.3,53.7,31.7,12.5,36.3,22.6,16.0,17.4,23.0,7.0,34.9,13.1,10.2,9.1,34.1,29.7,71.7,22.7,14.8,43.9,15.6,3.7,11.4,39.8,3.2,18.9,4.9
54031,10.6,32.4,15.8,40.0,61.3,7.2,12.5,7.2,78.3,83.2,21.0,58.0,9.7,22.1,49.4,32.0,14.2,39.0,24.5,19.7,22.0,26.4,7.8,36.5,15.4,11.5,10.7,35.2,33.5,73.7,23.7,16.6,41.5,17.3,4.5,13.5,43.9,3.6,24.0,5.9
54033,8.5,31.5,15.2,37.1,61.1,7.4,12.4,6.5,79.2,84.9,19.2,62.7,8.4,19.2,57.7,31.1,12.6,34.5,22.8,15.8,17.2,22.7,7.0,36.7,12.7,10.1,9.0,34.0,28.6,74.3,22.1,14.4,40.1,15.1,3.8,11.2,40.1,3.2,16.4,4.9
54035,8.7,31.8,15.9,39.5,61.9,7.6,12.4,6.8,78.6,84.1,19.7,58.6,8.9,20.1,57.9,32.4,13.4,38.1,23.3,16.6,18.5,23.9,7.5,37.1,13.2,10.7,9.4,34.2,32.2,73.5,22.8,15.5,42.5,16.1,4.0,11.9,43.9,3.3,22.7,5.1
54037,8.2,28.6,15.2,35.9,57.9,7.2,11.9,5.6,78.7,86.4,16.2,61.5,6.5,15.1,61.8,28.8,11.2,30.6,22.2,13.0,12.7,18.9,6.1,34.9,11.7,8.1,7.6,32.0,25.3,78.8,19.9,12.4,37.9,13.3,3.1,9.6,37.4,2.8,14.3,4.1
54039,8.1,30.9,16.6,39.9,61.0,7.5,12.1,6.5,79.2,85.5,19.3,60.8,8.0,19.6,58.8,31.8,12.4,36.9,25.1,17.9,18.2,22.3,7.0,36.6,14.6,10.4,9.2,35.5,30.4,71.7,23.0,15.2,40.3,15.1,3.8,12.8,40.5,3.2,15.6,5.0
54041,9.5,32.5,16.0,37.8,60.8,7.4,12.3,6.9,77.5,83.4,20.5,59.6,9.5,21.6,51.8,32.7,13.4,38.0,24.5,18.2,20.4,25.2,7.7,36.0,14.1,11.1,9.9,35.5,32.6,73.9,23.7,15.9,39.9,16.7,4.2,12.5,44.7,3.4,19.7,5.5
54043,11.1,34.4,15.0,40.3,62.0,7.4,13.0,7.8,78.2,81.9,23.0,57.2,11.2,25.1,46.7,34.4,14.4,41.3,24.8,21.9,26.1,28.8,8.4,35.6,16.6,13.1,11.7,36.6,34.0,71.6,24.9,17.9,45.2,18.8,5.1,14.8,44.7,3.9,27.6,6.6
54045,10.6,34.5,15.2,41.0,62.0,7.4,12.8,7.6,77.7,82.4,22.9,54.7,11.0,24.6,45.2,36.2,14.2,42.3,26.1,21.4,25.5,29.5,8.3,37.5,16.4,13.2,11.8,39.0,37.1,68.1,25.4,18.7,44.7,18.8,5.0,15.0,45.9,3.8,26.4,6.5
54047,14.3,35.1,14.3,44.6,63.4,6.9,13.3,8.9,76.9,79.6,25.7,54.6,13.6,29.3,40.7,32.6,17.4,46.6,27.8,30.200000000000003,36.2,34.8,9.2,37.1,21.6,15.6,15.7,38.6,42.6,69.8,26.0,22.0,46.1,20.4,6.7,19.7,47.5,4.7,34.2,8.8
54049,8.0,32.0,17.5,38.1,60.8,7.5,12.3,6.4,79.0,85.2,18.5,62.2,8.1,18.9,56.7,31.4,12.6,35.0,21.9,15.3,16.6,22.0,6.8,36.6,12.9,9.7,8.8,34.5,28.7,77.2,22.7,14.4,43.0,15.0,3.6,11.2,41.1,3.1,19.8,4.7
54051,8.6,31.9,17.0,38.0,61.1,7.6,12.1,6.7,77.9,83.9,19.6,63.2,8.7,21.1,55.5,32.0,12.4,36.7,23.3,16.0,18.1,23.1,7.4,34.6,13.1,10.3,9.1,32.6,30.8,77.4,23.0,14.9,37.3,15.9,3.9,11.8,44.9,3.3,22.3,5.0
54053,9.6,32.6,15.0,38.6,61.6,7.6,13.0,7.1,78.3,83.3,21.3,57.0,10.0,22.5,51.7,33.7,13.2,39.0,23.7,18.9,21.7,25.8,7.7,37.2,14.8,11.7,10.3,35.8,34.3,75.4,24.0,16.6,41.2,17.2,4.4,13.1,43.2,3.5,11.3,5.7
54055,9.2,34.6,15.3,38.7,62.4,7.2,12.9,7.0,79.1,83.7,21.1,62.4,9.8,22.1,54.8,33.0,13.6,40.0,23.8,18.8,22.1,25.9,7.7,37.5,15.1,11.7,10.6,37.1,32.9,77.8,23.5,17.5,41.0,16.8,4.5,13.9,43.9,3.6,24.5,5.8
54057,7.8,31.2,17.4,36.2,60.3,7.4,12.1,6.1,77.8,85.1,18.0,60.7,7.8,18.3,55.7,32.3,11.7,33.8,23.1,13.9,15.0,21.6,6.8,33.9,12.1,9.5,8.2,33.5,28.8,78.2,21.8,13.9,39.4,15.0,3.4,10.4,38.7,3.0,14.2,4.5
54059,12.4,35.0,14.5,42.8,61.8,7.3,13.4,8.5,77.8,80.6,25.2,51.5,13.0,28.0,46.2,36.0,15.8,46.9,25.8,26.6,31.6,32.5,9.0,37.9,18.8,15.1,13.8,37.4,41.5,72.4,26.6,21.0,43.0,20.4,6.0,17.3,48.7,4.4,31.9,7.8
54061,7.2,28.7,17.5,35.1,61.7,7.5,11.5,6.1,78.2,86.2,16.1,61.1,7.3,15.6,58.9,28.7,12.1,29.7,20.7,13.2,14.4,19.5,6.6,35.2,11.4,8.8,8.1,33.3,24.3,82.2,20.0,13.0,34.2,13.7,3.4,10.5,40.1,3.0,15.2,4.4
54063,9.5,33.1,15.9,38.7,61.0,7.4,12.5,6.9,78.2,83.5,20.5,58.8,9.3,21.5,52.7,32.9,13.1,38.6,24.6,17.9,19.9,24.7,7.7,37.0,14.0,11.0,9.9,36.3,32.7,73.9,23.4,16.0,41.2,16.5,4.1,12.5,42.4,3.4,24.0,5.4
54065,8.9,31.2,16.1,37.7,59.4,7.4,12.1,6.4,77.7,84.2,19.3,59.7,8.4,19.9,57.9,31.5,12.2,36.0,24.3,15.6,16.7,23.0,7.2,35.7,13.0,10.1,8.9,35.1,30.6,72.0,22.7,14.7,38.8,15.6,3.7,11.1,41.6,3.2,18.6,4.8
54067,9.2,32.7,15.8,38.4,60.4,7.5,12.3,6.9,77.1,83.7,20.3,60.6,9.2,21.3,54.7,33.1,12.6,38.3,24.1,17.6,19.3,24.7,7.6,36.0,14.0,10.9,9.6,36.6,32.4,76.7,23.5,15.9,40.3,16.4,4.1,12.3,42.3,3.4,25.7,5.3
54069,7.8,31.4,17.5,36.7,60.8,7.6,12.1,6.2,78.1,85.3,18.2,61.0,7.7,17.3,60.7,31.2,12.0,34.7,22.3,14.3,15.6,21.3,6.8,34.9,12.2,9.5,8.4,34.9,28.1,77.8,22.1,13.9,40.1,15.0,3.5,10.8,41.3,3.0,17.3,4.6
54071,9.3,31.2,16.4,37.5,60.4,7.4,12.2,6.7,77.7,83.8,20.0,62.6,8.8,20.5,54.1,31.9,12.6,36.5,24.2,16.9,18.6,23.9,7.3,36.6,13.7,10.5,9.5,36.0,30.9,73.3,23.0,15.2,36.8,16.0,3.9,11.7,41.8,3.3,18.6,5.1
54073,8.9,31.5,17.0,38.2,60.0,7.5,11.8,6.5,77.1,84.0,19.1,63.0,8.4,19.9,53.3,31.8,12.2,36.1,24.5,15.4,16.1,23.1,7.2,36.4,12.7,9.7,8.8,35.1,31.2,78.7,22.4,14.5,43.5,15.5,3.7,10.9,43.4,3.2,17.6,4.7
54075,10.7,32.5,15.7,39.8,61.1,7.4,12.5,7.4,76.6,82.3,21.8,56.3,10.3,23.2,46.2,32.2,13.7,39.5,24.9,20.3,23.2,27.1,8.1,36.5,15.4,12.0,10.9,35.9,34.5,72.4,24.0,17.1,40.6,17.6,4.7,13.8,42.7,3.7,17.0,6.1
54077,9.6,32.0,17.6,37.7,59.8,7.5,12.0,6.7,77.0,83.5,19.9,60.8,8.8,20.8,51.7,31.7,12.6,37.8,25.2,16.9,17.9,24.0,7.4,36.3,13.5,10.3,9.2,36.1,30.2,75.6,22.8,15.3,37.3,15.9,3.9,11.7,39.6,3.3,26.9,5.1
54079,7.3,30.2,16.6,37.7,59.7,7.5,11.8,5.8,79.7,85.7,17.0,61.5,7.2,16.5,61.4,31.6,11.3,32.2,22.5,12.6,13.0,19.7,6.5,36.5,10.9,8.8,7.5,32.7,26.9,74.2,21.4,12.8,37.8,14.0,3.1,9.6,41.5,2.8,14.0,4.1
54081,9.9,32.7,15.3,41.2,62.2,7.4,12.7,7.2,79.3,83.7,21.7,55.7,9.9,21.1,53.1,32.2,14.2,40.3,25.9,20.5,22.8,27.7,7.7,37.4,16.0,11.8,11.1,38.5,34.5,73.9,24.3,17.2,43.1,17.9,4.6,14.3,44.1,3.7,21.5,6.0
54083,9.4,32.4,16.6,39.6,60.6,7.4,12.1,6.8,76.8,83.5,19.7,57.8,8.9,20.8,52.8,32.3,12.7,37.6,24.5,17.2,18.5,24.0,7.5,35.3,13.5,10.6,9.5,36.9,31.4,72.7,22.7,15.3,46.2,16.0,4.0,12.0,44.8,3.3,21.3,5.2
54085,10.4,33.4,15.9,39.1,61.3,7.4,12.6,7.4,77.7,82.4,21.8,56.3,10.4,23.7,45.9,32.8,13.3,39.2,24.6,19.8,22.8,26.9,8.1,37.5,15.2,12.1,10.8,35.9,35.5,74.9,24.3,17.1,42.4,17.4,4.6,13.5,44.8,3.7,22.1,6.0
54087,11.1,34.1,15.0,40.7,61.2,7.3,12.8,7.8,76.8,81.9,22.9,52.3,11.2,24.6,44.8,33.9,14.5,41.5,24.2,21.8,25.8,29.1,8.3,36.8,16.1,12.9,11.6,34.8,36.9,72.3,24.7,18.4,41.3,18.4,5.1,14.5,44.8,3.9,30.7,6.6
54089,10.6,33.8,14.6,39.7,62.0,7.3,13.4,7.3,78.4,83.0,22.3,58.6,10.6,23.4,50.7,33.2,14.3,40.2,24.9,22.3,26.1,28.1,7.8,36.1,17.4,12.8,12.0,35.8,35.9,75.1,24.8,17.9,39.8,18.1,4.9,15.5,43.4,3.8,31.5,6.5
54091,9.4,31.6,16.4,38.4,60.8,7.4,12.4,6.8,77.3,83.6,20.3,60.8,9.1,20.8,49.5,31.9,12.6,37.3,24.8,17.1,18.7,24.4,7.4,37.1,13.6,10.7,9.5,34.5,32.5,75.9,23.1,15.4,41.6,16.3,4.0,11.8,43.6,3.3,17.8,5.2
54093,8.5,31.8,16.5,37.9,60.1,7.5,12.2,6.4,78.0,84.6,18.8,63.9,8.3,19.1,58.7,32.2,11.9,35.7,23.0,15.2,16.3,22.5,7.2,36.0,12.4,9.8,8.6,35.9,30.0,74.9,22.3,14.4,39.0,15.5,3.6,10.8,38.8,3.1,20.0,4.7
54095,8.8,32.2,16.0,38.9,61.1,7.5,12.3,6.7,78.0,84.0,19.9,56.7,9.0,20.9,54.5,32.4,12.8,37.0,23.8,16.8,18.8,23.6,7.5,37.2,13.6,10.6,9.4,34.8,31.8,72.7,23.4,15.4,42.5,16.1,3.9,12.0,42.6,3.3,17.9,5.1
54097,9.4,32.2,16.2,39.0,60.8,7.4,12.4,7.0,78.2,83.4,20.7,57.3,9.5,22.1,49.3,32.1,13.3,38.4,24.3,18.2,20.9,24.9,7.7,37.1,14.2,11.2,10.1,35.4,33.2,74.8,23.6,16.1,37.1,16.6,4.2,12.7,40.9,3.5,22.8,5.5
54099,9.5,33.0,16.2,39.4,61.5,7.5,12.7,7.0,78.4,83.5,20.8,63.8,9.6,22.3,49.5,33.3,13.1,39.6,24.5,18.2,20.7,25.7,7.7,35.9,14.4,11.5,10.1,34.9,33.3,75.2,24.1,16.5,42.6,17.0,4.3,12.8,46.0,3.5,22.2,5.6
54101,11.2,34.5,15.5,40.2,61.4,7.4,12.9,7.7,77.5,81.7,23.2,54.8,11.2,24.9,49.9,34.1,14.1,41.9,25.6,21.6,25.4,28.6,8.3,37.2,16.3,13.0,11.6,37.6,37.9,69.4,25.0,18.2,42.6,18.5,5.0,14.4,41.3,3.9,27.3,6.5
54103,9.1,32.6,16.2,38.0,60.7,7.4,12.4,6.8,77.5,83.8,20.5,60.6,9.2,21.5,52.2,32.8,12.8,38.2,25.5,17.3,19.6,24.6,7.5,37.2,13.9,10.8,9.6,36.5,34.2,71.1,23.9,15.7,42.4,16.4,4.0,12.1,46.2,3.4,18.3,5.2
54105,9.3,32.6,16.2,38.6,60.7,7.5,12.6,7.2,77.5,83.2,20.9,59.6,9.7,21.9,46.9,32.9,13.3,38.3,23.8,18.3,20.9,25.3,7.8,36.5,14.3,11.3,10.1,35.7,33.1,74.7,23.9,16.3,42.4,16.7,4.3,12.7,43.8,3.5,27.0,5.5
54107,8.3,32.0,17.0,38.7,60.5,7.6,12.1,6.7,79.3,84.8,19.6,66.4,8.7,19.5,53.8,33.9,13.0,36.0,22.3,16.5,18.4,23.5,7.0,35.8,13.2,10.4,9.3,34.3,31.0,77.6,22.9,15.1,43.4,15.9,3.8,11.6,42.4,3.2,22.5,4.9
54109,11.1,34.3,15.4,42.1,61.0,7.3,13.0,7.8,77.3,81.8,23.4,56.1,11.1,25.2,44.4,33.7,14.3,43.8,25.9,22.1,25.0,29.5,8.3,37.8,16.5,13.1,11.7,38.7,37.4,68.3,25.0,18.8,44.1,18.7,5.0,14.5,45.7,3.8,28.3,6.5
55001,10.5,24.2,20.6,32.3,57.7,7.0,11.0,6.4,74.1,81.5,15.7,57.9,7.0,18.3,63.8,25.0,11.2,32.6,22.8,16.4,17.6,20.3,7.0,30.3,12.8,9.1,8.6,32.4,30.3,76.2,18.0,13.4,40.3,13.9,3.9,7.5,33.6,3.2,16.4,5.0
55003,8.8,23.1,19.7,30.1,58.4,7.1,11.6,6.2,74.5,81.8,15.4,58.6,6.9,18.0,59.8,26.8,10.8,31.3,21.9,15.6,17.6,19.6,7.1,28.1,12.6,9.4,8.9,34.3,29.7,76.1,18.4,13.3,41.4,14.0,3.9,7.7,34.4,3.3,17.0,5.1
55005,8.6,22.6,22.0,29.3,57.7,7.1,11.1,5.7,74.3,82.6,14.9,63.8,6.3,16.0,61.7,25.6,9.8,28.9,21.3,13.5,14.5,17.9,6.3,28.8,10.8,8.4,7.4,32.2,27.3,78.6,17.7,11.9,38.3,13.1,3.4,6.3,33.8,3.0,15.0,4.4
55007,7.1,23.1,21.3,29.9,57.8,7.4,11.2,5.5,74.4,83.9,13.5,62.3,5.4,14.0,67.2,25.9,9.2,28.3,19.9,11.5,12.1,16.2,6.2,31.7,10.0,7.7,7.1,31.4,24.1,81.1,17.1,11.1,38.9,12.2,3.0,5.9,33.9,2.8,10.7,3.9
55009,8.5,22.4,19.9,28.7,57.7,7.2,10.7,5.3,76.1,83.9,13.5,66.5,5.4,13.6,68.5,23.7,9.3,27.2,18.9,12.2,12.2,16.5,5.8,29.8,10.5,7.7,7.0,30.0,26.4,81.8,16.2,11.3,41.1,11.9,3.1,5.9,31.5,2.8,6.800000000000001,4.0
55011,8.4,23.2,21.9,29.0,56.9,7.1,10.9,5.5,74.6,82.9,14.3,63.1,6.0,15.4,68.0,25.4,9.4,29.1,20.5,12.3,12.9,17.0,6.3,29.3,10.1,8.0,7.0,31.7,27.5,79.3,17.4,11.8,39.4,12.7,3.2,5.799999999999999,34.3,2.8,10.9,4.1
55013,8.7,23.9,21.3,29.4,57.0,7.2,11.3,5.9,73.5,82.5,15.3,59.6,6.6,17.0,60.0,25.2,10.0,30.7,20.4,13.9,15.2,18.2,6.8,29.2,11.3,8.8,7.9,32.0,28.2,80.8,18.1,12.3,38.8,13.4,3.5,6.8,34.2,3.1,10.4,4.6
55015,7.5,21.8,22.5,26.8,57.4,7.2,10.7,5.0,75.0,84.6,12.5,64.3,5.0,12.8,69.4,24.3,8.5,25.8,19.3,10.0,10.2,14.4,5.7,28.5,8.8,6.9,6.0,30.3,24.2,78.4,16.2,10.1,32.8,11.2,2.7,4.9,33.3,2.5,10.4,3.5
55017,8.0,23.2,22.3,29.5,57.3,7.2,11.2,5.6,73.0,82.8,14.4,61.4,5.9,15.8,66.3,25.3,9.4,30.7,20.9,11.8,12.9,17.5,6.4,29.3,10.1,8.1,7.0,31.4,26.6,77.6,17.2,11.4,41.4,12.7,3.2,5.9,33.7,2.9,14.8,4.1
55019,11.9,23.9,20.4,28.9,56.4,6.9,11.5,6.4,71.5,80.3,16.7,59.7,7.5,18.9,59.8,23.7,10.2,32.1,22.4,16.4,17.7,20.6,7.1,30.0,12.6,9.8,8.6,32.5,32.0,75.9,18.4,13.8,38.1,14.5,4.0,7.1,32.9,3.3,12.8,5.2
55021,7.9,22.5,21.8,27.6,57.7,7.3,10.9,5.3,72.8,83.6,13.6,62.0,5.6,14.4,67.8,24.5,9.0,27.6,19.8,11.1,11.6,15.7,6.0,28.1,9.7,7.5,6.5,31.7,24.6,77.9,16.9,11.0,33.2,12.1,3.0,5.5,32.9,2.7,9.2,3.8
55023,8.9,23.9,21.3,30.4,58.4,7.1,11.1,6.0,73.8,81.9,15.2,61.2,6.6,17.2,61.0,25.2,10.1,30.2,21.5,14.2,15.5,18.7,6.7,28.9,11.4,8.7,7.8,32.1,27.5,76.0,18.2,12.5,37.6,13.3,3.6,6.7,37.3,3.1,17.5,4.6
55025,6.7,19.3,21.0,25.5,56.9,7.0,9.9,4.7,73.5,85.5,11.2,66.4,4.3,10.4,70.2,24.2,8.1,23.9,18.7,9.5,9.2,13.3,5.2,27.4,8.6,6.3,5.700000000000001,30.4,20.8,79.6,14.7,9.3,33.4,10.5,2.6,4.8,29.2,2.4,4.4,3.4
55027,9.0,23.4,21.4,28.8,57.9,7.1,10.8,5.5,76.2,83.1,14.2,62.1,5.8,15.0,61.8,23.8,9.2,29.6,21.6,12.8,12.6,17.0,6.2,30.9,10.7,7.7,7.1,31.3,27.0,78.3,17.2,11.6,42.5,12.4,3.1,5.9,36.9,2.8,10.6,4.1
55029,7.1,22.5,21.7,27.9,56.4,7.3,10.8,5.1,75.2,84.7,12.6,62.1,5.1,12.7,64.3,23.4,8.6,25.9,19.4,9.8,10.2,14.7,5.8,28.9,8.7,7.0,6.0,29.9,23.9,79.1,16.0,10.2,36.8,11.3,2.8,5.1,33.8,2.6,9.6,3.5
55031,7.4,23.2,21.0,30.3,57.6,7.2,11.1,5.5,75.1,83.7,13.8,61.4,5.7,14.7,68.2,25.1,9.4,28.8,19.9,11.9,12.5,16.3,6.3,30.1,9.8,7.8,6.8,31.3,25.8,79.3,17.5,11.3,40.9,12.5,3.1,5.799999999999999,33.9,2.8,11.8,3.9
55033,7.7,22.8,20.9,29.0,57.6,7.2,10.9,5.5,74.5,83.4,13.8,61.5,5.9,15.2,65.3,25.3,9.3,29.3,20.3,11.8,12.7,16.6,6.3,29.0,10.0,7.9,7.0,31.5,26.9,78.7,16.9,11.5,40.7,12.4,3.2,5.9,34.9,2.8,10.0,4.0
55035,7.3,22.6,20.7,28.1,57.0,7.3,10.7,5.2,74.5,83.8,13.2,59.1,5.4,13.8,66.4,26.2,8.9,27.6,21.4,11.0,11.6,15.5,6.0,29.3,9.4,7.5,6.5,32.1,24.5,80.1,17.0,10.8,31.4,11.7,2.9,5.4,37.3,2.7,13.6,3.8
55037,8.0,23.3,22.1,29.2,56.6,7.3,11.0,5.5,74.5,83.1,13.9,62.4,5.7,14.9,60.7,25.3,9.2,29.1,21.2,11.5,12.1,16.4,6.3,30.3,9.8,7.7,6.7,31.4,25.9,76.5,17.3,11.2,36.8,12.6,3.1,5.6,34.6,2.8,12.3,3.9
55039,8.6,23.9,21.1,29.5,57.3,7.0,11.1,5.3,75.4,83.2,14.1,59.8,5.7,15.2,65.4,25.6,9.3,29.6,21.3,12.2,12.6,16.5,6.1,30.2,10.4,7.9,6.9,32.7,27.7,77.4,17.0,11.9,43.8,12.6,3.1,5.799999999999999,31.9,2.8,8.5,4.1
55041,10.1,26.1,22.5,33.9,59.9,7.3,12.5,6.6,75.3,82.0,17.3,59.7,7.6,20.6,60.8,27.6,12.0,35.2,22.5,17.4,19.0,22.3,7.6,32.8,13.8,10.4,9.8,33.9,32.4,78.2,20.4,14.7,45.8,15.5,4.2,8.4,35.8,3.5,11.4,5.7
55043,8.7,23.5,21.4,29.4,58.1,7.2,11.1,5.9,74.6,82.5,14.9,61.5,6.5,16.5,61.4,25.2,10.3,30.0,20.8,13.6,15.2,18.1,6.6,29.6,10.9,8.8,7.6,31.2,30.8,77.8,18.0,12.7,42.7,13.4,3.6,6.7,35.9,3.1,17.5,4.5
55045,7.7,22.5,21.4,29.6,57.0,7.2,10.7,5.2,74.2,83.8,13.4,65.9,5.4,13.8,65.8,24.5,8.7,27.8,19.7,10.7,11.1,15.7,6.1,30.1,9.3,7.4,6.3,30.2,24.7,80.0,16.7,10.6,39.9,11.8,2.9,5.3,33.3,2.7,12.0,3.7
55047,9.6,24.6,20.8,30.0,57.8,7.1,11.3,5.9,73.8,82.2,15.3,61.3,6.7,16.5,59.2,25.4,10.1,31.6,21.4,14.6,16.1,18.8,6.8,29.3,11.7,8.9,8.0,32.4,29.8,74.1,18.0,12.8,40.4,13.4,3.6,6.8,35.0,3.1,13.0,4.7
55049,7.2,22.4,21.9,27.2,57.0,7.2,10.6,5.2,73.9,84.1,13.1,62.0,5.3,13.9,69.2,25.0,8.6,26.9,19.6,10.5,10.7,15.5,5.9,29.1,9.1,7.3,6.2,31.1,26.5,77.0,16.8,10.4,38.2,11.8,2.8,5.2,32.4,2.6,12.0,3.6
55051,7.8,23.4,22.3,27.8,57.4,7.3,11.2,5.7,73.8,83.1,14.4,58.9,6.1,15.6,67.1,24.5,9.6,28.1,20.0,12.3,13.5,17.2,6.4,28.5,10.4,8.2,7.2,32.3,26.6,77.8,17.7,11.6,34.6,12.7,3.3,6.2,30.2,2.9,10.3,4.2
55053,9.6,24.1,20.4,32.1,57.8,7.0,11.2,6.2,74.3,81.7,15.6,58.7,6.8,18.1,61.3,24.8,10.6,31.8,22.0,15.5,16.7,19.8,6.9,30.0,12.4,9.0,8.5,32.0,29.5,78.1,18.3,13.1,40.2,13.9,3.8,7.3,36.4,3.2,16.4,4.9
55055,8.5,22.3,21.1,27.2,56.5,7.1,10.9,5.3,74.0,83.7,13.1,60.9,5.4,13.8,68.5,23.7,8.9,26.9,20.2,11.2,11.2,15.9,5.9,27.9,9.9,7.4,6.5,31.9,26.7,77.2,16.5,10.8,40.9,12.2,2.9,5.5,31.7,2.7,13.0,3.8
55057,9.9,24.1,21.5,32.8,58.5,7.0,11.2,6.3,73.8,81.4,16.0,56.8,7.2,18.8,60.5,25.7,10.9,32.4,22.8,15.5,17.6,20.5,7.0,30.4,12.4,9.4,8.6,32.5,30.0,75.0,18.3,13.7,41.7,14.2,3.9,7.4,34.3,3.3,14.0,5.1
55059,9.9,24.4,20.7,30.6,58.7,7.0,11.0,5.5,75.1,84.3,13.7,63.7,5.7,14.7,61.4,24.7,10.0,29.1,21.7,13.4,13.9,17.7,6.0,29.1,11.9,7.8,7.5,31.5,26.7,78.6,16.7,11.7,40.1,12.3,3.3,6.3,36.6,2.8,16.0,4.4
55061,8.1,22.7,21.8,28.5,56.3,7.2,10.7,5.4,75.1,83.4,13.8,63.5,5.7,15.1,66.9,24.3,9.2,28.4,20.2,11.4,11.7,16.2,6.2,29.4,9.8,7.6,6.6,31.1,26.2,77.0,16.9,11.0,41.1,12.1,3.0,5.5,36.4,2.7,9.5,3.9
55063,6.8,23.6,20.9,28.4,57.9,7.3,11.2,5.3,77.4,84.7,13.2,65.5,5.5,13.8,68.3,25.4,9.3,28.7,19.7,10.8,11.6,16.1,6.0,31.1,9.3,7.5,6.5,32.2,25.0,79.9,16.8,11.3,39.0,12.1,3.0,5.5,33.0,2.7,10.4,3.8
55065,9.4,24.0,21.1,30.3,57.2,7.1,11.0,5.8,74.8,82.3,15.1,60.4,6.4,16.3,65.0,25.4,9.8,30.9,21.1,13.9,14.8,18.8,6.6,30.3,11.2,8.7,7.6,32.7,28.8,77.4,18.1,12.7,41.9,13.4,3.5,6.4,35.1,3.0,12.1,4.5
55067,9.4,24.5,21.4,30.3,57.8,7.1,11.3,6.0,73.8,81.5,15.6,62.0,6.8,17.9,64.6,23.9,10.0,31.2,21.9,14.5,16.2,19.2,6.7,30.8,11.4,9.1,8.1,32.7,30.1,77.2,18.4,12.9,37.1,13.8,3.6,6.7,33.9,3.1,13.7,4.7
55069,8.5,25.1,21.8,30.2,56.4,7.1,11.1,5.8,74.5,82.5,15.0,63.1,6.4,16.3,66.1,25.9,9.5,31.4,20.6,13.4,14.3,18.3,6.7,30.0,10.9,8.6,7.4,32.7,27.6,78.3,18.1,12.3,42.1,12.9,3.4,6.2,34.3,3.0,13.7,4.4
55071,8.7,23.1,22.2,29.9,55.8,7.1,10.8,5.4,74.5,82.9,13.9,61.1,5.9,15.3,66.6,23.1,9.2,27.0,20.3,12.6,13.1,16.8,6.1,28.8,10.3,7.9,7.0,31.4,28.1,75.9,16.7,11.5,38.9,12.5,3.2,5.9,36.4,2.8,15.6,4.1
55073,8.1,22.2,21.1,29.4,56.3,7.1,10.3,5.4,74.2,83.6,13.3,58.7,5.5,14.5,68.6,25.1,8.8,27.9,20.9,11.9,12.2,16.7,6.1,31.0,9.8,7.5,6.7,29.8,26.4,76.1,16.1,10.9,36.0,12.0,3.0,5.4,31.2,2.7,5.1,3.9
55075,8.4,23.7,21.8,29.6,57.8,7.3,11.2,5.8,74.5,82.8,15.0,62.6,6.3,16.6,61.4,25.4,9.9,30.7,21.1,13.4,14.5,17.8,6.5,30.1,10.8,8.4,7.4,31.1,27.5,76.3,17.7,12.2,37.6,13.1,3.4,6.3,33.1,3.0,13.7,4.3
55077,9.4,24.0,20.8,30.8,58.1,7.0,11.2,6.0,74.6,82.0,15.4,60.4,6.8,17.4,59.1,25.7,10.1,31.8,21.6,14.3,15.8,19.3,6.7,30.2,11.7,9.0,7.9,33.4,29.8,79.2,18.1,13.0,43.0,13.7,3.6,6.7,35.3,3.1,12.2,4.7
55078,10.3,25.8,18.0,34.4,59.6,6.1,14.1,7.0,75.7,81.5,18.2,55.9,7.5,23.9,53.2,24.1,15.3,39.1,27.5,28.9,28.3,26.1,8.7,29.1,21.4,12.1,15.7,36.2,35.8,73.9,20.7,17.9,45.4,17.2,4.9,13.4,39.5,4.2,17.8,8.1
55079,10.8,23.9,17.2,34.1,61.7,6.2,11.8,5.8,77.9,84.6,14.5,65.9,6.3,14.9,63.6,23.7,12.4,30.1,25.1,19.5,21.0,21.9,5.6,30.4,15.1,9.7,10.2,35.0,27.7,82.6,17.2,14.2,38.8,13.4,4.5,8.9,36.4,3.4,13.7,5.7
55081,9.6,25.7,20.5,31.0,57.9,7.1,11.3,6.1,74.5,82.3,15.3,58.6,6.8,17.1,64.8,26.4,10.4,31.8,21.6,14.9,16.3,19.2,6.8,30.0,11.8,9.0,8.2,32.2,30.5,77.2,18.1,13.4,44.0,13.9,3.7,7.0,32.1,3.2,10.3,4.8
55083,8.2,23.5,21.3,29.2,57.3,7.2,11.2,5.6,75.2,82.9,14.5,62.0,6.0,15.8,63.3,25.1,9.4,30.7,21.1,12.6,13.2,17.0,6.4,30.1,10.5,8.1,7.0,32.4,27.3,77.8,18.1,11.7,42.0,12.8,3.2,5.799999999999999,32.9,2.9,16.6,4.1
55085,7.3,22.7,22.3,29.1,56.0,7.4,10.7,5.4,74.8,83.6,13.5,59.5,5.6,14.6,66.3,26.1,9.3,28.3,20.0,11.0,11.8,15.9,6.1,29.0,9.6,7.5,6.5,33.7,23.9,77.7,17.4,11.3,34.9,12.6,3.0,5.5,34.2,2.7,9.2,3.8
55087,7.4,23.4,23.2,30.0,57.8,7.0,10.6,5.1,77.0,84.5,12.7,63.7,5.2,12.8,67.2,24.3,8.9,25.7,19.8,10.7,10.6,15.400000000000002,5.6,30.5,9.1,7.0,6.1,32.2,24.7,80.5,16.3,10.4,36.4,11.6,2.8,5.1,32.7,2.6,8.7,3.7
55089,5.9,20.6,22.3,24.6,57.0,7.3,10.3,4.5,76.8,86.2,11.0,65.2,4.2,10.7,71.9,23.3,7.8,23.0,17.7,8.0,7.8,13.0,5.2,30.6,7.2,5.9,5.0,27.8,20.5,83.5,15.0,8.8,30.4,10.1,2.3,4.1,29.8,2.3,7.699999999999999,3.0
55091,7.7,23.1,22.2,28.3,57.3,7.2,10.8,5.3,74.8,83.5,13.6,63.2,5.6,14.6,64.8,24.7,9.0,27.4,20.4,11.1,11.4,15.8,6.1,29.4,9.6,7.5,6.4,31.4,25.4,77.7,17.1,10.7,36.4,12.1,2.9,5.4,33.3,2.7,10.2,3.8
55093,7.1,23.2,22.0,28.9,56.8,7.3,10.7,5.2,73.7,83.8,13.1,61.4,5.3,13.9,67.1,23.9,8.9,26.3,19.5,10.4,10.9,14.6,6.0,29.7,9.1,7.3,6.2,31.2,24.5,75.5,16.2,10.2,34.3,11.6,2.9,5.3,35.0,2.7,8.6,3.7
55095,7.8,23.9,22.2,28.8,57.2,7.2,10.9,5.3,73.8,83.4,13.9,62.2,5.6,14.5,63.3,24.4,9.2,28.4,19.8,11.4,11.6,15.9,6.2,31.1,9.6,7.6,6.6,31.8,24.8,79.2,17.0,11.2,35.2,12.0,3.0,5.5,30.5,2.8,11.4,3.9
55097,7.6,22.3,21.5,27.0,57.5,7.2,10.7,5.4,76.1,84.0,13.1,63.6,5.5,14.0,66.2,25.1,8.7,27.6,19.1,11.9,12.0,16.2,6.3,30.3,9.5,7.5,6.4,30.6,24.4,80.2,16.7,10.5,36.5,11.7,3.0,5.6,34.7,2.7,10.0,3.9
55099,8.8,23.8,21.6,29.6,58.7,7.1,11.1,6.0,74.9,82.1,15.0,58.7,6.7,17.2,62.3,24.6,10.0,28.8,20.8,14.2,15.7,18.6,6.7,29.5,11.2,8.8,7.8,31.2,28.3,75.4,17.9,12.3,42.2,13.4,3.6,6.7,37.9,3.1,13.7,4.6
55101,10.1,23.8,19.1,30.3,58.9,6.9,11.3,5.4,75.0,84.1,14.2,60.6,5.6,14.8,60.8,23.1,10.4,28.9,21.5,15.0,14.2,18.1,5.9,28.1,12.0,8.0,7.8,29.3,30.1,82.8,16.4,12.2,42.2,12.3,3.3,6.8,37.3,2.9,10.3,4.5
55103,9.3,24.0,20.7,29.4,57.6,7.1,11.1,6.0,73.7,81.8,15.4,57.9,6.8,17.2,64.0,24.5,10.1,31.2,21.4,14.5,15.9,18.8,6.8,28.4,11.4,9.0,7.9,31.9,29.2,75.4,17.9,12.8,37.6,13.4,3.7,6.7,34.9,3.1,9.9,4.7
55105,9.2,22.9,18.7,29.3,57.3,7.0,11.2,5.5,74.5,83.3,13.9,61.6,5.8,14.9,63.6,24.1,10.3,29.4,22.1,13.4,13.9,18.4,6.1,29.4,11.2,8.1,7.4,32.3,28.4,73.6,17.0,12.0,41.7,12.9,3.3,6.2,38.2,2.9,11.3,4.3
55107,9.2,24.8,20.6,30.6,58.4,7.1,11.3,6.3,75.3,81.7,16.0,60.0,7.2,18.2,63.5,25.0,10.6,31.9,21.5,14.9,17.3,19.8,7.0,29.3,11.8,9.4,8.3,33.0,28.5,77.1,18.5,13.3,40.9,13.9,3.8,7.1,33.1,3.2,19.3,4.9
55109,6.4,21.2,22.6,28.2,57.4,7.3,10.4,4.8,73.9,85.0,12.2,65.0,4.7,12.4,74.0,23.3,8.1,25.4,19.1,9.1,9.1,13.9,5.5,28.1,7.9,6.6,5.5,29.6,23.1,80.2,15.5,9.6,35.5,10.8,2.5,4.5,31.3,2.4,8.4,3.2
55111,8.4,23.1,21.7,28.6,57.9,7.1,10.9,5.4,74.4,83.5,13.9,60.5,5.7,15.2,63.9,25.5,9.8,29.7,19.9,12.2,12.6,17.3,6.1,29.2,10.3,7.8,6.9,31.8,28.2,79.7,17.2,11.8,40.2,12.7,3.1,5.799999999999999,35.3,2.8,8.0,4.0
55113,8.5,24.0,20.4,31.0,57.8,7.1,11.4,6.0,75.1,82.3,15.2,57.7,6.6,18.1,61.5,25.2,10.4,32.0,21.3,15.6,16.7,20.3,7.0,28.9,12.4,9.1,9.0,30.8,28.3,77.3,18.0,13.2,34.2,14.1,3.7,7.6,36.4,3.2,9.9,5.1
55115,8.8,23.9,21.5,28.9,58.4,7.1,11.4,5.8,75.2,82.3,15.2,59.6,6.4,17.1,65.8,23.7,9.7,29.1,21.7,14.3,15.2,18.3,6.6,29.5,11.6,8.7,8.1,33.0,27.8,75.3,18.0,12.3,40.2,13.1,3.5,6.8,35.4,3.0,9.0,4.6
55117,8.3,21.9,22.1,30.3,56.9,7.0,10.3,5.3,75.2,83.6,13.2,59.2,5.3,14.0,68.1,22.9,9.3,27.5,20.8,12.0,12.0,16.8,5.9,29.2,10.1,7.4,6.7,31.3,27.6,81.1,16.7,11.2,36.4,12.3,3.0,5.6,32.6,2.7,8.1,4.0
55119,9.1,23.8,20.8,30.0,58.5,7.1,10.8,5.8,75.2,82.2,15.1,59.4,6.5,16.7,63.6,23.3,9.5,31.2,20.6,13.1,14.8,18.6,6.7,29.9,10.7,8.7,7.6,32.8,29.7,79.9,18.2,12.9,44.1,13.4,3.5,6.3,34.4,3.0,13.8,4.5
55121,9.6,23.5,22.0,29.6,56.8,7.1,10.7,5.7,74.5,82.8,14.5,61.6,6.1,16.0,65.0,24.5,9.8,28.7,20.9,13.4,13.9,17.3,6.4,29.4,11.0,8.2,7.4,30.0,27.4,76.5,17.4,12.0,41.1,13.0,3.3,6.2,35.4,2.9,12.9,4.4
55123,8.7,24.1,22.3,29.5,57.5,7.1,11.2,6.0,74.1,82.2,15.1,58.0,6.7,16.6,62.3,24.7,9.7,29.8,20.3,13.5,15.3,18.5,6.6,29.5,10.9,8.9,7.6,30.9,27.5,77.7,18.0,12.6,38.7,13.3,3.6,6.5,32.3,3.1,12.8,4.6
55125,7.3,22.9,22.7,29.6,56.5,7.3,11.3,5.5,73.7,83.7,13.7,62.0,5.6,15.0,63.9,25.4,8.9,28.0,20.3,12.4,12.8,16.1,6.2,30.3,10.3,7.8,7.2,31.4,25.3,79.2,17.1,10.9,38.3,12.4,3.1,6.0,30.9,2.8,9.7,4.1
55127,9.1,22.1,22.3,28.5,57.1,7.0,10.5,5.4,74.7,84.0,13.3,63.8,5.4,13.6,68.1,22.8,9.2,27.8,20.8,11.8,11.9,16.3,5.9,29.5,10.2,7.5,6.8,31.6,25.2,77.2,16.3,11.3,39.3,12.3,3.1,5.6,33.1,2.7,6.1,4.0
55129,8.3,24.0,22.1,29.9,57.6,7.1,11.3,5.8,74.7,82.7,14.6,61.4,6.3,16.1,62.9,24.1,9.7,29.2,20.1,13.0,14.5,17.4,6.5,30.8,10.7,8.5,7.4,33.2,27.7,74.9,17.7,11.9,35.1,12.9,3.4,6.3,35.2,3.0,11.4,4.4
55131,6.7,20.7,23.5,27.2,57.3,7.3,10.6,4.9,75.9,85.0,12.3,64.0,4.7,12.2,72.5,23.6,8.1,24.1,19.7,9.3,9.1,13.9,5.6,29.4,8.3,6.5,5.6,30.4,21.2,79.5,16.2,9.5,35.9,10.8,2.6,4.6,33.4,2.5,9.0,3.3
55133,6.1,21.1,23.6,28.0,56.7,7.3,10.3,4.6,76.4,86.1,11.1,66.2,4.1,10.4,72.3,21.4,8.2,24.1,17.1,8.2,7.5,12.7,5.2,29.4,7.5,5.9,5.1,30.5,19.6,83.6,14.2,9.1,33.1,10.4,2.3,4.2,31.5,2.3,6.1,3.0
55135,8.8,24.2,23.0,30.0,57.6,7.0,11.2,5.6,74.6,82.9,14.5,61.0,6.1,15.9,65.5,24.5,10.0,29.4,20.9,12.8,13.6,17.8,6.4,30.0,10.5,8.2,7.1,31.1,26.7,82.7,17.5,12.0,37.8,12.8,3.3,5.9,34.3,2.9,11.8,4.2
55137,10.0,23.2,21.8,30.2,58.1,7.0,10.6,5.9,74.1,82.3,15.1,63.0,6.3,16.9,59.1,24.1,10.2,29.8,22.8,14.4,15.0,18.3,6.6,28.5,11.7,8.6,7.8,31.5,29.2,77.4,17.7,12.4,39.5,13.0,3.5,6.6,33.5,3.0,12.9,4.6
55139,8.0,24.4,22.8,29.8,58.5,7.2,11.0,5.4,76.6,83.6,13.6,65.1,5.7,14.8,67.3,23.9,9.9,27.6,20.6,11.6,12.3,16.7,6.1,29.9,10.4,7.7,6.9,29.7,27.1,81.8,16.7,11.7,40.6,12.0,3.2,5.7,32.7,2.8,9.6,4.1
55141,8.5,23.6,22.6,29.4,57.0,7.0,11.1,5.6,73.9,83.1,14.4,60.4,6.0,15.9,62.0,24.2,9.7,28.9,21.4,12.8,13.3,17.1,6.3,28.8,10.3,8.1,7.1,30.3,26.1,80.1,17.5,11.7,39.9,12.7,3.3,5.9,33.3,2.9,8.9,4.2
56001,10.5,22.6,17.6,30.1,51.9,7.4,10.3,5.6,70.0,81.2,13.9,53.6,5.9,12.9,61.3,22.7,9.2,27.0,22.00732071275778,11.9664235501417,6.77137392584187,16.7,6.8,30.4,10.323834107226755,7.4,7.411410701176534,30.93681847718753,19.5,64.4,15.9,11.2,30.6,12.3,3.3,6.651031341670466,32.0,2.9,12.4,4.4
56003,13.9,22.7,16.8,29.4,52.3,7.3,10.5,6.0,64.4,78.4,16.4,47.5,7.0,16.1,58.9,23.0,9.8,31.7,23.073663797984494,15.054951971785732,9.62152278294111,19.4,7.3,28.9,12.144490830848426,8.6,8.913395328934742,31.411573721546606,26.2,60.4,17.7,12.8,33.9,13.4,3.6,8.056987629647876,31.9,3.1,18.8,4.9
56005,12.8,22.2,16.7,28.1,52.4,7.3,10.3,5.3,66.2,79.8,15.4,50.3,6.1,15.0,56.9,23.0,9.1,30.8,22.598224048326575,12.923880476551183,7.452322653237173,17.9,6.9,30.3,10.842901097233849,8.0,7.648975183307995,31.845117585472725,25.7,63.2,17.0,11.8,35.3,12.8,3.1,6.8847322627906795,34.3,2.8,16.9,4.2
56007,15.2,21.6,16.7,30.2,52.5,7.1,10.0,6.0,66.3,78.7,16.0,47.8,6.7,15.7,57.1,20.6,10.7,31.3,23.00405587837083,15.545421291786578,8.850510848904609,19.7,7.4,29.9,12.519026831500558,8.5,8.757114528611512,31.526138883830225,29.2,60.1,17.0,12.8,38.3,13.7,3.7,8.065067154791306,32.9,3.1,12.0,5.2
56009,12.6,22.3,18.0,29.4,52.7,7.3,10.4,5.6,67.6,79.3,15.6,52.7,6.5,15.4,58.7,22.0,9.3,29.7,22.66063447163834,13.985592564628654,9.209283336259377,17.9,7.2,28.8,11.417856926240411,8.1,8.285475446411416,31.205667438229263,25.1,65.5,17.4,11.7,36.9,12.9,3.3,7.568252663672927,34.0,3.0,17.4,4.5
56011,10.2,22.0,19.2,26.9,51.0,7.5,10.3,5.1,67.2,80.6,14.2,52.4,5.7,13.7,60.4,21.8,8.4,28.2,22.044970940733783,10.842970237148627,6.700073794404265,15.7,6.7,28.3,9.39619074582458,7.1,6.882367693071221,30.84364225422547,22.4,67.1,16.9,10.3,32.1,12.0,2.8,5.791071546250688,31.4,2.6,10.5,3.7
56013,12.3,21.4,16.2,30.3,51.2,7.1,11.1,5.8,63.1,78.9,16.5,47.8,6.8,16.9,60.0,21.7,10.1,33.6,23.428948123176117,16.509341073622732,11.722538831832441,19.4,7.6,27.7,13.23561782626412,8.8,9.780951431076675,31.180581485028984,25.9,63.0,17.8,12.9,34.1,13.6,3.6,8.852597275436818,32.5,3.1,14.9,5.1
56015,12.7,22.9,17.2,29.6,51.7,7.3,10.1,5.7,67.6,79.5,15.3,51.9,6.4,14.8,61.8,22.4,9.7,29.2,21.19691319571626,13.49484510513523,8.680669031055224,18.1,7.1,28.7,11.09818903164981,8.0,7.917287169208384,30.321078884832072,25.2,67.7,16.7,11.7,37.5,13.0,3.4,7.348305252510929,32.4,2.9,12.4,4.5
56017,11.8,23.3,16.9,29.1,52.6,7.5,10.8,5.9,67.4,78.9,16.0,49.9,7.0,15.9,59.0,23.2,10.0,29.8,21.999816198378497,14.600149073377956,10.01015630496955,19.3,7.4,30.2,11.791267263866265,8.7,8.676005596981756,30.796693272183727,25.2,67.1,17.6,12.5,35.5,13.5,3.7,8.160153506850055,31.9,3.1,18.2,4.8
56019,11.3,22.3,16.9,28.2,52.6,7.5,10.4,5.7,65.6,79.3,15.4,48.5,6.6,15.3,63.3,21.8,9.3,30.6,21.09952183304192,12.972466148249783,7.835015386875622,18.0,7.2,30.1,10.692066577390278,8.2,7.741499158599145,30.235658303616948,25.7,66.3,17.2,11.9,35.6,13.0,3.4,7.0935210034777185,31.3,2.9,12.4,4.5
56021,12.2,21.8,15.4,27.5,52.5,7.4,10.1,5.0,68.4,80.7,14.1,55.6,5.9,13.5,64.5,21.7,9.3,28.3,20.998992412591246,12.385472330024028,7.461298965487623,17.5,6.6,30.0,10.656515609928425,7.3,7.25294810729643,30.93735721584285,26.8,68.5,16.7,11.6,33.9,12.7,3.1,6.760550036591233,34.4,2.7,12.9,4.2
56023,10.7,21.4,17.4,28.7,50.6,7.5,10.1,5.2,65.8,80.3,14.7,52.0,5.9,14.1,64.9,21.2,8.9,26.7,21.490090763631983,11.771829675070038,7.1447061540892935,15.9,6.6,28.0,10.034337380130143,7.4,7.270532693847773,30.267855407123506,23.0,66.8,16.6,10.6,34.8,12.1,3.0,6.315111354725246,32.1,2.7,13.0,3.9
56025,11.9,21.6,17.4,27.1,52.9,7.3,10.4,5.2,68.6,80.2,15.1,54.2,6.3,15.0,60.3,23.9,9.6,31.0,21.8306611923027,13.323434574250555,9.30513392647156,17.6,7.0,28.1,11.082843183413255,7.7,7.8664478326498735,31.108581513370446,25.5,68.8,17.2,12.0,36.4,12.1,3.2,7.269933955025071,35.2,2.8,14.5,4.3
56027,12.0,23.8,15.9,28.9,53.3,7.5,11.3,5.9,66.9,79.0,16.9,50.0,7.3,16.8,54.9,24.4,9.8,31.8,22.863474718899173,15.348284071290486,10.884536212915751,19.3,7.3,29.1,12.275571973491306,9.3,9.196636873352093,31.43711328747285,27.9,62.9,18.8,13.1,36.6,13.9,3.7,8.66500477105642,32.8,3.2,17.2,4.9
56029,10.6,22.1,16.6,26.9,51.6,7.6,10.0,5.1,66.2,80.9,13.9,56.4,5.6,13.1,63.5,22.7,8.7,26.9,20.186937324224886,10.624028820459415,6.371244664034191,15.9,6.6,28.8,9.361505817658331,7.0,6.626239218576128,29.887264875050185,22.9,70.4,16.2,10.5,31.8,11.9,2.9,5.894539293285977,31.8,2.6,10.7,3.8
56031,13.0,22.9,17.0,29.6,51.6,7.3,10.5,5.7,65.5,79.0,15.7,50.9,6.6,15.8,59.0,22.0,9.6,30.4,23.3465749781526,14.403246963490265,9.41514028710888,19.0,7.1,28.7,11.773342325573784,8.4,8.515965772418683,31.937416429439924,26.5,60.8,17.9,12.3,36.0,13.4,3.5,7.65454895039952,34.5,3.0,12.0,4.7
56033,10.2,21.5,17.7,27.8,52.1,7.5,10.2,5.1,67.8,81.0,13.9,59.4,5.6,13.2,64.2,24.6,8.4,27.6,20.25198463208043,10.826480482411563,7.818274701903976,15.7,6.5,26.5,9.487972742344498,7.1,6.893696068758738,29.681618676497855,21.3,71.5,16.5,10.1,30.5,11.8,2.8,6.108368436508323,30.8,2.6,9.4,3.8
56035,10.1,22.0,19.0,27.2,51.0,7.5,10.0,5.1,67.3,81.4,13.7,52.2,5.4,12.8,64.9,21.9,8.4,27.7,21.71205637326703,10.239136204196825,5.6263831651178435,15.5,6.6,30.1,9.06645108033721,6.9,6.375809722038904,31.1772536174269,22.3,66.4,16.1,10.3,32.9,11.8,2.8,5.407838077534369,33.1,2.6,12.8,3.7
56037,14.4,21.7,17.5,28.8,51.1,7.2,10.3,5.6,67.5,78.8,15.9,51.9,6.4,15.9,60.2,24.0,10.0,30.6,23.79098989511767,14.866296778612941,10.876528952113288,19.4,7.2,28.9,12.2170201293132,8.2,8.466786010449784,33.215440789731694,26.8,64.6,17.8,12.4,36.0,13.4,3.5,7.708071817623172,39.0,2.9,13.0,4.8
56039,9.3,19.5,18.3,24.3,50.4,7.6,9.0,4.3,67.1,83.5,10.8,57.4,4.0,9.0,70.2,18.4,7.3,20.9,19.678867412539898,6.900219858042412,1.4602952405607041,11.8,5.6,26.6,7.1688419972141455,5.2,4.946257190435311,28.39984322427542,17.7,69.5,13.3,7.9,23.5,9.6,2.1000000000000005,3.481261728858529,27.2,2.2,5.199999999999999,3.0
56041,12.2,21.8,16.8,27.9,52.4,7.4,10.3,5.4,65.1,79.5,15.6,54.0,6.2,14.9,60.9,21.5,9.3,29.6,22.431440846082083,13.590709517849628,9.35145192867727,18.0,6.9,28.8,11.34479744002397,7.9,8.007226947906085,31.53728048069939,25.0,68.7,17.2,11.5,34.1,12.8,3.2,7.237502258951142,35.7,2.8,13.3,4.3
56043,14.6,23.1,16.5,28.7,52.3,7.2,10.3,5.8,64.7,78.5,16.4,51.3,6.8,15.9,56.6,22.0,10.3,31.4,22.899289464548687,15.628671234790147,10.531851363349451,19.8,7.4,28.7,12.654907020983863,8.6,9.021881023736638,31.526326296531188,27.9,64.6,17.3,12.8,33.4,13.8,3.7,8.29180289378007,33.1,3.1,11.9,5.1
56045,12.9,22.7,17.7,28.4,51.5,7.2,10.0,5.9,64.5,78.4,15.6,48.8,6.5,15.9,58.1,20.7,9.7,31.3,22.508108574563693,14.083208435256362,8.439532219085905,18.5,7.3,29.6,11.445654348721737,8.1,8.262111225164684,30.97674902803124,26.4,64.2,17.3,12.0,35.5,13.2,3.3,7.406886390048019,31.7,3.0,16.3,4.5
