LocationID,ACCESS2,ARTHRITIS,BINGE,BPHIGH,BPMED,CANCER,CASTHMA,CHD,CHECKUP,CHOLSCREEN,COGNITION,COLON_SCREEN,COPD,CSMOKING,DENTAL,DEPRESSION,DIABETES,DISABILITY,EMOTIONSPT,FOODINSECU,FOODSTAMP,GHLTH,HEARING,HIGHCHOL,HOUSINSECU,INDEPLIVE,LACKTRPT,LONELINESS,LPA,MAMMOUSE,MHLTH,MOBILITY,OBESITY,PHLTH,SELFCARE,SHUTUTILITY,SLEEP,STROKE,TEETHLOST,VISION
59,11.5,21.9,16.6,30.7,57.5,6.6,9.8,5.3,75.7,85.6,14.1,54.1,5.3,11.6,63.4,20.7,10.3,28.3,24.1,15.6,11.8,18.3,5.8,32.2,12.9,7.6,8.3,33.2,23.7,76.0,16.3,11.7,32.9,12.1,3.4,8.1,36.8,2.9,12.6,5.2
1001,9.1,26.3,15.6,38.2,61.7,7.0,10.0,5.6,79.4,85.0,15.9,64.6,6.4,14.5,61.9,25.9,11.4,32.4,24.3,17.0,11.6,20.0,6.9,36.3,13.2,8.7,8.9,33.7,26.0,80.7,18.0,13.4,39.5,12.8,3.6,8.8,37.7,3.2,12.0,4.8
1003,8.8,26.3,17.1,37.0,59.1,7.6,9.4,5.5,77.5,84.9,15.1,62.9,6.0,13.3,62.4,23.9,10.4,31.4,21.9,14.2,9.1,17.7,7.1,35.4,11.0,7.8,7.5,33.3,23.7,74.1,16.8,12.3,35.0,11.9,3.2,7.2,36.4,2.9,11.4,4.3
1005,14.8,28.9,14.0,45.4,63.9,6.1,10.9,7.4,79.3,81.7,20.3,56.6,9.3,20.8,45.3,22.9,16.5,42.0,31.7,32.1,26.2,29.9,8.0,36.5,23.2,12.9,15.6,39.8,34.5,74.8,19.9,20.0,47.1,16.2,6.4,16.7,44.6,4.7,27.7,8.4
1007,13.0,28.2,15.3,42.4,61.6,6.9,10.4,7.0,77.3,81.5,19.6,58.9,8.9,19.9,50.2,25.0,13.9,39.6,28.0,24.3,18.7,26.3,8.4,36.7,17.2,11.5,12.2,37.2,31.9,69.2,19.9,17.4,43.7,15.6,5.1,12.0,41.4,4.0,21.7,6.7
1009,12.0,26.7,16.3,36.0,58.9,7.3,9.9,6.3,77.0,82.4,18.0,61.2,7.6,16.9,54.0,26.0,11.3,35.8,24.3,17.7,12.1,22.1,8.0,35.7,13.1,9.7,9.2,35.8,27.7,69.6,18.9,14.5,36.0,14.3,4.0,8.3,37.6,3.3,16.8,5.3
1011,18.2,30.6,11.7,52.4,66.4,5.2,11.5,8.8,80.3,80.2,23.2,53.6,11.2,24.9,39.0,21.7,21.3,47.9,34.4,44.0,40.4,37.8,8.3,37.1,31.2,16.3,21.8,40.2,42.7,74.8,21.3,25.1,51.0,18.5,9.0,24.1,50.5,6.2,35.1,11.9
1013,11.8,28.7,13.4,44.8,64.7,6.2,11.1,6.7,80.1,83.2,19.1,59.4,8.3,19.0,49.0,23.8,15.2,39.3,29.8,28.6,23.5,27.0,7.3,36.0,21.2,11.9,14.1,39.4,35.1,76.4,20.2,18.1,40.7,15.1,5.5,15.1,43.6,4.3,22.8,7.3
1015,11.0,28.1,15.6,41.5,61.1,6.9,10.6,6.4,77.6,83.4,18.0,59.6,7.8,17.0,55.8,25.3,12.9,37.3,25.9,21.5,16.0,24.4,7.6,35.4,15.5,10.5,10.8,37.5,31.0,76.2,19.3,16.2,39.1,14.6,4.4,10.7,42.8,3.6,17.4,5.9
1017,12.1,28.2,13.5,42.8,62.6,6.4,10.9,6.5,78.9,83.2,18.8,59.4,8.0,18.2,48.3,23.9,14.5,38.4,28.6,26.1,20.3,25.8,7.3,34.8,19.5,11.4,12.9,37.6,32.5,76.1,20.0,17.5,41.6,14.8,5.2,13.6,42.6,4.1,17.9,6.9
1019,10.8,27.6,16.5,37.5,59.8,7.5,10.3,6.6,76.3,82.2,18.5,62.8,8.2,18.1,56.7,27.1,11.8,37.4,24.3,18.4,13.4,23.1,8.2,36.8,13.2,10.4,9.6,35.6,28.8,74.3,19.8,15.5,39.3,14.9,4.2,8.9,37.4,3.5,18.1,5.5
1021,12.1,27.3,15.5,39.0,60.1,7.2,10.0,6.3,77.1,82.9,18.2,59.4,7.6,17.1,59.2,25.3,12.0,37.6,25.5,19.4,13.4,22.8,7.9,37.7,14.2,9.9,9.8,37.4,30.0,73.5,19.3,15.2,39.8,14.7,4.1,9.3,34.1,3.4,23.2,5.6
1023,11.8,29.8,13.9,44.2,64.0,6.3,11.1,6.8,79.6,82.8,19.5,59.4,8.5,19.1,49.2,25.3,15.0,40.5,29.0,27.3,22.4,27.5,7.4,36.4,19.8,12.0,13.5,38.6,33.5,74.8,20.3,18.4,44.5,15.5,5.5,14.3,43.1,4.3,22.1,7.2
1025,11.6,28.6,13.4,43.5,63.8,6.2,11.0,6.5,79.9,83.5,18.9,60.0,7.9,18.3,50.1,23.9,14.9,40.1,30.3,27.4,21.4,26.7,7.2,35.0,20.3,11.6,13.3,40.1,32.5,75.6,19.7,17.7,44.2,14.9,5.2,14.1,44.0,4.1,19.8,6.9
1027,11.7,28.3,15.6,40.6,60.9,7.1,10.6,6.8,77.4,82.0,19.1,60.2,8.5,18.7,50.0,26.0,12.9,38.8,25.6,21.6,16.3,24.8,8.2,36.6,15.4,11.1,11.0,36.7,30.5,73.0,20.0,16.4,42.4,15.3,4.7,10.6,40.8,3.7,22.4,6.2
1029,10.6,27.3,16.7,37.0,59.4,7.5,10.1,6.5,76.3,82.1,18.3,59.4,8.1,18.0,52.6,26.9,11.7,36.2,24.6,17.9,13.1,22.3,8.2,36.2,12.7,10.2,9.3,36.3,28.7,74.2,19.7,15.0,37.1,14.5,4.1,8.7,38.4,3.4,21.9,5.4
1031,11.7,27.1,15.7,39.5,61.4,7.0,10.2,6.3,77.6,83.1,17.7,60.5,7.5,16.7,59.5,25.0,12.7,36.6,26.0,20.3,14.6,22.8,7.7,35.1,14.9,10.1,10.5,36.9,28.8,74.7,18.7,15.5,40.8,14.1,4.3,10.2,41.3,3.5,16.7,5.9
1033,10.2,27.5,16.0,38.6,60.2,7.1,10.4,6.1,77.9,83.4,17.4,58.3,7.4,16.6,55.4,25.8,12.1,35.5,25.2,18.7,13.6,22.0,7.4,35.9,14.2,9.7,9.7,36.0,26.9,71.0,18.9,14.8,37.4,14.0,4.1,9.6,41.6,3.4,13.1,5.4
1035,13.6,30.0,12.9,46.5,65.0,6.2,11.3,7.6,79.5,81.8,20.9,58.4,9.7,21.5,48.7,24.1,16.8,42.6,30.3,32.8,28.8,30.6,8.2,36.0,23.5,13.5,16.2,39.2,36.6,72.9,20.8,20.6,46.8,16.6,6.5,17.7,43.7,4.8,25.5,8.7
1037,11.9,27.6,15.0,40.7,61.9,6.6,10.5,6.6,78.0,82.7,18.6,61.8,7.9,18.3,51.3,24.3,13.5,37.8,28.1,23.1,17.4,24.8,7.6,35.1,17.1,10.8,11.6,37.4,30.6,76.8,19.5,16.6,41.6,14.9,4.8,11.6,41.9,3.9,13.8,6.3
1039,10.9,27.4,15.2,39.6,61.0,7.2,10.4,6.6,77.7,82.4,18.6,60.9,8.3,18.3,53.1,26.0,12.8,37.4,25.5,20.5,15.7,24.3,8.1,36.7,14.8,10.8,10.6,35.8,29.7,74.8,20.0,15.9,38.1,14.8,4.5,10.4,36.6,3.7,17.1,6.0
1041,11.7,27.8,15.2,40.8,61.3,6.8,10.6,6.5,78.5,82.6,18.8,60.4,8.2,18.5,52.2,25.0,13.4,37.9,27.1,23.0,17.4,24.8,7.7,35.6,16.8,11.0,11.5,37.2,30.9,72.8,19.6,16.5,40.3,14.8,4.7,11.4,40.4,3.8,18.1,6.3
1043,10.5,27.5,17.1,37.3,58.8,7.5,9.9,6.3,76.9,82.7,17.6,57.7,7.6,16.9,54.8,26.5,11.0,35.1,23.2,16.4,11.6,21.5,8.0,35.2,12.2,9.6,8.8,33.9,25.9,73.7,18.9,14.2,36.2,14.1,3.9,8.1,37.4,3.3,14.7,5.1
1045,11.8,27.9,14.5,40.5,61.5,7.0,10.4,6.6,78.2,83.1,18.7,58.4,8.0,18.0,54.6,25.5,13.7,38.8,26.3,22.2,17.1,25.0,8.0,36.7,16.4,10.8,11.6,37.3,30.6,73.8,19.6,16.5,41.5,15.0,4.7,11.5,39.7,3.8,16.1,6.3
1047,13.0,29.0,11.7,49.2,66.6,5.5,11.8,7.2,81.8,83.5,20.2,58.4,9.1,20.1,47.4,21.4,18.1,41.5,31.6,35.9,33.3,31.3,7.1,36.7,26.5,13.8,17.9,40.3,36.1,78.5,20.3,21.0,46.5,15.8,7.0,20.4,47.6,5.2,23.2,9.3
1049,15.4,28.0,15.5,40.0,59.0,7.2,10.1,7.3,76.0,80.8,20.4,54.3,9.2,19.9,47.5,27.2,13.3,40.2,25.7,23.7,17.7,26.8,9.0,36.5,16.2,11.7,11.7,36.3,32.6,71.4,20.1,17.6,38.6,16.4,5.1,10.9,41.1,3.9,20.2,7.0
1051,9.5,26.2,15.9,38.2,61.7,7.1,10.0,5.8,78.9,84.6,16.4,61.6,6.6,15.1,59.5,23.6,11.4,34.0,26.3,17.9,12.4,20.8,7.1,35.7,13.5,9.0,9.2,36.2,25.4,76.3,18.4,13.7,38.7,13.1,3.7,9.1,42.2,3.2,12.7,4.9
1053,13.5,29.2,14.4,44.0,63.4,6.5,11.0,7.6,78.5,81.2,21.0,57.0,9.7,21.6,47.9,24.9,15.6,42.0,29.0,29.9,25.0,29.9,8.5,36.6,20.8,13.2,14.9,37.9,34.1,70.7,20.9,19.6,43.9,16.8,6.1,15.4,46.1,4.6,28.6,8.2
1055,11.3,28.3,15.6,40.9,60.9,7.2,10.3,6.6,77.7,82.8,18.8,56.0,8.2,18.1,54.1,26.1,13.4,38.9,25.1,20.8,15.7,24.9,8.0,36.0,15.4,10.8,10.7,36.9,31.7,74.3,19.6,16.6,43.6,15.2,4.5,10.5,46.2,3.7,17.3,5.9
1057,11.5,29.0,16.0,40.9,60.8,7.2,10.5,6.9,77.5,81.7,19.5,59.6,8.8,19.4,49.5,27.3,13.1,38.5,24.8,21.3,16.6,24.5,8.4,35.8,15.2,11.2,11.0,36.7,30.6,71.5,20.2,16.5,40.6,15.4,4.8,10.7,40.5,3.8,26.7,6.2
1059,16.5,28.4,15.2,39.9,60.2,7.1,10.0,7.2,76.3,80.7,20.1,56.5,9.1,19.5,50.2,25.9,13.9,40.1,25.2,25.0,18.7,27.3,8.9,37.7,17.3,11.8,12.1,37.1,32.7,72.1,19.8,17.8,42.2,16.2,5.2,11.5,39.3,3.9,16.8,7.3
1061,12.5,28.3,16.2,39.1,60.6,7.1,10.5,7.0,77.1,81.5,19.5,55.2,8.9,19.8,54.2,27.1,13.0,38.0,25.1,22.2,17.0,25.3,8.5,36.2,15.7,11.4,11.2,36.0,30.1,76.9,20.1,16.6,42.2,15.5,4.8,10.8,41.2,3.8,18.2,6.5
1063,15.4,30.9,10.7,52.4,67.8,5.0,12.3,8.2,81.9,82.0,22.6,56.4,10.7,23.8,41.0,22.0,21.1,46.6,33.8,44.4,42.2,36.0,7.5,36.2,31.8,16.4,22.1,40.5,42.0,74.9,21.5,25.0,53.4,18.0,8.9,25.5,51.0,6.1,31.4,11.7
1065,12.8,29.0,12.6,46.0,65.2,5.8,11.5,6.9,80.4,83.3,19.8,59.7,8.6,19.5,49.1,22.3,16.3,40.4,29.9,31.6,26.6,28.9,7.1,35.5,23.4,12.8,15.5,38.3,34.4,79.6,20.0,19.6,47.8,15.6,6.2,16.9,44.9,4.7,25.3,8.1
1067,10.9,27.3,15.2,40.4,61.0,6.8,10.5,6.3,78.2,83.3,18.0,57.7,7.6,17.1,49.7,24.8,12.8,36.0,26.7,21.3,16.1,23.1,7.4,35.7,15.7,10.4,10.8,37.0,29.1,74.1,19.1,15.6,41.2,14.1,4.5,10.7,42.6,3.7,11.4,5.9
1069,10.8,27.3,14.8,39.8,63.0,7.0,10.5,6.3,79.4,83.5,17.7,61.1,7.5,16.3,53.0,25.8,13.1,37.2,27.4,21.5,16.6,23.6,7.6,34.2,16.4,10.4,11.1,39.5,27.7,74.6,19.5,15.5,40.5,14.0,4.5,11.3,40.4,3.7,16.5,6.0
1071,11.8,29.1,16.0,39.6,60.0,7.4,10.4,7.0,76.8,81.4,19.6,60.2,8.9,19.4,52.0,28.2,12.7,40.8,25.6,20.8,15.6,24.9,8.8,35.9,14.3,11.3,10.6,35.3,30.6,72.4,20.3,16.9,39.1,15.5,4.6,9.9,42.1,3.7,18.7,6.1
1073,9.3,25.3,15.5,40.0,62.9,6.4,9.9,5.7,80.0,85.8,15.8,67.2,6.2,14.1,58.2,23.2,13.5,34.1,25.0,20.8,15.2,20.3,6.3,35.4,16.0,9.2,10.5,39.0,27.4,84.2,17.5,14.9,37.6,12.1,4.2,11.4,38.4,3.6,14.5,5.5
1075,11.5,28.1,15.8,40.4,60.8,7.2,10.5,6.9,77.1,81.6,19.5,58.4,8.8,19.5,54.3,26.5,12.9,39.1,25.6,21.3,16.5,24.8,8.4,36.9,15.1,11.2,10.9,37.1,30.0,77.1,20.4,16.7,40.8,15.4,4.7,10.5,39.5,3.8,21.7,6.1
1077,9.5,26.6,16.2,35.9,60.2,7.4,10.0,5.9,77.7,83.8,16.6,60.5,7.0,15.4,59.5,25.2,11.0,33.8,23.4,16.1,11.7,20.2,7.5,35.0,12.3,9.2,8.8,34.5,25.8,74.6,18.6,13.8,36.7,13.4,3.7,8.4,41.4,3.2,15.6,4.9
1079,11.1,27.9,15.8,38.7,60.1,7.1,10.6,6.6,77.2,82.3,18.9,58.4,8.2,18.8,52.1,26.1,12.5,37.5,26.0,20.6,15.1,23.7,8.2,35.9,15.0,10.7,10.8,37.1,29.4,75.2,19.8,16.0,39.2,14.9,4.4,10.2,39.9,3.7,22.4,6.0
1081,9.1,25.6,15.3,38.6,61.5,6.9,10.0,5.9,79.3,85.0,15.4,63.6,6.4,13.8,57.5,23.4,12.7,32.5,23.5,17.5,12.8,20.1,7.0,35.1,13.7,8.9,9.4,33.5,25.7,78.6,17.3,13.8,39.9,12.6,3.9,9.6,37.5,3.3,13.3,5.1
1083,9.6,25.8,16.4,37.3,58.9,7.2,9.7,5.6,78.0,84.7,15.5,63.1,6.1,14.0,60.2,24.2,10.9,32.3,23.8,15.4,9.9,19.3,6.9,35.7,12.1,8.3,8.2,35.8,24.5,76.1,17.1,13.1,39.0,12.4,3.4,7.8,39.8,3.0,14.6,4.5
1085,14.7,30.0,11.2,50.4,66.9,5.3,11.8,7.8,81.4,82.2,21.6,54.9,9.9,22.2,44.6,22.0,19.4,44.9,32.6,40.3,37.0,33.8,7.4,35.4,29.0,15.1,19.8,40.3,39.3,74.5,21.0,23.1,51.3,17.1,7.9,22.5,49.5,5.6,28.8,10.4
1087,11.9,28.6,11.6,48.4,66.6,5.1,11.8,6.6,82.2,85.0,18.7,62.2,7.7,17.9,47.6,21.6,17.7,40.0,32.0,33.2,27.8,28.6,6.1,34.7,25.3,12.5,16.4,40.2,34.8,78.7,19.7,19.7,49.1,14.9,6.3,18.6,44.7,4.8,25.5,8.2
1089,8.3,25.3,15.4,36.2,59.1,6.9,9.4,5.2,79.3,86.4,13.6,64.0,5.2,12.0,62.4,22.0,10.9,29.3,23.7,13.7,9.3,17.3,6.3,35.0,11.4,7.4,7.8,35.4,22.2,79.7,16.0,11.8,40.1,11.3,3.1,7.7,38.4,2.9,10.9,4.2
1091,12.1,29.0,13.1,45.7,64.8,6.0,11.1,6.8,80.6,83.7,18.8,57.8,8.1,18.0,49.8,23.5,16.1,39.5,29.5,28.9,23.9,27.3,7.1,37.3,21.2,11.9,14.2,39.1,32.7,75.7,19.5,18.7,43.2,15.0,5.6,15.4,43.9,4.4,20.4,7.5
1093,11.7,28.2,16.2,39.3,59.6,7.5,10.4,6.9,76.5,81.4,19.3,55.9,8.8,19.2,54.2,27.3,12.3,38.6,25.1,20.3,15.1,24.1,8.6,36.7,14.1,11.0,10.3,36.4,30.1,71.7,20.1,16.2,42.5,15.3,4.6,9.7,38.6,3.7,17.8,6.0
1095,13.1,26.6,16.3,37.5,59.5,7.4,9.8,6.4,76.2,82.7,18.0,59.6,7.7,16.8,56.3,26.2,12.4,37.4,24.6,19.2,13.2,23.5,8.1,36.8,13.9,9.9,9.8,37.4,29.7,72.9,18.8,15.3,37.6,14.4,4.1,9.1,40.3,3.4,22.9,5.7
1097,10.5,25.6,14.8,39.6,63.9,6.5,9.8,6.1,78.1,84.1,16.3,62.2,6.9,15.7,51.3,22.7,14.1,34.3,28.4,22.3,16.5,22.1,6.8,35.3,16.6,9.9,11.3,35.5,29.7,77.4,18.1,15.7,39.0,13.3,4.4,11.5,41.5,3.7,15.8,5.9
1099,12.8,28.9,13.4,44.7,64.0,6.2,11.3,7.1,79.6,82.3,20.3,59.2,9.0,20.4,48.7,24.2,15.6,41.1,29.2,29.6,24.7,28.7,7.7,35.4,21.5,12.7,14.6,38.2,34.7,75.8,20.6,19.3,43.9,15.9,5.8,15.5,45.6,4.5,20.4,7.8
1101,10.4,27.2,13.0,43.8,64.4,5.8,10.8,6.0,82.0,85.6,16.4,61.7,6.7,14.8,53.2,21.4,14.8,36.4,28.1,25.6,20.2,23.8,6.2,34.0,20.2,10.4,12.9,37.4,29.9,80.9,17.7,16.7,46.3,13.5,4.9,14.3,43.8,4.0,14.7,6.6
1103,11.7,26.9,15.8,39.9,61.5,7.1,9.9,6.2,77.0,83.4,17.0,60.7,7.2,16.3,54.9,24.9,12.3,35.9,25.0,18.8,13.0,22.4,7.7,35.9,14.2,9.6,9.6,36.0,28.6,74.9,18.0,14.8,38.5,13.8,4.0,9.3,39.6,3.3,18.3,5.5
1105,14.5,31.6,11.1,51.9,67.9,5.4,12.2,8.2,81.9,82.1,22.4,57.3,10.7,23.3,42.3,23.4,20.5,46.1,31.8,41.9,39.6,35.4,7.8,36.4,29.8,15.9,20.7,39.7,40.3,75.4,21.7,24.1,54.0,17.9,8.4,24.0,47.4,5.8,30.1,11.1
1107,14.0,28.0,14.0,43.6,63.3,6.2,10.7,7.0,79.2,82.4,19.3,59.3,8.5,19.0,50.4,23.1,15.2,39.6,28.5,27.9,22.3,27.5,7.8,36.6,20.5,11.8,13.8,37.7,33.4,79.5,19.5,18.1,48.0,15.4,5.6,14.5,42.2,4.3,25.0,7.5
1109,10.7,28.4,14.0,42.6,62.8,6.5,10.9,6.6,79.7,83.7,18.0,58.7,7.9,17.2,55.2,24.6,14.6,38.2,26.0,24.8,20.0,24.7,7.5,35.2,18.5,11.1,12.6,35.8,29.2,75.8,19.2,17.2,43.3,14.5,5.1,13.5,40.1,4.1,16.6,6.7
1111,10.9,27.5,15.4,39.7,61.1,7.1,10.4,6.5,78.3,82.9,18.3,58.5,7.9,17.6,51.8,25.8,12.7,37.2,25.6,20.7,15.5,23.5,7.7,36.9,15.1,10.4,10.6,36.5,28.2,74.4,19.4,15.6,38.0,14.3,4.4,10.4,40.1,3.6,15.8,5.8
1113,12.2,27.6,13.8,43.7,64.0,6.1,11.1,6.6,79.4,83.7,18.8,61.2,8.0,18.1,49.3,24.3,15.3,38.7,29.0,28.0,21.9,26.4,7.2,36.4,21.0,11.7,13.8,39.2,32.3,75.8,19.6,18.0,42.7,14.9,5.4,14.7,43.3,4.3,19.5,7.3
1115,9.5,26.7,17.0,37.2,60.1,7.3,10.0,5.8,77.8,84.1,16.7,60.0,6.7,15.2,61.0,25.9,10.9,34.3,25.6,16.1,10.8,20.1,7.3,36.8,12.4,8.9,8.6,38.0,26.3,76.2,18.6,13.5,39.2,13.2,3.5,8.1,35.8,3.1,11.9,4.7
1117,7.4,23.9,17.7,36.4,58.7,7.5,9.4,4.8,78.0,86.7,12.9,64.9,4.8,10.6,67.1,22.3,9.6,26.9,21.2,11.6,7.0,15.3,6.2,35.6,9.5,6.7,6.5,31.5,19.9,80.3,15.4,10.6,31.6,10.6,2.7,6.5,35.1,2.5,11.3,3.6
1119,11.8,29.8,11.7,49.1,66.9,5.4,11.7,7.1,82.3,84.1,19.2,60.0,8.5,18.8,45.3,21.9,18.2,40.4,30.2,34.1,29.9,29.4,6.8,35.7,25.7,13.1,16.8,38.0,35.7,79.3,20.0,20.5,50.0,15.4,6.8,19.8,48.3,5.1,29.8,8.8
1121,11.4,27.1,14.8,43.0,62.1,6.6,10.7,6.6,79.5,83.3,18.4,62.2,7.9,18.0,52.3,23.7,14.2,37.3,27.0,23.6,18.3,24.9,7.6,35.7,17.7,10.8,11.9,36.9,31.1,76.6,19.1,16.2,45.4,14.6,4.8,12.3,44.7,3.9,18.4,6.4
1123,10.7,28.4,15.3,40.8,61.8,6.9,10.5,6.3,79.0,83.6,17.6,57.3,7.3,16.9,55.4,25.2,12.7,36.4,26.7,21.0,15.4,23.4,7.5,36.5,15.9,10.1,10.8,37.6,27.8,73.9,19.1,15.3,39.6,14.1,4.3,10.8,42.5,3.6,17.6,5.7
1125,9.6,26.7,15.4,40.8,64.3,6.7,10.2,5.9,81.1,84.9,16.5,59.8,6.7,15.0,55.4,24.7,12.4,34.5,24.7,20.1,14.3,21.2,6.9,37.0,15.5,9.4,10.2,33.8,26.8,78.1,18.0,14.8,43.2,13.2,4.1,10.7,41.9,3.5,15.0,5.5
1127,11.2,28.5,15.6,38.6,59.6,7.4,10.4,6.7,77.3,81.9,19.0,58.1,8.5,18.9,51.5,27.8,12.2,39.1,24.9,20.1,14.5,24.2,8.2,35.1,13.9,10.9,10.1,36.6,30.6,69.2,20.0,16.3,35.7,15.5,4.4,9.5,43.6,3.5,17.0,5.8
1129,10.2,28.6,15.0,40.8,61.8,6.8,10.7,6.4,78.0,83.2,18.2,59.5,7.7,17.9,49.9,25.5,13.3,38.4,26.8,22.3,16.3,24.2,7.8,35.8,16.4,10.5,11.3,37.5,29.9,74.9,19.6,16.4,41.0,14.6,4.5,11.3,44.4,3.8,16.2,6.1
1131,15.1,30.2,11.5,50.4,66.7,5.5,12.1,7.8,81.1,82.0,22.1,54.2,10.3,22.8,39.7,22.7,19.1,44.9,32.9,40.4,36.4,34.0,7.6,35.9,29.0,15.3,19.8,41.3,39.1,73.3,21.4,22.9,51.9,17.3,7.9,22.0,47.4,5.5,34.0,10.4
1133,12.6,28.9,16.0,39.5,60.0,7.5,10.4,7.1,76.5,80.6,20.1,57.8,9.4,20.2,56.8,28.0,12.7,39.7,24.7,21.5,16.4,25.5,8.9,37.5,14.6,11.6,10.8,37.1,31.8,71.8,20.4,17.1,39.0,16.0,4.8,9.9,37.3,3.8,14.5,6.4
2013,16.0,18.4,15.0,33.8,53.7,4.7,7.8,6.4,64.6,76.3,13.0,43.8,5.4,16.0,48.1,12.3,12.9,30.0,34.2,21.0,12.0,22.4,8.6,32.5,14.9,7.3,10.8,35.1,28.5,62.8,13.0,12.9,29.8,12.8,3.7,9.0,41.8,3.6,16.9,6.3
2016,13.1,17.7,17.6,32.2,51.9,4.9,7.8,5.7,64.9,77.4,12.2,49.8,4.8,14.9,51.7,13.1,11.4,26.3,33.5,16.4,8.9,18.7,7.6,32.2,12.7,6.4,9.0,37.7,25.6,64.3,13.0,10.9,30.5,11.7,3.1,7.6,38.9,3.1,15.0,5.0
2020,9.5,22.0,18.0,31.4,51.6,6.5,10.6,5.1,70.7,80.6,13.2,55.9,5.2,14.1,64.2,21.2,8.8,27.5,25.0,12.8,9.0,17.5,7.1,29.5,12.0,7.1,8.3,33.8,20.0,69.0,16.1,11.0,35.0,12.1,3.0,7.9,34.7,2.8,13.6,4.2
2050,15.9,25.2,15.6,39.7,51.3,5.7,13.4,8.6,64.9,71.7,21.8,43.6,10.4,31.2,37.0,20.3,14.7,43.2,36.1,37.0,29.6,32.7,12.6,30.0,26.5,14.6,21.9,36.6,34.4,57.2,20.9,20.9,39.4,20.2,6.6,19.6,41.8,5.4,31.5,11.1
2060,9.8,21.8,20.5,31.2,49.1,6.7,11.1,5.9,64.8,78.9,14.8,52.3,5.8,16.7,58.1,19.8,9.1,29.6,26.3,14.4,9.1,17.9,8.2,29.3,12.8,7.8,9.7,34.2,20.7,65.3,16.6,11.6,34.5,13.2,3.3,8.5,38.0,3.2,12.4,4.8
2063,9.2,21.0,19.5,29.7,50.3,6.8,10.0,5.3,65.7,79.2,13.2,57.6,5.4,14.7,61.2,19.0,8.0,26.8,24.1,12.0,7.8,16.5,7.2,29.8,10.6,6.9,7.7,32.1,20.2,67.6,15.2,10.2,30.7,12.1,2.9,7.1,34.7,2.8,9.8,4.1
2066,10.0,22.8,21.3,32.2,50.9,7.0,10.9,6.0,66.1,78.2,15.1,51.4,6.5,17.9,57.7,21.1,8.9,30.3,25.5,15.0,10.6,18.9,8.2,29.2,12.3,8.4,9.7,34.0,21.7,68.8,16.8,12.1,33.1,13.5,3.5,8.7,36.3,3.2,15.0,5.0
2068,9.5,20.5,20.7,29.9,49.6,6.8,9.8,5.4,65.9,79.0,13.5,55.0,5.4,15.2,61.8,19.7,7.7,27.3,25.1,11.9,7.7,15.9,7.3,29.4,10.5,6.8,7.5,32.3,20.4,68.6,15.4,10.1,29.9,11.9,2.8,6.7,32.3,2.8,12.9,3.9
2070,13.4,23.9,18.2,33.9,51.4,5.9,12.6,7.3,63.5,74.5,18.7,47.0,8.2,25.7,47.4,20.0,12.5,37.4,31.6,27.4,20.0,26.5,10.5,29.4,20.9,11.8,16.9,36.7,29.3,62.7,19.3,17.0,38.5,17.3,5.1,15.0,37.8,4.4,19.7,8.4
2090,9.5,20.9,17.7,31.7,50.8,6.9,10.0,5.0,66.8,79.9,13.0,57.0,5.0,14.3,63.2,20.1,8.3,28.3,25.3,11.2,7.8,16.5,7.0,31.2,10.5,6.8,7.6,32.9,21.8,58.4,15.4,10.1,35.8,12.1,2.8,6.8,36.8,2.7,11.5,3.9
2100,8.3,21.1,20.0,30.1,49.5,7.2,10.3,5.2,66.7,79.8,13.0,54.2,5.3,13.9,60.5,20.5,7.7,26.4,23.3,11.5,7.6,15.5,7.1,29.6,10.1,6.8,7.6,32.1,18.4,69.6,15.5,10.0,33.3,11.7,2.8,7.0,33.0,2.7,13.8,3.9
2105,11.3,23.0,18.7,33.2,51.5,6.6,11.6,6.5,66.2,77.4,16.4,52.2,6.9,19.7,52.5,20.5,10.4,33.7,27.6,19.7,13.9,21.8,9.0,30.1,16.0,9.4,12.4,34.3,24.3,67.2,17.8,13.8,36.4,14.9,4.0,11.2,37.7,3.6,20.2,6.1
2110,8.7,21.6,20.0,29.5,51.7,6.7,10.2,5.0,66.7,80.4,13.1,56.0,5.2,13.8,62.7,21.5,7.8,26.1,23.9,11.8,7.7,16.1,6.9,30.7,10.2,6.8,7.8,32.2,17.0,68.5,15.5,10.0,34.5,11.8,2.9,7.2,32.8,2.7,13.0,3.9
2122,10.3,21.9,19.3,30.3,49.8,7.4,10.4,5.5,62.4,76.9,14.0,52.8,6.0,16.2,59.5,20.7,7.9,28.4,22.2,13.4,9.5,17.5,7.6,31.4,11.2,7.4,8.2,33.2,20.3,61.3,16.2,10.8,32.0,13.0,3.1,7.6,30.2,2.9,15.8,4.3
2130,9.8,21.7,19.6,30.9,50.2,6.8,10.4,5.3,66.9,79.0,13.7,54.4,5.7,16.0,60.3,19.5,8.6,28.5,24.2,13.5,9.1,18.3,7.4,29.5,11.6,7.3,8.6,30.2,21.0,67.0,16.0,11.2,37.4,13.0,3.1,7.8,38.8,2.9,11.7,4.4
2150,10.5,19.1,17.6,30.2,51.1,5.8,9.3,5.2,67.1,78.8,13.1,51.7,5.2,15.0,55.7,17.2,9.3,26.8,27.2,14.8,8.9,17.7,7.1,31.7,11.7,7.0,8.5,34.0,22.8,69.0,14.7,10.7,31.4,12.0,3.0,7.4,38.7,2.9,13.3,4.5
2158,18.1,28.4,15.3,41.5,54.2,5.7,14.6,9.6,66.0,70.4,25.1,40.1,12.4,36.9,32.2,22.7,18.0,49.9,35.3,45.8,38.9,39.0,13.8,30.5,31.6,17.6,26.8,39.3,38.5,48.5,23.5,25.1,47.0,23.2,8.1,24.9,45.6,6.2,44.6,13.8
2164,12.6,24.1,17.0,35.0,52.1,6.1,12.5,7.2,66.5,75.7,18.5,48.1,8.1,24.2,49.4,20.5,12.6,37.4,30.7,26.1,19.3,26.0,10.1,29.7,19.8,11.3,15.8,35.5,28.7,62.4,19.2,16.6,38.6,16.9,4.9,14.3,40.4,4.3,23.3,7.9
2170,9.9,24.5,16.8,30.4,49.3,7.1,10.7,5.7,69.9,78.8,15.0,52.6,6.2,17.0,55.8,22.1,8.3,31.8,24.7,13.1,9.5,18.1,7.9,32.0,11.8,7.9,8.6,32.7,22.5,64.4,16.6,11.5,37.0,13.2,3.2,7.8,34.2,3.0,14.7,4.3
2180,13.5,24.1,17.9,35.5,53.6,5.9,12.7,7.9,65.3,74.1,19.8,47.9,9.1,28.7,39.4,20.1,13.7,40.2,31.6,31.8,24.2,28.7,11.4,30.5,22.8,12.7,18.6,35.5,30.3,58.7,20.0,18.1,38.8,17.9,5.6,17.3,44.0,4.8,27.4,9.4
2185,11.6,20.8,19.7,35.3,51.7,5.9,10.4,6.3,65.3,77.2,15.0,53.8,6.1,19.9,51.8,17.7,11.0,31.6,30.5,18.3,10.9,20.6,9.1,29.9,14.6,8.2,11.3,33.4,24.1,65.9,16.3,12.8,41.2,14.0,3.5,9.7,39.0,3.5,16.7,5.7
2188,14.2,25.1,17.0,38.1,52.7,5.9,13.2,7.9,66.9,74.1,20.3,47.4,9.1,28.6,42.9,20.3,14.6,41.8,32.5,32.1,24.1,29.9,11.3,30.0,24.4,12.9,18.9,37.8,30.8,62.1,20.3,19.1,40.9,18.7,5.6,17.5,42.7,4.8,30.4,9.5
2195,10.3,21.8,19.3,30.2,50.8,6.8,10.0,5.4,64.9,78.8,13.7,53.1,5.6,15.3,59.5,19.2,8.5,27.9,25.8,12.9,8.5,17.1,7.3,30.2,11.3,7.2,8.1,32.8,20.4,69.1,15.7,10.6,30.8,12.1,3.0,7.3,33.3,2.9,11.7,4.2
2198,11.8,24.3,18.0,33.2,51.6,6.5,12.1,6.9,66.4,76.2,17.5,49.1,7.6,22.0,52.3,21.4,11.0,35.4,28.3,21.8,16.2,23.9,9.6,29.3,17.3,10.3,13.5,35.1,25.1,64.4,18.6,15.0,37.7,16.1,4.4,12.5,36.2,3.9,21.0,6.7
2220,9.0,20.7,19.1,30.0,49.7,6.7,10.1,5.0,66.5,79.9,13.0,57.3,5.2,13.9,61.2,19.8,8.4,26.3,25.2,12.1,7.8,15.9,7.0,28.5,10.7,6.9,7.9,32.2,18.4,71.4,15.2,10.0,29.7,11.6,2.9,7.1,31.8,2.8,10.2,4.1
2230,10.0,21.2,19.7,29.7,50.5,7.0,10.1,5.1,66.2,79.5,13.5,56.5,5.5,14.6,58.8,20.2,7.8,27.3,24.2,11.9,7.8,16.2,6.9,29.6,10.5,7.0,7.6,32.4,19.9,66.7,15.6,10.2,35.0,12.0,2.9,6.8,36.0,2.7,14.3,3.9
2240,11.7,22.7,19.1,32.8,50.3,6.9,10.1,6.2,64.2,76.2,15.4,52.6,6.7,18.0,52.7,19.7,9.0,31.6,26.5,15.4,11.4,20.3,8.4,28.8,12.8,8.5,9.8,35.4,25.1,61.9,16.7,12.4,35.0,14.0,3.7,9.0,35.9,3.3,13.8,5.2
2275,11.0,22.5,18.9,31.4,50.4,6.8,11.0,6.0,65.2,77.6,15.9,51.4,6.6,18.0,55.3,20.2,9.1,31.1,26.6,15.9,11.2,20.0,8.1,30.7,13.4,8.6,10.2,33.7,22.3,63.4,17.4,12.3,35.0,14.0,3.7,9.1,36.8,3.3,15.8,5.2
2282,12.6,22.2,18.7,33.8,50.9,6.2,11.2,6.6,65.0,76.4,16.8,52.0,6.9,20.3,51.7,19.3,10.6,33.9,30.4,19.8,13.2,22.1,9.2,30.6,16.1,9.3,12.2,35.7,25.2,63.0,17.7,13.7,34.6,14.9,4.1,10.8,38.8,3.7,16.7,6.1
2290,13.8,25.6,16.4,37.1,52.5,6.1,12.7,8.0,66.7,74.2,19.7,50.8,9.1,27.5,42.3,20.6,13.9,40.4,31.4,30.6,23.0,28.9,11.3,31.9,22.7,12.7,18.4,37.4,28.3,62.2,20.0,18.1,36.6,18.4,5.6,16.6,40.7,4.7,31.6,9.1
4001,14.6,24.8,13.2,32.7,56.7,6.5,14.4,7.8,69.8,76.8,21.9,45.1,10.4,23.1,43.6,21.0,15.3,42.6,36.3,35.0,29.5,30.9,11.1,28.6,25.3,14.1,20.4,35.5,27.8,58.0,22.3,19.5,36.0,19.4,6.7,19.9,42.7,5.2,29.6,11.3
4003,14.9,24.1,16.1,31.9,54.0,6.9,10.5,5.8,70.9,81.7,16.1,49.9,6.4,13.4,55.5,21.2,10.6,33.4,26.8,18.5,14.1,21.2,7.6,33.2,15.2,8.2,9.8,31.1,24.2,64.0,17.1,13.1,31.8,14.1,4.0,9.9,35.2,3.2,12.1,6.0
4005,10.4,22.9,16.4,28.4,51.6,7.2,11.7,5.5,69.0,82.9,15.5,50.5,6.4,12.9,60.3,22.2,9.8,29.5,26.5,16.8,12.7,18.9,7.7,30.7,13.5,8.3,10.1,31.9,16.8,63.4,18.0,11.8,25.3,13.2,3.7,9.5,32.9,3.3,10.3,5.7
4007,13.2,24.7,18.0,29.2,54.4,7.2,11.6,6.0,71.1,80.8,17.8,49.9,7.4,16.7,51.5,22.9,10.5,33.9,30.4,20.6,15.7,21.6,8.2,30.3,15.9,9.4,11.5,34.8,24.7,63.1,19.0,13.9,32.2,15.1,4.2,11.0,36.8,3.4,18.7,6.3
4009,16.0,22.3,16.4,31.3,53.5,6.8,11.2,6.0,70.2,80.4,17.4,48.5,7.1,15.5,54.5,20.4,10.9,35.6,28.0,21.2,15.4,22.9,8.1,30.4,16.4,9.1,11.1,32.4,25.5,67.9,17.7,14.5,36.3,14.6,4.3,10.4,37.6,3.4,16.9,6.6
4011,16.1,21.5,17.4,28.7,52.5,6.4,10.1,5.0,70.6,83.0,14.9,52.0,5.1,11.6,57.4,19.3,10.1,30.4,27.7,16.5,10.1,19.7,6.8,32.1,14.0,7.2,8.8,32.4,23.1,70.9,16.1,11.7,33.0,12.9,3.3,8.0,37.7,2.7,13.0,5.3
4012,18.1,23.8,16.9,31.0,54.5,6.9,11.4,6.4,69.5,80.2,18.6,47.6,7.6,16.7,49.1,21.2,11.5,37.6,30.4,24.5,18.4,24.8,8.4,30.5,18.9,10.0,12.8,34.9,28.1,65.4,18.5,15.4,36.1,15.7,4.7,11.9,39.0,3.6,17.6,7.3
4013,13.1,21.3,16.8,28.6,53.8,7.3,10.1,5.0,72.0,84.5,13.8,56.4,5.2,11.0,61.9,18.9,9.6,28.1,25.7,15.7,10.8,17.5,6.5,33.0,12.2,6.9,8.6,32.5,20.0,75.0,15.3,11.5,30.6,11.4,3.2,6.9,34.9,2.7,14.0,4.9
4015,14.3,22.6,19.1,31.0,52.2,7.3,11.2,5.9,67.7,80.0,16.9,48.5,7.7,17.1,52.0,21.5,9.7,33.2,29.7,18.4,14.0,20.3,7.5,31.2,14.5,9.0,9.9,32.5,26.6,61.5,18.1,14.0,33.3,14.2,4.1,9.4,41.7,3.3,15.6,5.9
4017,13.6,25.4,13.6,35.3,54.9,7.1,13.8,6.8,68.1,77.8,20.3,46.0,9.0,19.5,49.6,23.3,12.3,37.9,31.8,26.2,21.1,24.7,9.4,29.7,19.3,11.6,15.3,34.1,25.2,63.0,20.5,16.0,37.9,16.3,5.3,14.4,37.8,4.2,24.5,8.5
4019,13.0,21.8,15.8,30.1,52.2,7.1,11.0,5.2,73.3,84.0,15.5,54.8,5.7,11.3,56.9,23.6,9.5,31.4,26.4,15.7,11.6,19.2,7.0,32.8,12.8,7.5,9.3,32.9,21.6,72.7,17.3,12.2,32.2,13.0,3.5,8.8,38.8,2.9,14.2,5.4
4021,14.0,23.4,16.7,31.6,55.5,7.2,10.9,5.4,72.7,82.6,16.2,53.8,6.2,12.7,56.2,20.6,10.9,31.7,26.7,18.3,11.6,20.7,7.2,34.5,14.1,7.9,9.4,34.1,24.4,70.4,17.4,12.9,38.7,13.8,3.6,9.3,41.1,3.0,19.3,5.3
4023,26.5,19.9,15.5,31.3,54.1,5.4,9.5,5.9,70.2,81.4,17.2,46.5,5.6,12.0,51.0,16.6,13.2,35.5,28.5,27.4,19.8,26.9,7.8,33.3,21.5,9.1,13.2,30.3,30.3,70.9,15.8,15.6,34.8,15.1,5.1,12.6,36.4,3.3,20.9,9.0
4025,11.8,22.5,18.9,27.0,51.3,7.7,11.0,5.1,69.6,82.6,14.7,53.2,6.2,12.9,60.4,21.6,8.0,30.2,25.8,13.8,10.1,17.6,6.7,30.2,11.8,7.5,8.0,31.0,19.9,61.4,16.8,11.7,27.6,12.8,3.3,7.3,34.2,2.8,11.9,4.6
4027,24.1,21.2,16.7,31.6,55.4,6.0,9.8,6.1,71.4,80.5,17.3,45.5,6.2,13.7,50.5,18.6,12.9,33.3,29.0,26.3,18.9,26.4,7.7,31.1,20.6,9.1,12.3,33.6,27.7,69.4,16.2,14.8,39.0,14.9,4.8,11.8,35.9,3.4,22.1,8.1
5001,11.8,25.7,15.5,39.3,61.5,6.7,10.8,6.5,78.1,83.3,19.6,55.4,7.8,17.6,47.8,24.7,12.1,37.9,30.5,21.9,13.9,24.9,7.3,32.7,17.5,10.4,11.1,38.9,33.7,71.1,20.9,16.2,39.0,15.2,4.5,12.6,43.7,3.6,21.4,6.1
5003,13.7,28.1,14.9,42.1,62.0,6.5,11.2,7.3,78.2,81.4,22.3,53.8,9.5,20.7,48.6,27.4,14.2,42.9,29.8,26.5,19.3,29.2,8.1,34.4,20.1,12.6,13.3,38.5,39.4,67.6,21.9,19.1,45.2,17.3,5.6,15.4,43.8,4.2,30.3,7.7
5005,10.7,26.4,16.3,36.2,58.5,7.5,10.5,6.8,76.7,82.1,19.6,55.7,8.3,17.9,53.4,28.7,10.3,35.6,25.9,17.3,11.1,23.2,8.1,30.9,13.6,10.1,9.5,34.8,29.8,69.7,20.6,15.2,38.2,15.5,4.2,10.1,37.4,3.4,19.2,5.6
5007,11.0,21.6,17.0,31.7,59.5,7.2,9.2,5.3,78.0,85.1,15.1,55.5,5.6,11.6,62.8,23.8,9.8,29.7,25.3,13.2,6.6,18.8,6.9,30.3,11.3,7.3,7.3,31.4,25.4,72.2,16.7,11.9,35.1,12.3,3.0,7.5,34.0,2.7,12.1,4.3
5009,10.0,26.2,16.9,34.6,57.0,7.4,10.4,6.3,76.2,82.5,18.9,56.7,7.6,17.0,53.6,26.9,10.4,36.3,26.0,16.0,9.2,21.4,7.6,33.2,12.9,9.3,8.6,36.8,28.9,70.1,20.2,14.6,40.8,15.1,3.7,9.0,39.3,3.2,22.3,5.0
5011,16.1,27.2,14.1,42.9,62.2,6.2,10.9,7.2,78.0,81.8,21.3,52.9,8.8,19.3,46.1,24.3,14.3,42.1,30.7,27.8,19.6,29.6,7.9,35.0,21.7,12.0,13.8,36.3,38.6,71.5,20.7,19.1,42.6,17.1,5.6,15.9,43.8,4.2,26.6,8.0
5013,10.9,24.9,16.2,38.5,60.0,6.6,10.4,6.1,77.1,83.2,18.7,55.1,7.1,16.6,49.8,24.6,11.3,35.8,28.8,18.2,11.2,22.5,7.0,33.5,15.0,9.4,9.7,36.0,31.5,72.2,19.7,14.7,39.1,14.3,4.0,10.8,40.8,3.4,22.1,5.4
5015,14.8,25.3,16.2,37.4,58.8,7.0,9.9,6.8,75.5,81.8,19.9,54.7,7.9,17.5,54.5,25.7,11.4,37.5,27.4,19.8,11.7,24.6,8.2,33.7,15.7,10.1,10.2,35.1,34.5,68.1,19.7,15.5,37.7,15.8,4.3,10.6,37.2,3.4,17.7,6.2
5017,15.3,27.0,13.5,46.1,64.3,5.7,11.1,7.4,78.8,81.8,21.7,51.7,9.1,20.5,41.5,22.7,16.1,42.3,34.1,32.2,23.9,31.5,7.4,34.0,25.0,12.9,16.1,38.3,39.8,73.4,20.7,20.4,47.4,17.0,6.4,19.2,47.6,4.8,32.9,8.9
5019,11.0,27.0,15.0,41.6,62.3,6.8,10.9,6.8,79.0,83.3,19.6,56.5,8.0,17.4,50.6,26.0,12.9,38.2,28.8,21.6,14.9,24.9,7.5,33.6,17.3,10.7,11.5,35.2,33.1,73.5,20.3,16.6,43.2,15.7,4.8,13.3,43.5,3.8,21.6,6.4
5021,11.6,26.3,16.2,36.8,58.4,7.3,10.5,6.9,75.2,81.2,20.5,57.5,8.7,19.0,48.6,28.5,11.1,39.5,28.1,18.6,11.9,24.3,8.3,33.7,14.2,10.5,9.8,36.3,33.5,68.5,21.1,16.0,40.2,15.9,4.3,10.3,38.8,3.5,20.2,5.8
5023,11.0,26.2,17.4,35.5,58.2,7.3,10.4,6.7,75.7,82.0,20.2,60.0,8.2,18.2,53.0,27.3,10.7,38.1,26.6,17.5,10.9,23.8,8.1,32.9,13.4,10.1,9.3,35.8,31.3,71.0,20.9,15.3,38.0,15.7,4.1,9.7,37.9,3.4,20.0,5.5
5025,10.8,26.6,15.9,39.4,59.5,7.0,10.6,6.7,76.6,82.2,19.9,56.5,8.2,18.2,47.5,26.3,11.6,38.0,27.8,18.8,12.5,23.9,7.8,33.1,15.0,10.3,10.2,35.7,32.4,69.2,20.7,15.8,42.2,15.6,4.3,11.2,44.0,3.6,23.0,5.8
5027,11.6,26.9,14.2,41.8,63.2,6.4,11.1,6.8,79.1,83.1,20.1,55.8,8.2,18.0,51.6,24.2,13.5,39.0,29.5,25.0,17.3,26.2,7.3,32.3,19.7,11.1,12.6,36.7,34.6,73.0,20.5,17.2,39.9,15.5,5.1,15.0,42.1,4.0,23.6,6.9
5029,11.8,27.0,15.9,40.5,60.9,7.0,10.7,7.1,76.6,81.8,20.7,54.3,8.8,19.1,47.5,26.3,12.4,39.5,27.7,21.6,14.8,25.9,8.1,34.3,16.5,11.1,11.2,35.6,34.5,69.8,20.9,17.1,41.1,16.2,4.8,12.6,40.8,3.8,17.4,6.5
5031,10.7,26.7,15.6,38.5,60.4,7.1,10.6,6.4,77.2,83.6,19.2,57.1,7.6,16.2,52.1,26.5,11.2,36.6,27.5,18.7,12.3,23.4,7.4,33.7,15.3,9.9,10.2,34.3,30.9,66.6,19.7,15.4,39.6,14.6,4.2,11.5,41.3,3.4,18.6,5.7
5033,12.1,25.5,16.4,37.4,57.5,7.1,10.3,6.6,76.1,82.4,19.7,56.9,7.9,17.1,54.2,27.1,10.9,38.0,27.4,18.7,11.1,23.7,7.9,35.0,14.5,9.9,9.7,34.9,29.9,68.1,20.3,15.6,38.7,15.5,4.1,10.2,37.9,3.3,17.5,5.7
5035,12.7,26.8,13.2,44.7,63.6,5.8,11.6,6.9,80.2,83.6,21.2,57.8,8.3,18.8,46.2,24.4,14.8,41.8,32.9,29.6,21.8,29.2,6.9,34.7,23.7,12.1,14.8,40.0,38.0,73.9,21.0,19.3,46.8,16.3,5.8,18.2,43.0,4.4,28.5,7.8
5037,12.7,27.0,15.0,41.5,62.0,6.6,11.0,7.2,77.3,81.3,21.6,54.6,9.2,20.0,49.4,26.4,13.4,40.1,29.9,24.8,17.7,27.7,8.0,34.1,19.1,11.9,12.7,36.6,36.9,70.2,21.4,18.1,44.8,16.6,5.3,14.2,42.3,4.1,29.2,7.2
5039,11.8,25.4,14.7,41.3,62.2,6.1,10.9,6.2,78.1,83.6,19.3,57.3,7.2,17.1,48.8,23.6,12.7,38.2,32.3,22.9,14.8,25.1,6.7,32.8,19.1,10.2,11.7,37.3,35.0,75.3,20.2,16.3,42.1,15.0,4.5,13.7,45.8,3.8,23.3,6.2
5041,16.8,28.7,12.5,46.7,64.0,5.7,11.9,8.1,78.8,80.7,24.1,50.9,10.7,23.0,39.9,24.5,17.1,45.5,33.6,36.6,29.1,34.8,8.1,34.6,27.4,15.0,18.2,39.1,44.3,69.4,22.7,22.8,46.6,18.9,7.5,21.7,44.3,5.2,26.8,10.3
5043,12.6,26.8,14.5,41.8,62.1,6.6,11.1,7.1,78.4,82.3,20.7,57.1,8.7,18.6,51.3,25.0,13.5,39.9,29.7,24.6,17.2,26.7,7.7,33.9,19.2,11.5,12.5,37.6,35.1,72.1,20.7,17.9,45.0,16.2,5.2,14.6,41.8,4.0,21.1,7.2
5045,9.3,24.3,17.0,36.0,60.0,7.3,10.1,5.9,77.5,84.2,17.7,55.8,6.6,14.6,59.3,26.3,10.9,35.1,24.8,15.3,9.2,19.9,7.1,34.1,13.0,8.7,8.6,33.7,27.1,73.9,18.7,13.9,41.1,13.6,3.6,9.6,38.0,3.1,15.9,4.9
5047,12.1,27.6,16.3,38.5,59.1,7.3,10.7,7.1,75.8,81.2,21.2,53.2,9.2,20.0,46.7,28.5,11.7,39.3,27.3,19.8,13.1,26.2,8.6,34.5,15.2,11.1,10.5,35.3,33.5,69.8,21.6,16.7,39.8,16.8,4.6,11.2,41.8,3.7,25.6,6.2
5049,12.2,27.9,16.0,39.6,59.8,7.3,10.8,7.7,76.3,80.4,21.9,52.3,10.0,21.4,43.8,28.8,12.4,40.8,27.0,21.9,15.5,26.9,9.1,34.1,15.8,12.0,11.4,35.1,34.5,69.0,22.0,18.0,39.7,17.2,5.1,12.4,41.2,3.9,18.4,6.8
5051,11.0,25.8,16.8,37.8,60.4,7.3,10.3,6.4,76.3,83.3,18.6,56.3,7.3,16.1,56.3,25.9,11.1,37.3,26.5,17.9,10.9,22.7,7.5,31.3,15.1,9.5,9.6,35.7,28.3,68.4,19.8,15.2,39.3,14.9,3.9,10.7,38.0,3.3,18.1,5.5
5053,9.7,24.8,17.0,35.2,58.2,7.3,10.0,6.0,75.7,83.4,17.9,58.2,6.9,15.7,53.9,26.0,9.8,34.1,26.5,14.3,8.2,20.4,7.2,33.5,11.9,8.6,7.9,35.4,28.0,72.2,19.2,13.5,36.6,13.9,3.4,8.3,39.3,3.0,18.3,4.6
5055,11.5,27.0,15.9,39.3,58.8,7.3,10.5,6.8,76.5,81.7,20.7,51.7,8.6,18.8,50.6,28.5,11.0,39.8,27.6,18.6,11.8,24.5,8.1,33.9,14.3,10.6,9.8,36.7,33.9,71.8,20.9,16.4,42.3,16.1,4.3,10.4,41.5,3.5,22.5,5.8
5057,14.9,25.5,14.8,40.5,61.6,6.2,10.8,6.8,77.2,82.6,20.3,55.2,8.1,18.1,49.6,23.2,13.6,39.9,30.8,25.9,17.1,27.3,7.4,32.9,20.7,11.2,12.9,38.2,38.0,73.1,20.5,17.7,45.8,16.2,5.1,14.8,41.3,4.0,22.5,7.3
5059,11.7,25.0,15.8,38.5,59.6,7.0,10.4,6.8,76.0,81.8,19.9,56.3,8.3,18.9,51.2,24.7,11.6,38.4,27.6,19.9,12.5,24.4,8.0,34.4,15.6,10.3,10.5,36.5,32.8,64.8,20.1,16.0,36.9,15.5,4.4,11.5,40.1,3.6,22.1,6.0
5061,13.1,26.0,15.4,39.0,61.3,6.5,10.7,6.6,77.2,82.8,19.9,56.7,7.9,17.6,53.0,25.5,12.5,39.2,29.9,22.3,14.4,25.4,7.5,33.1,18.0,10.5,11.4,37.6,34.4,71.7,20.5,16.9,39.7,15.6,4.6,12.9,41.8,3.7,22.9,6.4
5063,12.1,26.3,16.3,37.2,59.2,7.2,10.5,6.8,76.6,82.0,20.0,53.5,8.3,17.8,48.9,27.0,11.4,38.3,27.5,19.2,12.0,24.2,8.2,34.7,14.7,10.3,9.9,35.0,34.1,67.0,20.5,15.9,42.0,15.7,4.3,10.6,40.8,3.5,19.5,5.9
5065,12.6,27.4,16.7,39.5,59.6,7.3,10.5,7.6,75.6,80.4,21.2,54.7,9.5,20.5,50.2,27.5,12.0,41.5,27.6,21.3,14.2,27.0,8.9,33.7,15.7,11.3,11.1,36.3,34.4,67.0,21.2,17.3,41.4,16.8,4.9,11.8,38.0,3.8,27.1,6.6
5067,13.7,27.7,14.7,41.4,61.5,6.8,11.0,7.7,76.5,80.6,22.4,52.1,9.9,21.5,45.3,26.9,13.7,42.1,29.9,26.5,18.5,29.2,8.6,34.6,19.7,12.5,13.2,38.0,38.5,66.8,21.9,18.9,43.9,17.4,5.6,14.8,43.3,4.2,22.5,7.6
5069,12.5,26.7,13.5,47.2,65.3,5.7,11.3,6.8,80.6,83.5,20.2,59.3,8.0,18.0,45.4,22.3,15.1,41.4,34.6,28.4,20.3,27.7,7.0,34.0,23.7,11.6,14.5,39.5,37.0,75.0,20.2,19.2,46.3,15.8,5.7,18.1,46.7,4.4,24.8,7.7
5071,14.4,25.8,15.3,38.2,60.1,6.9,10.4,7.2,75.5,81.2,20.8,50.6,8.8,18.7,45.2,26.2,12.4,39.7,27.6,22.1,14.0,26.6,8.6,34.8,16.5,11.0,11.1,34.7,35.7,68.4,20.6,17.1,37.5,16.8,4.8,11.6,41.9,3.7,28.1,6.8
5073,15.1,28.2,13.9,43.9,62.7,6.2,11.6,7.9,77.4,80.4,23.4,55.5,10.3,22.6,42.3,26.0,15.3,43.8,32.2,31.5,24.0,32.2,8.3,34.2,23.5,13.8,15.8,38.3,40.4,69.8,22.4,20.8,46.3,18.2,6.5,18.2,43.6,4.7,35.8,8.9
5075,12.1,27.3,16.2,39.1,58.9,7.4,10.8,7.3,76.2,80.5,21.7,53.7,9.6,20.6,47.1,28.5,12.0,40.6,27.0,20.6,14.1,26.5,8.6,34.2,15.6,11.6,10.9,35.5,34.8,70.7,21.9,17.4,44.1,16.9,4.9,11.8,40.2,3.8,19.0,6.5
5077,16.0,27.8,13.9,47.8,64.1,5.6,11.0,8.2,78.1,80.2,23.1,50.4,10.2,23.1,40.6,21.9,17.1,45.2,35.4,34.6,26.4,33.6,8.2,34.1,26.1,13.7,17.3,38.4,41.2,72.5,21.2,21.9,47.0,17.9,7.1,20.7,46.2,5.2,25.1,9.7
5079,14.7,25.7,15.6,42.9,61.5,6.4,9.8,7.4,76.0,80.6,20.3,54.9,8.6,20.2,44.5,21.9,13.5,40.6,32.6,24.7,16.0,27.8,8.1,34.4,19.2,10.8,12.6,35.6,36.1,70.8,19.5,17.5,42.8,15.9,5.2,14.3,43.0,4.1,25.4,7.0
5081,11.4,26.5,15.3,39.7,61.2,6.8,10.8,6.7,77.2,82.6,20.0,56.9,8.2,18.4,52.5,26.0,12.4,39.6,28.0,22.1,14.8,24.7,7.7,33.5,17.1,10.8,11.3,35.6,34.6,71.3,20.7,16.7,41.3,15.5,4.7,12.9,40.4,3.8,24.2,6.4
5083,11.3,26.5,17.4,38.2,59.1,7.3,10.6,6.7,76.2,81.7,20.2,55.1,8.4,18.3,51.5,27.3,11.3,38.2,26.8,18.4,11.6,24.0,8.1,33.9,14.1,10.3,9.8,36.1,31.7,70.9,20.6,16.0,37.7,15.6,4.2,10.3,40.1,3.5,19.9,5.7
5085,10.1,25.2,16.8,36.5,58.9,7.3,10.3,5.8,77.3,83.9,18.2,59.8,6.8,15.9,57.2,26.2,10.1,35.6,26.8,15.5,8.6,21.2,7.0,35.0,12.9,8.7,8.3,35.9,30.3,71.6,19.5,13.7,35.7,14.2,3.5,8.9,38.6,3.0,12.9,4.8
5087,13.1,26.9,16.7,38.4,58.0,7.1,10.5,6.9,75.5,81.2,20.9,51.9,8.7,19.3,48.4,26.9,11.3,40.6,29.4,20.1,12.3,25.5,8.5,33.8,15.2,10.7,10.3,36.5,33.4,66.0,21.0,16.3,40.6,16.2,4.3,10.7,38.8,3.5,20.3,6.1
5089,11.6,26.5,16.6,35.1,58.8,7.3,10.6,7.0,74.9,81.3,20.7,58.1,8.6,18.8,53.5,27.7,11.1,39.2,27.0,18.7,11.9,24.4,8.4,33.0,14.2,10.7,10.0,34.5,31.3,70.4,21.2,16.0,37.8,16.2,4.4,10.4,39.0,3.5,21.7,5.9
5091,12.6,26.5,14.7,40.8,62.6,6.5,11.1,7.0,78.0,82.0,21.1,56.5,8.8,19.3,46.8,25.3,13.1,39.5,29.7,24.7,17.3,26.9,7.8,32.9,19.0,11.5,12.5,34.3,36.6,68.8,21.2,17.9,38.0,16.2,5.2,14.5,41.8,4.0,28.9,7.0
5093,12.9,26.8,14.4,43.4,62.5,6.3,11.1,7.0,78.4,82.3,20.9,52.8,8.6,19.1,45.6,25.4,13.4,41.1,31.9,26.0,18.2,27.8,7.5,32.9,20.3,11.6,13.1,36.9,35.8,75.5,21.0,18.6,46.7,16.1,5.3,15.4,46.5,4.1,26.8,7.2
5095,13.3,26.7,13.7,43.8,63.1,6.1,11.6,7.1,78.3,82.4,21.4,52.2,8.8,20.0,45.9,24.8,14.3,41.4,32.1,27.5,20.1,28.9,7.4,34.0,21.6,12.3,14.1,38.0,36.8,71.2,21.5,19.1,43.7,16.7,5.7,16.4,43.0,4.3,24.4,7.7
5097,12.0,26.2,16.4,37.4,58.7,7.3,10.6,7.1,76.2,81.6,20.6,56.2,8.7,18.8,50.9,27.8,11.4,39.4,26.1,19.4,12.5,24.8,8.4,34.9,14.6,10.8,10.3,35.4,32.6,64.0,21.2,16.4,41.1,16.2,4.5,10.8,41.1,3.6,17.7,6.1
5099,13.3,28.1,14.3,43.7,62.5,6.3,11.1,7.4,77.8,81.4,21.8,53.6,9.4,21.1,47.1,25.8,14.2,42.6,31.2,27.6,20.4,29.0,8.0,34.6,21.3,12.5,14.0,37.2,38.3,72.9,21.9,19.2,44.1,17.1,5.7,16.5,44.2,4.4,21.6,7.9
5101,11.0,25.9,17.2,37.7,58.4,7.3,10.5,6.8,75.7,81.7,20.1,54.8,8.3,18.7,50.8,27.2,10.9,38.2,27.2,17.4,10.7,23.6,8.2,33.8,13.5,10.1,9.4,35.3,31.1,70.4,20.8,15.4,38.7,15.6,4.1,9.8,40.3,3.4,17.5,5.5
5103,11.9,25.9,14.1,42.7,62.7,6.2,11.2,6.9,79.0,83.0,20.5,54.8,8.2,18.7,50.8,24.6,13.9,40.0,31.6,25.6,17.9,27.2,7.1,33.4,20.3,11.3,13.0,37.7,35.8,72.0,21.2,18.2,43.4,15.9,5.2,15.5,42.5,4.1,26.7,7.1
5105,11.0,25.4,17.1,36.7,59.1,7.3,10.3,6.6,75.6,81.9,19.6,53.6,8.1,18.0,53.4,26.7,10.8,37.5,26.5,17.6,11.0,23.2,8.0,34.0,13.7,10.0,9.4,34.5,32.0,70.4,20.3,15.3,38.6,15.2,4.1,10.1,40.2,3.4,17.9,5.5
5107,14.3,29.3,12.3,49.0,66.3,5.5,12.4,7.8,80.6,82.3,23.1,54.5,10.0,21.8,39.1,24.0,17.2,45.0,34.5,36.0,29.6,33.7,7.4,33.5,27.6,14.6,18.4,39.8,41.9,69.9,22.4,22.8,48.6,18.2,7.4,22.8,50.5,5.2,35.1,9.9
5109,12.0,26.3,16.7,38.0,59.3,7.2,10.3,6.8,76.4,82.1,19.9,54.3,8.2,17.9,51.9,27.1,11.4,37.6,26.9,19.2,12.0,24.4,8.1,34.6,15.0,10.2,10.1,34.9,32.4,69.1,20.4,15.9,38.2,15.8,4.3,10.8,40.9,3.5,15.7,5.9
5111,13.1,27.0,15.4,38.2,59.7,7.1,10.9,7.3,76.1,80.6,22.0,56.0,9.6,20.8,44.4,27.9,12.1,41.2,28.9,22.6,15.8,27.1,8.4,34.6,16.8,11.9,11.8,36.6,37.1,66.5,21.9,17.7,41.3,17.1,5.0,12.6,42.0,3.9,26.1,6.9
5113,12.5,25.7,16.6,37.2,59.3,7.3,10.6,7.1,76.0,81.4,20.6,50.8,8.9,19.4,51.4,26.8,11.8,38.7,26.3,20.1,13.1,25.1,8.5,34.2,15.1,10.9,10.7,34.9,33.5,71.6,21.1,16.5,40.2,16.4,4.6,11.2,39.3,3.6,27.1,6.3
5115,12.5,27.2,16.1,36.3,58.9,7.3,10.6,6.7,75.2,82.4,19.5,56.1,8.2,17.1,53.3,25.1,11.4,38.0,26.3,19.1,11.8,24.4,8.0,33.9,14.8,10.1,9.9,32.9,33.2,71.5,20.0,16.1,45.3,15.2,4.3,10.6,37.7,3.4,19.9,6.0
5117,11.3,26.2,16.6,38.6,60.0,7.0,10.6,6.6,76.8,82.2,19.9,53.5,8.0,18.1,49.0,25.8,11.3,37.7,28.0,18.9,12.1,23.9,7.7,33.4,14.7,10.2,10.0,35.6,32.1,71.1,20.4,15.6,40.5,15.5,4.2,10.7,41.1,3.5,15.9,5.7
5119,10.5,24.2,15.2,39.5,61.0,6.5,10.3,5.8,79.5,85.4,17.0,59.7,6.4,13.6,58.4,23.6,11.5,34.0,28.6,19.1,12.3,21.8,6.3,32.3,16.4,9.2,10.6,35.5,28.4,74.6,18.3,15.0,40.6,13.2,4.1,12.5,39.2,3.4,16.6,5.7
5121,12.2,27.5,15.9,38.4,59.4,7.3,10.8,7.3,75.9,80.6,21.6,55.3,9.4,20.5,49.1,28.1,12.2,41.0,27.3,21.1,14.5,26.6,8.8,33.9,15.9,11.7,11.1,35.4,36.1,69.1,21.9,17.3,41.4,17.1,4.9,11.9,38.1,3.8,29.2,6.5
5123,15.4,27.0,13.8,46.6,64.7,5.8,11.0,7.9,78.8,81.5,22.1,51.5,9.5,21.9,39.8,22.2,16.6,43.4,34.2,33.1,24.9,31.8,7.8,32.1,25.2,13.1,16.6,38.1,41.2,72.2,20.9,21.0,47.9,17.2,6.7,19.9,47.3,5.0,26.1,9.1
5125,9.6,23.5,17.3,35.5,59.2,7.2,10.1,5.7,77.3,84.7,16.6,56.1,6.1,14.3,62.4,25.6,9.5,33.2,25.6,14.4,8.0,20.0,6.9,33.1,12.2,8.2,7.9,34.2,27.8,73.2,18.4,13.1,34.4,13.3,3.2,8.6,37.2,2.9,14.2,4.5
5127,13.2,26.3,16.6,37.6,58.5,7.0,10.4,7.0,75.6,81.2,21.0,53.2,8.6,19.1,50.1,26.7,11.7,40.6,28.7,20.0,12.3,25.5,8.4,33.8,15.4,10.7,10.4,36.5,34.6,64.8,20.8,16.5,37.2,16.3,4.4,10.8,38.8,3.6,17.4,6.2
5129,13.0,28.0,16.0,39.4,59.3,7.3,10.9,7.8,75.6,79.9,22.6,54.5,10.2,21.7,47.0,28.5,12.5,41.6,27.2,22.2,15.7,27.9,9.1,34.9,16.2,12.3,11.7,35.6,35.3,66.2,22.1,18.1,39.7,17.5,5.2,12.3,42.0,4.0,20.4,7.0
5131,13.3,24.6,14.8,37.3,59.6,6.8,10.3,6.5,76.1,83.0,18.9,55.9,7.4,16.5,52.5,25.5,11.5,36.0,27.5,19.2,11.5,24.2,7.8,35.3,15.3,9.8,10.2,37.1,32.5,72.0,19.9,15.2,36.4,15.4,4.1,11.0,38.5,3.4,16.0,6.0
5133,21.2,25.9,15.5,37.6,59.6,6.4,10.2,7.6,75.4,80.6,22.2,51.8,8.9,19.1,48.3,24.5,13.7,42.9,29.4,27.7,16.8,30.6,8.9,34.7,20.9,11.9,13.4,35.9,40.0,65.4,20.1,19.3,41.5,17.9,5.5,14.0,40.2,4.0,24.0,8.3
5135,11.9,27.6,16.3,37.6,59.5,7.3,10.8,7.2,76.6,80.9,21.4,53.7,9.3,20.3,48.0,28.4,11.7,40.7,27.4,20.3,13.5,26.3,8.6,34.1,15.2,11.3,10.7,35.6,34.7,64.7,21.7,17.2,39.5,16.8,4.7,11.4,38.6,3.7,24.5,6.3
5137,12.2,27.2,16.5,37.7,59.7,7.5,10.8,7.5,75.8,80.4,21.8,56.8,9.7,20.9,47.4,28.0,12.0,40.8,27.5,21.4,14.6,26.8,8.9,34.2,15.7,11.7,11.1,35.5,34.4,68.5,21.5,17.6,40.1,17.0,4.9,11.9,42.0,3.8,23.0,6.6
5139,11.9,25.8,14.5,41.0,62.8,6.4,11.0,6.7,78.3,83.2,20.1,56.1,8.0,18.1,53.8,24.7,13.0,38.8,29.1,23.6,16.0,26.0,7.2,33.9,18.6,10.8,12.0,36.5,34.5,69.0,20.1,16.9,39.4,15.5,4.9,14.0,40.3,3.9,21.0,6.6
5141,12.4,26.4,15.9,37.6,59.8,7.3,10.6,7.3,75.7,81.0,21.4,54.1,9.4,20.0,46.7,27.3,11.5,39.8,26.2,20.4,13.8,25.5,8.7,33.6,15.2,11.3,10.8,35.3,33.8,68.1,21.3,16.8,39.5,16.4,4.7,11.4,41.4,3.7,20.3,6.4
5143,12.8,23.0,16.0,36.4,56.4,6.8,10.2,6.1,75.8,83.7,17.5,56.8,6.8,14.2,56.3,24.2,10.7,34.5,25.3,17.1,9.7,21.6,7.3,32.6,14.2,9.1,9.2,32.6,28.4,65.4,18.3,14.7,36.7,14.3,3.8,9.8,35.3,3.1,17.0,5.5
5145,11.4,26.7,15.6,37.1,59.8,7.2,10.7,6.7,75.7,82.2,19.9,59.2,8.2,17.9,51.5,27.1,10.9,38.8,26.6,19.4,11.7,23.6,8.0,34.2,14.2,10.2,9.8,33.7,31.6,68.6,20.6,15.8,40.0,15.3,4.2,10.3,38.2,3.5,19.9,5.8
5147,13.3,27.3,14.7,41.4,61.9,6.5,11.2,7.4,77.3,81.0,22.3,53.4,9.6,21.3,46.0,26.6,13.7,42.4,30.6,26.4,19.2,29.1,8.1,33.8,19.8,12.6,13.3,37.8,37.7,69.8,21.9,19.1,39.3,17.3,5.6,15.2,41.3,4.3,21.4,7.6
5149,16.1,25.4,15.6,38.3,57.9,6.8,10.1,6.9,75.1,81.5,20.6,54.5,8.2,18.6,49.0,26.1,12.2,39.0,27.8,21.3,12.9,26.2,8.2,35.0,16.5,10.6,10.9,35.7,34.0,68.6,20.2,16.6,41.9,16.2,4.6,11.3,39.9,3.5,20.9,6.6
6001,7.2,17.6,16.3,26.5,51.7,5.3,8.8,4.3,71.4,86.5,12.3,56.1,3.8,9.2,65.1,18.9,10.1,26.1,28.3,14.2,11.6,17.5,4.7,30.3,11.9,6.4,7.7,38.5,20.1,73.9,15.5,10.4,22.5,11.0,2.8,6.0,35.1,2.5,5.8,4.2
6003,6.3,20.6,20.0,27.9,50.5,7.2,10.5,5.1,70.3,85.2,13.9,59.8,4.7,11.6,65.4,23.5,8.5,27.7,25.0,12.4,11.0,17.2,5.9,30.1,11.6,7.2,8.0,34.9,18.0,73.3,17.9,10.9,28.7,12.1,2.9,6.5,35.1,2.7,9.1,4.0
6005,8.1,20.0,19.9,29.3,50.7,7.1,10.1,5.2,68.3,84.0,15.1,56.8,5.2,12.4,64.9,23.2,8.6,28.6,25.9,13.3,12.0,18.5,5.9,30.4,12.2,7.7,8.0,35.5,20.5,74.1,18.4,11.3,29.5,12.6,3.2,6.7,34.4,2.8,11.5,4.2
6007,8.4,21.9,18.8,30.5,51.9,7.0,10.5,5.7,70.8,83.3,16.4,56.7,6.2,13.9,60.8,26.0,9.9,31.2,25.3,16.9,17.5,21.3,6.3,30.6,14.6,9.1,9.7,34.8,22.7,73.1,19.6,13.5,30.6,13.9,4.0,8.5,33.7,3.1,9.9,5.3
6009,7.9,21.8,19.3,28.2,51.8,7.1,10.5,5.5,70.4,83.6,16.2,55.4,5.9,13.9,63.0,25.6,9.1,30.5,25.6,14.9,15.0,20.1,6.1,31.0,13.3,8.7,8.8,35.0,22.2,73.6,19.7,12.7,29.8,13.6,3.6,7.5,35.1,3.0,12.8,4.8
6011,18.0,20.3,17.9,29.6,51.5,5.7,9.8,5.9,68.1,81.8,18.3,50.5,5.7,13.5,55.9,21.9,12.2,36.0,29.7,25.0,22.0,27.5,6.6,31.0,21.2,9.9,12.4,37.2,29.8,74.6,18.8,15.9,35.3,15.7,4.8,10.4,34.8,3.3,13.7,7.4
6013,8.1,18.6,16.5,27.5,52.1,5.8,9.4,4.5,70.2,85.8,12.7,59.9,4.0,9.3,66.8,19.7,9.6,25.8,26.0,13.8,11.5,17.6,5.0,31.4,12.4,6.9,7.9,36.3,22.7,76.0,16.2,10.5,27.8,11.3,2.9,6.3,35.8,2.6,8.4,4.3
6015,10.1,22.0,18.2,30.8,51.7,6.9,10.8,5.9,69.4,82.3,17.4,54.3,6.6,15.1,53.1,24.3,10.2,33.2,27.5,18.9,18.1,23.1,6.6,30.9,15.9,9.7,10.6,37.1,24.2,73.2,19.8,14.3,30.9,14.7,4.2,8.9,39.1,3.3,13.5,5.7
6017,6.2,20.3,20.4,26.5,50.6,7.2,9.9,4.7,70.5,85.4,13.7,59.9,4.6,10.6,69.4,23.9,8.0,27.0,23.2,11.3,10.1,16.3,5.3,28.8,10.5,7.0,6.9,33.9,17.9,75.7,17.5,10.6,27.4,11.8,2.8,5.7,33.8,2.5,8.2,3.7
6019,14.6,21.3,14.5,31.4,54.8,5.6,9.8,6.0,70.7,82.3,17.4,50.6,5.8,13.4,54.1,21.3,12.4,36.1,28.8,25.1,22.5,27.6,6.4,30.6,19.8,9.9,12.3,37.1,31.0,70.8,18.4,16.4,37.9,14.9,4.9,10.7,36.2,3.4,14.0,7.4
6021,14.1,21.0,17.8,29.5,51.5,6.3,10.1,5.9,69.2,82.2,17.9,52.3,6.1,14.2,55.5,23.2,11.1,34.2,27.8,21.8,19.9,25.1,6.6,30.7,18.3,9.7,11.3,37.0,27.3,71.5,19.3,15.0,32.4,15.1,4.5,9.5,37.3,3.2,15.5,6.5
6023,7.7,22.9,18.6,29.9,52.7,7.2,11.0,5.9,69.9,82.9,17.2,54.5,6.7,15.0,57.9,26.8,10.0,32.4,25.8,17.5,18.2,21.7,6.6,31.1,14.5,9.7,10.1,34.6,23.2,72.2,20.7,13.9,32.1,14.3,4.1,8.8,36.4,3.2,12.7,5.4
6025,22.2,20.0,16.2,32.5,53.1,4.7,9.2,6.3,68.4,81.1,19.6,45.2,5.4,13.3,50.4,20.0,14.6,38.5,31.2,31.3,28.7,32.4,7.0,32.3,25.5,10.9,15.5,38.2,35.1,71.3,18.2,18.6,35.2,17.0,6.1,13.3,41.5,3.6,20.5,9.9
6027,8.4,21.0,18.6,27.8,50.8,6.9,10.4,5.2,70.2,84.4,15.3,58.2,5.2,12.4,64.6,23.8,9.4,30.3,25.5,15.0,13.8,19.7,6.0,29.8,13.5,8.1,8.9,35.3,21.1,75.3,18.5,12.0,28.5,13.1,3.3,7.4,33.6,2.8,9.0,4.7
6029,16.7,21.3,16.7,32.2,52.4,5.7,10.3,6.3,70.9,81.8,19.0,49.5,6.4,14.7,52.1,22.6,13.3,37.3,29.7,26.8,25.7,28.2,6.7,31.1,21.8,10.7,13.6,36.8,32.1,72.9,19.9,17.5,36.2,16.1,5.3,11.9,38.7,3.6,22.4,8.1
6031,17.3,20.6,16.9,32.0,52.7,5.5,9.7,6.3,68.9,81.1,18.6,52.3,6.1,15.0,52.0,20.7,12.9,36.2,30.2,26.5,24.2,28.1,6.8,31.0,21.7,10.3,13.4,38.7,31.0,72.7,19.0,16.6,34.9,15.9,5.2,11.4,36.1,3.5,15.7,7.9
6033,10.9,22.6,18.0,32.0,52.3,6.9,10.9,6.1,69.5,82.3,18.2,53.2,6.9,15.6,59.7,25.6,10.7,34.4,26.8,20.1,20.5,24.3,6.7,31.0,17.0,10.3,11.1,37.1,25.9,72.1,20.4,15.1,32.8,15.4,4.5,9.6,35.4,3.4,15.3,6.1
6035,11.9,21.6,19.2,31.5,51.5,6.8,10.3,6.2,68.6,81.1,18.1,54.9,6.9,16.2,56.5,23.1,10.6,35.4,29.0,19.9,19.1,24.6,6.9,30.7,16.7,9.8,11.0,36.8,25.6,72.9,19.8,14.8,34.3,15.1,4.4,9.3,39.8,3.4,12.4,6.0
6037,11.8,18.3,15.7,28.4,53.0,5.2,9.0,4.8,70.7,84.0,15.6,49.8,4.5,11.3,62.1,19.3,11.6,30.9,31.6,21.0,18.2,23.6,5.4,33.5,17.7,8.5,10.3,41.1,25.7,74.1,16.6,13.6,26.4,13.7,4.2,7.8,35.7,3.0,12.4,6.2
6039,18.1,22.3,15.6,31.8,52.5,5.8,10.4,6.4,69.0,81.4,19.7,53.0,6.7,14.9,54.5,21.9,12.8,37.7,29.2,28.5,26.6,30.2,7.0,31.3,22.8,11.3,14.2,37.4,31.6,73.0,20.1,17.7,36.7,16.6,5.6,12.3,37.6,3.6,20.1,8.4
6041,6.2,18.7,18.9,25.2,51.1,7.2,9.5,4.3,69.3,86.6,12.1,59.8,3.9,8.4,75.0,22.1,7.5,24.5,22.8,9.8,8.5,15.0,4.8,29.6,9.5,6.0,6.2,31.6,16.6,77.4,15.8,9.3,21.3,10.6,2.5,5.0,30.0,2.3,6.0,3.4
6043,7.9,22.1,19.1,29.0,51.9,7.1,10.6,5.5,69.7,83.8,15.9,54.1,5.9,13.3,59.4,25.0,9.4,30.6,24.8,15.0,15.2,20.2,6.2,30.9,13.3,8.7,8.8,34.7,22.0,67.8,19.3,12.6,30.9,13.5,3.6,7.6,35.5,3.0,16.2,4.8
6045,10.9,22.1,18.4,31.0,51.4,6.8,10.7,5.9,69.5,82.6,17.4,53.7,6.4,14.7,60.6,24.5,10.4,32.8,26.8,19.9,18.8,23.0,6.5,31.2,16.8,9.7,10.7,36.8,24.2,73.2,19.9,14.2,29.5,14.7,4.2,9.2,35.5,3.2,12.6,5.9
6047,18.3,20.7,15.8,31.8,52.4,5.3,9.8,6.2,69.3,81.4,19.0,50.1,6.1,14.5,49.5,21.3,13.3,36.0,30.6,28.7,25.6,29.8,6.7,33.3,23.0,10.7,13.8,39.2,33.7,69.0,18.8,17.1,34.3,16.2,5.4,11.9,38.9,3.5,18.6,8.3
6049,9.3,22.9,18.0,30.9,52.2,7.1,11.1,6.1,70.0,82.3,18.1,55.7,7.0,15.6,61.8,26.5,10.3,33.7,25.8,18.7,19.8,23.3,6.7,31.1,15.5,10.2,10.6,36.1,24.6,72.5,20.7,14.7,32.3,15.1,4.3,9.2,34.3,3.4,14.7,5.8
6051,8.6,20.4,19.0,27.8,50.8,7.0,9.9,5.2,70.2,84.6,14.8,56.0,5.1,11.6,65.1,23.4,8.9,28.5,24.9,13.9,12.5,18.8,5.9,30.3,12.7,7.7,8.1,34.8,20.8,76.6,17.9,11.6,30.9,12.6,3.3,6.8,33.1,2.7,12.0,4.5
6053,16.2,19.5,17.1,30.3,51.5,5.7,9.6,5.6,70.5,83.0,16.8,53.3,5.3,12.1,57.5,19.4,11.6,31.3,28.1,22.6,19.4,25.4,6.1,31.9,19.0,9.0,11.5,35.7,26.7,72.0,17.1,14.5,31.4,14.4,4.4,9.4,34.4,3.1,11.2,6.8
6055,10.2,19.2,18.1,27.7,51.3,6.5,9.5,4.9,70.4,84.8,14.3,57.7,4.6,10.6,63.0,21.8,9.3,28.5,26.1,15.0,12.7,19.4,5.5,30.6,13.5,7.4,8.4,34.7,22.2,73.4,16.8,11.7,28.2,12.3,3.2,6.8,32.9,2.6,6.5,4.7
6057,6.1,21.0,19.9,28.1,51.6,7.4,10.4,5.0,70.4,84.9,14.5,57.5,5.2,11.5,62.8,25.3,8.0,27.9,23.1,11.6,11.6,16.8,5.6,29.4,10.8,7.6,7.3,33.6,18.2,75.7,18.4,11.0,27.6,12.2,3.0,6.2,33.9,2.7,7.9,3.9
6059,9.2,16.8,16.1,26.4,53.2,5.8,9.0,4.8,71.7,86.0,13.5,54.0,4.1,9.3,63.8,19.4,10.1,26.7,28.5,15.5,12.3,19.9,5.0,32.6,13.1,7.0,8.0,35.5,23.4,79.4,16.6,11.3,23.9,11.9,3.1,6.4,36.0,2.6,8.3,4.6
6061,5.9,19.9,18.7,27.4,50.7,7.0,10.0,4.4,71.2,86.0,12.9,58.4,4.2,9.6,68.9,22.5,7.9,24.8,24.2,10.7,9.3,15.4,5.1,30.6,10.0,6.6,6.6,33.6,17.9,79.2,16.8,9.8,27.2,11.3,2.6,5.4,33.0,2.4,6.0,3.5
6063,7.0,22.4,19.4,29.4,51.4,7.3,11.0,5.5,70.2,83.7,16.3,59.4,5.9,13.7,65.6,26.3,9.0,31.2,25.1,14.1,14.2,19.6,6.1,30.7,12.7,8.7,8.6,36.4,21.2,78.2,20.2,12.5,30.1,13.6,3.5,7.4,33.4,3.0,9.7,4.5
6065,13.0,21.9,15.1,31.2,52.0,5.7,9.5,5.4,70.6,84.2,16.2,51.9,4.9,11.6,64.1,22.0,11.3,33.7,28.4,21.0,17.3,23.9,5.9,33.2,18.7,8.8,10.6,37.1,26.9,79.2,17.6,14.7,37.0,14.2,4.0,9.1,38.5,3.0,9.6,6.0
6067,8.8,21.2,14.9,28.9,53.1,5.9,10.2,5.1,69.2,84.3,15.0,56.6,5.1,11.8,61.7,22.7,10.3,29.8,28.9,16.6,16.0,21.4,5.5,30.5,14.7,8.3,9.5,39.5,21.1,71.4,17.9,13.0,29.5,13.1,3.6,8.0,38.3,3.0,11.4,5.1
6069,14.3,19.2,17.6,28.5,50.2,5.7,9.1,5.0,68.5,84.1,15.5,55.8,4.4,10.8,62.6,20.3,10.5,30.9,27.4,19.2,15.0,22.6,5.7,31.2,16.9,7.9,9.8,36.8,25.0,74.4,16.9,13.0,31.3,13.4,3.7,8.0,35.0,2.7,11.1,5.7
6071,14.4,21.2,15.7,31.6,52.3,5.4,9.8,5.6,69.4,83.6,16.4,50.9,5.1,12.4,55.8,19.5,11.8,31.5,30.4,23.1,20.6,25.6,5.8,31.9,18.9,9.0,11.5,38.2,26.4,73.7,17.7,14.1,33.3,14.3,4.3,9.3,37.8,3.2,12.4,6.7
6073,8.7,18.4,17.2,27.4,49.5,6.3,8.9,4.7,71.9,85.3,13.9,57.6,4.4,10.1,65.8,21.2,9.4,26.1,28.6,15.2,13.8,18.4,5.1,30.7,13.8,7.2,8.3,36.2,20.4,75.8,16.6,11.1,25.4,11.7,3.2,6.6,34.5,2.6,10.3,4.7
6075,6.2,16.1,19.2,25.1,52.5,5.3,8.5,4.3,71.7,86.2,11.6,57.7,3.6,8.8,69.5,19.8,9.3,23.6,27.9,12.3,9.6,16.1,4.6,32.0,9.7,5.9,6.8,38.4,18.5,78.2,14.3,9.4,17.1,10.0,2.5,5.1,32.5,2.4,4.4,3.8
6077,13.0,19.4,14.5,29.3,53.2,5.4,9.5,5.4,70.0,83.3,16.0,49.7,5.2,12.7,58.5,19.7,11.7,32.6,29.7,21.4,18.1,24.1,5.8,31.0,17.4,8.8,10.9,36.3,25.9,76.6,17.4,14.4,30.6,13.8,4.1,8.9,38.4,3.1,11.8,6.3
6079,8.0,20.4,18.4,28.2,49.9,7.0,10.0,5.0,69.4,84.6,14.6,56.6,4.9,11.3,67.3,23.7,8.6,27.4,25.3,13.8,12.6,18.2,5.6,29.4,12.4,7.6,8.0,35.0,19.6,75.8,17.7,11.3,27.6,12.5,3.2,6.8,32.5,2.7,6.9,4.4
6081,6.9,17.1,16.0,25.7,51.8,5.6,8.5,4.2,69.2,86.5,11.2,59.4,3.5,8.0,67.8,18.7,9.0,22.9,26.9,12.0,8.7,16.1,4.6,32.7,10.0,5.7,6.5,35.6,19.3,79.1,13.9,9.4,22.0,10.1,2.4,4.8,28.7,2.3,7.8,3.7
6083,12.1,20.5,17.6,29.4,50.5,6.1,9.7,5.3,69.6,83.9,15.8,56.7,5.2,11.6,65.3,21.8,10.3,31.6,26.0,18.6,16.6,22.4,6.0,29.8,15.9,8.5,9.9,35.9,24.2,69.8,17.5,13.6,27.6,13.8,3.9,8.4,32.2,2.9,11.7,5.8
6085,6.9,15.5,13.3,25.7,51.9,5.3,7.9,4.1,70.4,86.0,10.8,55.7,3.3,8.2,67.3,17.9,9.8,23.2,28.7,11.8,8.6,15.8,4.6,31.5,10.1,5.4,6.5,38.8,21.8,78.7,14.0,9.3,21.9,9.8,2.4,4.7,31.8,2.3,7.3,3.7
6087,9.2,19.1,18.9,27.7,51.1,6.7,9.8,5.0,69.3,84.7,14.3,58.6,4.7,10.7,64.3,23.3,9.0,27.8,24.1,14.5,12.7,19.3,5.5,30.8,12.9,7.6,8.3,35.5,20.4,77.6,17.4,11.7,26.8,12.5,3.3,7.0,33.7,2.7,8.0,4.6
6089,7.4,22.5,19.6,30.4,51.0,7.2,10.9,5.5,70.3,83.2,16.4,54.5,6.1,14.1,64.9,25.6,9.4,31.0,26.0,15.0,15.3,20.5,6.1,32.6,13.1,8.9,9.0,36.5,20.8,72.4,20.3,13.0,29.3,13.8,3.6,7.6,38.1,3.0,9.0,4.8
6091,8.6,23.1,18.6,30.8,52.2,7.2,10.8,6.1,69.5,82.1,17.6,56.2,6.9,15.6,62.2,26.0,10.1,33.4,25.6,17.4,18.8,22.7,6.7,31.0,14.4,9.8,9.9,35.7,24.0,77.3,20.4,14.2,32.4,14.8,4.1,8.7,35.0,3.3,14.1,5.5
6093,8.2,23.1,18.8,30.3,51.8,7.2,11.2,5.9,70.0,82.7,17.4,53.4,6.6,15.2,60.4,26.2,9.9,33.3,25.8,17.2,18.1,22.1,6.6,30.9,14.7,9.7,10.0,35.2,23.4,73.9,20.6,14.1,32.0,14.7,4.1,8.7,35.6,3.2,10.5,5.4
6095,9.4,19.5,16.3,30.0,52.1,5.8,10.1,4.9,70.6,84.9,14.6,54.9,4.6,11.3,61.3,19.9,10.5,28.8,29.2,17.1,14.9,20.3,5.2,31.2,15.0,7.7,9.3,37.4,24.3,76.2,17.5,12.2,31.2,12.5,3.4,7.9,38.1,2.9,10.1,5.0
6097,8.8,19.5,17.8,26.4,50.5,6.8,9.8,4.8,69.7,84.9,14.1,56.9,4.7,10.8,68.4,23.9,8.6,27.2,24.6,13.5,11.8,17.7,5.4,29.0,12.5,7.4,7.9,33.2,20.0,76.4,17.2,11.4,26.1,12.1,3.1,6.4,34.0,2.6,7.9,4.3
6099,14.2,21.8,17.5,30.6,51.8,5.9,10.0,5.8,70.3,82.8,17.2,53.0,5.7,13.6,59.5,21.0,11.2,35.4,28.4,21.4,19.8,25.2,6.3,31.7,18.4,9.5,11.4,35.3,30.1,77.1,19.1,15.4,36.6,15.2,4.4,9.5,35.6,3.2,15.5,6.6
6101,12.2,20.7,15.6,30.5,51.7,5.9,10.0,5.8,69.7,82.4,17.2,49.6,6.1,14.1,54.5,22.0,11.4,32.8,29.3,21.5,19.7,24.6,6.3,31.8,17.0,9.5,11.0,38.2,26.9,72.0,18.7,14.6,29.7,14.6,4.3,8.9,36.7,3.2,16.6,6.3
6103,11.3,22.7,17.7,30.5,51.5,6.8,10.7,6.1,68.9,82.1,18.2,53.9,6.8,15.5,57.0,25.2,10.6,33.6,26.5,20.1,20.3,24.4,6.7,30.3,16.9,10.1,11.0,36.2,26.0,72.0,20.4,14.9,31.8,15.3,4.5,9.5,36.6,3.4,11.7,6.2
6105,7.8,24.1,18.5,32.2,52.7,7.2,11.3,6.6,69.9,81.4,18.8,54.0,7.8,17.7,57.8,27.7,10.7,35.2,26.0,19.4,22.1,24.1,7.3,31.6,15.6,10.9,11.1,35.8,25.2,71.6,21.9,15.4,33.2,15.7,4.6,9.9,35.3,3.6,16.7,6.0
6107,18.3,20.3,16.1,31.4,52.3,5.5,10.0,6.2,68.0,81.7,18.7,46.7,6.0,14.2,52.6,22.1,13.1,36.4,28.9,27.5,25.7,29.5,6.8,32.1,22.4,10.6,13.7,36.6,32.9,73.3,18.9,17.1,35.3,16.4,5.3,11.7,35.1,3.5,15.7,8.2
6109,7.5,21.3,19.5,28.8,51.3,7.3,10.5,5.3,70.9,84.0,15.7,58.1,5.6,12.9,65.0,25.5,8.9,29.1,25.1,13.8,13.5,18.8,6.0,30.6,12.5,8.2,8.3,33.8,20.9,77.0,19.2,12.1,29.2,13.1,3.4,7.1,36.3,2.9,8.2,4.4
6111,10.7,18.0,17.1,27.3,50.0,6.1,9.5,4.8,71.6,85.3,14.5,56.9,4.5,10.5,64.4,21.1,9.9,28.8,24.6,16.0,13.4,21.0,5.5,31.4,14.6,7.5,8.7,34.1,22.8,74.3,17.0,12.0,25.7,12.5,3.4,7.0,34.1,2.7,11.6,5.0
6113,9.3,20.5,17.1,28.1,52.4,6.2,9.8,5.2,71.3,84.4,14.8,56.7,5.0,11.1,60.7,23.3,10.1,29.2,26.3,16.8,15.2,20.7,5.7,31.1,14.1,8.1,9.2,34.9,23.6,71.6,17.3,12.6,27.9,12.9,3.6,7.8,31.3,2.9,15.9,5.2
6115,11.0,21.9,16.8,30.5,52.6,6.4,10.4,5.9,69.8,82.6,17.4,53.4,6.3,14.5,57.0,23.6,11.0,33.3,28.6,20.3,19.6,23.7,6.4,31.2,17.0,9.7,11.0,37.0,26.1,76.1,19.5,14.6,30.9,14.9,4.3,9.3,35.6,3.3,14.9,6.1
8001,17.2,20.6,16.6,28.0,51.2,6.5,10.9,5.0,70.7,83.7,15.6,52.8,5.2,13.2,57.7,20.3,9.9,29.9,,,,19.0,6.4,29.9,,7.6,,,23.1,64.9,16.9,11.6,33.0,12.6,3.4,,34.0,2.8,13.1,5.3
8003,18.5,23.4,16.6,29.1,52.6,6.4,11.0,5.9,69.2,82.1,17.7,52.6,6.3,14.0,53.6,22.6,11.2,33.1,,,,22.2,7.4,29.9,,9.2,,,24.4,68.1,18.0,14.0,32.1,14.9,4.5,,34.1,3.3,12.0,6.9
8005,11.6,20.9,18.5,26.6,52.9,7.2,10.5,4.6,69.5,85.0,13.5,58.1,4.6,10.4,64.0,21.8,8.0,25.2,,,,15.1,5.7,27.8,,6.4,,,17.7,72.4,16.2,9.2,25.9,11.2,2.8,,32.9,2.6,8.3,4.1
8007,10.7,22.4,19.4,26.1,50.8,7.5,11.0,5.1,68.8,84.0,14.7,58.5,5.4,12.1,65.6,23.1,8.0,26.9,,,,15.7,6.4,28.7,,7.1,,,17.7,67.5,16.9,10.1,27.2,12.1,3.0,,29.6,2.7,8.3,4.2
8009,13.4,25.7,18.1,29.9,52.2,7.4,12.2,6.4,68.9,80.4,19.2,52.9,8.1,17.8,51.5,26.3,10.0,34.1,,,,21.5,7.8,29.6,,10.2,,,23.7,64.2,20.2,14.1,30.3,15.3,4.5,,36.0,3.5,11.5,6.1
8011,22.3,24.9,17.8,33.9,53.2,6.5,10.8,7.7,67.4,77.3,20.8,47.7,8.9,20.5,48.8,22.5,13.1,39.1,,,,27.8,9.1,30.4,,11.3,,,28.9,63.9,19.2,17.0,34.0,17.0,6.0,,35.8,4.2,23.1,8.8
8013,8.1,19.7,19.4,21.0,48.0,7.6,10.3,4.4,68.4,85.4,12.5,60.7,4.4,9.4,70.2,23.5,6.7,21.8,,,,12.6,5.6,27.6,,5.8,,,12.2,72.1,15.4,8.0,17.4,10.4,2.4,,24.7,2.3,8.5,3.5
8014,7.8,20.3,18.9,22.9,50.0,7.5,10.3,4.0,70.5,86.3,11.5,63.0,3.8,8.7,71.1,21.6,6.5,21.7,,,,11.4,5.2,28.8,,5.2,,,13.1,75.5,14.7,7.5,22.1,9.6,2.1,,30.7,2.1,6.2,2.9
8015,9.9,22.5,19.3,25.9,51.2,7.6,10.8,5.1,69.4,83.6,14.4,59.4,5.5,12.2,62.2,22.9,7.8,26.3,,,,15.2,6.4,28.5,,6.9,,,16.6,68.2,16.6,9.9,25.4,11.8,2.9,,30.7,2.7,14.4,4.0
8017,11.9,23.2,18.9,27.4,51.2,7.4,11.5,5.4,69.5,82.7,16.4,54.2,6.2,14.1,63.0,24.4,8.7,29.4,,,,17.6,6.8,29.4,,8.1,,,19.7,70.7,18.5,11.4,28.7,13.2,3.4,,31.4,2.9,13.6,4.7
8019,7.8,20.6,21.1,24.2,50.0,7.7,10.7,4.5,70.1,85.2,12.6,62.0,4.4,9.9,68.0,22.7,6.8,23.4,,,,12.5,5.7,27.7,,5.7,,,13.9,74.2,15.6,8.2,23.2,10.4,2.3,,29.3,2.3,5.6,3.2
8021,19.5,21.8,17.4,27.7,51.2,6.0,10.6,5.7,69.1,81.9,17.2,50.1,5.6,13.6,54.9,21.7,11.0,32.5,,,,21.9,7.2,29.4,,8.5,,,24.5,66.8,17.5,13.3,30.5,14.4,4.2,,33.5,3.1,12.1,6.7
8023,21.1,22.5,16.7,29.0,52.2,5.9,10.6,6.1,69.1,81.7,17.7,49.9,6.0,14.0,49.6,21.4,12.1,33.9,,,,23.6,7.5,29.7,,9.1,,,26.3,65.6,17.5,14.3,31.7,15.0,4.7,,34.8,3.3,16.7,7.5
8025,20.6,23.1,19.1,31.6,52.0,6.4,10.1,6.7,66.9,78.7,18.4,49.9,7.3,17.9,48.6,20.3,11.3,35.3,,,,23.8,8.1,29.9,,9.1,,,25.3,64.6,17.7,14.1,31.5,15.1,4.6,,35.3,3.6,24.9,6.7
8027,8.8,23.4,19.5,26.6,50.7,7.7,11.5,5.2,69.9,83.7,15.0,58.8,5.7,12.7,64.7,24.9,7.8,27.4,,,,15.2,6.5,28.8,,7.3,,,17.0,70.1,17.9,10.2,26.3,12.2,3.0,,31.0,2.7,8.0,4.0
8029,12.9,24.4,18.7,28.6,50.8,7.4,11.6,5.7,68.0,81.5,17.2,55.5,6.7,15.1,57.4,25.8,8.8,31.0,,,,19.0,7.1,29.2,,8.6,,,20.8,65.5,18.9,11.9,26.9,13.8,3.6,,34.6,3.1,10.7,5.1
8031,12.1,19.7,24.4,23.2,49.7,6.6,10.2,4.5,71.1,85.1,13.1,59.0,4.4,10.2,61.5,21.9,7.8,25.5,,,,14.7,5.7,28.4,,6.4,,,17.5,73.1,14.6,9.7,21.6,11.2,2.9,,29.2,2.5,10.6,4.3
8033,10.9,23.6,19.5,28.6,50.9,7.4,11.4,5.7,69.2,82.0,16.5,56.3,6.5,15.1,61.4,24.2,8.8,30.1,,,,17.6,7.2,29.1,,8.2,,,19.4,68.0,18.6,11.5,27.1,13.3,3.4,,32.2,3.0,11.6,4.7
8035,6.6,20.2,19.5,23.7,50.3,7.7,10.4,3.9,73.2,87.0,11.0,63.8,3.6,7.6,74.8,21.5,6.0,20.8,,,,10.7,5.1,28.2,,4.9,,,13.3,77.2,14.8,7.1,24.6,9.1,1.9,,26.7,2.0,5.6,2.7
8037,11.8,20.2,20.4,23.0,49.3,7.2,10.2,4.7,70.0,85.1,13.2,59.9,4.5,9.9,65.7,20.6,7.5,24.9,,,,14.0,6.0,27.8,,6.1,,,15.9,70.4,15.2,9.0,23.6,10.9,2.6,,28.7,2.4,11.1,3.9
8039,8.7,21.8,20.0,24.7,49.5,7.6,11.1,4.5,70.0,84.8,13.6,61.4,4.7,11.0,66.0,22.9,6.9,24.3,,,,13.2,5.9,28.1,,6.2,,,15.2,71.0,16.7,8.7,24.1,11.0,2.4,,31.0,2.4,5.6,3.3
8041,9.5,22.6,17.1,27.7,50.5,7.3,11.6,4.7,73.6,84.8,14.7,57.5,5.0,10.9,64.3,25.3,8.4,29.7,,,,16.0,6.3,31.1,,6.9,,,18.9,70.0,17.9,10.9,28.5,12.6,2.8,,35.0,2.6,7.8,3.9
8043,13.8,23.8,19.1,27.8,52.2,7.2,11.0,5.8,68.4,81.1,17.0,54.5,6.7,15.6,57.5,24.0,9.3,31.5,,,,19.5,7.1,28.7,,8.3,,,21.6,69.1,18.3,12.3,30.4,14.0,3.7,,34.9,3.1,23.4,5.1
8045,14.2,22.0,19.0,25.3,49.9,7.1,10.7,5.0,69.6,83.2,14.9,56.8,5.3,12.0,63.7,21.2,8.1,27.7,,,,16.7,6.4,28.6,,7.1,,,18.3,73.5,16.7,10.6,23.8,12.4,3.1,,26.9,2.7,12.9,4.5
8047,8.1,21.6,20.2,25.1,50.4,7.7,10.9,4.8,69.8,84.8,13.3,60.7,4.8,10.7,66.9,23.1,7.3,25.1,,,,13.5,6.0,27.8,,6.2,,,15.0,70.0,16.3,9.0,24.1,11.1,2.6,,30.7,2.5,6.2,3.5
8049,9.1,22.3,19.6,25.1,49.3,7.6,10.9,4.9,69.6,84.1,13.9,58.0,5.1,11.6,67.1,23.5,7.2,25.7,,,,14.2,6.2,28.6,,6.5,,,15.8,69.0,16.9,9.2,23.8,11.4,2.6,,30.5,2.5,6.5,3.6
8051,7.6,21.5,20.5,24.6,50.3,7.8,10.7,4.7,70.3,85.1,12.7,57.8,4.6,10.2,69.7,23.1,7.1,24.2,,,,12.7,6.0,28.3,,5.9,,,14.7,69.5,15.9,8.6,24.7,10.6,2.4,,27.9,2.4,13.0,3.3
8053,6.6,21.0,21.2,23.5,49.3,7.9,10.9,4.3,70.3,86.0,12.2,61.1,4.1,9.3,69.0,23.2,6.4,22.6,,,,11.3,5.6,27.8,,5.4,,,12.9,73.0,15.8,7.6,23.9,10.0,2.1,,30.5,2.2,5.6,2.8
8055,15.0,22.5,18.7,27.1,51.0,6.9,11.0,5.5,68.7,82.6,16.4,55.0,5.9,13.6,56.9,22.9,9.4,30.6,,,,18.9,6.9,29.8,,8.0,,,21.1,69.0,17.8,11.8,27.9,13.5,3.6,,32.6,2.9,12.1,5.3
8057,14.3,24.6,18.5,29.6,51.7,7.4,11.7,6.4,68.4,80.6,18.4,52.7,7.7,16.8,56.5,25.0,9.8,32.8,,,,21.0,7.8,29.5,,9.7,,,23.0,68.6,19.3,13.4,29.5,14.8,4.3,,32.4,3.4,12.8,5.9
8059,8.6,22.1,21.4,24.9,48.7,7.3,11.3,4.4,71.4,85.8,12.9,60.6,4.4,9.9,67.4,23.6,7.2,23.7,,,,12.7,5.6,29.5,,5.8,,,12.8,72.6,15.5,8.3,22.9,10.3,2.4,,30.7,2.3,5.0,3.3
8061,10.8,23.9,19.4,27.2,50.8,7.6,11.8,5.4,69.2,82.4,16.7,53.2,6.5,14.7,54.5,25.6,8.3,29.9,,,,17.2,6.8,28.8,,8.2,,,19.2,62.3,19.2,11.4,27.6,13.4,3.4,,33.2,2.9,12.8,4.5
8063,13.9,23.5,18.6,27.7,51.1,7.3,11.6,5.7,68.0,81.9,17.3,54.9,6.6,14.9,62.3,24.7,9.1,31.4,,,,19.2,7.0,29.0,,8.6,,,21.5,67.4,19.0,12.3,29.7,14.1,3.7,,32.5,3.1,19.9,5.2
8065,12.0,20.5,20.3,25.2,50.0,7.0,10.2,4.6,69.3,84.8,13.3,56.3,4.4,10.2,69.2,21.6,7.8,25.0,,,,14.7,6.0,28.6,,6.1,,,16.9,70.9,15.4,9.2,23.7,11.1,2.6,,29.5,2.4,9.1,4.0
8067,9.1,22.5,20.8,24.3,49.8,7.7,11.2,4.9,70.0,84.6,14.0,56.1,5.2,11.9,68.1,22.9,7.5,26.3,,,,14.3,6.3,27.8,,6.9,,,15.3,71.3,16.9,9.6,20.8,11.6,2.8,,28.3,2.6,7.2,4.0
8069,8.7,21.6,20.1,24.6,50.8,7.8,11.2,4.6,69.0,84.4,13.9,59.1,4.8,10.2,69.1,25.0,6.9,25.8,,,,13.4,5.9,27.9,,6.4,,,13.9,68.3,16.9,9.0,24.4,11.4,2.6,,27.2,2.4,7.6,3.6
8071,17.9,23.2,17.5,28.3,51.3,6.6,10.9,5.8,68.0,81.7,17.4,52.2,6.2,14.3,53.9,23.1,10.4,33.2,,,,21.1,7.3,28.7,,8.7,,,24.1,68.2,18.1,13.3,32.9,14.4,4.1,,36.0,3.2,15.2,6.2
8073,14.7,23.5,18.9,29.0,51.3,7.1,10.9,5.9,67.9,80.9,17.2,56.2,6.8,15.7,57.5,22.3,9.4,31.4,,,,19.7,7.2,29.1,,8.5,,,22.3,67.4,18.2,12.3,29.9,13.8,3.8,,32.3,3.2,14.4,5.3
8075,14.9,24.1,18.3,30.5,50.9,7.2,11.4,6.2,68.3,80.5,18.0,54.8,7.4,16.7,56.1,24.3,9.8,32.5,,,,20.7,7.6,29.3,,9.2,,,22.7,68.1,19.0,13.3,30.3,14.5,4.1,,34.9,3.4,18.3,5.8
8077,11.3,23.5,18.6,26.6,48.9,7.5,11.5,5.2,68.9,82.8,15.7,57.9,5.8,13.2,61.8,24.5,8.1,28.6,,,,16.6,6.6,26.6,,7.6,,,19.0,66.6,17.9,10.8,30.1,13.1,3.2,,30.7,2.8,14.0,4.4
8079,7.6,22.3,20.0,25.8,50.7,7.9,10.8,4.9,70.1,84.7,13.2,60.7,5.0,10.6,64.6,23.4,7.3,25.0,,,,13.4,6.2,28.7,,6.3,,,14.9,75.2,16.2,9.0,25.1,11.0,2.6,,31.2,2.5,9.3,3.5
8081,13.3,23.9,18.7,28.6,50.2,7.2,11.5,5.8,68.3,81.4,17.4,56.6,6.8,15.6,54.6,24.8,9.2,31.6,,,,19.0,7.2,29.8,,8.7,,,21.3,66.3,19.0,12.2,28.3,14.1,3.7,,33.7,3.1,16.6,5.2
8083,11.5,23.2,17.8,27.0,51.1,7.3,12.0,5.5,68.8,82.5,16.8,54.2,6.3,15.2,58.4,25.2,8.9,31.9,,,,18.2,7.0,27.7,,8.4,,,20.4,66.2,18.8,11.9,28.5,13.5,3.4,,31.3,3.0,13.1,5.0
8085,13.5,22.9,18.5,26.5,51.6,7.2,11.3,5.3,67.9,82.7,16.3,53.7,6.0,14.0,60.5,24.1,8.5,29.2,,,,18.4,6.7,28.5,,7.9,,,19.8,71.3,17.9,11.2,27.7,13.2,3.3,,31.7,2.9,15.7,4.8
8087,18.2,23.1,17.4,29.1,50.5,6.7,11.1,5.6,68.7,82.2,17.2,52.4,6.1,14.0,58.0,22.0,9.9,31.8,,,,20.6,7.0,29.6,,8.4,,,22.7,67.6,18.1,12.4,32.3,14.1,3.8,,33.0,3.1,12.4,5.8
8089,19.7,24.3,17.8,30.2,52.3,6.5,11.5,6.4,69.0,80.6,18.9,51.5,7.3,16.0,48.9,23.8,11.7,34.8,,,,23.8,7.8,30.4,,10.1,,,26.2,63.9,19.2,14.9,35.1,15.8,4.9,,35.8,3.5,19.4,7.4
8091,7.0,21.2,19.9,24.2,49.9,7.9,10.8,4.4,70.8,86.0,12.3,60.4,4.3,9.3,67.2,23.6,6.6,22.8,,,,11.8,5.6,28.5,,5.6,,,13.5,71.2,15.7,7.9,22.8,10.2,2.2,,30.2,2.2,6.4,3.0
8093,8.2,22.5,21.0,25.2,50.7,7.7,10.9,4.8,69.6,84.8,13.4,57.2,4.8,10.9,65.3,22.7,7.2,24.6,,,,13.3,6.1,28.7,,6.3,,,14.6,72.0,16.6,8.8,22.5,11.0,2.5,,29.3,2.5,6.0,3.4
8095,15.3,23.6,18.0,28.3,51.4,7.1,11.3,5.8,68.6,81.8,17.2,52.7,6.6,14.8,55.3,24.0,9.6,31.2,,,,20.1,7.2,29.2,,8.8,,,22.5,68.0,18.5,12.6,29.4,14.1,3.9,,34.7,3.1,13.4,5.7
8097,7.2,20.4,20.9,23.3,49.6,7.9,10.3,4.3,70.3,86.4,11.5,61.3,3.9,8.3,71.6,21.7,6.5,22.1,,,,11.3,5.5,28.2,,5.1,,,12.6,75.1,14.7,7.5,20.3,9.7,2.1,,25.9,2.1,7.6,2.9
8099,19.0,23.6,17.7,28.7,51.3,6.6,11.2,6.1,67.7,81.1,18.4,53.2,6.9,15.6,52.3,23.1,10.8,33.5,,,,22.4,7.5,29.2,,9.4,,,25.6,65.3,18.7,13.9,29.8,15.1,4.4,,34.4,3.3,17.0,6.6
8101,16.8,24.4,17.9,28.1,51.8,6.5,11.2,5.5,70.3,82.8,17.4,52.6,6.1,14.2,58.1,23.4,10.4,33.4,,,,20.9,7.0,27.2,,8.4,,,25.7,68.1,18.4,12.8,32.3,14.2,3.9,,37.7,3.0,15.7,5.9
8103,10.4,22.7,19.7,26.9,50.8,7.4,11.3,5.2,69.4,83.2,15.6,56.2,5.7,13.3,59.4,24.6,8.0,28.5,,,,16.1,6.6,28.2,,7.4,,,18.0,68.4,18.2,10.4,26.7,12.5,3.0,,33.7,2.8,15.5,4.1
8105,16.7,22.6,18.0,27.6,51.3,6.7,10.7,5.4,69.6,82.9,16.2,54.9,5.6,12.8,61.7,22.2,9.6,30.9,,,,19.5,6.8,29.2,,8.0,,,21.9,71.5,17.2,12.1,27.9,13.5,3.7,,31.5,2.9,14.0,5.6
8107,7.8,20.7,20.6,23.9,49.9,7.8,10.6,4.5,69.9,85.2,12.8,61.0,4.5,10.0,68.6,22.7,6.8,24.2,,,,12.6,5.8,28.5,,5.8,,,14.5,72.0,15.9,8.4,23.0,10.6,2.3,,26.8,2.3,6.3,3.2
8109,17.4,23.2,17.2,29.2,51.6,6.7,11.2,6.1,69.0,81.5,17.7,55.3,6.7,14.8,53.2,22.7,10.7,33.2,,,,21.9,7.5,30.0,,9.3,,,23.7,68.3,18.2,13.7,28.8,14.6,4.4,,33.8,3.3,21.6,6.6
8111,8.9,21.9,20.0,26.0,50.6,7.6,10.6,5.0,70.0,84.6,13.4,54.9,4.9,11.0,61.9,23.2,7.8,25.6,,,,14.0,6.3,28.5,,6.3,,,15.9,69.7,16.2,9.2,25.8,11.2,2.7,,31.9,2.5,14.3,3.7
8113,7.6,21.2,19.8,24.7,50.6,7.8,10.5,4.8,70.8,85.4,12.2,58.0,4.5,9.4,66.3,22.6,7.1,23.4,,,,12.6,6.0,28.6,,5.7,,,14.2,71.6,15.3,8.4,25.3,10.3,2.4,,27.8,2.4,8.1,3.3
8115,12.9,23.6,18.7,28.0,51.4,7.3,11.5,5.7,69.1,82.2,16.8,55.5,6.5,14.5,57.9,24.5,9.0,30.3,,,,18.6,7.0,28.7,,8.4,,,20.5,66.5,18.7,11.9,28.5,13.7,3.6,,33.2,3.0,14.9,5.1
8117,9.2,20.9,20.0,24.6,50.0,7.6,10.3,4.7,70.6,85.0,12.9,62.0,4.6,10.1,67.1,22.2,7.2,24.4,,,,13.4,6.0,26.8,,5.9,,,15.0,71.0,15.6,8.6,23.7,10.7,2.5,,28.5,2.4,10.1,3.4
8119,8.4,22.1,19.8,25.3,50.3,7.7,11.0,4.7,69.8,84.6,13.8,61.1,4.9,11.3,65.9,23.8,7.1,25.2,,,,13.5,6.0,28.4,,6.4,,,15.4,74.3,16.8,9.0,23.4,11.1,2.6,,32.6,2.5,12.4,3.5
8121,11.3,23.2,19.4,26.6,50.3,7.4,11.3,5.3,68.4,82.7,16.0,57.6,6.0,13.8,62.9,24.2,8.2,28.9,,,,16.8,6.7,29.0,,7.7,,,18.6,69.6,18.3,10.8,26.6,12.9,3.2,,31.3,2.8,13.9,4.3
8123,13.7,21.1,19.2,27.4,51.0,7.0,10.7,5.1,67.4,82.9,15.7,55.2,5.3,12.6,63.2,22.0,9.3,29.6,,,,16.8,6.4,29.1,,7.3,,,20.6,72.5,17.2,10.8,33.6,12.6,3.2,,33.5,2.7,11.2,4.6
8125,16.3,22.6,18.7,27.1,50.1,7.1,11.2,5.6,68.5,82.0,17.1,52.8,6.5,14.2,57.2,23.2,9.2,31.7,,,,19.8,7.1,28.9,,8.5,,,21.7,66.7,18.1,12.3,28.7,13.9,3.8,,33.4,3.0,11.5,5.4
9110,10.3,21.4,16.2,29.0,58.1,7.0,11.6,4.8,79.6,88.2,13.3,66.3,4.9,11.1,69.1,21.8,9.2,23.9,25.3,16.9,13.4,16.2,5.0,34.1,14.0,7.1,9.2,34.2,23.5,80.6,17.2,9.9,32.4,11.7,3.2,9.5,37.5,2.7,9.6,4.7
9120,15.0,19.5,16.3,28.3,59.9,6.5,10.5,4.8,76.6,87.7,13.0,65.7,4.9,11.1,67.6,18.2,9.2,24.4,28.3,20.9,16.5,17.7,5.0,33.7,17.6,7.7,10.9,36.3,27.3,77.7,16.4,10.5,28.4,12.1,3.9,11.6,37.6,3.0,10.7,5.7
9130,7.1,22.2,18.0,28.4,55.7,7.4,11.1,4.6,79.7,88.6,12.3,67.4,4.6,9.8,74.6,23.8,7.3,22.4,22.7,10.4,8.5,13.2,5.0,31.6,9.9,6.2,6.8,31.0,20.5,79.4,16.3,8.4,29.8,11.0,2.6,6.7,34.6,2.4,8.5,3.5
9140,11.3,21.7,17.2,28.1,56.8,7.1,11.2,4.9,77.9,87.7,13.5,65.6,5.2,11.9,68.3,21.8,8.8,25.0,26.6,16.6,13.1,16.3,5.3,33.8,14.4,7.3,9.2,34.7,25.4,78.2,17.5,10.3,30.7,12.3,3.3,9.5,36.8,2.8,11.1,4.8
9150,8.1,22.9,17.9,29.6,56.0,7.6,11.7,5.1,77.7,87.0,14.3,66.0,5.7,12.5,69.7,24.8,8.0,25.8,24.1,12.5,10.2,15.6,5.7,32.2,11.0,7.3,7.6,33.5,23.4,77.0,18.5,10.0,32.4,12.6,3.0,7.5,37.4,2.8,11.4,4.0
9160,8.0,22.3,18.7,26.6,55.3,7.6,11.6,4.7,78.7,88.3,12.9,66.0,5.0,11.5,70.5,23.9,7.9,23.5,24.7,12.2,9.2,14.2,5.3,33.5,10.5,6.6,7.1,32.9,21.9,78.7,17.6,9.2,29.2,11.6,2.7,7.1,34.8,2.5,9.5,3.7
9170,10.6,21.6,15.6,30.0,56.7,6.8,10.9,4.9,78.7,88.0,12.9,66.8,4.9,11.3,67.9,20.9,9.2,24.8,26.1,16.7,14.0,15.9,5.0,34.0,15.3,7.0,9.5,35.1,26.0,79.3,16.8,10.4,33.9,12.0,3.4,10.6,38.4,2.8,11.3,4.9
9180,10.1,22.4,16.9,30.8,57.0,7.1,11.4,5.0,78.5,87.1,14.2,66.1,5.3,11.7,68.8,23.5,8.8,27.1,25.2,15.3,12.4,16.8,5.5,31.7,13.1,7.4,8.9,33.1,25.9,77.2,17.6,10.5,33.1,12.7,3.2,8.9,38.5,2.8,10.7,4.6
9190,10.0,19.5,17.5,24.9,56.5,7.1,10.0,4.2,77.3,89.0,10.8,67.0,4.0,8.7,72.8,19.3,7.4,20.8,24.8,12.4,8.7,13.4,4.7,33.0,11.2,5.8,7.1,32.6,21.4,78.9,14.9,8.2,25.6,10.5,2.6,7.0,33.4,2.4,8.0,3.8
10001,9.8,25.5,14.1,36.0,60.5,6.9,12.6,5.5,80.8,85.3,15.1,60.7,6.6,14.0,61.9,23.3,12.4,33.1,23.6,16.6,15.1,20.2,5.8,34.4,15.1,8.7,9.1,35.8,30.7,73.0,18.7,14.4,43.9,13.7,3.7,9.4,40.9,3.3,13.1,5.1
10003,8.9,22.4,16.3,32.1,57.3,6.9,10.4,5.0,77.6,86.2,13.4,60.9,5.3,11.8,62.3,21.5,10.7,27.5,22.9,14.6,11.9,16.8,5.0,34.0,12.9,7.3,8.3,32.8,24.8,78.1,16.3,11.8,33.4,11.6,3.2,8.2,36.5,2.9,13.1,4.4
10005,10.5,23.7,16.9,32.8,60.1,7.3,10.7,5.6,78.6,85.2,13.8,57.1,6.3,14.6,60.6,22.4,9.8,27.8,21.1,14.5,11.8,17.7,6.0,37.4,11.9,7.8,7.8,32.0,25.2,80.4,16.5,11.6,34.2,12.7,3.3,7.8,35.3,2.9,14.7,4.5
11001,6.2,18.7,22.5,30.3,57.2,6.0,10.2,4.1,77.0,90.2,11.6,66.0,4.2,9.5,69.3,21.0,8.5,22.0,22.7,13.8,12.8,13.5,4.1,33.3,12.0,6.5,7.8,36.2,15.3,77.0,13.7,9.9,25.1,9.6,3.2,7.8,32.8,3.0,7.3,4.3
12001,11.9,23.2,16.9,32.7,60.2,7.3,10.1,5.7,77.9,85.0,14.4,58.8,6.3,12.7,56.2,19.8,11.2,29.5,,,,18.1,6.1,34.2,,8.0,,,22.0,74.2,17.8,12.4,33.4,12.7,3.7,,37.7,3.1,9.9,5.3
12003,13.8,24.2,17.5,34.2,58.3,7.3,10.3,6.1,74.8,82.5,16.6,59.2,7.5,16.6,50.7,20.0,11.0,32.6,,,,19.4,6.6,34.6,,8.8,,,27.0,76.2,19.7,13.3,35.1,14.3,3.7,,40.0,3.2,13.6,5.2
12005,13.1,24.5,18.3,33.5,57.7,7.4,10.0,5.9,74.0,83.3,15.3,60.6,6.7,14.7,58.1,21.5,10.0,30.5,,,,18.7,6.4,34.0,,8.2,,,24.2,73.5,18.9,12.5,33.2,13.8,3.5,,40.1,3.1,10.2,4.9
12007,16.2,25.5,16.8,34.6,60.2,7.5,10.5,7.0,74.8,80.9,18.7,52.8,9.0,19.6,46.3,20.9,12.4,34.8,,,,24.1,7.2,32.6,,10.6,,,30.7,69.8,21.0,15.8,35.0,16.1,4.9,,43.0,3.9,20.5,6.7
12009,12.4,22.9,17.4,31.5,56.7,7.4,9.7,5.5,75.8,84.9,14.1,63.5,5.9,13.0,59.1,20.0,10.0,28.3,,,,16.9,5.9,32.7,,7.4,,,21.9,77.6,17.9,11.5,34.2,12.6,3.1,,35.6,2.8,10.8,4.5
12011,17.3,19.9,15.4,32.1,60.0,6.2,9.2,5.4,77.4,85.5,13.7,59.6,5.3,11.8,56.1,16.2,11.4,27.3,,,,19.6,5.6,32.9,,7.6,,,25.2,76.0,16.8,12.6,30.4,12.8,3.7,,40.5,3.1,12.4,5.8
12013,17.3,26.0,15.6,35.9,59.1,7.4,10.6,7.4,74.9,79.9,19.0,56.2,9.5,20.5,48.5,20.7,12.8,37.4,,,,25.0,7.7,34.7,,10.9,,,31.1,69.7,20.9,16.6,39.9,16.6,5.0,,40.9,4.0,20.5,7.0
12015,13.0,24.2,19.0,31.0,56.6,7.7,9.9,5.6,75.4,84.2,14.4,59.1,6.2,14.2,58.3,19.0,9.8,28.7,,,,17.0,6.2,33.2,,7.4,,,21.6,74.7,18.5,11.5,31.6,13.0,3.2,,37.1,2.8,15.6,4.6
12017,13.7,24.0,17.4,30.0,57.3,7.6,10.1,6.2,74.8,82.5,16.1,57.8,7.4,16.6,57.9,21.2,10.2,31.7,,,,19.6,6.9,33.9,,8.7,,,25.0,74.5,19.9,13.3,32.9,14.4,3.7,,39.6,3.2,16.4,5.3
12019,12.3,22.4,17.0,32.9,58.2,7.5,10.0,5.5,76.0,84.9,14.4,61.9,6.0,13.4,59.5,19.6,10.3,29.1,,,,16.9,6.1,33.3,,7.5,,,24.4,70.1,18.7,11.6,34.5,12.8,3.2,,40.5,2.9,8.3,4.5
12021,16.8,20.5,16.9,28.1,57.2,7.5,8.8,5.3,73.9,85.0,13.3,61.3,5.3,11.2,59.1,16.9,9.5,25.3,,,,16.6,5.9,31.8,,6.8,,,21.9,71.6,16.2,10.6,28.0,12.3,3.1,,33.2,2.7,13.5,4.8
12023,16.0,25.8,16.0,36.3,59.4,7.2,10.4,6.9,75.2,81.5,17.9,54.4,8.4,18.6,48.8,21.0,12.4,33.3,,,,22.8,7.2,34.2,,10.1,,,30.0,67.7,19.8,15.3,39.7,15.5,4.6,,39.3,3.7,22.8,6.4
12027,27.0,24.7,15.6,36.7,59.6,6.8,10.0,7.9,73.4,79.4,20.6,54.6,9.8,20.4,43.1,19.4,14.7,40.5,,,,29.7,8.3,37.4,,11.7,,,36.9,68.9,20.5,19.0,41.8,18.0,5.9,,41.2,4.2,21.8,8.9
12029,17.3,26.8,16.9,35.9,59.0,7.4,10.5,7.4,72.7,79.6,19.5,53.3,9.5,20.7,43.6,21.3,12.3,37.8,,,,24.3,7.8,32.4,,10.6,,,30.0,70.1,21.6,16.2,34.8,16.6,4.8,,42.4,3.9,24.7,6.8
12031,13.7,23.4,15.8,33.7,59.3,6.8,10.3,5.7,75.5,84.6,15.0,62.1,6.5,14.0,54.6,19.8,11.8,30.3,,,,19.9,5.7,30.9,,8.5,,,26.7,77.4,18.7,13.1,34.3,13.6,3.8,,42.9,3.3,14.9,5.5
12033,12.7,24.5,17.1,36.1,59.2,7.3,10.6,6.1,75.6,84.0,15.7,57.1,6.9,14.8,54.7,21.0,11.4,32.2,,,,19.8,6.2,33.2,,8.8,,,25.5,73.7,18.9,13.5,36.4,14.1,3.8,,38.1,3.3,10.9,5.4
12035,12.7,23.3,17.4,28.9,56.7,7.4,9.9,5.5,75.6,84.7,14.3,62.5,6.0,13.0,59.4,20.5,9.3,28.1,,,,16.5,6.1,33.9,,7.3,,,21.7,76.1,17.8,11.3,30.9,12.7,3.1,,38.1,2.8,7.3,4.5
12037,14.9,23.7,17.9,35.3,58.3,7.5,10.0,6.6,74.7,81.8,16.8,55.6,8.0,17.2,50.0,19.6,11.2,32.0,,,,20.8,7.1,32.1,,9.3,,,26.8,66.5,19.3,13.7,32.4,14.8,4.1,,37.2,3.4,13.5,5.8
12039,19.0,25.6,13.2,39.0,64.3,6.1,11.2,7.2,77.9,82.6,18.6,59.9,9.0,18.8,48.1,17.4,15.6,37.4,,,,27.2,6.5,32.0,,12.2,,,29.9,72.8,20.4,18.7,44.5,16.2,6.4,,39.7,4.7,24.1,9.2
12041,14.7,24.2,18.5,30.9,56.9,7.8,10.3,6.3,74.1,81.6,17.2,59.5,8.0,17.6,52.3,21.8,10.2,33.0,,,,20.2,7.1,34.4,,9.1,,,25.8,71.1,19.9,13.7,34.7,14.9,3.8,,39.5,3.3,16.6,5.4
12043,24.5,23.9,16.7,37.5,59.4,6.8,9.9,7.8,73.6,79.8,19.4,54.9,9.2,20.5,44.2,18.6,14.4,36.6,,,,27.9,8.0,35.1,,11.0,,,34.0,65.9,20.1,17.0,37.9,17.2,5.6,,42.8,4.1,23.1,8.4
12045,14.0,24.1,18.9,34.0,57.2,7.6,9.8,6.1,74.0,82.8,15.7,60.4,7.2,15.7,53.1,20.4,10.9,31.9,,,,19.6,6.7,32.8,,8.4,,,25.6,73.6,18.5,13.1,35.1,14.0,3.7,,38.0,3.2,14.2,5.1
12047,20.2,26.3,15.6,39.6,60.7,6.8,11.0,7.7,75.3,79.8,20.1,51.6,10.1,21.5,44.4,19.8,14.7,39.5,,,,28.6,7.6,36.5,,12.4,,,31.6,63.2,21.2,18.5,42.0,17.4,6.1,,44.2,4.5,22.4,8.7
12049,26.6,24.5,15.2,34.6,58.8,6.7,9.7,7.4,73.6,80.0,19.2,51.5,8.6,18.3,42.4,18.3,14.4,37.6,,,,27.5,7.9,34.5,,10.8,,,33.4,66.3,19.6,16.9,40.6,16.8,5.4,,39.0,3.9,23.6,8.5
12051,31.9,22.2,14.7,36.2,58.9,5.9,9.4,7.6,73.9,79.9,19.5,54.3,8.1,17.5,42.8,16.6,16.1,38.5,,,,30.9,8.0,33.2,,11.2,,,37.9,64.2,18.7,18.8,37.7,18.2,6.1,,43.2,4.0,26.0,9.9
12053,15.6,23.5,15.7,30.6,58.2,7.6,9.9,6.0,74.7,83.3,15.8,58.3,6.8,14.9,55.0,21.3,11.2,32.0,,,,19.2,6.6,33.5,,8.5,,,25.4,74.5,19.1,13.5,36.4,14.3,3.7,,38.1,3.1,9.6,5.4
12055,19.3,25.1,16.1,33.8,57.9,7.2,9.9,6.5,75.4,82.8,16.5,54.8,7.3,15.9,52.4,19.2,12.6,32.0,,,,22.9,6.9,35.0,,9.1,,,29.7,72.6,19.4,14.2,38.4,14.9,4.2,,38.9,3.4,19.3,6.4
12057,16.3,20.7,17.0,32.7,58.5,6.6,9.4,5.5,75.7,84.9,13.8,60.3,5.6,12.1,57.3,16.7,11.5,28.9,,,,18.8,5.9,36.3,,7.6,,,23.6,78.2,16.8,12.3,31.5,12.7,3.6,,38.8,3.0,10.8,5.5
12059,15.7,25.5,17.4,35.8,57.9,7.6,10.5,6.9,73.9,80.1,18.7,53.8,9.0,19.7,47.1,21.8,11.9,36.8,,,,23.3,7.6,36.4,,10.4,,,27.8,71.2,21.0,15.1,36.5,15.7,4.5,,45.2,3.7,20.9,6.2
12061,13.4,22.4,17.0,28.5,57.2,7.5,9.4,5.4,75.7,84.8,13.9,61.9,5.8,12.6,58.5,18.8,9.5,27.0,,,,16.8,6.0,31.5,,7.3,,,21.9,73.0,17.4,11.1,27.5,12.6,3.2,,37.9,2.8,8.5,4.6
12063,17.0,24.8,16.6,37.2,59.3,7.1,10.4,7.2,74.8,81.2,18.2,59.2,8.6,19.5,45.2,20.1,13.1,36.1,,,,24.3,7.1,32.6,,10.7,,,30.1,77.5,20.4,16.5,38.9,15.9,5.0,,41.7,4.0,22.4,7.0
12065,15.1,23.0,16.9,38.4,58.9,7.0,10.4,6.5,75.3,82.4,17.0,57.8,7.9,17.5,52.2,18.7,12.2,33.9,,,,22.2,6.8,34.7,,9.8,,,26.0,71.3,19.4,14.9,34.9,15.0,4.6,,39.1,3.8,19.5,6.4
12067,18.8,24.8,17.0,36.0,59.4,7.4,10.2,7.3,73.3,79.8,19.0,56.2,9.3,20.0,44.6,19.9,12.8,36.4,,,,25.4,7.7,35.5,,10.8,,,30.6,69.2,20.9,16.2,35.2,16.6,4.9,,40.8,3.9,23.3,7.0
12069,15.2,22.5,17.3,31.0,57.8,7.3,9.8,5.6,75.6,84.8,14.6,58.6,6.0,12.9,54.6,18.6,10.9,29.4,,,,18.6,6.0,32.4,,7.7,,,23.9,74.2,17.9,12.4,35.8,13.3,3.3,,38.8,2.9,12.5,5.0
12071,16.9,22.1,17.4,30.8,56.9,7.4,9.4,5.6,75.8,84.7,14.4,57.9,5.9,12.6,60.0,18.4,10.8,28.2,,,,17.9,6.0,32.2,,7.6,,,24.4,75.3,17.1,11.7,31.2,12.8,3.4,,35.9,2.9,11.1,5.1
12073,11.5,22.9,16.2,34.8,61.1,7.2,10.4,5.6,76.5,85.8,13.8,63.3,6.1,12.9,58.6,17.9,11.3,28.3,,,,18.5,5.7,34.2,,7.9,,,23.6,76.6,17.7,12.4,35.6,12.7,3.6,,40.7,3.2,11.4,5.2
12075,16.7,25.3,17.6,34.2,57.2,7.4,10.5,6.8,74.5,81.2,17.8,55.4,8.3,18.3,52.6,20.6,11.9,33.5,,,,22.6,7.2,33.3,,10.0,,,28.0,69.5,21.0,14.6,33.8,15.4,4.4,,41.5,3.6,15.7,6.3
12077,18.1,25.4,16.9,37.1,59.9,7.2,10.1,7.5,74.1,79.9,18.3,58.3,9.1,19.3,47.2,19.3,13.0,36.7,,,,25.6,7.6,33.9,,10.4,,,31.0,73.0,20.2,16.4,44.2,16.5,4.9,,40.7,3.9,20.7,6.9
12079,17.4,25.6,15.5,37.5,61.6,6.7,11.0,7.0,76.6,81.6,18.7,57.7,8.9,19.1,43.2,19.5,13.3,35.9,,,,24.5,6.9,34.2,,11.1,,,30.5,77.7,20.6,17.0,37.9,16.1,5.4,,44.3,4.2,19.3,7.5
12081,14.6,21.4,17.7,30.4,57.3,7.5,9.3,5.6,75.6,84.7,14.6,62.9,6.0,13.1,56.6,19.1,10.1,30.1,,,,17.8,6.1,33.5,,7.5,,,23.0,74.6,17.6,11.8,32.7,12.7,3.3,,40.5,2.8,10.1,4.8
12083,16.6,23.3,17.0,32.0,59.0,7.3,10.0,6.2,76.5,83.4,16.1,60.6,7.2,15.7,52.1,20.7,10.9,31.4,,,,20.7,6.5,32.3,,8.8,,,24.2,73.9,19.2,13.8,37.1,14.5,4.0,,41.4,3.3,19.4,5.8
12085,13.5,21.8,19.3,26.7,57.2,7.9,9.4,5.4,73.9,84.8,13.9,62.2,5.8,12.3,60.8,19.2,9.4,27.7,,,,16.7,6.0,34.2,,7.1,,,20.7,74.7,17.3,11.0,27.9,12.5,3.1,,33.9,2.7,7.7,4.4
12086,26.2,18.0,15.9,30.3,58.3,5.1,8.6,5.7,74.0,84.4,14.5,57.4,4.7,11.4,52.6,14.0,13.3,28.3,,,,21.8,6.0,31.3,,7.8,,,31.2,75.5,15.2,13.4,29.3,13.7,4.3,,38.9,3.1,13.7,7.6
12087,14.6,20.6,19.7,30.0,57.5,7.4,9.0,5.4,74.9,85.1,13.4,59.4,5.3,12.0,61.1,17.4,9.7,27.0,,,,16.6,6.0,32.5,,6.8,,,21.8,72.8,16.4,11.0,25.5,12.4,3.0,,35.4,2.7,9.0,4.6
12089,10.7,21.9,18.4,29.5,57.9,8.0,9.7,5.2,75.3,84.9,13.8,65.9,5.8,12.7,62.9,19.7,8.6,26.7,,,,15.3,5.9,33.8,,7.0,,,18.5,76.3,17.8,10.8,33.4,12.3,2.9,,34.4,2.7,11.1,4.0
12091,11.9,23.2,18.4,30.3,57.6,7.5,9.6,5.3,74.8,84.8,13.9,62.1,5.9,13.0,60.2,19.5,9.6,28.4,,,,16.7,6.0,30.7,,7.2,,,22.3,72.4,18.0,11.1,30.8,12.4,3.0,,37.4,2.8,11.8,4.3
12093,21.9,24.0,17.1,35.8,59.1,7.2,9.9,7.1,74.6,81.1,18.3,54.4,8.5,18.6,45.0,20.3,12.8,35.6,,,,25.8,7.6,34.5,,10.3,,,30.4,76.3,20.2,16.1,44.1,16.8,4.9,,42.1,3.7,23.0,7.2
12095,16.3,20.3,15.1,31.7,59.3,6.3,9.1,5.5,76.1,85.7,14.0,58.4,5.4,11.9,57.1,16.5,11.5,28.2,,,,19.1,5.6,33.7,,7.6,,,24.6,75.3,16.3,12.2,33.5,12.9,3.6,,41.4,3.0,12.6,5.7
12097,22.1,20.4,15.5,33.7,59.1,6.1,8.9,5.7,75.1,84.5,14.7,56.1,5.2,11.7,54.4,17.3,12.7,29.9,,,,21.6,6.2,35.0,,7.7,,,28.0,77.2,16.9,13.1,39.4,13.8,3.9,,38.8,3.0,12.4,6.5
12099,15.4,21.7,15.5,29.4,59.4,6.9,9.4,5.3,76.1,84.7,13.7,60.8,5.4,11.8,59.2,16.5,10.6,27.5,,,,17.8,5.8,30.9,,7.3,,,23.6,76.9,16.3,11.5,27.3,12.1,3.4,,37.6,2.9,12.7,5.1
12101,15.2,22.6,18.0,32.3,57.3,7.4,9.8,5.7,74.1,84.1,15.2,60.8,6.3,13.7,59.1,20.2,10.3,31.0,,,,18.0,6.4,33.9,,7.7,,,24.8,76.1,18.0,12.3,31.8,13.3,3.3,,37.6,2.9,14.6,5.0
12103,12.3,22.7,18.7,29.5,56.7,7.7,9.7,5.5,75.2,84.8,14.2,61.1,6.1,12.7,56.1,20.9,9.8,28.2,,,,17.1,6.0,33.5,,7.4,,,21.8,74.7,17.7,11.6,31.7,12.6,3.2,,38.0,2.8,14.6,4.6
12105,19.7,23.7,16.6,32.4,59.7,6.9,10.1,6.2,75.3,83.3,16.4,55.4,6.9,14.8,51.2,19.8,11.8,34.4,,,,22.4,6.7,35.0,,8.9,,,27.9,71.1,18.8,14.6,40.6,15.2,4.2,,43.8,3.3,15.0,6.3
12107,19.2,26.2,15.6,35.8,59.7,7.2,11.0,7.5,74.4,79.8,19.9,55.3,10.1,21.7,44.5,20.9,13.4,37.1,,,,27.3,7.9,33.5,,12.0,,,31.5,72.6,21.7,17.3,33.3,17.4,5.6,,42.5,4.2,24.1,8.0
12109,9.6,21.2,18.6,28.4,56.4,7.9,9.4,4.8,77.3,86.2,11.9,67.2,4.8,10.1,67.0,18.6,8.2,22.9,,,,13.3,5.3,31.4,,6.0,,,17.1,76.1,16.0,9.3,28.7,11.1,2.4,,31.3,2.4,7.4,3.5
12111,16.9,22.6,16.2,32.8,58.6,6.9,10.1,5.8,74.1,84.4,15.3,58.6,6.4,13.9,54.7,18.1,11.2,30.5,,,,19.8,6.1,32.6,,8.3,,,25.2,74.4,18.4,13.0,31.9,13.7,3.9,,38.7,3.2,11.5,5.7
12113,11.2,23.1,18.5,31.8,57.4,7.8,9.6,5.4,76.9,84.6,14.2,64.2,5.9,13.2,59.2,19.8,9.3,28.2,,,,16.4,6.1,32.3,,7.2,,,19.7,72.3,18.1,11.1,31.7,12.7,3.0,,40.2,2.8,7.9,4.2
12115,11.5,21.8,20.1,28.8,57.3,7.8,9.5,5.0,75.8,85.3,12.8,61.7,5.5,11.7,64.0,20.7,8.4,25.2,,,,15.6,5.7,32.5,,6.5,,,20.1,76.9,17.0,10.2,30.3,11.9,2.7,,35.1,2.6,7.8,3.9
12117,13.4,20.2,17.1,29.4,58.1,7.1,9.1,5.1,76.7,86.0,12.7,63.0,5.0,10.8,61.7,16.7,9.8,25.7,,,,15.9,5.4,31.7,,6.5,,,20.5,75.3,15.7,10.2,29.3,11.4,2.9,,36.6,2.6,10.4,4.4
12119,12.5,22.4,18.3,29.9,57.9,7.8,9.3,5.3,76.9,84.9,13.1,63.7,5.5,11.9,61.1,17.0,9.1,26.6,,,,15.9,5.9,34.3,,6.7,,,20.4,75.8,16.5,10.5,32.0,12.1,2.9,,35.6,2.7,13.2,4.2
12121,17.1,24.8,16.8,34.7,57.6,7.3,10.3,6.9,74.1,81.2,17.8,57.2,8.4,18.5,49.4,20.4,11.9,35.2,,,,22.8,7.2,34.0,,9.9,,,30.4,72.0,19.9,15.1,38.6,15.8,4.5,,43.8,3.6,17.5,6.4
12123,16.4,26.0,16.7,38.4,58.9,7.2,10.6,7.3,74.1,81.0,18.8,57.0,9.3,19.7,50.2,20.3,12.8,36.6,,,,24.4,7.5,33.7,,10.9,,,30.5,75.2,20.8,16.7,40.9,16.0,5.0,,41.6,4.0,16.6,6.9
12125,17.6,25.3,17.1,38.2,58.3,7.1,10.3,7.3,73.3,80.3,18.4,56.5,9.0,20.3,46.7,20.7,12.9,37.6,,,,24.7,7.5,35.1,,10.4,,,29.7,68.4,20.3,16.5,41.5,16.2,4.9,,40.7,4.0,15.3,6.8
12127,14.8,21.9,17.3,31.9,58.6,7.4,10.1,5.7,75.4,83.6,15.2,61.0,6.4,14.3,57.8,20.4,10.3,30.4,,,,19.0,6.2,32.8,,8.1,,,23.7,73.0,18.8,12.2,33.2,13.5,3.5,,35.8,3.0,14.5,5.1
12129,13.3,23.9,17.6,33.8,59.4,7.7,10.0,5.9,74.4,83.6,15.7,63.4,6.7,15.0,56.2,18.5,10.8,31.7,,,,18.8,6.2,33.6,,8.1,,,26.2,77.6,18.6,12.6,38.2,13.9,3.4,,40.3,3.1,14.0,4.8
12131,12.2,23.2,18.3,30.4,58.2,7.9,9.5,5.6,73.7,84.1,14.5,61.6,6.2,13.7,59.0,19.7,9.7,29.2,,,,17.1,6.2,33.1,,7.4,,,20.6,72.9,18.0,11.5,29.6,12.6,3.1,,36.3,2.8,13.3,4.4
12133,16.4,26.8,15.5,37.7,59.4,7.5,10.5,7.2,73.8,80.3,18.6,53.0,9.1,19.7,46.0,21.1,12.6,35.8,,,,23.9,7.6,35.3,,10.9,,,30.8,65.8,21.0,16.1,39.8,16.2,4.8,,43.1,3.8,17.8,6.7
13001,18.7,26.5,14.9,38.8,62.5,6.7,10.8,7.3,74.9,81.5,19.7,53.6,9.3,20.8,52.3,22.9,14.6,37.1,26.0,25.7,23.3,27.3,7.8,35.5,19.8,12.3,13.3,37.9,33.7,70.1,20.9,17.5,40.7,17.2,5.7,13.4,38.3,4.2,23.8,7.7
13003,26.0,26.7,14.7,40.4,61.9,6.2,10.7,7.9,74.7,80.3,21.6,52.2,10.1,22.1,47.0,22.2,16.5,41.0,27.2,32.0,28.5,32.2,8.5,35.4,24.1,13.8,15.9,40.4,39.4,68.5,21.1,20.2,43.9,18.9,7.0,15.6,38.8,4.7,31.1,9.9
13005,16.1,25.4,15.6,36.9,61.0,6.9,10.7,6.6,75.4,82.5,18.4,56.4,8.3,19.2,50.4,22.7,13.0,34.3,25.6,21.7,18.8,23.9,7.3,34.6,17.4,11.0,11.5,39.0,31.6,71.3,20.5,15.7,36.9,15.9,4.9,11.4,40.5,3.8,21.6,6.5
13007,17.6,26.8,13.4,42.4,64.9,5.9,11.3,7.5,78.0,82.7,19.6,56.3,9.3,21.0,51.8,21.1,16.9,38.2,27.8,30.8,29.6,28.8,7.3,34.6,23.5,13.1,15.8,40.0,35.9,72.0,21.0,19.0,43.3,17.1,6.6,17.3,40.6,4.9,30.4,8.9
13009,14.4,25.0,14.7,39.6,63.8,6.2,10.8,6.5,78.3,84.3,17.1,60.7,7.6,17.6,52.9,20.5,14.5,33.5,27.0,23.7,21.3,23.9,6.6,34.3,19.8,10.8,12.6,39.3,30.1,77.4,19.3,15.8,40.9,15.0,5.2,13.7,43.0,4.1,20.9,6.8
13011,14.8,24.7,17.0,34.6,59.0,7.3,10.2,6.2,74.6,83.1,17.2,58.3,7.5,17.4,51.1,23.7,11.5,32.8,24.1,17.1,13.6,21.6,7.2,34.0,13.8,9.6,9.2,37.7,28.0,72.1,19.5,13.8,34.2,14.9,4.1,8.5,37.5,3.3,15.9,5.4
13013,14.9,24.1,15.6,34.6,60.4,6.7,9.8,5.6,75.8,84.9,15.5,60.5,6.2,14.7,59.4,19.7,11.6,30.2,24.7,17.4,12.8,19.9,6.4,34.3,14.6,8.6,9.2,38.2,27.8,75.0,17.9,12.9,34.8,13.6,3.7,8.9,38.0,3.1,9.1,5.2
13015,13.7,24.4,16.9,34.3,60.7,7.1,10.0,5.5,76.0,84.9,15.4,56.4,6.4,15.1,58.1,21.5,10.8,29.6,23.7,15.2,11.7,19.7,6.3,32.3,13.3,8.5,8.5,36.4,25.6,75.1,18.5,12.6,38.4,13.8,3.6,8.1,37.1,3.1,9.8,4.9
13017,17.9,26.8,13.9,41.8,64.3,6.3,11.4,7.2,77.4,82.2,20.1,54.8,9.4,21.7,45.8,21.7,16.0,38.1,27.9,29.9,28.3,28.6,7.2,34.8,23.1,13.2,15.2,40.5,36.4,71.6,21.2,18.8,41.5,17.4,6.3,16.3,44.3,4.6,25.4,8.5
13019,16.5,26.9,15.9,37.2,61.5,7.0,10.8,7.1,75.1,81.8,19.4,54.5,9.1,21.0,52.5,23.8,13.5,35.9,25.1,22.9,20.7,25.1,7.8,33.9,17.5,11.8,12.1,39.4,32.6,67.4,21.2,16.4,38.0,16.6,5.3,11.8,36.9,4.0,22.6,7.0
13021,14.8,25.3,13.4,42.0,65.0,5.9,11.3,6.3,79.8,84.9,17.4,54.6,7.5,17.3,52.9,19.9,15.2,35.5,27.9,26.7,24.5,25.3,6.1,33.5,21.7,11.4,14.1,41.6,31.5,72.4,19.9,17.1,45.0,15.2,5.6,15.5,43.4,4.3,22.1,7.5
13023,13.7,26.3,15.2,36.7,62.2,6.9,10.9,6.3,77.5,84.3,17.4,57.4,7.7,17.4,57.3,22.7,12.8,33.4,24.9,20.4,17.6,22.6,6.8,34.7,16.8,10.5,11.0,39.0,28.8,73.6,20.0,14.9,38.3,15.2,4.6,11.3,39.8,3.7,15.2,6.0
13025,15.1,26.1,16.6,35.5,60.0,7.3,10.7,6.7,74.5,81.9,18.9,56.5,8.7,19.9,52.6,25.0,11.9,35.1,24.0,19.3,16.5,23.5,7.6,34.9,14.9,11.0,10.3,38.7,31.1,68.3,21.1,15.3,38.7,16.2,4.6,9.6,37.6,3.6,20.8,6.1
13027,17.5,26.5,14.0,40.7,64.1,6.3,11.2,7.2,77.6,82.6,19.3,54.2,9.1,20.3,46.4,21.5,15.7,37.0,26.9,28.4,26.6,27.9,7.4,34.9,22.0,12.6,14.6,39.6,34.4,69.0,20.8,18.2,40.2,17.0,6.1,15.4,42.9,4.5,20.6,8.2
13029,10.7,22.2,17.9,32.5,59.2,7.1,9.6,4.8,77.5,86.8,13.2,63.7,5.0,11.8,64.0,20.4,9.8,26.8,22.2,12.0,8.4,15.7,5.6,32.6,11.2,7.0,7.0,36.4,21.2,78.8,16.7,10.6,32.8,11.9,2.9,6.7,34.6,2.7,16.0,3.9
13031,12.9,24.8,14.6,38.8,62.6,6.9,10.6,6.2,77.4,84.9,16.3,58.1,7.2,16.0,58.5,20.9,12.9,31.7,25.0,19.6,17.5,21.5,6.6,35.2,16.6,9.9,10.8,36.1,27.4,72.2,19.2,14.7,41.7,14.4,4.6,11.4,38.3,3.7,17.8,6.0
13033,15.7,26.7,13.7,41.0,64.4,6.1,11.4,6.8,77.7,83.7,18.7,57.2,8.3,19.2,51.8,21.2,15.2,36.3,28.4,27.0,24.7,26.3,6.6,33.8,21.7,12.0,14.0,39.7,33.4,74.6,20.7,17.7,39.8,16.3,5.8,15.2,42.4,4.4,25.7,7.6
13035,14.8,24.1,16.0,37.5,61.9,6.6,10.4,6.1,76.4,83.6,17.0,59.6,7.3,17.6,53.7,20.6,12.6,33.0,26.8,20.2,16.5,22.5,6.5,33.3,16.8,9.9,10.7,38.0,30.4,76.8,19.3,14.7,38.2,14.7,4.4,10.8,39.5,3.6,18.9,5.9
13037,18.8,25.1,13.9,44.9,64.8,5.5,10.6,7.3,77.5,82.1,18.9,55.1,8.6,21.1,41.5,17.5,17.1,37.6,32.1,31.0,27.8,29.2,6.7,33.8,24.5,12.2,15.8,40.8,36.2,72.9,19.6,18.7,43.6,16.3,6.5,17.1,44.4,4.9,31.8,8.6
13039,12.9,24.0,16.4,34.7,59.4,6.9,10.1,5.8,76.1,84.9,15.4,57.5,6.5,15.5,56.2,21.1,11.7,30.4,23.6,16.5,13.3,19.9,6.5,33.6,14.3,8.8,9.2,35.9,27.1,79.0,18.4,13.4,37.9,13.7,3.9,9.2,38.2,3.3,15.0,5.2
13043,17.9,25.5,14.8,38.3,62.4,6.5,10.8,6.7,76.3,82.6,18.7,50.8,8.4,19.0,47.4,22.0,13.9,36.1,26.4,24.8,21.6,26.1,7.1,34.3,19.6,11.6,12.8,39.8,32.2,71.9,20.2,16.7,42.3,16.3,5.4,12.9,39.7,4.0,24.2,7.3
13045,14.3,25.1,16.1,35.9,60.6,6.8,10.4,5.9,75.6,84.3,16.5,59.5,7.0,16.6,59.5,21.4,12.2,32.9,24.2,18.5,15.0,21.3,6.6,33.9,15.5,9.5,10.0,38.9,28.1,73.1,18.9,14.3,34.7,14.4,4.1,9.9,34.5,3.4,14.3,5.6
13047,11.6,23.4,17.5,31.7,58.5,7.5,10.0,5.5,75.2,84.8,15.2,60.7,6.3,14.9,63.1,22.2,10.3,29.8,21.7,13.0,10.0,17.9,6.4,33.6,11.3,8.2,7.6,36.8,24.0,74.1,18.4,12.0,33.9,13.2,3.3,7.0,36.3,2.9,9.6,4.4
13049,21.3,25.4,15.8,40.1,62.3,6.4,10.0,7.3,74.9,81.6,18.8,55.2,8.5,20.1,47.1,20.2,15.4,37.3,28.6,26.2,21.8,27.8,7.8,34.9,20.7,11.3,13.5,39.6,33.9,70.5,19.4,17.1,41.4,16.7,5.7,13.6,42.8,4.2,25.0,7.8
13051,12.5,23.3,16.3,37.0,63.3,6.4,10.3,5.4,78.9,86.4,14.3,61.2,5.8,13.7,61.1,19.2,12.1,28.6,23.5,18.1,14.6,18.6,5.7,32.2,15.8,8.6,10.0,37.3,24.8,77.6,17.0,12.7,33.4,12.7,4.0,10.4,42.6,3.3,12.7,5.4
13053,15.7,24.8,16.0,38.6,61.7,6.1,9.7,6.3,76.1,83.7,15.9,57.8,6.9,16.3,51.4,19.6,14.2,32.4,25.3,20.5,17.0,22.5,6.7,34.5,17.0,9.5,10.9,36.8,29.8,73.5,18.1,14.9,40.6,14.5,4.7,11.5,41.3,3.8,21.3,6.4
13055,17.9,26.8,16.1,37.5,60.8,7.0,10.8,7.2,74.2,81.0,20.2,53.9,9.6,21.6,49.9,24.0,13.5,37.7,25.7,23.6,21.0,26.7,8.0,34.6,17.8,12.3,12.3,40.0,33.6,67.9,21.3,17.3,35.1,17.3,5.5,11.9,38.0,4.1,23.2,7.2
13057,11.2,21.8,18.5,30.8,58.5,7.3,9.5,4.9,75.3,86.5,12.8,63.2,4.9,11.7,64.7,20.7,9.5,24.9,22.2,11.2,7.5,15.8,5.6,33.1,10.5,6.8,6.5,37.4,23.0,74.3,16.8,10.1,33.1,11.5,2.8,6.2,35.9,2.6,9.4,3.8
13059,13.2,24.1,15.0,36.5,63.2,6.5,10.5,6.0,77.4,85.5,15.3,58.3,6.7,14.4,57.1,21.0,13.3,30.4,23.2,19.3,17.1,21.3,6.3,33.4,16.2,9.5,10.7,36.2,27.4,77.5,18.1,14.0,33.7,13.8,4.6,11.5,34.8,3.6,16.2,6.2
13061,15.3,25.9,12.7,43.2,65.8,5.8,11.6,6.7,79.7,84.6,18.1,55.8,8.1,18.6,52.6,19.9,16.1,35.8,28.8,29.2,27.5,26.9,6.3,33.8,23.9,12.2,15.3,40.2,34.5,74.9,20.3,17.8,42.3,15.9,6.1,17.2,43.2,4.6,28.9,8.1
13063,17.0,23.6,11.8,41.7,65.8,4.8,11.3,6.0,80.2,86.0,16.7,60.0,6.5,15.9,48.6,16.8,16.1,34.2,31.4,30.5,26.5,25.2,5.3,32.2,26.3,11.2,15.4,43.2,32.9,75.6,19.0,17.1,44.8,14.8,5.8,17.7,45.1,4.4,24.0,7.9
13065,17.2,26.4,14.5,39.7,62.9,6.6,11.2,7.3,76.0,81.7,20.0,51.1,9.5,21.5,45.0,22.6,14.8,37.8,26.4,27.1,25.5,27.8,7.7,34.2,20.7,12.8,13.9,38.7,34.4,68.4,21.3,18.2,41.7,17.3,6.0,14.4,41.6,4.4,27.5,8.0
13067,10.9,20.2,15.4,30.7,59.8,6.6,9.4,4.7,77.0,87.9,11.9,61.6,4.5,10.3,67.3,18.3,10.1,23.4,23.0,12.6,8.9,15.5,5.1,32.7,11.9,6.7,7.4,36.1,21.3,74.1,15.3,10.2,29.6,10.9,3.0,7.6,36.2,2.7,13.3,4.1
13069,19.4,26.5,14.5,39.9,63.0,6.4,10.8,7.2,76.5,82.1,19.5,52.9,9.1,20.9,50.0,21.8,15.0,39.0,27.6,28.1,24.9,28.0,7.5,34.8,21.6,12.3,14.2,39.4,34.6,72.8,20.8,18.2,39.4,17.0,6.0,14.6,36.6,4.3,24.0,8.1
13071,20.6,26.1,14.5,39.8,62.3,6.4,10.7,6.9,76.2,82.5,19.1,54.0,8.5,19.4,47.0,22.1,14.8,37.1,27.0,26.5,23.1,27.3,7.4,34.8,21.0,11.7,13.4,40.8,34.2,72.8,20.4,17.5,35.8,16.8,5.6,13.5,39.6,4.1,24.3,7.8
13073,10.4,22.0,15.2,34.1,60.0,6.9,9.6,4.8,78.1,86.8,12.9,64.0,5.0,11.8,61.3,19.8,10.7,24.4,22.7,12.5,9.1,15.8,5.4,33.6,11.5,7.0,7.3,35.6,23.7,79.4,16.7,10.4,32.8,11.9,3.0,7.2,35.6,2.7,14.6,4.0
13075,16.8,25.6,15.2,39.0,62.7,6.6,11.0,7.0,76.4,82.6,19.1,57.3,8.9,20.1,50.6,22.9,14.4,35.8,26.8,25.8,23.5,26.4,7.3,34.3,20.1,12.0,13.4,39.3,31.5,71.3,20.9,17.2,37.6,16.8,5.7,13.8,40.6,4.2,19.1,7.5
13077,11.2,22.3,16.1,32.6,60.8,6.9,9.9,5.0,76.7,86.5,13.5,65.3,5.2,12.2,63.4,19.7,10.8,27.7,22.9,13.3,9.5,16.9,5.6,33.3,12.0,7.3,7.5,36.5,24.1,75.0,16.8,11.3,35.2,12.2,3.1,7.4,37.0,2.8,13.1,4.2
13079,14.3,24.7,16.4,36.0,61.0,6.7,10.4,6.0,75.6,83.7,17.0,57.1,7.2,17.3,54.8,21.9,12.1,32.4,25.7,18.9,15.2,21.5,6.5,33.5,15.5,9.7,10.0,38.6,28.6,72.0,19.5,14.1,36.9,14.6,4.2,9.8,37.8,3.5,21.8,5.6
13081,16.6,27.2,13.4,42.2,64.5,6.3,11.7,7.2,77.9,83.3,19.3,58.3,9.1,20.4,51.0,21.4,16.0,37.6,27.5,29.5,28.1,28.0,7.1,33.5,23.3,12.9,15.2,41.0,35.3,75.0,21.0,18.5,44.9,16.8,6.3,16.8,41.5,4.6,27.2,8.3
13083,12.2,24.3,17.8,32.6,59.1,7.4,10.1,5.7,75.3,84.3,15.8,60.0,6.7,15.8,60.5,23.8,10.2,30.2,23.0,13.6,10.4,18.8,6.7,33.9,11.6,8.6,7.8,37.0,25.0,73.3,19.2,12.3,35.2,13.8,3.5,7.3,35.9,3.0,18.6,4.6
13085,11.4,22.8,17.9,31.1,58.7,7.5,9.6,5.2,75.8,85.7,13.9,62.9,5.7,12.9,65.8,21.8,9.6,26.9,21.0,11.8,8.5,16.5,6.2,33.1,10.5,7.4,6.9,34.9,22.4,76.3,17.3,10.8,31.5,12.5,3.0,6.3,31.5,2.7,9.3,4.0
13087,17.0,25.6,13.7,40.9,64.3,6.2,11.2,6.8,78.0,83.5,18.8,57.1,8.4,19.4,51.8,21.0,15.3,36.5,27.8,27.6,25.1,26.7,6.9,34.5,22.2,12.1,14.2,40.7,33.5,70.2,20.7,17.5,42.4,16.5,5.8,15.4,41.8,4.4,21.1,7.8
13089,12.0,20.0,14.6,36.3,63.1,5.6,10.3,4.9,78.7,87.9,13.0,63.8,4.9,11.4,58.8,16.9,12.3,24.3,25.2,17.4,14.0,17.9,4.9,33.1,15.6,7.9,9.6,38.9,22.3,79.4,16.0,11.7,31.5,11.7,3.9,10.2,37.0,3.3,13.8,5.3
13091,15.6,25.1,15.4,39.7,62.5,6.5,10.7,6.8,76.6,83.0,18.1,58.6,8.2,19.1,53.9,21.5,13.9,35.2,26.8,24.0,21.0,24.6,7.1,34.6,18.9,11.0,12.3,39.7,32.1,73.7,20.2,16.2,40.4,15.7,5.2,12.8,39.4,4.0,19.3,6.9
13093,17.6,24.8,14.4,41.9,63.6,5.9,10.5,6.6,77.1,83.5,17.5,57.1,7.5,18.4,50.0,18.5,15.2,34.9,30.2,26.2,22.4,25.8,6.6,33.7,21.7,10.8,13.5,40.1,32.8,75.1,18.9,16.4,41.1,15.2,5.4,14.4,43.2,4.2,18.6,7.3
13095,15.9,26.6,11.9,44.5,66.5,5.4,12.0,6.6,80.8,84.9,18.5,58.3,8.1,18.5,50.6,19.1,17.1,36.5,29.7,31.9,30.9,28.6,5.9,32.3,26.1,13.0,16.6,41.5,33.4,77.2,20.1,18.8,42.7,16.1,6.7,18.9,47.4,4.8,22.8,8.7
13097,13.5,23.2,14.2,36.1,64.1,5.9,10.7,5.3,78.8,87.0,14.8,59.9,5.5,13.5,58.5,18.3,12.7,30.6,27.2,20.1,16.1,20.0,5.3,33.4,18.1,8.6,10.8,39.9,26.9,77.8,17.4,13.3,35.9,12.6,4.0,11.7,42.5,3.4,16.0,5.6
13099,16.3,26.8,13.3,41.6,65.0,6.0,11.7,6.6,78.4,83.7,18.9,56.4,8.4,19.5,49.1,20.9,15.4,37.2,29.0,29.0,26.7,27.2,6.5,33.4,23.3,12.3,14.8,41.3,34.3,71.7,20.7,17.9,41.1,16.3,5.9,16.1,44.2,4.4,27.6,7.9
13101,20.0,23.3,16.3,33.7,59.2,6.6,9.7,6.0,73.9,83.4,16.9,57.7,6.8,16.0,54.5,20.9,12.3,32.6,25.4,19.7,14.2,22.7,6.9,33.7,16.3,9.4,10.1,37.8,30.1,71.8,18.5,14.1,37.8,14.9,4.2,9.3,38.1,3.3,18.4,6.1
13103,11.8,23.1,17.0,33.2,59.9,7.0,10.0,5.3,76.1,85.6,14.4,61.7,5.7,13.7,62.0,20.6,10.6,28.5,22.4,13.5,10.3,17.5,6.0,32.9,12.3,7.9,7.8,35.3,24.2,72.1,17.6,11.6,37.2,12.8,3.3,7.7,37.9,2.9,13.7,4.4
13105,15.2,25.0,15.2,38.0,62.3,6.6,10.8,6.3,76.8,83.7,17.7,55.4,7.7,18.3,50.8,21.6,13.3,33.7,26.1,22.4,19.2,23.6,6.7,33.6,18.2,10.7,11.6,39.0,30.8,76.0,19.9,15.5,38.3,15.3,4.8,12.0,40.8,3.8,18.8,6.5
13107,17.1,26.6,14.3,41.2,63.3,6.4,11.2,6.9,76.6,82.5,19.1,56.9,8.9,20.6,48.0,21.2,14.7,36.3,27.6,26.3,23.9,27.3,7.1,35.4,20.8,12.2,13.6,39.3,35.1,75.3,20.6,17.5,42.8,16.7,5.7,14.2,41.5,4.3,25.2,7.6
13109,18.1,25.9,14.5,39.9,63.1,6.3,11.0,6.8,77.0,83.0,18.8,55.8,8.5,19.6,46.8,21.4,14.8,36.2,27.1,26.2,23.1,26.4,7.1,33.9,20.7,11.8,13.4,39.9,34.3,71.9,20.3,17.2,42.6,16.4,5.6,13.8,41.7,4.2,21.0,7.6
13111,12.7,24.6,17.6,33.4,59.0,7.5,10.3,6.2,74.8,83.5,16.7,60.5,7.4,17.1,55.1,23.4,11.1,31.3,22.1,15.6,12.7,20.3,7.1,34.6,12.4,9.5,8.7,36.7,26.8,67.8,19.3,13.4,38.2,14.6,3.9,8.1,37.8,3.2,11.0,5.1
13113,9.7,20.6,15.9,31.2,60.9,6.7,9.4,4.5,78.1,88.2,11.6,61.9,4.2,9.8,67.1,18.7,10.0,23.9,22.3,11.4,7.8,14.4,5.0,31.6,11.0,6.2,6.7,35.3,19.9,79.8,15.3,9.4,30.6,10.5,2.7,6.7,34.8,2.6,6.7,3.7
13115,15.3,24.6,15.8,35.9,60.8,6.9,10.3,6.1,76.1,84.0,16.9,60.2,7.3,16.5,52.5,22.8,12.6,33.2,23.4,19.2,15.4,21.8,6.9,35.1,15.6,9.8,10.1,37.0,28.1,74.8,19.3,14.4,37.7,14.7,4.3,10.0,35.3,3.4,17.9,5.9
13117,9.0,18.5,16.1,27.9,57.5,6.9,8.4,4.2,77.9,88.1,10.4,63.5,3.8,8.8,69.7,17.8,8.8,20.7,21.0,8.6,5.1,12.9,4.9,33.9,7.9,5.3,5.2,34.8,19.6,79.4,13.7,8.3,26.8,9.8,2.2,4.4,31.8,2.2,4.3,3.1
13119,14.7,25.8,16.2,36.5,60.6,7.2,10.7,6.6,75.4,82.8,18.0,55.8,8.3,18.6,53.4,23.4,12.4,33.9,24.2,19.7,16.8,23.4,7.4,34.4,15.3,10.7,10.5,38.7,29.7,73.7,20.2,15.1,39.4,15.8,4.6,10.1,37.7,3.6,23.7,6.1
13121,10.2,20.4,15.8,33.4,62.7,5.9,9.4,4.7,77.8,88.0,11.8,65.7,4.4,9.9,65.4,16.8,10.7,24.9,23.6,14.7,11.1,16.3,4.7,32.1,13.4,7.0,8.3,36.7,20.1,79.1,15.3,10.7,28.1,10.7,3.3,8.6,39.8,3.0,11.6,4.4
13123,15.0,24.4,17.1,32.4,59.1,7.3,9.8,5.9,74.7,83.9,16.1,55.1,6.9,15.5,59.6,22.6,10.8,31.9,23.0,15.3,11.6,20.1,7.0,34.5,12.9,8.9,8.5,36.8,26.3,73.9,18.6,12.9,34.1,14.4,3.7,7.8,34.6,3.1,17.6,5.1
13125,13.9,25.2,16.7,35.4,60.0,7.2,10.6,6.3,74.9,83.0,17.6,57.6,7.9,18.3,57.0,23.6,11.8,33.1,24.1,17.9,15.0,21.9,7.1,34.2,14.4,10.2,9.7,38.2,29.0,73.4,20.2,14.5,37.2,15.2,4.3,9.3,37.0,3.5,16.4,5.6
13127,13.2,23.6,16.3,37.5,61.7,6.9,10.3,5.6,77.5,85.4,15.5,59.2,6.5,15.0,60.9,20.5,12.0,29.9,23.8,17.8,14.6,20.1,6.2,34.1,15.3,9.1,9.6,36.1,26.4,76.5,18.3,13.1,35.5,13.6,4.0,9.9,40.5,3.3,13.9,5.4
13129,17.2,24.6,16.3,35.0,59.6,7.1,10.2,6.3,74.2,83.1,17.6,58.4,7.7,17.3,51.1,23.0,12.2,34.3,24.9,18.9,15.0,23.0,7.3,34.4,15.5,10.0,10.0,38.9,30.7,71.1,19.5,14.8,35.0,15.6,4.3,9.4,38.8,3.4,18.7,6.0
13131,17.8,25.2,14.5,38.4,62.2,6.4,10.8,6.6,76.8,83.4,18.2,55.8,8.0,18.2,51.1,21.3,14.0,34.1,27.0,24.4,21.1,25.0,6.9,33.2,20.1,11.2,12.7,39.0,34.3,66.8,20.0,16.1,38.5,16.0,5.2,13.1,40.1,4.0,25.6,7.1
13133,12.2,22.7,16.0,34.5,62.0,6.7,10.1,5.2,78.4,86.7,13.8,59.7,5.4,12.8,58.9,19.3,10.9,27.6,24.3,15.8,12.1,17.8,5.7,33.2,14.4,7.8,8.7,36.7,24.3,75.5,17.0,11.6,34.5,12.3,3.4,9.1,37.9,3.0,17.1,4.7
13135,16.1,19.5,13.2,32.7,61.2,5.8,9.1,5.1,76.5,86.6,13.1,59.6,4.9,11.5,59.9,15.7,12.0,26.4,26.8,17.6,12.4,19.0,5.4,33.9,15.6,7.5,9.2,39.0,27.3,72.9,15.5,11.9,34.5,11.8,3.5,9.2,36.9,3.0,10.6,5.2
13137,15.8,23.6,16.2,33.2,59.5,7.2,10.0,5.8,75.4,84.1,16.3,58.2,6.9,15.6,55.3,22.2,11.1,30.6,23.6,16.9,12.8,20.5,6.7,34.4,14.0,9.1,9.0,37.9,27.0,73.8,18.7,13.1,32.7,14.2,3.8,8.4,36.5,3.1,14.4,5.3
13139,18.6,23.1,15.6,33.5,60.2,6.7,9.5,5.7,75.2,84.8,15.7,59.1,6.2,14.2,55.0,20.6,11.8,30.8,23.2,18.4,12.6,20.9,6.6,34.6,15.4,8.6,9.4,37.0,27.6,75.4,17.4,12.9,32.5,13.9,3.9,8.7,40.6,3.1,18.2,5.6
13141,19.5,26.9,12.8,46.7,65.7,5.4,11.5,7.7,78.5,82.1,20.2,57.1,9.4,22.7,44.3,18.2,18.3,40.1,33.2,36.0,34.1,31.7,6.8,34.3,28.4,13.8,18.4,42.2,37.7,74.2,20.7,20.7,45.1,17.4,7.5,20.4,48.1,5.4,32.2,9.8
13143,13.0,24.8,17.4,34.1,59.4,7.3,10.3,5.9,75.4,83.6,16.8,60.5,7.3,17.3,56.7,24.4,11.0,31.9,23.2,15.7,12.6,20.2,6.9,33.2,12.7,9.4,8.7,37.3,26.0,70.9,19.8,13.4,35.8,14.5,3.8,8.1,37.8,3.2,12.5,5.0
13145,10.3,22.8,18.0,31.7,59.7,7.0,9.7,4.9,77.2,86.5,13.2,64.2,5.1,12.2,62.6,19.9,9.9,26.0,21.7,11.7,8.5,15.9,5.6,33.2,11.0,7.0,7.0,35.3,21.3,79.0,16.8,10.5,32.4,11.8,2.9,6.8,38.9,2.7,11.8,3.9
13147,13.7,24.5,16.3,35.4,61.2,6.9,10.4,6.0,76.1,84.1,16.5,58.6,7.1,16.6,58.2,21.7,11.9,31.0,24.8,18.0,14.7,20.9,6.6,34.4,15.1,9.5,9.8,38.1,27.4,73.5,19.2,13.7,35.2,14.3,4.1,9.7,35.4,3.4,17.3,5.5
13149,14.1,25.3,16.6,35.1,60.2,7.1,10.6,6.3,75.2,82.9,17.8,56.3,7.8,18.5,54.6,23.5,11.9,33.3,24.5,18.2,15.2,22.1,7.1,33.7,14.7,10.2,9.9,38.2,29.3,71.3,20.4,14.4,35.3,15.2,4.3,9.5,37.7,3.5,20.0,5.7
13151,12.1,23.0,13.6,37.4,64.0,5.8,10.5,5.0,79.3,87.6,14.0,62.9,5.2,12.7,60.6,17.7,12.4,27.9,27.3,18.4,14.6,19.4,5.0,32.9,17.2,8.3,10.0,36.2,25.0,78.1,17.2,12.8,44.7,12.3,3.8,10.9,40.1,3.3,15.8,5.2
13153,11.5,24.0,14.8,37.2,62.0,6.5,10.1,5.2,79.0,86.8,14.1,60.7,5.5,13.0,61.4,20.7,12.2,28.7,24.6,16.1,12.4,18.9,5.5,34.6,14.7,8.0,9.0,38.1,24.6,76.5,17.4,12.5,39.5,12.7,3.6,9.5,44.8,3.1,12.0,4.8
13155,15.8,26.2,15.3,38.3,62.3,6.6,10.8,6.6,76.5,83.1,18.2,58.2,8.2,18.8,51.6,22.5,13.5,34.7,25.7,22.5,19.7,24.7,7.0,34.5,17.9,11.1,11.9,39.5,31.9,70.7,20.1,16.0,40.4,15.8,5.0,12.0,39.2,3.9,19.1,6.7
13157,13.3,23.0,17.7,32.3,59.7,7.1,9.7,5.4,75.9,85.0,14.8,57.2,6.0,14.4,57.7,20.9,10.4,28.4,23.0,14.6,10.5,18.1,6.2,33.1,12.5,8.0,8.0,37.1,25.0,73.2,17.5,11.7,32.5,13.2,3.4,7.4,38.0,2.9,9.8,4.6
13159,13.9,24.7,16.6,35.5,61.0,6.9,10.4,6.1,76.1,83.8,16.8,59.5,7.3,17.3,55.3,22.6,12.1,32.3,24.2,18.4,15.3,21.5,6.7,34.2,15.0,9.7,9.9,37.5,29.0,73.0,19.4,14.1,36.6,14.6,4.2,9.7,37.4,3.5,16.3,5.7
13161,19.3,26.6,15.1,37.8,61.6,6.7,10.8,7.3,74.7,81.4,20.0,51.7,9.4,20.9,47.0,22.9,14.4,38.6,26.1,26.2,23.2,27.4,7.9,34.0,19.8,12.4,13.3,39.4,34.8,67.8,21.1,18.1,40.4,17.3,5.8,13.0,37.3,4.2,20.6,7.8
13163,17.5,26.2,13.5,42.4,64.4,5.8,11.5,6.8,78.1,83.0,19.4,55.6,8.6,20.3,44.8,20.7,15.5,37.9,30.3,29.7,26.8,27.9,6.5,34.2,23.7,12.6,15.0,43.4,35.3,74.8,20.7,18.5,41.3,16.5,6.1,16.1,44.6,4.6,24.6,8.1
13165,18.6,27.1,14.1,42.7,64.4,6.1,11.2,7.5,77.1,81.7,20.2,52.8,9.7,22.3,44.2,20.8,16.3,38.9,29.1,31.0,29.1,29.5,7.4,34.3,23.7,13.2,15.8,40.7,36.6,70.2,21.2,19.3,42.6,17.5,6.6,16.8,43.6,4.8,23.7,8.8
13167,17.9,26.5,15.1,43.0,63.6,6.3,10.6,7.5,76.2,81.3,19.7,53.1,9.2,21.9,45.7,20.9,15.3,38.6,29.4,27.0,24.1,28.0,7.6,34.4,20.7,12.1,13.8,41.1,34.1,71.7,20.5,17.9,43.5,16.9,5.9,14.3,39.6,4.5,29.3,7.7
13169,12.4,24.8,15.6,35.6,61.3,6.7,10.6,5.7,77.0,84.9,16.0,59.3,6.7,16.1,56.3,21.7,12.0,31.5,24.9,17.9,14.9,20.5,6.2,33.3,15.4,9.3,9.7,38.6,28.6,76.9,19.2,13.7,39.4,14.2,4.0,10.0,37.8,3.5,12.3,5.3
13171,12.9,24.2,15.8,36.2,61.8,6.7,10.7,5.9,77.2,84.9,16.2,59.4,6.8,16.2,55.1,21.3,12.1,31.1,25.2,18.4,15.2,20.8,6.3,33.5,15.7,9.5,10.1,38.0,28.0,75.2,19.2,13.8,37.1,14.1,4.2,10.2,39.9,3.5,12.1,5.5
13173,16.6,25.8,15.0,39.4,62.9,6.7,10.8,7.1,76.3,82.5,18.8,54.4,8.9,19.9,47.4,22.3,14.6,36.4,25.3,24.9,22.8,26.0,7.5,34.8,19.4,11.9,13.1,38.6,33.2,70.2,20.4,17.1,40.9,16.5,5.6,13.5,39.6,4.2,34.4,7.5
13175,14.8,26.2,15.5,40.8,63.6,6.4,11.2,6.5,78.0,83.8,18.0,57.2,8.0,18.6,51.2,21.2,13.9,33.2,26.9,24.5,22.5,24.9,6.5,32.5,19.6,11.2,12.8,42.6,32.8,75.8,20.1,16.0,44.1,15.3,5.2,13.4,41.6,4.1,19.1,6.9
13177,10.8,22.8,15.8,34.7,60.6,6.8,10.0,5.1,77.3,86.5,13.7,59.4,5.4,12.9,61.0,20.4,10.7,27.3,23.5,14.0,10.6,17.0,5.6,33.2,12.7,7.6,8.0,37.2,23.0,77.1,17.2,11.4,38.6,12.1,3.3,8.0,36.4,2.9,14.2,4.3
13179,14.8,24.3,14.9,39.1,63.4,5.8,10.3,5.8,78.7,85.4,15.7,58.3,6.2,15.4,53.7,18.9,13.9,31.9,27.4,21.6,17.6,22.3,5.8,33.9,18.9,9.5,11.4,38.5,29.8,78.1,18.2,14.7,33.9,13.9,4.6,12.3,39.2,3.8,18.1,6.2
13181,14.1,25.7,15.2,37.9,62.4,6.7,11.0,6.5,76.9,83.6,17.8,60.9,8.0,18.6,57.1,22.2,13.2,34.0,25.7,21.9,19.5,23.6,6.9,34.1,17.7,10.9,11.7,38.5,30.2,73.6,20.3,15.6,38.0,15.4,4.9,12.1,39.1,3.9,16.1,6.4
13183,16.3,24.0,15.3,37.5,61.6,6.3,10.5,6.0,76.9,84.1,17.1,58.9,7.0,16.8,53.5,20.8,13.0,32.9,27.0,21.1,17.1,22.6,6.5,33.3,18.0,9.9,11.1,39.9,30.3,72.7,19.2,14.7,37.9,14.8,4.5,11.2,40.9,3.6,13.1,6.2
13185,14.4,24.7,14.2,37.3,63.8,6.4,10.7,6.1,78.1,84.7,16.7,56.9,7.1,16.2,55.5,20.3,13.4,33.8,25.6,22.0,19.1,22.7,6.3,32.8,18.4,10.2,11.6,37.9,29.9,69.7,19.0,15.2,40.2,14.7,4.7,12.3,40.8,3.8,16.8,6.3
13187,12.1,24.2,17.2,32.9,58.9,7.6,10.0,5.8,76.0,84.6,15.5,59.8,6.7,15.4,59.6,22.9,10.8,29.4,21.4,14.1,11.1,19.0,6.8,33.6,11.8,8.7,8.1,35.7,25.2,70.8,18.6,12.4,31.0,13.8,3.6,7.6,36.7,3.1,13.5,4.8
13189,14.8,25.6,14.5,39.4,63.4,6.4,11.1,6.2,77.6,84.3,17.7,60.5,7.7,17.8,54.5,21.4,13.8,34.4,27.1,24.0,21.1,24.0,6.4,32.9,19.5,10.9,12.4,40.1,30.8,73.2,20.0,16.0,39.1,15.2,5.0,13.2,40.3,3.9,16.7,6.7
13191,16.1,26.5,14.8,40.4,62.8,6.5,11.5,7.1,76.9,82.7,19.4,55.5,9.0,20.2,53.2,22.5,14.5,36.1,26.7,25.7,23.9,26.9,7.3,34.6,20.1,12.3,13.6,39.9,33.5,72.8,20.8,17.4,40.9,16.6,5.8,14.1,38.8,4.3,25.0,7.6
13193,20.6,26.8,12.8,45.9,65.7,5.5,11.1,7.9,78.2,81.5,20.5,52.3,9.8,23.2,38.0,18.5,18.5,40.9,31.8,36.2,34.5,32.4,7.2,33.5,27.7,14.0,18.3,41.8,40.2,72.2,20.6,21.1,43.9,17.9,7.7,20.1,47.8,5.4,37.2,10.1
13195,15.5,25.1,16.2,35.6,60.9,7.1,10.5,6.5,75.5,82.8,17.8,55.5,8.1,18.2,53.3,23.1,12.4,33.6,24.3,19.8,16.8,23.2,7.2,34.3,15.5,10.6,10.5,39.5,30.5,70.1,20.0,15.0,37.8,15.5,4.6,10.1,38.9,3.6,16.1,6.2
13197,17.4,25.7,14.8,38.8,62.4,6.4,11.0,6.7,76.4,83.0,18.7,56.2,8.2,18.9,49.6,21.9,14.3,35.5,27.2,24.8,21.2,25.5,7.0,34.7,19.6,11.4,12.7,39.5,32.2,71.7,20.2,16.6,38.5,16.0,5.3,12.8,40.1,4.1,24.8,7.2
13199,15.5,25.1,14.6,38.7,63.0,6.3,11.2,6.4,76.8,83.4,18.2,56.0,8.0,19.0,51.3,21.6,14.0,34.6,27.5,24.3,21.6,24.7,6.6,33.0,19.7,11.3,12.6,39.3,32.9,75.8,20.4,16.2,41.3,15.6,5.2,13.2,42.8,4.0,20.6,6.9
13201,15.0,26.6,14.7,38.8,62.8,6.7,11.3,6.7,77.2,83.5,18.3,56.6,8.4,18.7,48.4,22.9,13.9,34.4,25.3,23.5,21.6,24.7,7.1,34.4,18.7,11.5,12.5,38.8,32.0,72.0,20.5,16.3,42.4,16.0,5.3,13.0,40.0,4.0,19.8,6.9
13205,16.5,25.2,14.0,42.8,64.6,6.1,11.2,6.8,77.9,83.5,18.5,55.1,8.4,19.6,47.1,20.8,15.6,36.2,28.5,28.0,25.7,26.8,6.7,33.6,22.3,12.0,14.4,40.9,33.5,69.1,20.5,17.6,45.1,16.2,5.9,15.7,44.7,4.5,25.2,7.8
13207,11.7,23.5,16.5,34.4,60.6,6.9,10.2,5.4,76.8,85.3,14.8,63.2,6.0,14.4,57.4,20.8,10.9,28.7,23.9,15.4,11.9,18.5,6.0,33.4,13.4,8.3,8.5,37.3,24.7,76.5,18.1,12.2,34.7,12.9,3.5,8.4,36.9,3.1,15.7,4.7
13209,15.3,25.6,15.3,38.8,61.8,6.6,10.5,6.5,77.0,83.7,17.2,55.9,7.7,17.7,48.3,21.7,13.5,34.0,25.8,21.8,18.6,23.4,6.9,34.3,17.6,10.4,11.4,38.8,30.7,71.6,19.4,15.5,40.0,15.1,4.8,11.8,40.4,3.8,23.7,6.4
13211,11.2,22.4,17.8,33.7,60.2,7.0,10.0,5.0,76.2,86.0,14.0,60.7,5.5,13.3,64.2,20.8,10.1,27.0,23.5,13.3,9.8,16.9,5.6,33.3,11.9,7.5,7.5,37.7,23.2,78.8,17.7,11.1,31.6,12.3,3.1,7.3,37.7,2.8,14.6,4.2
13213,17.1,24.2,16.8,33.6,58.6,7.1,10.2,6.1,74.3,83.2,17.3,56.0,7.4,17.0,54.7,22.9,11.6,32.6,24.0,17.6,13.3,22.0,7.1,34.2,14.4,9.7,9.3,38.1,28.4,72.2,19.3,13.8,41.2,15.1,4.1,8.5,36.1,3.3,17.9,5.6
13215,14.3,24.7,14.2,39.4,65.7,5.9,11.0,5.8,78.6,85.7,15.8,57.8,6.6,15.4,54.6,19.8,14.1,31.6,27.4,22.4,19.4,23.3,5.8,32.9,19.0,10.0,12.1,38.7,29.4,75.7,19.1,14.8,40.4,13.9,4.8,13.0,44.2,3.9,19.4,6.5
13217,13.5,23.8,14.5,38.7,63.3,6.0,11.0,5.5,79.1,86.0,15.6,60.3,6.1,14.9,56.4,18.9,13.3,31.3,27.4,21.4,17.5,21.3,5.5,33.2,18.8,9.4,11.2,39.8,30.0,75.2,18.6,14.3,42.3,13.6,4.4,12.2,41.2,3.6,13.5,5.8
13219,8.1,20.8,18.5,28.7,58.4,7.5,9.0,4.3,77.2,87.9,11.1,65.4,4.1,9.4,69.7,20.6,8.3,22.0,19.9,7.9,5.1,12.4,5.1,32.3,7.7,5.5,5.1,33.8,17.3,79.1,15.1,8.3,28.5,10.1,2.2,4.6,29.3,2.2,7.9,3.0
13221,13.5,24.1,16.6,34.3,60.1,7.0,10.2,5.7,76.2,84.5,15.9,61.5,6.6,15.4,56.9,21.8,11.4,30.5,24.2,16.5,13.0,20.4,6.3,34.1,13.9,9.0,9.0,37.0,26.8,69.9,18.7,13.1,36.0,13.9,3.8,8.8,38.3,3.2,22.3,5.2
13223,11.8,22.4,16.1,33.9,61.3,6.7,10.0,4.9,77.2,86.7,13.9,63.6,5.2,12.4,60.1,20.5,10.9,26.4,24.1,14.4,10.3,17.2,5.5,33.7,13.3,7.6,8.0,35.8,22.8,73.3,17.3,11.2,37.7,12.4,3.2,8.0,41.7,2.9,14.2,4.3
13225,14.4,24.2,14.5,38.1,63.2,6.2,10.7,5.7,78.6,85.8,15.8,58.8,6.4,15.2,55.3,20.0,13.4,31.4,26.3,21.4,17.5,21.8,5.8,34.3,18.9,9.6,11.4,37.7,29.0,75.9,18.6,14.2,40.4,14.0,4.5,12.1,41.5,3.6,18.1,6.0
13227,12.1,23.8,17.7,33.5,58.5,7.5,10.1,5.7,75.4,84.4,15.5,59.7,6.7,15.4,62.5,23.3,10.3,29.6,21.4,13.8,10.6,18.3,6.7,33.9,11.6,8.5,7.8,37.5,24.6,72.8,19.1,12.3,34.7,13.7,3.5,7.3,34.3,3.0,15.9,4.6
13229,14.5,25.6,16.4,35.4,60.4,7.2,10.5,6.5,75.2,82.9,17.7,52.9,8.0,18.4,57.1,23.3,12.1,34.0,24.1,18.6,16.1,22.4,7.3,34.3,15.0,10.4,10.1,37.9,29.4,70.9,20.0,14.8,36.1,15.3,4.5,9.8,35.8,3.6,16.0,5.9
13231,11.4,23.6,17.5,32.9,59.4,7.2,10.1,5.4,75.8,84.9,15.2,60.2,6.2,14.9,62.5,22.4,10.2,28.9,22.9,13.5,10.3,17.8,6.2,33.5,11.8,8.3,7.7,36.8,24.4,76.6,18.6,11.9,35.5,13.2,3.3,7.3,34.4,3.0,10.2,4.4
13233,17.1,25.7,16.3,36.0,60.7,6.8,10.5,6.4,74.9,82.8,18.1,55.7,7.9,18.0,54.1,22.9,12.5,35.0,25.0,20.5,17.1,23.7,7.1,34.0,16.6,10.5,10.9,39.2,30.6,75.2,19.8,15.4,40.3,15.6,4.6,10.5,38.2,3.6,19.4,6.3
13235,15.7,26.3,14.2,38.2,63.1,6.5,11.8,6.5,77.9,83.8,19.0,55.3,8.5,19.4,51.1,23.1,13.8,35.8,26.9,25.8,23.5,25.9,6.9,33.9,21.0,12.1,13.3,40.4,32.5,73.4,21.4,17.0,41.1,16.4,5.4,13.9,41.9,4.1,19.3,7.2
13237,14.0,24.7,15.2,36.9,62.1,6.8,10.6,6.2,77.4,84.8,16.4,61.4,7.1,16.0,56.2,21.3,12.7,31.9,24.7,20.0,17.1,21.9,6.6,33.2,16.7,9.8,10.8,38.0,28.4,72.9,19.1,14.2,39.6,14.4,4.4,11.1,38.8,3.6,15.5,5.9
13239,16.8,26.6,13.3,42.6,65.0,6.1,11.6,7.0,78.3,83.2,19.7,58.8,8.9,20.9,51.4,21.0,16.0,37.7,29.6,30.4,28.6,28.3,6.9,33.8,24.2,12.9,15.5,41.1,35.3,76.8,21.3,18.5,43.3,16.8,6.2,17.0,42.8,4.6,18.3,8.3
13241,13.3,23.8,17.2,33.8,59.3,7.5,9.9,5.9,75.4,84.5,15.5,59.8,6.8,15.2,60.6,22.6,10.9,29.8,21.3,14.8,11.7,19.4,6.9,34.5,12.4,8.7,8.4,35.5,26.2,71.8,18.3,12.6,34.3,13.9,3.7,7.9,33.7,3.1,13.3,4.9
13243,17.8,28.7,12.0,45.9,66.9,5.7,12.3,7.9,79.6,82.7,21.0,54.0,10.3,22.6,38.8,21.5,18.9,41.1,29.8,37.3,38.1,32.2,7.1,34.1,28.9,15.2,19.3,40.7,39.5,71.4,22.1,22.0,46.5,18.3,8.1,22.2,45.2,5.5,34.1,10.5
13245,14.6,24.6,13.5,41.0,64.8,5.7,11.5,6.1,79.4,85.1,16.8,58.1,7.0,16.8,51.5,20.5,15.9,34.0,28.8,26.2,23.2,25.2,5.8,35.0,22.3,10.9,13.5,38.4,30.5,76.5,19.7,16.7,37.2,14.6,5.4,15.2,43.4,4.2,21.6,7.2
13247,14.3,23.7,13.4,39.8,64.5,5.5,11.1,5.5,79.3,86.6,15.3,62.0,5.9,14.2,56.0,18.1,14.7,31.0,28.1,23.5,19.9,21.9,5.3,32.8,20.8,9.5,12.5,39.2,29.4,80.7,18.0,14.6,38.9,13.5,4.7,13.8,42.7,3.8,18.2,6.4
13249,13.5,24.7,16.2,35.6,61.0,6.8,10.6,5.9,76.1,84.3,16.6,59.4,7.0,16.4,55.6,22.2,12.1,31.6,24.7,18.0,14.8,21.1,6.4,33.7,15.1,9.6,9.8,38.1,27.6,76.3,19.4,14.0,37.2,14.4,4.2,9.6,39.7,3.5,18.0,5.6
13251,15.0,25.6,14.4,39.9,63.7,6.3,11.1,6.4,77.8,83.8,17.9,57.2,7.9,18.5,50.7,21.0,14.1,34.2,27.1,24.3,21.6,24.5,6.6,33.8,19.8,11.1,12.6,39.7,31.2,73.8,20.3,16.2,39.7,15.6,5.2,13.3,42.9,4.1,22.0,6.9
13253,14.2,25.8,14.6,38.7,63.4,6.6,11.1,6.4,77.4,84.1,17.6,57.1,7.7,17.9,52.7,21.2,13.4,33.9,26.5,23.1,20.3,23.8,6.7,33.8,19.1,10.8,12.1,39.6,30.7,74.7,20.0,15.6,40.0,15.1,4.9,12.8,41.0,3.9,20.5,6.5
13255,15.4,24.6,14.6,38.8,63.2,6.4,10.9,6.2,77.0,84.2,17.4,58.1,7.5,17.4,51.9,20.7,13.6,33.7,26.7,23.4,20.0,23.6,6.4,33.5,19.3,10.6,12.0,39.8,30.1,74.2,19.5,15.6,39.9,14.8,4.8,12.6,42.2,3.8,16.5,6.5
13257,14.3,25.3,16.5,35.7,60.6,7.1,10.6,6.3,75.3,83.0,17.8,57.6,7.9,18.6,55.9,23.4,12.1,33.5,24.2,18.7,16.0,22.4,7.1,33.9,15.2,10.4,10.2,37.8,29.2,70.7,20.3,14.7,38.8,15.3,4.4,9.8,35.2,3.6,19.1,5.9
13259,26.7,25.8,13.9,43.8,63.6,5.4,10.1,7.7,75.6,80.7,19.6,54.5,9.2,21.3,43.2,17.2,18.4,39.4,31.1,34.5,30.0,32.0,7.4,34.9,26.1,12.8,17.1,39.4,39.2,74.1,18.8,20.2,42.0,17.5,7.3,17.6,44.2,5.2,24.2,10.1
13261,15.5,25.6,13.4,41.4,64.4,5.9,11.3,6.5,78.7,84.5,17.6,55.7,7.7,17.8,50.6,19.6,15.1,34.6,27.8,26.9,24.4,25.7,6.4,34.3,22.2,11.5,13.9,39.5,32.5,75.0,19.8,16.7,40.9,15.3,5.6,15.3,43.4,4.2,16.6,7.4
13263,16.4,26.0,13.4,42.6,64.9,5.8,11.6,6.8,78.4,83.9,18.8,57.7,8.3,19.5,48.1,20.4,16.0,36.4,29.5,29.4,27.2,27.2,6.4,33.5,23.7,12.3,15.0,41.2,34.5,73.6,20.6,17.9,43.3,16.2,6.0,16.4,42.5,4.6,24.1,8.0
13265,17.1,25.4,13.6,41.9,64.2,5.6,11.1,6.6,78.0,83.7,18.2,58.4,7.8,19.0,50.3,19.4,15.7,35.8,30.3,28.2,24.8,26.6,6.3,33.4,22.9,11.6,14.3,41.0,34.0,74.5,19.9,17.3,41.8,15.7,5.7,15.4,43.8,4.4,18.4,7.7
13267,18.9,26.2,15.3,41.0,63.1,6.5,10.4,7.3,76.1,81.8,18.9,56.1,8.9,20.5,48.7,20.3,15.0,36.6,27.5,26.4,23.6,27.2,7.5,35.5,20.7,11.7,13.7,38.7,34.4,73.3,19.9,17.3,40.8,16.6,5.8,14.0,42.6,4.3,25.7,7.8
13269,17.9,27.7,13.6,41.8,64.3,6.3,11.6,7.5,76.9,81.7,20.6,51.7,10.1,22.4,44.6,22.4,16.0,39.1,27.8,30.3,29.6,29.9,7.5,34.2,22.9,13.9,15.6,39.7,36.0,66.8,21.7,19.6,42.5,17.8,6.8,16.4,41.4,4.8,29.0,8.9
13271,23.4,26.7,14.2,42.8,63.9,6.0,10.7,8.1,75.5,80.4,20.9,50.5,10.2,22.9,43.5,20.4,17.6,41.2,29.6,33.6,31.1,32.1,8.2,35.3,25.1,13.9,16.8,40.5,39.0,68.7,21.0,20.5,42.9,18.4,7.3,17.6,43.3,5.0,31.2,9.9
13273,18.4,27.3,12.8,43.8,65.7,5.7,12.0,7.4,78.6,82.8,20.4,56.6,9.4,21.9,45.7,20.4,17.3,39.5,30.8,33.7,32.5,30.5,6.9,34.2,26.7,13.9,17.4,41.6,37.9,73.4,21.4,20.1,44.1,17.5,7.1,19.1,45.5,5.0,25.7,9.3
13275,13.4,24.8,14.8,37.9,63.6,6.4,10.9,6.0,78.3,85.0,16.3,58.7,7.0,16.3,56.0,20.7,13.1,31.7,25.0,20.8,18.2,22.1,6.2,34.0,17.5,10.0,11.1,37.5,27.5,75.6,18.8,14.5,39.3,14.2,4.6,11.7,40.1,3.7,21.6,6.1
13277,16.5,25.9,14.5,38.5,63.3,6.5,10.7,6.5,77.3,84.0,17.7,59.0,7.8,18.0,53.0,21.4,14.3,34.7,26.2,24.1,21.2,24.8,6.9,34.3,19.5,10.9,12.5,37.6,32.4,74.8,19.8,15.8,39.7,15.6,5.2,13.1,38.4,3.9,14.2,7.0
13279,17.1,26.2,14.6,37.9,62.5,6.6,10.8,6.5,76.8,83.4,18.2,59.6,8.0,17.9,54.2,21.4,13.6,35.0,26.0,23.6,20.6,25.0,6.9,34.3,18.9,11.1,12.3,39.0,32.0,71.4,19.9,16.3,40.9,15.8,5.1,12.5,40.4,3.9,24.7,7.0
13281,11.0,23.8,17.6,32.8,59.3,7.7,10.0,5.6,75.8,84.9,14.9,60.1,6.5,14.5,62.6,23.4,10.3,28.9,20.9,12.9,10.3,17.8,6.6,33.5,11.0,8.3,7.6,35.1,23.9,71.1,18.4,11.9,33.0,13.4,3.4,7.2,34.4,2.9,18.9,4.5
13283,18.9,27.2,14.3,41.0,63.5,6.5,11.4,7.8,76.2,80.7,21.2,54.2,10.5,23.3,46.1,22.5,16.1,40.6,28.5,30.3,29.3,30.3,7.9,35.5,22.5,13.9,15.4,40.2,36.9,68.0,21.8,19.7,41.6,18.4,6.7,15.9,40.6,4.8,27.5,8.9
13285,14.2,24.6,15.2,37.6,62.9,6.4,10.9,6.1,77.5,84.7,17.1,59.6,7.3,17.1,56.8,21.1,13.3,32.6,26.0,22.3,19.5,23.1,6.3,32.3,18.3,10.4,11.8,37.9,31.2,74.8,19.5,15.2,35.9,14.7,4.8,12.4,39.5,3.8,14.3,6.4
13287,17.6,27.3,13.7,41.2,64.0,6.3,11.5,7.2,77.3,82.5,20.0,56.5,9.4,21.1,47.2,21.7,15.6,38.4,28.2,29.5,27.9,28.3,7.2,34.8,22.9,13.1,15.2,40.8,36.2,72.1,21.3,18.9,44.9,17.2,6.3,16.1,43.2,4.6,23.7,8.4
13289,15.8,25.3,15.1,39.0,62.9,6.1,11.2,6.4,77.0,83.4,18.3,56.4,7.8,19.0,53.0,20.8,13.7,34.4,28.7,24.0,20.6,24.8,6.4,34.0,19.6,11.1,12.5,39.9,31.1,72.3,20.8,16.0,39.5,15.6,5.1,12.7,40.7,4.1,20.5,6.8
13291,12.0,24.4,17.6,32.6,58.6,7.6,9.9,5.7,75.2,84.4,15.5,59.6,6.6,15.3,58.9,23.4,10.2,30.2,21.9,13.5,10.4,18.6,6.7,33.3,11.3,8.5,7.7,36.4,24.9,72.6,18.7,12.3,34.8,13.8,3.5,7.2,37.0,3.0,10.5,4.6
13293,14.7,24.8,15.1,37.4,62.2,6.6,11.0,6.4,76.4,83.6,18.0,58.5,8.0,19.1,52.8,22.1,13.5,33.7,26.5,22.1,19.7,23.7,6.8,33.3,18.0,11.1,11.7,39.1,31.3,75.4,20.3,15.7,39.1,15.6,5.0,12.1,39.7,3.9,20.9,6.5
13295,13.2,25.5,16.9,34.5,59.9,7.4,10.3,6.0,75.3,83.6,16.6,56.4,7.4,17.0,52.9,22.6,11.1,31.4,22.6,15.8,12.9,20.4,7.0,34.0,13.0,9.5,8.8,36.6,28.4,76.0,19.4,13.4,37.8,14.6,3.9,8.3,40.8,3.3,14.0,5.2
13297,13.4,23.9,15.6,34.6,61.3,6.9,10.3,5.6,76.2,85.0,15.8,57.3,6.4,14.9,56.5,21.0,11.3,30.6,23.8,17.3,13.7,19.7,6.2,33.0,14.7,9.0,9.3,37.4,27.0,74.5,18.2,13.1,38.1,13.5,3.8,9.2,37.0,3.2,11.1,5.2
13299,16.8,25.7,14.9,40.0,63.1,6.5,10.9,7.0,77.1,82.5,19.2,55.0,8.8,20.0,49.5,22.5,14.7,36.4,26.4,25.5,23.8,26.8,7.3,34.4,20.1,12.1,13.3,39.2,35.6,73.1,20.8,17.4,41.5,16.8,5.6,13.8,39.0,4.2,27.6,7.5
13301,16.2,25.9,13.3,42.7,64.5,5.8,11.6,6.6,78.3,83.9,18.8,56.0,8.1,19.4,50.1,20.3,15.5,36.7,30.2,28.8,26.1,26.8,6.3,33.0,23.6,12.1,14.7,41.9,34.5,76.3,20.6,17.8,43.8,15.9,5.9,15.9,43.3,4.5,26.8,7.7
13303,16.3,25.9,14.1,42.8,65.0,5.8,11.1,6.8,78.3,83.5,18.4,55.5,8.3,19.6,50.1,20.0,15.9,36.1,29.2,28.5,26.0,27.2,6.5,34.1,22.8,11.9,14.6,41.3,33.5,74.3,20.0,17.6,43.0,15.9,5.9,15.9,43.1,4.5,22.5,7.9
13305,16.7,26.0,15.6,39.7,62.9,6.8,10.8,7.0,76.5,82.2,19.0,52.6,8.9,20.0,50.5,22.0,14.1,35.6,25.6,24.1,21.7,25.6,7.6,34.7,18.7,11.7,12.5,37.9,32.6,69.9,20.5,16.6,43.0,16.5,5.4,12.9,39.7,4.1,20.4,7.2
13307,15.7,26.4,13.9,41.4,64.3,6.2,11.5,7.0,78.1,83.6,18.8,54.7,8.6,19.6,48.8,21.3,15.5,36.3,27.8,27.6,25.7,26.7,6.9,33.9,22.2,12.2,14.4,39.8,33.4,72.0,20.7,17.7,42.5,16.3,6.0,15.7,42.5,4.5,24.5,7.8
13309,19.2,25.4,15.1,42.5,63.1,6.2,10.0,7.5,75.8,81.1,19.1,51.6,9.0,21.6,42.7,19.1,15.1,37.3,29.8,27.3,23.9,28.1,7.7,34.9,21.2,11.7,14.1,39.5,35.0,71.6,19.5,17.6,41.6,16.5,5.9,14.4,43.0,4.5,20.3,7.9
13311,12.3,23.5,17.5,33.0,58.8,7.4,10.0,5.7,74.8,84.3,15.7,59.8,6.6,15.4,61.8,22.6,10.1,29.0,22.3,13.6,10.4,18.4,6.6,33.5,11.6,8.6,7.8,36.1,24.5,72.1,18.6,12.0,35.2,13.5,3.4,7.1,34.2,3.0,9.2,4.5
13313,22.7,23.2,15.7,33.5,59.9,6.6,9.6,6.2,75.3,83.5,17.0,55.5,6.9,15.8,51.3,20.5,13.0,32.2,24.6,21.4,15.3,23.8,6.9,35.5,17.3,9.6,10.7,36.8,31.4,73.4,18.2,14.5,38.1,15.2,4.4,9.8,38.9,3.3,16.5,6.5
13315,18.1,25.4,15.1,42.3,63.2,6.3,10.3,7.3,76.3,81.6,18.7,54.6,8.9,20.9,51.1,19.8,15.2,36.7,28.9,26.0,23.2,27.1,7.5,34.5,20.6,11.6,13.7,38.9,33.5,72.1,19.6,17.3,43.0,16.2,5.8,14.2,42.4,4.4,17.6,7.6
13317,16.2,25.3,14.2,39.5,63.1,6.1,11.0,6.4,77.4,83.7,18.1,57.6,7.8,18.6,50.5,20.7,14.4,34.9,27.7,25.1,22.0,25.3,6.5,34.3,20.3,11.2,12.9,39.9,32.9,73.7,19.9,16.4,40.9,15.6,5.3,13.5,41.2,4.1,22.0,7.1
13319,14.8,25.7,14.5,39.6,63.2,6.3,11.1,6.4,77.4,83.8,17.9,58.7,7.8,18.6,48.8,21.4,14.1,35.3,27.0,23.9,21.6,24.3,6.6,33.9,19.7,11.1,12.5,39.3,32.1,74.5,20.2,16.4,41.1,15.4,5.1,13.4,44.4,4.1,22.2,6.8
13321,14.9,26.1,15.0,38.6,62.4,6.7,11.0,6.5,76.7,83.3,18.5,58.1,8.2,19.3,53.9,22.9,13.6,35.5,26.7,23.2,20.7,24.7,6.9,33.7,18.5,11.3,12.1,40.0,32.0,72.1,20.8,16.2,38.8,15.9,5.0,12.6,38.1,4.0,21.4,6.7
15001,7.0,21.4,20.8,24.8,52.6,5.9,11.4,5.4,71.2,77.6,16.0,53.3,5.6,15.0,62.6,21.7,9.6,30.1,30.9,21.7,18.3,19.3,6.6,27.4,14.9,8.6,10.8,33.0,20.7,69.8,17.7,11.7,27.5,13.5,3.8,8.7,39.9,3.3,10.3,5.6
15003,5.3,18.8,19.2,27.9,56.9,5.0,9.7,4.6,76.2,80.7,12.7,57.9,4.1,10.3,69.1,15.9,10.5,26.5,31.2,17.7,11.6,17.2,5.6,31.0,11.6,6.6,7.4,33.3,22.4,79.5,15.3,11.0,26.0,11.0,2.8,5.9,49.5,2.9,7.9,4.7
15005,11.8,20.3,16.0,29.0,49.5,4.8,8.6,6.6,60.2,67.4,13.0,52.6,5.7,14.1,51.1,14.2,12.9,27.6,23.6,22.6,20.7,21.4,6.8,26.8,17.6,8.1,10.4,25.7,22.5,78.7,13.7,13.9,33.0,13.1,4.8,10.8,41.8,3.9,9.0,6.6
15007,6.7,20.9,19.9,27.0,51.9,5.6,10.4,5.0,71.2,78.9,14.0,58.0,4.8,12.4,67.7,17.9,9.3,25.0,28.2,17.9,13.8,16.6,5.6,29.4,12.0,7.2,8.6,31.7,19.5,73.4,16.5,10.3,24.1,12.0,3.1,7.3,43.9,3.0,9.7,4.8
15009,6.7,19.6,21.3,25.4,51.3,5.9,10.5,5.0,70.4,80.1,13.6,53.1,4.8,13.4,64.5,16.9,9.6,26.6,29.7,18.3,14.2,16.6,5.9,28.5,12.5,7.3,8.8,34.1,19.1,76.6,16.6,11.5,26.2,11.8,3.2,6.8,42.6,3.0,9.7,4.8
16001,8.7,23.4,18.2,28.8,49.5,7.2,10.3,4.8,75.1,81.8,14.5,60.9,4.8,10.5,71.7,25.5,8.0,30.6,18.3,10.2,6.6,14.5,7.6,29.1,9.1,7.0,6.3,28.8,17.9,74.4,15.8,11.2,28.9,11.8,2.7,5.7,30.6,2.5,17.7,3.7
16003,10.9,24.8,16.5,30.0,51.8,7.2,11.0,6.0,70.8,77.7,17.8,54.6,7.0,14.8,62.2,24.0,9.3,34.7,20.5,14.7,11.2,18.6,9.1,27.8,11.7,9.1,8.6,29.6,25.1,64.6,17.9,14.1,33.9,13.9,3.8,8.2,33.0,3.2,14.2,5.1
16005,10.2,24.4,15.6,29.8,52.7,7.1,11.2,5.5,73.6,78.7,16.8,53.6,6.2,13.3,64.4,25.2,9.1,36.0,20.8,14.7,10.2,18.3,8.9,28.7,11.6,8.5,8.3,31.4,21.7,69.9,17.3,13.9,33.4,14.0,3.5,8.0,36.9,3.0,12.0,4.8
16007,9.9,23.9,15.9,28.2,51.5,7.2,11.0,5.6,71.1,78.1,17.2,54.9,6.4,13.8,66.9,23.7,9.0,33.6,20.1,13.3,9.5,17.3,8.6,28.7,11.0,8.6,7.7,29.6,23.0,72.4,17.7,13.4,31.2,13.6,3.4,7.4,34.2,3.0,15.4,4.6
16009,12.2,25.5,16.5,30.3,51.8,7.1,11.8,6.4,70.4,76.0,19.3,50.1,7.9,17.1,60.6,24.2,10.0,38.4,21.8,18.2,13.8,21.2,9.8,28.5,13.8,10.4,10.1,31.2,27.3,65.8,18.9,15.7,36.0,15.1,4.3,9.3,35.4,3.5,20.7,5.9
16011,12.6,24.7,14.7,30.7,51.5,6.9,11.1,5.7,72.2,78.0,17.8,55.8,6.4,14.3,63.9,23.5,10.1,37.3,21.6,16.0,10.8,19.2,9.0,28.1,13.2,8.8,8.9,31.1,24.0,65.5,17.7,14.4,39.2,14.1,3.7,8.4,33.9,3.1,10.7,5.3
16013,11.4,20.5,17.2,24.7,50.3,7.1,10.0,4.7,72.0,81.4,14.0,59.6,4.7,9.8,71.4,20.1,7.7,28.3,19.3,11.2,6.7,14.6,7.4,28.0,10.0,6.5,6.5,27.7,18.8,72.1,14.7,10.6,23.1,11.4,2.7,5.9,27.9,2.5,8.1,4.0
16015,8.7,23.7,17.1,28.1,50.2,7.4,10.8,5.2,71.9,80.4,15.6,57.2,5.5,11.9,66.1,23.7,8.2,31.6,20.5,11.2,7.5,15.5,8.0,29.0,9.7,7.4,6.8,29.6,20.3,64.8,16.3,12.0,31.3,12.2,2.9,6.3,32.6,2.7,11.4,4.0
16017,9.6,23.1,17.3,28.2,50.1,7.4,10.9,5.6,70.1,78.8,16.5,52.0,6.2,13.2,64.6,23.3,8.4,32.3,19.7,12.2,9.2,16.9,8.3,28.4,10.3,8.2,7.5,28.8,21.1,67.6,16.9,12.7,31.8,12.9,3.3,6.9,30.6,2.9,17.7,4.5
16019,10.7,24.0,15.5,28.7,51.6,7.1,10.7,5.3,74.0,80.6,16.4,60.7,5.7,11.6,67.6,25.5,8.9,32.1,20.2,12.8,8.8,16.9,8.2,29.8,11.0,7.8,7.6,30.0,21.2,67.5,16.8,12.6,33.5,12.3,3.2,6.9,36.8,2.8,21.0,4.5
16021,12.0,25.4,16.2,28.8,52.3,7.1,11.4,6.0,70.7,77.1,18.8,53.2,7.2,15.2,63.8,23.6,9.4,37.0,21.0,16.0,11.8,19.4,9.2,28.5,12.4,9.6,9.0,32.0,23.9,63.5,18.0,14.9,33.2,14.5,4.0,8.6,32.3,3.3,19.1,5.4
16023,13.9,26.9,15.9,31.8,52.7,7.1,11.8,7.1,70.3,75.3,21.1,53.5,9.0,18.1,59.5,26.1,11.1,40.9,21.9,20.4,17.1,23.3,10.4,29.8,15.2,11.6,11.3,31.1,27.4,63.2,19.9,17.4,35.7,16.4,5.1,10.8,34.7,3.8,14.2,6.8
16025,10.9,23.0,17.3,27.7,50.2,7.2,10.7,5.3,71.0,79.3,16.2,55.3,5.8,12.5,66.7,23.0,8.4,32.0,21.0,12.5,8.3,16.6,8.2,28.2,10.6,7.9,7.5,30.2,21.3,70.5,16.7,12.4,29.3,12.7,3.2,6.7,32.8,2.8,10.9,4.3
16027,13.7,23.7,15.4,29.5,50.4,7.1,10.8,5.4,71.6,79.9,17.7,54.5,6.2,12.6,62.5,23.3,10.5,36.9,20.4,15.0,10.2,19.2,8.9,30.8,12.2,8.5,8.5,29.2,24.9,60.7,16.9,14.5,35.5,13.9,3.6,8.0,35.5,3.0,12.9,5.3
16029,10.2,23.9,16.3,28.3,51.0,7.3,10.8,5.4,70.9,78.3,16.9,53.2,6.2,13.8,66.6,23.0,8.7,33.8,21.1,12.7,8.8,17.4,8.5,28.4,10.9,8.3,7.6,30.9,22.8,66.1,17.6,13.1,34.8,13.3,3.3,7.0,33.4,2.9,17.9,4.5
16031,16.0,23.3,15.1,30.5,52.1,6.7,10.6,5.8,70.4,78.0,17.7,51.6,6.4,13.4,61.2,22.4,10.2,35.8,22.4,17.6,11.8,20.7,8.9,29.4,14.3,8.9,9.4,30.3,26.4,66.0,17.1,15.0,37.9,14.3,3.9,8.7,34.9,3.1,13.4,5.8
16033,20.0,23.4,14.6,31.0,52.3,6.3,10.6,6.3,71.1,77.1,19.1,50.4,6.8,14.3,57.1,21.7,11.5,38.3,23.0,21.9,15.2,23.8,9.5,29.4,17.2,9.9,11.2,31.5,29.0,67.4,17.1,16.5,36.7,15.3,4.6,10.5,35.0,3.4,20.0,7.0
16035,11.0,25.1,18.1,29.1,51.0,7.2,10.7,5.8,71.1,77.5,17.4,51.3,6.7,14.7,62.6,22.9,9.2,34.7,21.3,14.5,10.4,18.3,9.1,28.4,11.8,8.7,8.3,28.8,22.6,66.0,17.5,13.8,31.8,14.0,3.6,7.9,36.3,3.1,20.8,4.9
16037,9.8,23.9,17.3,29.5,51.3,7.4,10.9,5.7,71.7,78.7,16.7,53.4,6.4,13.3,65.3,23.3,9.0,32.3,19.9,13.0,9.6,17.1,8.6,30.1,10.7,8.3,7.8,29.3,21.4,70.1,17.3,12.8,31.4,13.4,3.4,7.4,31.9,3.0,16.5,4.6
16039,13.6,24.3,15.3,31.3,51.5,6.8,10.7,5.9,70.1,77.7,17.9,53.3,6.8,14.6,59.5,22.8,10.2,36.9,22.4,16.8,11.9,20.0,9.0,29.3,13.4,9.2,9.3,32.4,24.6,67.8,17.5,15.0,35.1,14.2,4.0,8.8,37.6,3.2,18.9,5.6
16041,10.3,23.7,15.7,28.7,50.8,7.2,10.7,5.4,70.6,78.4,16.5,51.9,6.1,13.2,61.7,23.3,8.5,33.1,20.6,12.7,8.8,17.1,8.3,27.3,10.8,8.1,7.4,31.6,22.1,65.0,17.3,13.0,35.9,13.1,3.2,7.0,34.0,2.9,12.0,4.4
16043,11.6,23.8,16.7,27.5,51.6,7.1,10.5,5.5,71.2,78.7,16.5,54.6,6.1,13.2,65.1,22.8,9.0,34.2,21.1,13.7,9.1,17.5,8.6,27.9,11.4,8.2,7.8,30.2,22.7,62.2,17.1,13.2,32.7,13.2,3.4,7.3,33.0,2.9,14.2,4.7
16045,11.3,23.7,16.0,28.3,50.7,7.2,10.9,5.3,71.9,78.6,16.7,54.1,6.0,13.3,65.8,23.4,8.7,33.1,20.5,13.2,8.9,17.4,8.4,27.7,11.0,8.2,7.7,29.2,22.7,68.3,17.2,12.8,33.0,13.4,3.3,6.9,32.8,2.9,12.5,4.5
16047,18.5,23.9,15.4,30.6,51.9,6.7,10.7,6.4,71.0,76.7,19.5,52.5,7.4,15.4,56.9,21.7,11.0,38.0,22.6,20.0,14.6,23.0,9.5,28.6,16.0,10.2,10.9,31.0,28.7,66.1,17.8,16.2,34.5,15.5,4.6,10.0,33.8,3.5,21.7,6.8
16049,10.5,23.4,16.5,28.3,49.4,7.2,10.9,5.7,69.9,77.5,17.2,52.1,6.5,14.0,58.6,23.2,8.8,33.4,21.0,13.6,9.7,17.9,9.0,26.8,11.4,8.4,8.1,31.0,22.4,63.6,17.5,13.4,32.1,13.5,3.5,7.5,30.8,3.1,14.9,4.7
16051,10.4,22.4,15.3,27.7,50.5,7.2,10.7,5.3,71.5,79.6,15.9,56.1,5.8,12.2,64.9,22.6,8.7,30.9,19.5,12.0,8.3,15.9,8.1,29.6,10.5,7.7,7.3,28.9,21.4,71.1,16.5,12.2,33.0,12.6,3.2,6.8,33.7,2.8,14.5,4.3
16053,20.9,23.8,14.4,31.3,52.2,6.5,10.7,6.5,70.8,76.6,19.8,50.6,7.4,15.7,57.7,21.8,11.7,39.1,24.4,22.4,15.5,24.4,9.7,30.2,17.6,10.4,11.4,32.1,29.9,67.4,17.6,17.1,35.8,15.8,4.8,10.5,34.6,3.5,23.4,7.2
16055,9.2,24.3,18.5,25.5,50.1,7.4,10.8,5.2,70.7,79.9,15.7,54.8,6.0,12.3,66.8,24.9,8.0,32.2,20.6,11.7,8.4,16.1,8.1,28.1,10.0,7.8,7.2,30.2,18.4,62.7,17.5,12.5,31.5,13.3,3.2,6.6,34.5,2.8,19.1,4.3
16057,8.4,24.6,17.5,30.2,52.6,7.6,10.7,5.4,72.8,79.5,15.3,55.8,5.8,11.6,69.4,23.1,8.4,30.7,20.0,11.8,8.5,16.1,8.1,28.2,10.0,7.8,7.3,28.8,19.0,75.4,16.6,12.5,31.6,12.6,3.2,7.0,29.5,2.9,10.3,4.3
16059,10.1,25.2,17.2,29.1,50.9,7.3,11.2,5.6,70.5,78.2,17.1,56.2,6.4,14.3,63.4,24.6,8.6,33.5,21.2,13.3,9.7,17.0,8.6,29.2,11.0,8.5,7.7,31.2,23.2,67.8,17.9,13.3,30.6,13.5,3.4,7.4,34.0,3.0,14.6,4.6
16061,11.4,26.2,15.3,32.2,53.1,7.1,11.7,6.5,71.3,77.0,19.2,54.5,7.8,16.5,58.6,24.5,10.5,37.3,21.8,17.9,14.2,21.0,9.7,30.0,13.6,10.3,10.1,31.3,26.7,67.8,18.8,15.8,35.5,15.1,4.4,9.7,36.4,3.5,18.0,5.9
16063,17.7,23.3,15.6,29.8,51.1,6.6,10.5,6.0,70.8,77.4,18.3,51.2,6.5,14.3,58.3,22.0,10.4,36.8,23.0,18.4,12.0,21.6,9.2,28.9,15.0,9.2,9.8,32.2,27.5,60.5,17.3,14.9,34.2,14.7,4.0,9.0,33.4,3.2,22.8,6.0
16065,11.5,25.6,12.9,31.3,52.9,7.3,11.5,6.6,73.2,77.4,18.8,51.4,7.9,15.4,59.0,24.2,10.7,36.4,19.9,17.5,14.7,20.4,9.7,30.2,13.5,10.3,10.0,28.9,25.0,64.9,18.3,15.9,34.0,15.2,4.6,10.1,36.7,3.6,21.6,6.1
16067,18.5,22.8,15.1,31.2,52.2,6.4,10.3,5.9,69.8,77.5,18.4,50.7,6.4,13.8,57.6,21.3,11.0,37.0,23.4,19.5,12.9,21.7,9.1,29.6,15.4,9.2,10.1,31.7,28.3,66.4,17.3,15.4,36.7,14.8,4.2,9.3,34.0,3.2,20.1,6.3
16069,9.9,24.8,18.4,30.4,52.5,7.4,11.6,5.6,73.1,79.2,17.3,59.1,6.5,14.1,66.3,25.2,8.8,36.5,19.4,14.0,10.0,17.2,8.8,27.8,11.3,8.7,8.2,31.6,23.7,71.3,17.8,14.0,38.1,13.6,3.5,7.7,35.7,3.0,15.7,4.8
16071,9.3,23.7,16.4,28.0,50.2,7.2,10.7,5.3,71.1,79.2,16.2,56.5,5.9,12.9,67.1,23.4,8.4,32.9,19.9,11.9,8.3,16.3,8.1,29.5,10.0,8.0,7.2,30.5,21.2,64.7,17.3,12.3,32.2,12.7,3.1,6.7,33.1,2.8,7.6,4.2
16073,18.1,25.2,15.3,31.2,51.5,6.5,11.1,6.5,70.2,75.9,20.2,49.4,7.8,16.7,60.0,23.1,11.1,39.2,23.7,21.5,15.4,23.7,9.8,29.4,16.4,10.6,11.1,31.3,29.4,61.1,18.4,17.0,33.5,15.9,4.7,10.2,36.2,3.6,17.0,6.9
16075,14.2,23.6,15.9,30.4,52.6,7.0,11.0,5.9,70.5,77.3,18.2,54.8,6.9,14.6,60.5,23.5,9.6,34.9,20.9,16.7,12.1,19.9,9.1,28.8,13.4,9.3,9.2,28.5,25.4,65.1,17.8,14.6,31.5,14.3,4.0,8.7,30.9,3.2,13.5,5.6
16077,17.5,23.8,14.9,30.4,51.4,6.6,10.6,6.1,71.1,77.4,18.2,51.3,6.9,14.3,58.1,21.8,10.6,36.4,21.7,19.2,13.4,21.8,9.3,29.6,15.3,9.4,10.3,30.4,27.4,64.3,17.3,15.4,38.0,14.9,4.3,9.7,34.4,3.3,23.4,6.4
16079,11.9,27.0,17.0,30.5,51.0,7.1,11.5,6.2,71.3,76.4,19.8,50.0,7.8,16.3,54.6,24.5,10.2,39.7,22.7,17.1,13.3,20.8,9.7,30.6,13.3,10.2,9.6,31.3,26.1,64.4,19.3,15.8,35.9,15.3,4.2,9.0,37.0,3.4,23.5,5.6
16081,10.0,22.3,17.0,27.0,51.2,7.3,9.9,4.8,72.8,81.3,13.9,54.7,4.8,10.1,69.3,21.0,8.0,28.5,18.5,10.5,6.7,14.4,7.6,28.3,9.3,6.6,6.4,27.4,18.5,73.0,14.7,10.8,30.8,11.2,2.8,5.9,30.2,2.5,6.8,3.9
16083,13.2,24.6,15.4,28.4,51.0,7.0,11.1,5.6,71.0,78.7,17.2,55.8,6.5,13.6,63.2,24.2,9.9,33.7,21.3,15.3,11.0,19.3,8.6,25.9,12.7,8.9,8.6,30.8,27.1,67.4,17.3,14.6,33.5,13.7,3.7,8.1,34.2,3.1,19.2,5.2
16085,9.7,24.0,17.2,29.8,52.1,7.4,10.9,5.7,71.6,79.2,16.3,57.9,6.3,13.3,63.2,23.3,9.2,34.0,19.7,13.0,9.7,17.5,8.7,28.3,10.8,8.2,7.8,28.6,22.6,69.1,16.9,13.2,33.3,13.1,3.5,7.4,33.8,3.0,12.4,4.6
16087,14.1,25.5,15.9,30.2,52.0,7.0,11.3,6.4,71.1,77.0,19.2,52.5,7.5,16.0,60.2,23.7,10.7,38.5,22.1,18.5,14.4,21.5,9.6,28.8,14.5,10.1,10.2,30.0,26.9,64.6,18.5,15.8,33.8,15.3,4.4,9.9,34.0,3.5,19.3,6.3
17001,7.6,23.7,20.8,31.6,56.4,7.4,10.5,5.4,75.7,84.6,14.3,57.8,6.6,15.0,60.9,23.8,9.6,28.3,24.0,13.8,13.6,17.4,6.2,31.7,11.6,8.1,7.6,33.8,22.6,73.0,18.3,11.7,38.2,12.4,3.2,7.7,38.3,2.9,11.9,4.2
17003,11.1,26.4,17.2,38.7,60.9,6.4,11.9,6.8,77.2,82.6,18.2,53.9,9.1,20.2,49.8,23.2,13.8,35.9,29.8,26.6,29.1,25.9,6.8,32.0,21.0,11.8,13.4,37.3,30.4,69.9,21.0,17.1,45.3,15.6,5.5,14.8,42.6,4.2,19.1,7.1
17005,9.2,24.1,20.0,32.8,57.4,7.2,10.5,5.8,75.6,83.9,15.0,56.8,7.1,15.9,54.0,23.4,10.3,29.7,26.1,16.0,15.4,19.3,6.5,31.8,13.4,8.6,8.6,35.0,23.7,74.0,18.7,12.6,39.8,13.2,3.6,8.7,39.2,3.1,10.9,4.7
17007,12.6,22.9,19.2,30.9,56.3,6.9,10.0,5.5,75.1,84.6,14.7,57.0,6.3,14.3,59.5,22.2,10.4,29.5,25.6,16.8,14.6,20.0,6.3,31.6,14.3,8.2,8.6,34.6,24.7,74.3,17.7,12.3,36.9,13.1,3.5,8.3,37.7,2.9,16.3,5.0
17009,12.0,23.8,19.8,35.9,58.2,6.9,10.0,6.2,75.0,82.4,15.8,52.5,7.7,18.0,54.1,20.5,11.4,32.1,30.0,19.9,18.9,22.2,6.8,32.0,16.3,9.1,10.3,36.0,26.3,65.4,18.2,13.8,41.6,13.8,4.2,10.5,40.0,3.4,18.0,5.5
17011,9.8,23.9,19.9,31.0,56.4,7.2,10.4,5.7,75.5,83.8,14.9,58.0,6.9,15.4,58.2,24.1,10.1,29.6,25.1,15.6,14.8,18.9,6.5,31.7,12.8,8.5,8.3,34.8,23.8,72.1,18.6,12.5,38.4,13.3,3.5,8.1,38.0,3.0,15.7,4.7
17013,7.1,23.0,21.9,29.3,55.2,7.5,10.3,4.9,75.3,85.4,13.3,56.8,5.7,13.4,65.9,23.4,8.5,26.0,24.4,10.9,9.6,15.3,5.8,31.3,10.0,7.0,6.3,33.8,19.6,70.2,17.9,10.2,35.1,11.7,2.7,6.1,34.7,2.6,7.7,3.5
17015,9.7,24.2,21.3,32.6,56.9,7.2,10.3,5.8,74.8,83.4,15.0,56.6,7.1,16.2,62.6,22.6,10.3,29.9,26.1,15.6,14.9,19.3,6.6,31.6,13.0,8.4,8.3,34.4,23.9,70.9,18.5,12.4,39.3,13.2,3.5,8.3,35.6,3.1,13.0,4.7
17017,13.3,23.9,19.0,32.7,56.6,6.8,10.2,5.9,75.1,83.4,15.7,54.9,7.2,15.9,57.7,22.4,11.2,31.5,26.7,19.2,17.7,21.7,6.7,32.1,15.6,9.0,9.6,35.0,26.6,67.4,18.4,13.6,40.7,13.9,3.9,9.4,37.5,3.2,20.7,5.5
17019,7.7,23.4,18.5,31.4,59.1,6.9,10.2,5.3,75.9,85.6,12.9,60.4,6.0,12.9,60.4,22.3,10.6,26.5,25.3,15.2,14.4,17.5,5.9,32.5,12.7,7.6,8.2,33.5,21.3,74.3,16.7,11.5,34.0,11.9,3.3,8.5,35.9,3.0,12.4,4.5
17021,9.1,24.4,20.8,32.5,56.7,7.3,10.4,5.7,74.7,83.4,15.2,54.9,7.2,16.5,59.7,23.4,10.1,30.2,26.1,15.1,14.6,19.2,6.6,31.8,12.5,8.5,8.1,35.0,24.0,72.3,18.7,12.6,38.1,13.3,3.5,8.1,37.6,3.1,16.4,4.6
17023,7.8,24.0,20.8,31.0,56.3,7.4,10.5,5.5,75.4,84.3,14.4,58.6,6.7,15.1,65.5,23.8,9.4,28.5,24.3,13.3,12.9,17.5,6.3,31.4,11.2,8.0,7.4,34.5,21.7,71.3,18.5,11.6,37.1,12.6,3.2,7.2,35.5,2.9,12.1,4.2
17025,9.5,25.3,20.1,33.3,57.0,7.3,11.0,6.3,74.9,82.5,16.7,52.8,8.3,18.3,57.9,25.1,10.9,32.3,25.6,17.7,18.3,21.3,7.0,32.4,13.7,9.8,9.3,35.6,25.8,70.3,20.1,14.0,41.5,14.5,4.1,9.2,36.7,3.4,16.8,5.3
17027,7.9,23.1,21.3,30.8,56.2,7.4,10.4,5.2,75.8,84.8,13.8,58.9,6.2,14.1,63.4,22.6,9.3,27.5,24.8,12.8,11.9,16.7,6.0,31.3,11.2,7.5,7.2,33.8,21.0,76.3,17.8,11.1,40.0,12.1,3.0,7.1,36.5,2.8,12.4,3.9
17029,8.5,25.4,19.5,32.2,57.6,7.4,10.9,5.9,75.8,83.8,15.4,56.2,7.5,16.2,59.3,24.6,10.4,31.1,24.5,16.1,16.8,19.5,6.6,31.3,13.1,9.1,8.7,34.6,24.0,68.3,19.2,13.3,39.4,13.5,3.8,8.9,38.3,3.2,15.6,4.9
17031,12.0,19.8,19.0,28.9,56.3,5.7,9.8,4.7,76.5,87.1,12.7,52.7,5.2,11.2,62.7,19.0,10.7,26.1,27.2,19.6,16.3,18.7,5.0,31.0,16.4,7.5,9.4,34.8,22.8,73.8,15.4,11.5,31.0,11.2,3.5,9.3,36.0,2.9,8.8,5.0
17033,8.7,23.9,20.4,32.8,57.2,7.3,10.5,5.6,75.5,84.0,14.8,57.7,7.0,15.7,59.7,23.3,9.9,29.3,25.6,14.8,14.3,18.7,6.4,32.2,12.5,8.4,8.1,34.3,22.9,70.2,18.5,12.3,40.0,13.0,3.5,8.1,36.8,3.0,13.4,4.5
17035,7.5,23.7,20.9,30.9,56.2,7.5,10.5,5.4,75.4,84.6,14.2,55.3,6.5,14.8,62.4,24.5,9.2,28.0,24.5,12.7,12.0,16.9,6.2,31.8,10.9,7.8,7.1,34.6,21.6,70.6,18.6,11.3,38.5,12.4,3.0,7.0,36.3,2.8,11.3,4.0
17037,9.5,23.5,19.7,31.6,57.4,7.1,10.4,5.5,75.9,85.1,14.2,57.0,6.4,14.0,63.0,22.9,10.6,28.9,25.1,15.9,15.0,18.6,6.2,32.0,13.5,8.1,8.4,33.2,23.3,74.7,18.0,12.1,37.1,12.6,3.5,8.6,35.3,3.0,11.7,4.7
17039,8.2,23.7,20.4,31.2,56.2,7.4,10.5,5.5,75.3,84.2,14.6,56.7,6.8,15.5,62.0,23.9,9.6,29.0,24.6,13.9,13.4,18.0,6.3,31.2,11.7,8.2,7.6,34.0,22.5,70.9,18.7,12.0,37.9,12.9,3.3,7.5,37.7,2.9,16.1,4.3
17041,9.7,23.8,20.4,31.1,55.9,7.2,10.5,5.5,74.9,83.9,15.1,56.6,6.8,15.5,58.9,23.6,9.8,29.6,25.7,14.9,13.7,18.8,6.3,32.0,12.4,8.4,7.9,34.7,23.6,73.1,18.6,12.3,38.8,13.1,3.4,7.5,36.9,2.9,12.5,4.5
17043,7.6,19.0,17.3,27.1,56.7,6.7,8.9,4.3,76.5,87.3,10.5,60.0,4.3,9.5,70.1,17.9,8.5,21.2,24.1,11.2,8.6,13.5,4.8,31.3,9.8,5.7,6.1,33.5,18.2,75.4,14.2,9.1,29.1,9.6,2.4,5.6,35.4,2.3,8.5,3.4
17045,8.6,25.0,20.2,32.6,56.8,7.4,10.8,5.9,75.1,83.3,15.7,55.5,7.6,17.0,59.1,24.8,10.2,30.5,24.8,15.7,16.1,19.6,6.7,31.8,12.7,9.1,8.4,34.4,24.5,69.8,19.5,13.0,37.5,13.7,3.7,8.4,38.7,3.1,14.3,4.8
17047,8.9,25.4,20.0,32.9,57.0,7.4,11.0,6.2,75.0,83.0,16.4,56.1,8.1,17.9,62.0,25.5,10.7,31.8,25.2,16.8,17.5,20.5,7.0,32.1,13.4,9.6,9.0,34.8,25.0,68.8,20.2,13.7,40.3,14.3,3.9,9.0,36.3,3.3,16.1,5.1
17049,7.6,23.4,21.1,30.4,55.9,7.4,10.3,5.3,75.3,84.5,13.9,54.7,6.4,14.3,65.8,23.5,9.2,27.2,23.9,12.7,12.1,16.9,6.1,30.7,10.8,7.7,7.1,33.5,21.5,71.9,18.1,11.2,34.2,12.2,3.1,6.9,35.5,2.8,12.4,4.0
17051,10.1,24.7,19.9,34.0,57.7,7.2,10.5,6.3,74.9,82.6,16.0,53.8,7.9,17.8,60.5,23.0,11.0,31.6,26.9,17.9,18.0,21.2,6.9,32.3,14.4,9.3,9.4,35.2,25.6,69.2,19.2,13.6,40.1,14.0,4.0,9.5,38.3,3.4,17.3,5.2
17053,8.9,24.5,20.5,31.9,56.5,7.3,10.6,5.7,75.3,83.8,15.3,57.8,7.2,16.1,61.3,24.1,10.0,30.0,25.4,15.4,15.1,19.0,6.5,31.7,12.6,8.7,8.2,34.4,24.1,67.6,19.0,12.6,37.8,13.3,3.5,8.2,39.1,3.1,16.4,4.6
17055,9.2,25.9,19.8,32.7,57.2,7.4,11.0,6.3,75.6,82.7,16.5,54.3,8.3,18.1,55.9,25.1,10.9,32.5,25.4,17.4,18.5,21.2,7.1,31.7,13.7,9.9,9.3,34.7,25.8,63.3,20.2,14.3,41.4,14.6,4.1,9.3,39.6,3.4,16.5,5.3
17057,9.3,24.6,20.3,33.5,57.0,7.3,10.6,6.0,75.2,83.2,15.6,53.6,7.5,17.2,58.0,24.3,10.4,30.9,25.6,16.5,16.2,19.8,6.7,32.0,13.4,8.9,8.7,34.7,24.2,66.8,19.3,13.0,39.8,13.6,3.7,8.8,37.9,3.2,16.9,4.8
17059,9.4,25.3,20.2,32.7,56.7,7.4,11.0,6.2,74.7,82.5,16.7,53.8,8.2,18.2,55.7,25.3,10.5,32.0,25.7,17.2,17.7,21.0,6.9,31.9,13.6,9.8,9.1,35.2,25.4,69.9,20.2,13.8,40.9,14.4,4.0,8.9,37.9,3.3,16.2,5.1
17061,8.7,24.9,20.2,32.3,56.5,7.4,10.8,5.9,74.7,82.9,16.0,54.1,7.7,17.5,58.2,24.8,10.2,31.1,25.5,15.9,16.3,19.8,6.8,32.0,12.8,9.2,8.4,34.7,24.8,71.1,19.8,13.1,39.9,13.8,3.7,8.4,37.2,3.2,15.6,4.8
17063,8.6,22.3,21.6,29.6,55.9,7.2,10.1,5.0,75.8,85.4,13.3,59.6,5.7,13.2,67.2,22.5,9.1,26.6,24.6,12.8,11.0,16.4,5.8,31.3,11.5,7.2,7.0,33.4,21.7,74.7,17.5,10.6,36.1,11.8,2.9,6.9,34.6,2.6,10.0,3.9
17065,8.8,25.3,20.0,33.0,57.0,7.4,10.9,6.2,75.2,83.0,16.2,53.2,8.0,17.6,59.5,25.1,10.7,31.7,24.9,16.6,17.3,20.5,7.0,32.3,13.2,9.5,8.9,34.5,24.8,71.2,19.9,13.6,40.1,14.2,3.9,8.9,37.5,3.3,15.3,5.1
17067,7.9,24.0,20.7,31.5,56.3,7.4,10.5,5.6,75.4,84.3,14.5,58.0,6.8,15.3,63.6,24.0,9.7,28.7,24.0,13.7,13.5,17.8,6.4,32.1,11.5,8.2,7.6,33.9,22.9,69.4,18.6,11.9,38.9,12.8,3.3,7.6,35.6,2.9,10.1,4.3
17069,9.2,24.6,20.1,32.9,56.8,7.3,10.9,6.1,74.9,83.0,16.2,54.3,7.8,17.7,56.5,24.7,10.5,31.6,26.0,16.5,16.5,20.3,6.9,32.2,13.4,9.3,8.8,35.5,24.8,68.3,19.9,13.2,39.6,14.0,3.8,8.7,38.5,3.2,18.1,4.9
17071,8.3,23.9,21.0,31.8,56.5,7.3,10.5,5.6,75.2,83.8,15.0,56.1,7.0,15.9,61.4,23.9,9.8,29.0,25.1,14.3,14.1,18.4,6.4,32.2,11.8,8.4,7.8,34.7,22.9,69.8,18.9,12.1,38.7,13.0,3.3,7.6,36.8,3.0,13.5,4.4
17073,8.4,23.2,21.3,30.0,56.1,7.4,10.3,5.2,75.0,84.9,13.9,60.6,6.2,14.1,64.3,23.3,9.2,27.7,24.6,12.9,11.8,16.9,6.0,31.1,11.3,7.6,7.2,34.0,21.9,72.2,18.0,11.2,36.8,12.2,3.0,7.0,35.9,2.8,10.7,4.0
17075,10.3,24.4,19.8,32.8,56.8,7.2,10.7,5.9,74.7,83.2,16.0,55.9,7.6,17.0,60.6,24.5,10.6,31.3,26.0,17.2,16.8,20.3,6.7,32.4,14.0,9.2,8.9,35.9,25.0,70.8,19.5,13.2,40.8,13.9,3.8,8.7,36.9,3.2,16.9,5.1
17077,8.7,25.4,18.0,34.5,59.5,7.1,10.9,6.2,77.6,84.2,15.2,54.9,7.6,16.1,55.1,23.1,11.8,30.6,25.0,18.9,20.1,20.9,6.7,31.9,15.1,9.5,10.1,34.6,25.2,69.6,18.7,13.9,42.8,13.8,4.2,10.8,39.8,3.4,19.5,5.6
17079,7.4,23.6,21.4,30.2,55.9,7.5,10.4,5.3,75.2,84.7,14.1,58.2,6.4,14.6,66.2,24.2,9.1,27.6,24.3,12.2,11.6,16.6,6.1,31.6,10.7,7.6,7.0,33.4,21.3,70.5,18.4,11.1,38.0,12.3,3.0,6.8,35.8,2.8,9.3,3.9
17081,8.8,24.5,20.3,33.3,57.4,7.2,10.7,5.9,75.4,83.7,15.3,56.6,7.3,16.5,58.8,23.7,10.6,30.2,26.1,16.4,16.3,19.7,6.5,31.9,13.6,8.9,8.8,35.1,23.8,70.5,19.1,12.8,39.8,13.4,3.7,9.0,38.5,3.2,15.5,4.8
17083,7.4,23.8,21.0,30.5,56.0,7.4,10.5,5.3,75.5,84.7,14.1,57.0,6.4,14.6,61.6,24.2,9.2,27.5,24.2,12.4,11.8,16.8,6.1,31.1,10.8,7.7,7.0,34.4,21.7,73.1,18.5,11.2,39.2,12.4,3.0,6.9,36.9,2.8,13.7,3.9
17085,7.5,23.0,21.3,30.0,55.8,7.4,10.2,5.2,75.3,85.0,13.5,58.1,6.1,13.9,65.8,23.2,9.0,26.6,24.1,12.1,11.2,16.4,6.0,31.1,10.5,7.4,6.9,33.3,21.0,70.2,17.8,10.7,36.4,11.9,2.9,6.7,34.4,2.7,11.4,3.8
17087,10.7,24.3,19.9,35.0,58.2,7.0,10.3,6.3,75.3,82.9,15.7,51.6,7.7,17.4,58.8,22.0,11.3,32.0,28.2,18.5,18.1,21.6,6.9,32.1,15.2,9.1,9.8,35.4,25.4,64.4,18.5,13.7,41.9,13.8,4.1,10.0,38.8,3.4,18.3,5.3
17089,12.1,20.7,19.5,27.5,55.2,6.5,9.3,4.9,74.4,85.7,12.6,55.6,5.0,11.0,65.2,19.0,10.1,25.1,25.1,14.8,12.0,17.3,5.6,30.3,13.3,6.8,7.6,33.0,22.5,73.0,15.6,10.4,34.9,11.5,3.0,7.4,35.2,2.6,12.4,4.5
17091,10.3,23.7,18.8,34.2,58.4,6.8,10.8,5.7,76.3,84.4,15.2,54.0,6.9,15.2,58.9,22.0,11.3,30.5,27.2,18.3,17.3,20.3,6.3,33.4,15.2,8.7,9.4,36.0,24.2,69.8,18.7,13.3,40.2,13.4,3.8,9.7,41.0,3.2,18.0,5.1
17093,9.1,20.5,20.0,29.1,56.7,6.8,9.5,4.5,76.5,87.0,11.6,61.0,4.6,10.7,68.8,19.4,9.1,23.7,24.8,12.0,9.5,14.9,5.2,30.7,11.2,6.2,6.6,33.3,19.4,75.7,15.5,9.6,39.0,10.7,2.6,6.4,34.2,2.4,8.3,3.7
17095,9.8,24.6,19.3,33.2,57.9,7.1,10.7,6.1,75.9,83.4,15.8,55.0,7.6,17.0,56.2,23.2,10.9,31.1,26.3,18.2,18.3,20.7,6.7,31.7,14.8,9.3,9.5,34.4,25.9,65.9,19.2,13.6,39.9,14.0,4.0,9.8,38.6,3.3,11.5,5.3
17097,9.7,19.3,17.0,29.4,55.4,6.6,9.1,4.6,75.1,87.0,11.6,57.1,4.7,10.5,63.6,18.5,9.8,22.9,24.2,13.0,10.2,15.4,5.3,32.7,11.6,6.3,6.8,31.5,19.4,75.1,14.7,9.8,32.9,10.4,2.7,6.6,33.8,2.5,9.8,4.0
17099,9.8,23.8,20.8,31.2,56.7,7.2,10.3,5.6,75.4,84.0,14.7,57.3,6.7,15.3,60.3,23.4,10.0,29.1,25.8,15.7,14.4,18.6,6.3,31.5,13.1,8.3,8.1,35.3,23.6,74.7,18.5,12.2,37.9,13.1,3.4,8.1,36.8,3.0,12.0,4.6
17101,10.9,24.6,19.9,34.8,58.0,7.1,10.5,6.2,75.0,82.6,16.2,53.2,8.0,17.9,53.8,22.5,11.2,32.4,27.9,18.9,18.6,21.9,6.9,32.2,15.3,9.5,9.9,35.4,26.0,63.1,19.2,14.0,41.0,14.3,4.1,10.0,39.6,3.4,21.5,5.4
17103,9.6,23.3,20.3,32.2,57.1,7.1,10.2,5.7,75.5,84.0,14.7,53.8,6.8,15.6,59.3,22.4,10.2,29.4,25.7,15.6,14.5,18.9,6.4,31.4,13.3,8.2,8.3,34.2,24.0,71.0,18.2,12.2,38.8,13.0,3.5,8.3,38.9,3.0,14.3,4.6
17105,9.3,23.6,20.3,31.5,56.9,7.2,10.6,5.6,75.1,83.8,14.9,57.5,6.9,15.7,59.6,23.1,9.9,29.3,25.8,15.4,14.8,18.8,6.4,31.7,13.0,8.4,8.2,35.3,23.9,67.8,18.7,12.3,36.0,13.1,3.4,8.1,37.5,3.0,13.6,4.5
17107,8.8,23.6,20.3,31.8,57.3,7.2,10.5,5.5,75.7,84.2,14.7,57.4,6.8,15.7,59.6,23.0,9.9,29.0,26.2,15.4,14.9,18.6,6.2,31.4,13.1,8.3,8.3,34.9,23.3,72.7,18.6,12.1,38.9,12.8,3.4,8.4,37.7,3.0,16.3,4.5
17109,8.4,24.7,19.5,33.5,57.7,7.4,10.7,6.0,76.0,84.0,15.2,52.5,7.5,16.1,57.1,24.3,10.8,30.5,24.2,16.4,17.1,19.7,6.7,32.6,13.3,9.0,8.9,34.0,23.6,71.2,18.9,13.1,39.2,13.6,3.8,9.2,37.9,3.2,11.1,5.0
17111,8.4,22.4,20.5,29.7,55.0,7.2,9.6,4.7,75.2,86.2,12.3,58.0,5.0,11.4,64.9,22.3,8.8,25.1,23.4,11.6,9.4,15.4,5.5,30.7,10.4,6.5,6.4,33.1,20.1,75.5,16.3,9.7,31.7,10.9,2.6,6.0,31.0,2.4,13.4,3.6
17113,7.1,22.6,18.9,31.2,57.6,7.2,10.2,5.0,77.0,86.1,12.5,58.4,5.5,12.2,62.6,22.2,9.5,25.6,23.7,12.5,11.6,15.8,5.6,32.7,10.9,7.0,6.9,32.7,19.9,74.3,16.5,10.5,36.0,11.3,2.9,7.1,35.0,2.7,12.4,3.9
17115,8.4,24.3,18.5,33.7,58.5,7.0,11.0,5.6,76.5,84.5,15.1,56.9,7.0,15.7,58.3,22.9,10.8,30.0,26.9,17.8,18.0,19.7,6.1,32.3,14.8,9.0,9.3,35.7,24.4,70.5,19.0,13.1,42.6,13.3,3.7,9.9,39.9,3.2,14.7,4.9
17117,8.3,24.2,20.2,31.7,56.2,7.4,10.7,5.7,75.2,83.7,15.3,54.6,7.2,16.3,59.8,24.5,9.9,29.9,24.9,14.7,14.7,18.7,6.5,31.6,12.1,8.7,8.0,34.1,23.1,69.9,19.3,12.5,36.8,13.3,3.5,7.9,37.0,3.0,14.3,4.5
17119,7.6,24.0,20.0,31.5,56.8,7.3,10.6,5.2,76.2,85.2,13.6,56.6,6.2,13.6,64.5,23.1,9.5,28.8,25.6,14.2,13.2,17.3,5.9,31.2,12.6,7.8,7.6,34.5,21.1,73.6,18.3,11.7,38.8,12.6,3.2,7.8,36.5,2.8,8.5,4.2
17121,8.8,25.1,20.1,32.8,57.4,7.3,11.0,6.0,75.5,83.2,16.2,55.6,7.8,17.5,57.0,24.8,10.6,31.5,25.2,16.7,17.3,20.5,6.7,31.5,13.5,9.4,9.0,34.9,25.3,68.3,19.8,13.4,39.5,14.0,3.9,9.0,38.5,3.3,18.6,5.0
17123,8.7,24.0,21.1,31.3,56.4,7.4,10.6,5.6,75.2,84.1,14.9,55.5,6.9,15.7,59.0,24.3,9.7,29.4,25.2,14.2,13.5,18.3,6.4,31.9,11.9,8.3,7.7,34.8,22.9,67.3,18.9,12.0,38.6,13.0,3.3,7.5,37.7,2.9,11.5,4.3
17125,8.3,24.4,20.3,31.7,56.5,7.4,10.7,5.8,75.2,83.6,15.4,56.5,7.3,16.5,63.3,24.4,10.0,29.9,24.9,14.9,14.8,18.9,6.6,31.7,12.2,8.7,8.1,34.2,23.5,69.8,19.4,12.5,37.2,13.4,3.5,8.0,35.0,3.1,13.8,4.5
17127,9.0,25.0,19.6,32.7,57.1,7.2,11.1,5.9,75.2,83.4,16.1,52.3,7.7,17.2,59.7,24.6,10.8,31.5,25.7,17.2,17.4,20.3,6.6,31.9,13.9,9.4,9.1,35.6,24.7,70.0,19.9,13.5,40.8,13.9,3.9,9.2,37.5,3.3,19.6,5.0
17129,7.2,23.6,20.8,30.4,56.1,7.5,10.5,5.2,75.6,84.9,13.9,55.3,6.3,14.2,62.6,24.0,9.0,27.2,23.8,12.3,11.8,16.5,6.0,31.5,10.7,7.6,7.0,33.7,20.9,71.9,18.2,11.0,37.4,12.2,3.0,6.9,36.6,2.7,9.6,3.9
17131,8.4,24.0,21.1,31.0,56.0,7.4,10.5,5.5,75.2,84.0,14.8,56.1,6.8,15.7,62.8,24.0,9.6,29.3,25.2,13.9,13.3,18.0,6.3,31.2,11.8,8.2,7.6,35.1,22.6,70.2,18.8,11.9,38.5,12.9,3.2,7.5,36.0,2.9,14.7,4.3
17133,6.0,21.8,21.9,28.2,55.1,7.6,10.0,4.5,76.2,86.7,11.8,62.3,5.0,11.3,70.4,22.6,7.8,23.5,22.3,8.9,7.8,13.4,5.3,31.2,8.5,6.1,5.4,32.4,17.2,68.7,16.5,9.1,34.9,10.6,2.3,5.2,34.7,2.3,7.3,3.0
17135,9.1,23.9,20.9,32.0,57.1,7.3,10.4,5.8,75.0,83.2,15.2,54.9,7.3,16.6,58.2,23.5,10.1,30.3,26.0,15.5,15.3,19.4,6.6,31.3,12.8,8.6,8.3,34.8,23.9,65.9,19.0,12.6,39.2,13.4,3.5,8.3,36.1,3.1,14.6,4.6
17137,9.0,24.3,20.1,33.0,57.6,7.2,10.6,5.8,75.7,83.7,15.3,56.2,7.3,16.3,59.4,23.6,10.3,29.9,25.6,16.3,16.2,19.4,6.5,31.7,13.4,8.8,8.7,34.5,23.5,68.0,18.9,12.8,40.3,13.3,3.6,8.7,38.5,3.1,9.3,4.8
17139,8.8,24.3,20.7,31.2,55.8,7.4,10.8,5.5,74.6,83.6,15.5,54.5,7.2,16.4,61.3,25.0,9.5,29.7,25.8,14.8,13.9,18.9,6.3,31.5,12.1,8.6,7.9,35.2,23.2,67.6,19.4,12.3,38.4,13.3,3.4,7.5,36.2,3.0,13.9,4.4
17141,9.4,23.1,20.9,31.2,56.2,7.3,10.2,5.3,75.4,84.6,14.3,55.4,6.3,14.2,58.7,23.0,9.7,28.1,24.7,14.0,12.9,17.8,6.1,31.4,12.1,7.8,7.6,33.5,22.5,70.9,18.0,11.6,40.9,12.5,3.2,7.4,37.0,2.8,8.7,4.3
17143,8.1,23.3,18.2,33.3,58.9,6.9,10.6,5.5,76.6,85.2,14.0,56.9,6.5,14.3,59.7,22.8,10.9,28.5,25.3,16.6,16.3,18.7,5.9,32.8,13.8,8.3,8.9,35.3,22.6,70.6,17.9,12.2,35.1,12.5,3.6,9.3,38.3,3.1,11.4,4.8
17145,10.6,25.0,19.9,34.2,57.7,7.1,10.6,6.3,75.2,82.6,16.3,54.8,8.0,18.1,53.8,23.1,11.2,32.2,27.7,18.7,18.6,21.7,6.9,31.9,15.1,9.6,9.9,35.8,25.9,70.0,19.4,14.0,41.1,14.3,4.1,9.9,40.0,3.4,13.2,5.4
17147,6.6,22.4,21.7,29.2,55.7,7.5,10.1,4.9,75.7,85.7,12.7,59.3,5.5,12.7,67.5,23.1,8.4,25.3,23.1,10.5,9.6,14.8,5.7,31.2,9.5,6.8,6.1,33.2,19.2,72.6,17.3,9.9,34.9,11.2,2.6,6.0,34.8,2.5,5.3,3.4
17149,9.0,25.1,19.9,32.9,56.8,7.4,10.7,6.0,75.2,82.9,15.9,55.9,7.8,17.4,59.2,24.8,10.4,31.1,25.0,16.4,17.0,20.1,6.8,32.0,13.1,9.3,8.7,34.8,25.1,69.5,19.6,13.3,40.7,13.9,3.8,8.7,36.9,3.2,16.6,4.9
17151,8.2,24.2,20.5,31.5,56.6,7.4,10.7,5.6,75.4,84.1,15.0,55.5,6.9,15.8,59.5,24.1,9.8,29.5,25.6,14.5,13.9,18.4,6.4,31.4,12.2,8.4,8.0,34.9,22.9,67.2,19.2,12.1,39.6,13.1,3.3,7.8,37.5,3.0,18.0,4.4
17153,11.7,26.7,17.2,38.7,60.8,6.3,11.7,7.0,76.8,82.1,18.4,52.2,9.3,20.7,51.4,23.3,14.5,36.5,29.8,27.3,30.2,26.7,7.1,32.2,21.1,12.0,13.8,37.2,30.9,66.5,20.9,17.5,45.7,16.0,5.7,15.2,42.7,4.4,20.0,7.5
17155,8.0,22.7,21.2,29.6,55.5,7.4,10.1,5.1,75.3,85.1,13.5,57.4,5.9,13.6,64.1,23.0,8.9,26.7,24.5,12.1,10.8,16.2,6.0,31.4,10.7,7.3,6.8,33.8,20.7,72.3,17.7,10.6,36.1,11.9,2.9,6.6,35.4,2.7,7.0,3.8
17157,9.7,24.2,20.3,33.7,57.4,7.1,10.5,5.8,75.2,83.3,15.5,55.5,7.3,16.8,58.9,22.9,10.5,30.7,27.3,16.9,16.3,20.1,6.5,31.7,14.1,8.8,8.9,35.8,24.6,70.9,19.1,12.9,39.1,13.6,3.7,9.0,38.5,3.2,18.9,4.8
17159,8.1,24.6,20.9,31.4,56.5,7.4,10.7,5.7,75.3,83.9,15.1,51.6,7.2,16.0,62.2,24.5,9.9,29.9,24.7,14.6,14.4,18.6,6.5,31.8,12.1,8.6,8.0,34.4,23.0,72.0,19.2,12.4,39.5,13.2,3.5,7.9,37.2,3.0,11.5,4.5
17161,10.4,23.9,20.1,31.5,58.1,6.8,10.6,5.7,75.7,84.6,14.6,56.2,6.7,15.1,62.6,21.3,10.8,29.1,25.7,17.6,16.8,19.7,6.3,31.4,14.6,8.6,9.2,34.6,23.8,71.2,18.3,12.7,40.1,13.1,3.7,9.4,36.8,3.1,15.7,5.1
17163,8.2,24.5,18.7,35.1,60.3,6.6,11.1,5.4,78.3,85.8,13.9,58.7,6.2,14.3,61.7,21.6,11.2,28.6,27.3,17.3,17.2,18.8,5.6,31.6,15.0,8.4,9.2,34.8,24.0,75.7,18.0,12.6,38.6,12.4,3.6,10.1,38.8,3.2,12.2,4.8
17165,8.8,25.1,20.2,32.9,57.3,7.4,11.0,6.0,75.5,83.3,16.0,55.5,7.8,17.1,56.5,24.8,10.6,31.1,25.0,16.6,17.1,20.3,6.8,32.0,13.4,9.4,8.9,34.6,24.4,65.4,19.7,13.4,40.1,14.0,3.9,9.0,39.3,3.3,15.1,5.0
17167,7.4,23.6,19.4,32.2,58.0,7.2,10.6,5.2,77.2,85.6,13.5,58.9,6.1,13.5,62.1,22.0,9.8,27.3,24.6,14.1,13.8,17.1,5.8,30.6,12.3,7.8,7.8,34.3,21.0,72.4,17.7,11.4,39.6,12.1,3.2,8.1,36.9,2.9,12.5,4.2
17169,9.3,24.7,20.5,34.1,57.8,7.3,10.5,6.2,75.4,83.1,15.7,53.1,7.7,17.6,58.6,23.6,11.0,31.2,25.9,16.9,17.2,20.6,6.9,32.2,13.7,9.1,9.0,34.4,25.0,63.9,19.2,13.3,40.2,13.8,3.9,9.3,37.5,3.3,11.8,5.1
17171,7.9,24.0,20.5,30.7,56.2,7.4,10.6,5.4,75.4,84.0,14.6,57.1,6.8,15.4,66.2,24.3,9.4,28.7,24.6,13.8,13.4,17.7,6.3,31.5,11.6,8.2,7.5,34.4,22.3,68.6,18.8,11.8,38.3,12.7,3.2,7.4,35.2,2.9,10.1,4.2
17173,7.8,24.2,20.8,31.1,56.3,7.4,10.6,5.6,75.2,84.1,14.8,54.3,6.9,15.8,57.8,24.3,9.6,29.2,24.9,13.8,13.6,17.8,6.4,31.6,11.5,8.3,7.6,34.6,22.6,72.9,19.0,12.0,37.6,12.9,3.3,7.5,36.9,2.9,11.4,4.2
17175,8.3,23.9,20.7,31.5,56.3,7.4,10.5,5.6,75.1,84.0,14.8,59.7,6.9,15.7,61.0,24.0,9.7,29.3,25.1,14.1,13.7,18.1,6.4,31.6,11.9,8.3,7.7,34.2,22.9,70.2,18.9,12.0,38.3,13.0,3.3,7.6,37.7,2.9,10.5,4.3
17177,8.8,24.3,19.8,32.4,57.7,7.2,10.9,5.6,76.2,84.6,15.0,54.5,7.0,15.8,58.7,24.3,10.4,29.9,26.0,16.5,16.2,19.2,6.3,31.5,13.8,8.7,8.8,35.9,24.6,73.9,19.2,12.7,41.0,13.2,3.6,9.1,37.5,3.1,13.9,4.7
17179,7.2,23.3,20.2,30.3,56.1,7.5,10.4,5.1,76.0,85.1,13.5,57.0,6.1,13.8,64.8,24.2,9.1,27.2,23.9,12.3,11.4,16.4,5.9,31.1,10.7,7.5,6.9,33.7,21.0,71.9,17.7,10.9,36.2,11.9,2.9,6.8,36.9,2.7,15.5,3.8
17181,9.9,24.9,19.6,33.0,57.2,7.2,10.8,6.2,75.2,82.9,16.3,53.2,8.0,17.6,60.0,24.4,10.9,31.9,25.8,17.9,18.2,21.2,7.0,32.0,14.1,9.5,9.3,35.1,26.0,71.5,19.5,13.8,39.8,14.2,4.0,9.3,37.0,3.3,20.4,5.3
17183,10.2,25.2,18.9,36.7,58.0,6.9,11.0,6.2,76.9,83.3,16.5,54.4,8.0,17.8,55.3,24.0,11.7,32.4,27.3,20.1,20.7,22.0,6.7,33.1,16.1,9.9,10.3,35.1,27.5,69.9,19.8,14.4,44.1,14.5,4.2,10.7,38.4,3.5,17.4,5.6
17185,8.3,24.6,20.6,32.2,57.1,7.4,10.7,5.9,75.3,83.5,15.4,56.1,7.5,16.6,59.1,24.4,10.4,30.4,24.6,15.5,15.9,19.4,6.7,31.7,12.6,9.0,8.5,34.3,23.9,70.8,19.3,12.9,40.2,13.6,3.7,8.5,37.6,3.2,18.9,4.8
17187,10.1,23.8,19.8,31.6,56.5,7.1,10.4,5.6,75.1,84.0,15.0,53.8,6.8,15.4,58.7,23.3,10.3,30.0,26.1,15.9,14.8,19.4,6.4,31.6,13.2,8.5,8.4,35.4,24.0,73.9,18.6,12.5,37.9,13.2,3.5,8.1,37.2,3.0,11.8,4.7
17189,7.2,23.5,21.3,30.0,55.9,7.5,10.3,5.2,75.5,84.9,13.8,61.1,6.2,14.2,62.2,23.7,9.0,27.0,24.1,12.2,11.5,16.3,6.0,31.3,10.7,7.5,6.9,33.6,20.6,73.4,18.2,10.9,36.7,12.1,2.9,6.8,36.0,2.7,11.4,3.8
17191,9.0,25.2,20.1,32.8,56.6,7.4,10.9,6.1,75.1,83.0,16.1,56.8,7.9,17.6,61.2,25.0,10.5,31.4,25.5,16.3,16.5,20.3,6.9,32.2,13.1,9.4,8.7,34.5,25.3,68.3,20.0,13.4,40.0,14.2,3.8,8.6,37.3,3.2,24.7,4.9
17193,9.5,25.7,19.7,33.4,57.2,7.4,11.2,6.4,75.2,82.3,17.0,54.9,8.6,18.8,55.1,25.5,11.1,32.6,25.4,18.0,18.9,21.8,7.2,31.9,14.0,10.2,9.5,34.9,26.3,70.1,20.4,14.4,39.3,14.8,4.2,9.4,37.7,3.4,18.5,5.4
17195,10.1,23.7,20.3,30.8,56.7,7.1,10.3,5.5,75.0,84.1,14.8,57.7,6.6,15.1,62.1,22.9,10.2,29.0,25.2,15.3,14.3,19.0,6.3,32.1,13.0,8.2,8.1,33.4,23.7,70.4,18.3,12.1,36.4,13.0,3.4,7.9,35.8,2.9,15.4,4.6
17197,9.5,21.4,19.9,29.5,58.3,6.4,9.7,4.7,76.1,86.5,12.3,56.8,5.0,11.5,66.6,19.2,9.5,24.8,25.9,13.5,11.4,17.1,5.2,30.3,12.3,6.7,7.3,34.5,23.5,68.3,16.3,10.5,37.7,11.1,2.8,7.2,38.0,2.6,7.8,4.0
17199,7.9,24.3,20.4,32.0,57.1,7.4,10.6,5.6,75.6,84.7,14.5,57.4,6.8,14.9,59.2,24.0,10.0,29.3,24.9,14.5,14.2,18.2,6.3,31.1,12.1,8.2,7.9,34.2,22.8,70.2,18.4,12.0,39.9,12.8,3.3,7.9,38.5,3.0,7.5,4.4
17201,11.2,24.9,18.1,33.9,59.1,6.8,10.7,5.8,76.7,84.3,15.3,55.2,7.0,15.9,55.4,23.4,11.7,31.4,27.5,19.5,18.6,21.2,6.4,32.8,16.0,9.2,10.0,35.7,25.9,70.4,18.8,13.8,42.2,14.0,4.0,10.1,37.7,3.3,15.3,5.5
17203,6.5,22.7,21.3,29.6,55.6,7.5,10.2,4.9,76.0,85.8,12.8,58.0,5.6,12.6,63.4,23.2,8.6,25.6,22.9,10.5,9.7,15.0,5.7,31.4,9.4,6.9,6.2,33.3,19.3,74.5,17.2,10.0,37.3,11.4,2.7,6.0,33.8,2.5,11.8,3.5
18001,10.4,27.4,17.4,35.5,59.7,7.3,11.8,6.6,77.6,82.1,18.2,58.7,9.1,20.1,51.8,27.9,12.1,34.5,24.0,17.8,11.5,23.1,7.3,33.1,13.2,9.7,9.1,33.0,27.1,72.1,20.3,14.8,42.1,15.3,4.1,9.8,38.5,3.4,19.5,5.5
18003,9.1,23.8,17.9,34.5,60.0,6.9,11.3,5.7,78.3,84.5,15.4,58.8,6.9,14.7,59.5,26.5,11.8,29.3,23.5,15.3,8.9,19.2,6.1,31.7,12.2,7.9,8.1,32.8,22.4,73.8,18.0,12.1,39.5,12.3,3.5,9.4,36.0,3.0,16.4,4.8
18005,8.6,25.1,17.2,34.0,60.0,7.2,10.6,5.6,79.1,84.9,14.4,62.2,6.7,15.1,63.5,25.4,11.0,28.1,23.2,13.6,7.5,19.0,6.3,34.0,10.4,7.4,7.2,32.3,23.3,75.3,18.0,11.9,38.9,12.6,3.1,7.6,36.5,2.8,22.3,4.3
18007,10.2,27.0,17.5,35.2,59.3,7.3,11.5,6.4,77.2,82.6,17.5,59.1,8.5,19.1,55.0,27.6,11.9,33.7,24.3,16.6,10.3,22.4,7.2,33.9,12.7,9.2,8.7,34.4,26.8,73.4,20.0,14.2,42.4,14.6,3.9,9.5,37.3,3.3,21.1,5.2
18009,10.0,28.0,17.2,36.9,60.2,7.4,11.8,6.9,76.6,81.7,18.7,54.8,9.7,21.5,55.7,28.3,12.7,34.9,24.0,18.9,12.8,24.0,7.6,34.5,13.9,10.2,9.7,33.7,28.7,72.3,21.0,15.5,44.2,15.6,4.4,10.8,38.8,3.6,22.6,5.8
18011,6.1,22.1,17.8,30.5,58.9,7.5,10.4,4.7,79.3,87.1,12.1,65.4,5.2,11.4,65.1,22.1,9.3,24.1,20.6,9.1,4.5,14.4,5.4,32.8,7.9,5.8,5.3,29.1,18.3,80.4,15.7,9.5,32.4,10.7,2.3,5.6,33.4,2.3,7.0,3.1
18013,7.6,25.1,18.5,33.3,59.2,7.5,11.1,5.6,77.7,84.6,15.0,61.8,6.9,16.3,62.7,26.4,10.3,28.6,22.6,12.0,6.8,17.9,6.3,33.0,9.9,7.4,6.7,32.2,22.7,78.0,18.5,11.7,35.6,12.7,3.0,7.2,34.0,2.8,16.8,4.0
18015,9.2,25.9,18.5,34.3,58.5,7.4,11.2,6.0,77.7,83.6,16.3,59.6,7.7,17.8,61.3,26.5,10.9,30.9,24.2,14.2,8.0,20.2,6.7,33.5,11.3,8.2,7.5,34.0,25.6,75.9,19.5,12.6,41.4,13.8,3.3,8.0,37.2,3.0,19.1,4.5
18017,13.0,26.1,16.7,35.9,59.9,7.0,11.1,6.4,76.3,82.5,17.5,56.9,8.3,18.7,57.0,25.8,12.7,33.3,25.0,18.8,11.1,23.2,7.1,34.1,14.2,9.1,9.4,33.9,29.8,72.2,19.4,14.5,47.3,14.8,4.1,10.1,36.7,3.3,21.1,5.7
18019,8.5,26.2,17.9,36.4,60.4,7.2,11.4,5.7,78.7,84.9,15.4,62.9,7.1,16.5,58.3,26.5,10.9,31.8,25.2,14.3,8.0,19.8,6.2,32.5,11.6,7.8,7.6,33.0,24.0,77.8,18.2,12.7,43.5,13.1,3.3,8.5,37.1,3.0,19.7,4.4
18021,8.5,27.3,18.5,36.0,58.7,7.4,11.5,6.1,77.9,83.4,16.6,60.1,8.0,18.2,57.1,27.8,11.5,31.7,23.2,14.8,8.7,20.8,6.8,34.8,11.3,8.5,7.8,35.0,26.1,75.3,19.5,13.1,42.9,14.1,3.5,8.4,37.2,3.1,25.2,4.6
18023,12.2,26.1,17.2,34.6,59.4,7.1,11.0,6.0,77.3,83.2,16.7,60.2,7.7,17.8,60.7,25.3,11.7,31.5,24.0,16.9,9.3,21.9,6.8,35.1,13.4,8.5,8.5,32.0,27.3,73.1,18.9,13.5,40.4,14.1,3.6,9.0,38.3,3.1,17.6,5.1
18025,11.1,28.9,16.9,37.9,60.7,7.3,12.0,7.6,76.8,80.5,20.1,54.7,10.9,23.7,53.4,28.9,13.5,37.3,24.4,21.3,15.2,26.4,8.2,35.0,15.0,11.3,10.8,34.1,30.9,70.4,21.8,16.9,43.0,16.7,5.0,11.9,38.8,3.9,22.3,6.6
18027,11.1,27.4,18.0,35.5,58.4,7.2,11.8,6.5,76.3,81.7,18.5,57.8,9.0,20.3,54.6,28.0,12.0,34.1,25.5,18.4,10.9,23.6,7.1,34.6,13.3,9.6,9.1,36.6,29.4,71.4,20.6,15.0,41.7,15.5,4.1,9.5,36.2,3.4,19.5,5.4
18029,7.5,25.5,19.2,32.8,59.1,7.6,11.0,5.5,77.8,84.7,15.0,62.9,6.8,16.5,66.0,26.4,9.9,28.2,22.8,11.5,6.4,17.9,6.2,33.1,9.5,7.4,6.5,31.9,22.5,72.4,18.3,11.6,35.4,12.6,3.0,6.9,35.6,2.8,17.6,3.9
18031,8.3,26.1,18.3,33.5,58.7,7.4,11.1,5.7,76.8,84.0,15.8,64.3,7.3,16.8,62.7,27.0,10.4,30.5,23.3,13.1,7.3,19.0,6.4,33.3,10.5,7.8,7.0,34.4,25.2,74.3,19.1,12.1,37.5,13.2,3.1,7.5,35.6,2.9,13.7,4.2
18033,8.4,25.5,18.7,34.1,58.6,7.5,11.2,5.8,77.5,83.8,15.8,64.0,7.4,17.0,62.9,27.4,10.8,29.2,24.2,13.3,7.6,19.4,6.5,33.3,10.7,7.9,7.2,33.8,24.6,70.9,19.2,12.1,43.5,13.4,3.2,7.8,37.4,2.9,18.0,4.3
18035,8.7,28.8,16.8,35.8,60.3,7.3,12.0,6.5,78.4,83.4,17.3,63.0,8.7,19.0,55.5,29.6,12.9,33.2,23.3,17.3,11.5,22.7,7.0,35.1,13.6,9.5,9.3,34.1,25.6,71.4,20.5,14.5,38.9,14.8,4.1,10.5,40.5,3.4,19.7,5.4
18037,9.4,25.6,17.8,32.6,58.3,7.4,10.9,5.7,77.4,84.2,15.4,64.1,7.0,15.7,60.6,24.5,10.7,29.0,23.7,13.2,7.4,19.3,6.4,34.0,10.8,7.6,7.2,33.4,23.7,75.7,18.0,12.1,39.9,13.0,3.2,7.6,33.9,2.9,12.5,4.3
18039,12.9,25.1,17.3,35.7,58.1,6.8,11.3,6.2,78.0,83.1,17.5,56.0,7.9,17.4,57.3,25.7,12.2,33.8,25.7,18.2,10.7,22.3,6.9,34.1,14.8,8.9,9.3,35.1,25.9,74.7,19.6,14.3,44.1,14.6,4.0,10.2,36.9,3.3,15.6,5.6
18041,9.9,27.2,17.1,36.7,59.4,7.4,11.9,6.8,77.2,81.9,18.4,55.2,9.4,20.8,50.4,28.6,12.3,34.1,23.6,17.8,11.9,23.4,7.4,34.7,13.2,9.9,9.2,34.0,27.9,72.0,20.9,14.8,44.8,15.3,4.2,10.1,36.9,3.5,21.3,5.5
18043,7.6,25.4,18.6,34.7,59.4,7.5,11.4,5.5,78.4,85.3,14.9,65.6,6.8,15.1,61.8,26.1,10.6,29.8,23.6,12.9,7.0,18.5,6.1,34.4,10.5,7.6,7.0,35.6,23.9,76.5,18.7,12.0,37.4,12.6,3.0,7.5,38.2,2.8,10.9,4.0
18045,9.0,26.9,18.2,34.8,59.0,7.4,11.7,6.2,77.1,83.0,17.0,60.6,8.2,18.9,61.0,27.5,11.2,32.9,24.1,15.1,9.0,21.2,6.9,34.3,11.7,8.7,8.0,34.3,26.4,67.6,19.9,13.5,42.4,14.5,3.6,8.6,37.4,3.1,19.1,4.7
18047,8.0,25.8,18.9,34.2,58.4,7.4,11.3,5.7,77.7,83.9,15.8,61.3,7.4,17.1,64.3,26.8,10.7,29.8,23.5,13.0,7.3,19.2,6.5,33.4,10.4,7.9,7.1,33.5,24.3,77.4,19.0,12.0,40.5,13.3,3.1,7.5,34.9,2.9,18.2,4.2
18049,9.9,26.8,17.9,34.9,59.8,7.3,11.6,6.3,77.1,82.8,17.4,58.7,8.3,19.1,58.4,27.0,11.5,33.2,23.5,15.9,9.5,21.6,7.1,33.3,12.3,9.0,8.3,33.1,26.9,75.9,19.9,13.9,41.7,14.6,3.7,9.0,38.0,3.2,17.7,5.0
18051,8.4,26.7,18.0,33.9,59.9,7.4,11.3,6.0,77.9,83.6,16.4,58.2,7.7,18.0,55.6,27.6,10.8,31.6,23.5,14.2,8.3,19.8,6.7,33.0,11.4,8.2,7.7,33.4,24.6,75.8,19.5,12.9,39.4,13.7,3.4,8.4,41.3,3.0,18.3,4.5
18053,9.7,27.8,17.2,37.3,61.4,7.3,11.8,6.6,79.0,83.2,17.8,60.8,8.7,19.1,56.7,28.7,13.0,33.2,24.3,18.1,11.9,23.4,7.0,34.2,13.8,9.6,9.3,34.9,28.3,73.6,20.3,14.6,42.2,15.0,4.2,10.7,40.6,3.5,23.4,5.5
18055,9.2,27.0,19.5,35.4,59.7,7.5,11.6,6.5,76.8,82.6,17.6,62.3,8.6,19.8,56.6,27.7,11.6,32.9,24.0,15.9,9.8,22.2,7.2,35.9,11.9,9.1,8.3,33.7,26.6,73.9,20.2,14.0,40.4,14.5,3.8,9.0,35.9,3.3,22.3,5.0
18057,5.4,21.7,17.8,29.6,59.8,7.5,10.2,4.4,79.8,88.3,10.7,64.3,4.3,9.3,74.6,22.9,8.6,22.0,18.4,7.6,3.6,12.3,5.0,33.3,6.9,4.9,4.8,29.0,15.7,77.4,14.2,8.1,31.9,9.1,2.0,4.9,31.1,2.1,5.1,2.8
18059,7.0,23.8,18.9,33.4,58.4,7.5,11.0,5.0,77.0,86.0,13.5,66.2,5.8,13.6,65.4,25.2,9.5,26.9,21.4,10.1,5.5,16.6,5.6,31.0,9.1,6.5,6.0,30.1,19.8,76.5,17.2,10.5,39.5,11.7,2.6,6.4,34.9,2.5,11.7,3.5
18061,7.8,26.1,19.0,33.4,58.6,7.5,11.3,5.7,77.2,84.4,15.5,60.5,7.1,16.3,62.1,26.1,10.2,30.1,22.6,12.4,7.0,18.4,6.4,33.4,10.2,7.6,6.9,32.6,23.0,76.1,19.0,12.1,42.2,12.8,3.1,7.5,40.3,2.8,9.9,4.1
18063,7.1,24.2,17.7,32.6,60.6,7.2,10.7,4.9,77.9,86.7,12.8,63.0,5.5,12.6,66.8,21.8,9.9,25.2,20.8,10.6,5.6,15.7,5.5,34.0,9.4,6.3,6.1,30.4,19.3,77.8,16.0,9.8,36.0,11.2,2.6,6.7,38.7,2.5,11.3,3.5
18065,8.9,26.8,18.1,36.0,59.8,7.4,11.4,6.2,76.9,83.2,17.0,59.9,8.0,18.4,56.9,27.8,11.2,32.4,24.3,15.1,9.2,20.8,6.8,34.5,11.9,8.5,8.1,35.4,27.6,73.0,19.8,13.1,43.6,14.1,3.6,8.8,43.0,3.1,19.7,4.7
18067,8.7,27.0,17.6,35.0,60.1,7.2,11.8,6.0,77.5,84.0,16.3,58.1,7.8,18.6,60.1,26.5,11.8,30.6,22.6,15.6,9.8,21.0,6.6,32.8,12.5,8.6,8.4,31.8,26.4,74.1,19.3,13.5,36.8,13.9,3.6,9.3,38.1,3.2,24.5,4.9
18069,8.3,26.5,18.2,36.2,59.7,7.4,11.3,5.9,78.3,83.9,16.0,57.8,7.5,17.1,62.4,26.8,11.1,30.7,23.6,13.9,8.1,19.6,6.6,32.2,10.7,8.1,7.4,34.2,24.0,72.8,19.2,12.7,40.0,13.4,3.3,8.0,35.3,3.0,16.8,4.4
18071,10.6,25.7,17.6,33.8,59.5,7.1,10.8,6.0,76.9,83.6,16.0,60.6,7.5,17.4,54.9,26.2,11.6,30.6,24.1,15.6,8.6,20.7,6.7,33.2,12.1,8.1,7.9,34.0,25.9,74.4,18.5,13.1,39.4,13.5,3.5,8.4,37.1,3.1,13.7,4.8
18073,8.9,25.4,18.8,33.4,58.5,7.4,11.0,5.7,75.8,84.3,15.4,60.4,6.9,16.0,63.0,25.9,10.3,29.5,23.1,12.7,7.0,19.1,6.4,33.6,10.7,7.5,7.0,33.0,24.0,74.5,18.6,12.0,40.0,13.3,3.1,7.5,39.8,2.8,14.4,4.1
18075,10.5,27.5,17.5,36.7,60.2,7.3,11.7,6.7,76.7,81.9,18.4,59.4,9.2,20.7,54.4,27.7,12.2,34.6,23.9,17.6,11.4,23.1,7.4,35.0,13.1,9.8,9.1,33.9,29.0,72.3,20.8,14.9,43.6,15.4,4.2,9.8,39.7,3.4,20.7,5.5
18077,8.8,26.2,18.2,34.5,59.4,7.4,11.6,5.9,78.3,83.6,16.6,61.7,7.8,17.8,57.8,27.5,11.1,30.9,23.6,14.6,8.7,20.2,6.6,33.9,11.5,8.4,7.8,33.9,24.2,75.6,19.6,13.0,36.8,14.0,3.4,8.4,35.5,3.0,15.3,4.6
18079,9.4,27.6,17.6,36.1,59.9,7.4,11.6,6.3,77.7,82.9,17.3,58.8,8.5,19.7,56.7,27.9,11.9,33.6,23.8,15.7,9.5,21.8,7.1,34.0,12.3,9.0,8.3,34.4,26.8,71.8,20.2,14.0,40.8,14.7,3.7,8.9,38.6,3.2,23.1,4.9
18081,7.3,26.0,18.1,35.1,59.6,7.5,10.9,5.2,79.7,85.8,14.1,67.0,6.3,14.2,62.3,25.8,10.7,28.2,22.5,11.7,6.1,17.3,5.8,33.2,9.8,6.8,6.3,31.7,21.9,77.3,17.4,10.9,38.6,12.0,2.7,6.7,38.2,2.6,9.8,3.7
18083,8.7,26.2,17.3,35.1,60.3,7.5,11.4,6.2,77.9,83.5,16.8,59.7,8.1,18.5,61.2,26.6,11.4,32.1,24.2,15.2,9.2,21.1,6.9,34.4,11.9,8.6,8.1,33.9,24.5,77.9,19.7,13.3,37.7,14.3,3.6,8.9,34.2,3.2,17.9,4.8
18085,9.6,25.7,18.3,35.5,58.4,7.4,11.0,5.8,76.6,83.7,15.7,59.3,7.3,17.1,62.9,26.1,10.9,29.5,23.0,14.2,7.7,19.2,6.5,34.1,11.3,7.9,7.6,32.5,26.2,77.2,18.6,12.2,38.9,13.4,3.3,8.0,35.5,2.9,15.9,4.5
18087,12.4,25.7,18.3,33.6,57.7,7.0,11.9,6.3,74.8,81.0,19.3,59.3,8.9,20.3,56.0,27.8,11.1,35.2,26.9,17.2,9.3,23.6,7.1,33.9,12.9,9.6,8.5,37.3,28.6,73.7,20.6,14.5,40.0,15.3,3.9,8.3,35.1,3.2,19.2,5.1
18089,11.1,24.3,18.3,34.9,60.9,6.4,11.5,5.8,77.6,84.9,15.6,62.7,7.2,17.2,57.4,21.0,12.9,29.9,27.0,20.4,12.1,22.4,6.2,30.3,15.3,8.5,9.8,33.0,26.9,76.7,18.1,13.8,39.9,14.0,4.0,11.8,43.4,3.3,17.0,5.7
18091,9.9,26.7,16.7,36.9,60.7,7.2,11.0,6.1,77.5,84.0,16.4,59.1,7.7,17.9,56.2,25.3,12.5,33.7,25.1,16.9,10.1,21.6,6.8,33.3,13.4,8.5,8.7,37.8,26.8,74.3,19.0,14.2,37.1,14.1,3.7,9.9,38.9,3.2,15.5,5.1
18093,8.4,26.9,17.8,34.2,59.8,7.5,11.5,6.0,77.4,83.3,16.2,58.0,7.8,17.3,58.3,26.1,11.0,30.5,22.7,13.5,8.2,19.9,6.8,33.3,10.7,8.3,7.5,33.8,25.1,72.5,19.1,12.6,41.8,13.8,3.4,8.1,39.4,3.0,15.7,4.5
18095,9.3,27.4,16.2,36.3,60.7,7.2,11.5,6.1,78.2,83.6,16.3,63.0,7.8,18.8,56.3,27.7,11.8,31.0,24.2,16.6,10.1,21.3,6.5,34.3,13.0,8.6,8.6,34.2,27.9,75.1,19.5,13.1,36.3,13.9,3.7,9.6,38.3,3.2,18.8,5.0
18097,10.7,24.8,17.8,38.0,62.3,6.5,11.7,5.8,79.0,85.2,15.3,61.8,7.1,15.2,59.6,25.3,12.8,29.9,25.1,18.7,11.7,21.0,5.8,33.7,14.5,8.5,9.6,35.5,24.4,80.5,17.8,13.9,38.4,13.4,4.0,11.3,39.7,3.4,16.5,5.6
18099,10.9,25.8,18.1,35.0,60.0,7.1,11.2,6.1,76.0,83.2,16.7,60.8,7.8,17.9,58.8,27.0,11.5,31.2,24.6,16.0,9.1,21.5,6.8,34.9,12.4,8.6,8.3,34.5,27.4,70.5,19.4,13.3,43.4,14.1,3.6,8.8,39.0,3.1,16.2,5.0
18101,9.0,26.7,18.5,35.2,59.3,7.4,11.6,6.4,77.1,82.9,17.1,59.7,8.4,19.3,53.9,27.3,11.5,32.1,23.8,15.1,9.1,21.1,7.1,34.2,11.8,8.8,8.1,34.2,25.7,73.3,20.0,13.5,39.1,14.4,3.7,8.8,38.5,3.2,17.0,4.8
18103,10.1,26.5,17.7,36.2,60.4,7.3,11.2,6.7,77.6,82.5,17.5,56.9,8.6,19.5,55.3,26.8,12.5,34.9,25.0,17.2,10.7,22.6,7.4,34.8,13.2,9.1,9.0,34.6,27.2,75.9,19.6,14.5,44.2,14.6,4.0,9.9,38.1,3.4,13.4,5.3
18105,7.2,24.9,17.7,32.6,60.4,7.4,11.0,5.8,79.0,85.3,14.5,59.2,6.9,14.3,60.1,26.7,11.0,28.1,21.3,13.2,7.9,18.6,6.3,35.1,10.2,7.5,7.4,35.1,21.9,76.3,18.2,11.9,35.7,12.5,3.3,8.1,33.5,2.9,12.8,4.4
18107,9.6,26.7,18.1,35.0,59.0,7.3,11.2,6.2,78.0,83.0,16.5,54.9,8.1,18.1,58.4,27.1,11.2,31.5,23.7,15.5,9.2,20.8,6.9,33.5,12.0,8.6,8.1,33.3,27.2,73.5,19.1,13.4,39.5,14.0,3.6,8.9,40.6,3.1,15.3,4.8
18109,8.1,25.4,17.8,33.8,58.7,7.5,11.1,5.8,76.6,84.1,15.5,59.3,7.3,16.4,60.2,26.5,10.9,28.8,22.5,12.8,7.2,18.6,6.3,32.5,10.5,7.7,7.0,33.5,23.1,75.8,18.8,12.1,37.3,13.3,3.1,7.5,35.7,2.9,10.7,4.1
18111,10.5,26.9,18.3,34.6,59.4,7.2,11.2,6.2,76.3,82.7,17.2,60.9,8.1,18.6,57.8,26.1,11.4,33.2,24.2,16.1,9.3,22.0,7.0,33.1,12.5,8.7,8.3,33.3,26.5,70.4,19.5,13.8,43.3,14.5,3.7,8.9,39.8,3.2,23.6,5.0
18113,11.0,24.9,18.3,33.1,57.5,7.3,11.2,5.9,77.0,83.3,16.8,61.3,7.6,17.2,60.4,25.3,11.1,31.3,23.9,15.3,8.4,20.7,6.7,33.2,12.1,8.3,8.0,32.5,25.9,71.1,19.0,12.9,39.5,13.9,3.5,8.3,36.3,3.0,17.9,4.8
18115,8.0,25.7,18.5,33.4,58.7,7.5,11.2,5.8,77.6,84.0,15.8,63.5,7.3,16.9,63.1,27.1,10.5,29.9,23.2,12.9,7.4,18.9,6.6,33.6,10.4,7.8,7.1,33.4,23.9,74.8,19.1,12.2,39.2,13.2,3.2,7.6,36.0,2.9,20.8,4.2
18117,9.5,27.9,17.9,35.4,59.5,7.3,11.6,6.3,77.3,82.5,17.6,56.6,8.5,19.6,59.1,28.4,11.5,34.0,23.9,16.2,9.8,21.7,7.1,34.9,12.4,9.1,8.4,34.3,26.9,74.3,20.5,13.9,39.5,14.5,3.8,9.0,40.4,3.2,19.5,5.0
18119,9.0,26.9,18.0,34.5,58.7,7.4,11.6,6.2,77.1,82.7,17.2,59.1,8.3,18.7,56.3,28.2,11.1,32.8,24.5,15.3,9.3,21.2,7.0,34.0,11.8,8.8,8.1,34.1,25.6,73.0,19.9,13.5,41.2,14.3,3.6,8.6,37.8,3.2,16.0,4.8
18121,10.1,28.1,17.0,36.3,60.6,7.3,12.4,6.8,77.5,82.1,19.2,55.0,9.7,21.3,58.1,28.8,12.2,35.5,24.5,18.8,12.6,24.0,7.5,34.4,13.9,10.3,9.7,34.2,29.3,72.0,21.2,15.5,42.4,15.7,4.3,10.6,38.1,3.5,20.0,5.7
18123,8.9,26.1,18.7,35.8,59.9,7.4,11.0,6.2,76.9,83.1,16.2,61.7,7.8,18.6,60.0,26.1,11.1,30.9,24.5,14.1,8.3,20.1,6.8,33.8,11.3,8.2,7.7,33.8,24.5,75.0,19.2,12.8,37.5,13.7,3.4,8.4,35.8,3.1,14.8,4.5
18125,8.9,26.8,18.0,34.3,59.1,7.4,11.4,6.2,77.1,83.0,16.9,60.9,8.2,18.9,58.9,27.0,11.2,31.9,23.7,14.9,9.0,20.6,6.9,33.9,11.5,8.6,7.9,33.0,25.7,75.2,19.7,13.4,37.7,14.1,3.5,8.5,39.8,3.1,18.5,4.7
18127,8.7,24.8,17.3,34.3,57.4,7.0,11.0,5.4,77.8,85.3,14.2,61.2,6.4,14.7,63.9,24.4,10.6,27.8,22.5,13.0,6.8,17.9,6.0,33.9,10.9,6.9,6.9,32.1,24.5,78.3,17.7,11.3,39.8,12.6,2.9,7.7,38.1,2.7,12.5,4.1
18129,7.3,25.5,18.6,33.2,58.4,7.6,11.0,5.5,78.1,84.7,14.9,62.9,6.8,15.6,66.4,26.4,10.0,28.2,22.3,11.6,6.6,17.8,6.3,32.3,9.9,7.3,6.6,32.4,21.3,76.0,18.4,11.3,40.0,12.5,2.9,7.2,34.9,2.8,15.6,3.9
18131,9.5,26.3,18.2,35.1,58.8,7.4,11.4,6.3,76.9,83.0,17.1,60.0,8.2,18.8,57.2,27.1,11.4,32.6,24.3,15.4,9.1,21.4,7.0,33.4,12.0,8.7,8.1,33.5,26.6,73.4,19.8,13.5,38.7,14.3,3.6,8.8,37.3,3.2,21.3,4.9
18133,8.3,25.6,18.1,34.1,60.0,7.4,11.3,5.9,77.4,84.0,15.7,58.6,7.4,17.3,61.4,26.4,11.1,30.4,23.2,13.6,7.8,19.2,6.6,34.0,11.1,7.9,7.5,33.4,24.2,74.9,18.8,12.3,39.1,13.3,3.3,8.1,40.0,3.0,16.7,4.4
18135,9.7,27.0,17.4,34.9,59.6,7.3,11.4,6.4,76.7,82.7,17.3,58.1,8.4,19.4,56.9,27.2,11.5,32.7,23.9,16.1,10.0,21.9,7.1,34.2,12.6,9.0,8.5,34.3,27.2,73.3,20.0,14.0,38.7,14.5,3.8,9.3,38.8,3.2,16.8,5.0
18137,8.2,25.8,18.6,33.2,58.7,7.5,11.3,5.7,77.6,83.8,15.7,61.9,7.3,17.2,60.6,26.1,10.2,29.5,23.7,12.9,7.3,18.9,6.4,33.3,10.5,7.8,7.1,33.4,23.6,74.9,19.1,12.1,36.1,13.1,3.1,7.6,38.6,2.9,14.1,4.2
18139,8.8,26.8,17.7,34.6,59.8,7.4,11.7,6.3,77.8,83.1,17.1,58.5,8.4,19.0,59.8,27.9,11.5,32.1,23.1,15.6,9.7,21.3,7.0,34.4,11.9,8.9,8.2,34.1,26.0,69.8,20.0,13.7,39.0,14.4,3.7,8.9,39.4,3.2,21.1,4.9
18141,9.2,25.1,17.1,35.1,60.7,7.1,11.2,5.7,78.9,84.8,16.0,60.7,7.1,15.6,59.7,27.7,11.7,31.5,25.5,16.0,9.5,20.7,6.4,33.9,13.0,8.2,8.5,34.9,26.1,72.0,19.3,12.8,36.0,13.0,3.5,9.7,38.3,3.1,12.6,4.9
18143,9.9,27.0,17.3,36.2,59.7,7.3,11.7,6.4,76.9,82.2,18.0,58.6,8.9,20.0,53.6,28.2,11.8,33.3,23.9,16.9,10.7,22.8,7.1,34.7,12.7,9.5,8.8,33.6,28.6,68.8,20.7,14.3,41.8,15.0,3.9,9.3,37.7,3.3,24.8,5.2
18145,9.0,26.4,17.9,35.1,60.1,7.3,11.3,5.9,77.6,83.6,16.4,61.4,7.7,18.1,57.4,28.0,11.3,31.3,23.0,14.4,8.4,20.3,6.6,34.1,11.5,8.3,7.6,33.7,24.8,74.1,19.4,13.1,41.0,13.9,3.4,8.3,35.9,3.0,18.3,4.6
18147,7.8,25.5,18.3,34.4,58.7,7.5,11.0,5.7,77.8,84.7,15.1,61.9,6.9,16.2,61.8,27.3,10.4,29.5,22.4,12.1,6.8,18.1,6.4,33.9,10.1,7.4,6.8,33.1,22.4,77.4,18.6,11.7,39.5,12.9,3.0,7.4,35.6,2.8,12.8,4.0
18149,10.1,27.7,17.5,35.0,59.8,7.3,11.5,6.5,76.3,82.1,18.1,59.2,8.9,20.3,58.4,27.9,11.8,34.2,24.5,17.0,10.5,22.5,7.3,33.9,12.8,9.5,8.7,33.6,27.5,71.8,20.5,14.6,42.1,14.9,4.0,9.6,40.8,3.3,21.7,5.3
18151,8.4,25.3,18.7,33.3,58.2,7.4,11.2,5.8,77.3,84.1,15.4,64.3,7.1,16.4,66.5,27.0,10.6,28.6,23.0,13.0,7.3,19.2,6.4,34.2,10.6,7.7,7.1,33.2,23.3,73.8,18.7,11.9,35.4,13.2,3.1,7.6,36.6,2.9,13.4,4.2
18153,9.7,26.9,17.7,37.1,61.0,7.4,11.3,6.7,77.2,82.2,17.3,60.4,8.9,20.2,56.4,26.0,12.0,33.4,24.0,17.3,10.7,22.8,7.3,34.9,13.1,9.2,9.0,32.9,27.2,71.7,19.5,14.4,43.4,14.8,4.0,10.0,37.7,3.4,16.7,5.3
18155,10.1,27.6,17.8,36.3,59.1,7.3,11.6,6.6,76.6,81.9,18.2,59.7,8.9,20.5,56.6,28.4,11.7,34.3,25.1,16.9,10.4,22.7,7.3,33.8,12.8,9.4,8.7,35.0,27.9,73.6,20.5,14.4,39.9,15.0,3.9,9.2,38.0,3.4,24.9,5.2
18157,8.8,24.8,16.2,33.5,60.8,7.2,10.8,6.1,78.9,84.8,15.0,60.6,7.2,15.2,60.0,23.8,11.6,28.3,22.7,15.0,9.1,19.5,6.5,35.9,11.9,7.8,8.0,32.1,22.6,76.2,17.5,12.5,30.8,12.9,3.5,9.2,37.6,3.1,9.6,4.9
18159,7.8,25.6,18.9,32.9,58.8,7.4,11.2,5.7,77.7,84.4,15.3,60.0,7.0,16.2,63.9,26.7,10.4,29.5,22.5,12.6,7.0,18.3,6.4,33.4,10.2,7.6,6.9,32.6,22.8,74.7,18.5,12.0,36.5,12.9,3.1,7.4,34.9,2.8,14.1,4.1
18161,7.6,25.6,18.9,32.7,58.4,7.4,11.3,5.5,77.6,84.5,15.4,61.6,6.9,16.2,58.9,27.0,10.1,29.4,23.2,12.0,6.6,17.9,6.3,33.4,10.0,7.5,6.7,33.4,22.5,73.3,18.9,11.6,37.4,12.8,3.0,7.1,36.8,2.8,16.2,3.9
18163,8.4,26.5,17.5,35.1,61.2,7.3,11.6,6.0,80.5,84.4,16.1,58.5,7.6,16.8,62.4,27.9,11.2,30.4,22.3,15.5,9.5,20.5,6.5,33.6,12.1,8.5,8.3,32.0,25.4,74.5,19.3,13.2,38.6,13.6,3.6,9.4,40.5,3.1,21.2,4.8
18165,8.6,28.0,17.7,35.3,59.9,7.5,11.6,6.4,78.0,83.0,17.2,58.2,8.4,19.0,55.8,27.6,11.5,32.8,23.2,15.2,9.5,21.4,7.0,33.9,11.8,8.8,8.1,34.1,26.0,72.5,20.0,13.8,40.4,14.4,3.7,9.0,38.0,3.2,18.3,4.9
18167,9.1,27.8,16.8,36.3,61.7,7.3,11.6,6.6,78.4,83.3,17.2,58.7,8.9,19.1,56.3,26.9,12.8,32.7,22.8,17.5,11.3,23.0,7.0,35.2,13.6,9.4,9.2,34.2,25.6,74.8,20.0,14.3,42.6,14.6,4.1,10.4,40.5,3.4,23.3,5.4
18169,8.5,26.6,18.1,33.7,59.5,7.5,11.5,5.9,77.5,83.5,16.3,63.3,7.8,17.5,61.1,26.2,10.8,31.1,22.4,14.3,8.3,19.8,6.7,33.0,11.1,8.2,7.5,33.3,24.8,70.4,19.4,12.8,38.4,13.5,3.4,8.1,33.7,3.0,17.5,4.5
18171,8.4,26.2,18.4,33.7,59.2,7.5,11.4,6.0,77.1,83.6,16.3,61.4,7.7,17.8,60.4,27.3,10.9,31.1,23.4,13.8,8.1,19.7,6.7,34.0,11.0,8.2,7.5,34.5,24.7,75.3,19.5,12.7,41.4,13.6,3.3,8.1,40.3,3.0,12.6,4.4
18173,6.4,24.2,18.7,30.5,59.1,7.5,10.7,5.0,78.7,86.1,13.1,62.6,5.7,13.1,68.8,25.9,9.5,25.6,21.0,9.5,5.1,15.5,5.7,34.2,8.4,6.3,5.7,31.5,19.9,77.9,17.3,9.9,33.8,11.2,2.5,6.0,36.3,2.5,11.3,3.3
18175,9.4,27.1,17.9,36.9,59.4,7.4,11.7,6.5,77.3,82.4,17.8,60.2,8.9,20.0,59.6,28.6,11.9,33.9,23.5,16.4,10.6,22.2,7.4,34.5,12.5,9.4,8.7,33.5,27.1,71.3,20.2,14.3,41.0,14.9,3.9,9.3,36.9,3.3,21.3,5.2
18177,9.4,27.5,17.8,35.9,60.5,7.3,11.9,6.5,77.7,82.9,18.0,58.5,8.7,19.8,54.7,28.4,12.1,34.6,25.3,17.6,11.3,22.4,7.2,33.6,13.4,9.5,9.1,34.7,27.3,72.6,20.8,14.5,38.2,14.7,4.1,10.2,40.7,3.4,15.3,5.4
18179,8.3,26.4,18.1,34.3,58.7,7.4,11.0,5.7,77.1,84.1,15.5,63.6,7.1,16.8,60.1,26.9,10.4,30.2,23.1,13.1,7.3,18.8,6.4,32.8,10.6,7.7,7.0,34.2,24.2,73.4,18.8,12.4,41.9,13.0,3.1,7.6,39.6,2.9,14.2,4.2
18181,10.1,26.5,17.9,33.7,59.2,7.3,11.1,5.9,77.6,83.7,16.2,61.2,7.6,16.9,59.1,26.8,11.4,30.7,23.5,14.8,8.3,20.4,6.7,34.1,11.9,8.2,7.8,33.8,26.1,77.1,18.9,13.0,44.7,13.7,3.4,8.3,39.0,3.0,16.6,4.7
18183,8.0,25.6,18.5,32.8,59.3,7.5,11.1,5.7,77.6,84.2,15.2,63.6,7.1,16.1,62.7,25.8,10.2,28.1,22.7,12.5,7.2,17.9,6.4,32.8,10.4,7.6,6.9,33.0,22.7,73.2,18.6,11.8,39.4,12.9,3.1,7.6,36.4,2.8,12.5,4.1
19001,7.6,24.1,22.4,32.4,59.0,7.4,10.2,5.8,74.4,81.3,15.1,61.0,6.8,17.3,66.5,21.9,9.9,28.5,23.8,13.3,11.8,18.0,6.9,30.5,10.5,7.9,7.5,33.1,25.9,74.1,18.3,11.8,40.1,12.7,3.3,7.4,33.2,3.0,11.1,4.3
19003,7.1,23.8,22.5,31.1,58.4,7.4,10.2,5.5,75.4,82.0,14.7,61.3,6.3,16.4,66.0,22.2,9.5,27.4,24.0,12.2,10.4,17.1,6.6,30.9,9.8,7.5,7.0,33.8,24.9,77.0,17.9,11.1,39.2,12.3,3.1,6.8,34.3,2.8,9.0,3.9
19005,8.8,23.4,22.3,31.8,58.7,7.2,9.9,5.8,73.4,81.4,14.9,60.2,6.5,16.8,64.6,21.7,9.8,27.0,24.8,13.7,11.7,18.3,6.8,30.2,11.1,7.7,7.6,32.4,25.3,77.6,18.2,11.6,42.5,12.7,3.3,7.5,36.6,3.0,11.7,4.3
19007,8.8,25.8,21.5,35.2,59.9,7.4,10.9,6.6,75.2,79.8,17.3,56.7,8.3,20.4,62.0,23.8,11.5,32.4,24.3,17.2,16.7,21.5,7.7,31.4,12.3,9.7,9.2,33.6,29.0,73.5,19.6,14.1,43.5,14.5,4.2,9.1,33.5,3.5,15.0,5.4
19009,7.8,24.3,22.4,31.4,58.1,7.4,10.3,5.8,74.7,81.5,15.2,58.8,6.7,17.0,63.2,21.9,9.8,28.5,23.9,13.4,11.8,18.0,6.9,30.0,10.7,8.0,7.6,33.1,25.2,74.4,18.3,11.8,37.8,12.8,3.4,7.5,33.9,3.0,15.4,4.3
19011,6.5,22.9,23.4,30.1,58.2,7.5,9.9,5.2,75.6,82.9,13.6,62.7,5.7,15.2,66.6,21.3,8.6,25.2,23.7,10.5,8.6,15.7,6.2,30.6,8.8,6.8,6.3,31.8,22.1,82.0,17.2,10.0,40.6,11.6,2.8,6.0,34.7,2.6,8.8,3.5
19013,7.4,25.0,22.0,32.4,59.7,7.1,10.5,5.7,77.8,83.1,14.4,66.4,6.4,16.9,63.4,21.6,10.8,27.9,23.8,13.5,12.6,18.5,6.5,33.3,10.3,7.8,8.0,31.8,23.5,78.2,17.2,11.9,42.0,12.0,3.4,7.7,36.0,3.0,10.1,4.3
19015,6.6,22.9,23.7,31.0,57.5,7.5,9.9,5.1,75.4,82.9,13.4,60.7,5.5,14.4,67.9,21.3,8.9,24.8,24.3,10.3,8.2,15.5,6.1,31.0,8.8,6.6,6.2,33.7,23.3,80.2,17.1,10.1,42.9,11.4,2.7,6.0,35.3,2.6,9.2,3.5
19017,6.1,22.6,23.6,29.5,58.0,7.6,9.8,5.0,75.4,83.6,12.9,63.6,5.4,14.2,68.6,20.5,8.4,23.6,22.4,9.8,7.9,14.7,6.0,29.0,8.5,6.4,6.0,30.8,21.4,80.1,16.5,9.6,38.6,11.0,2.6,5.8,34.5,2.5,9.3,3.3
19019,6.8,22.9,24.1,30.5,57.7,7.4,10.0,5.2,74.9,82.4,13.9,62.6,5.8,15.6,69.7,21.3,8.9,25.8,23.9,11.0,8.9,15.7,6.3,29.8,9.3,7.0,6.4,32.4,22.6,78.6,17.3,10.4,37.4,11.7,2.8,6.2,35.4,2.7,13.4,3.6
19021,13.2,22.3,18.8,31.6,59.0,6.4,9.4,6.0,75.4,81.0,15.3,55.3,6.4,16.2,62.4,18.3,11.7,28.7,28.2,19.1,14.9,22.1,6.8,32.1,14.8,8.2,9.5,35.6,29.7,77.9,16.9,13.0,38.9,13.3,3.9,9.2,34.9,3.2,17.6,5.6
19023,7.3,24.6,24.2,31.6,58.1,7.4,10.1,5.6,75.4,81.8,14.6,61.9,6.4,16.4,68.4,22.0,9.5,26.3,23.8,12.4,10.6,17.5,6.6,31.1,10.0,7.5,7.1,32.1,25.7,78.4,17.9,11.3,39.3,12.5,3.2,6.9,31.3,2.9,13.1,4.0
19025,7.4,23.8,22.6,30.8,58.8,7.4,10.0,5.6,74.9,81.9,14.5,56.5,6.3,16.4,66.9,21.1,9.6,27.1,24.5,12.4,10.5,17.2,6.6,30.6,10.2,7.4,7.2,32.4,24.5,75.2,17.6,11.1,40.3,12.2,3.1,7.1,32.0,2.9,11.8,4.0
19027,7.3,23.6,23.0,30.8,58.5,7.4,10.0,5.4,75.6,82.3,14.3,60.7,6.1,15.9,65.7,21.2,9.3,26.2,23.4,12.1,10.2,16.8,6.5,30.3,9.8,7.3,7.0,31.9,25.2,79.6,17.6,10.9,40.0,12.3,3.0,6.8,32.4,2.8,12.2,3.9
19029,8.1,25.0,21.7,32.3,59.2,7.5,10.4,6.0,75.4,80.9,15.8,60.2,7.2,18.2,61.3,22.8,10.5,30.3,25.6,14.4,13.2,19.1,7.0,30.9,11.1,8.4,8.1,35.4,26.3,78.9,18.6,12.8,41.0,13.4,3.6,8.0,34.3,3.1,15.3,4.6
19031,6.9,22.7,23.4,30.2,58.3,7.3,10.1,5.2,75.1,82.5,14.2,61.7,5.9,15.4,68.4,22.1,9.2,26.4,24.1,11.2,9.4,16.0,6.4,29.5,9.4,7.1,6.6,34.1,23.6,80.5,17.7,10.5,40.5,11.9,2.9,6.4,34.6,2.7,14.0,3.7
19033,7.6,25.6,22.8,30.5,58.4,7.3,10.2,5.5,74.5,81.9,14.4,64.1,6.2,16.3,66.3,22.9,9.5,27.6,25.2,12.4,10.7,17.0,6.6,29.9,10.2,7.4,7.1,34.3,24.9,77.7,17.9,11.0,40.5,12.1,3.1,7.1,32.3,2.8,11.0,4.0
19035,8.4,23.5,21.7,32.1,59.0,7.3,10.2,5.8,75.0,81.2,15.2,59.5,6.8,17.2,64.2,22.1,10.2,27.8,24.7,14.2,12.3,18.5,6.9,31.9,11.1,8.1,7.9,33.5,27.4,75.8,18.3,12.0,41.0,12.9,3.5,7.8,32.2,3.0,15.8,4.5
19037,8.3,23.4,24.0,31.2,57.5,7.4,9.9,5.5,73.4,81.7,14.7,63.5,6.2,16.1,68.1,20.6,9.5,26.8,25.2,12.3,10.2,17.5,6.6,29.2,10.1,7.4,7.0,32.8,25.3,79.7,17.7,11.0,39.6,12.3,3.1,6.8,32.8,2.8,13.3,4.0
19039,12.0,24.4,21.1,32.8,59.2,6.9,10.2,6.4,74.0,79.5,17.2,53.6,7.7,19.2,58.3,21.6,11.6,31.8,25.6,18.8,16.7,22.3,7.5,31.2,14.2,9.3,9.7,34.3,30.3,74.4,18.8,13.9,43.2,14.4,4.2,9.6,34.1,3.4,19.5,5.7
19041,7.3,23.2,22.4,30.5,58.3,7.4,10.1,5.4,74.7,82.2,14.2,59.7,6.2,15.9,66.0,21.3,9.5,26.6,24.1,12.1,10.5,16.6,6.5,29.2,9.9,7.3,7.0,32.8,24.7,77.0,17.5,11.2,35.5,12.2,3.1,6.9,31.8,2.8,9.8,3.9
19043,8.3,23.8,23.2,32.6,58.0,7.3,10.3,6.0,75.2,80.5,16.0,56.9,7.2,18.7,65.6,21.4,10.1,28.6,24.9,14.7,13.2,19.2,7.1,30.6,11.2,8.5,8.1,33.8,27.9,74.5,18.7,12.4,41.2,13.4,3.6,7.9,33.3,3.2,16.2,4.6
19045,7.8,25.1,23.2,32.4,58.6,7.3,10.4,5.8,74.7,81.5,15.2,58.9,6.9,17.3,64.3,21.7,10.0,28.0,23.8,13.8,12.4,18.0,6.8,31.0,10.8,8.1,7.8,33.6,25.7,77.9,18.2,12.1,39.3,12.9,3.4,7.7,34.6,3.0,7.6,4.4
19047,14.3,23.0,21.0,33.2,59.6,6.7,9.6,6.3,75.2,80.8,16.2,55.9,6.9,17.1,61.0,19.5,12.2,30.5,26.6,19.8,15.7,22.7,7.3,30.8,14.9,8.6,9.9,35.3,31.5,78.9,17.6,13.6,43.1,13.9,4.1,9.7,35.6,3.3,22.2,5.8
19049,5.6,21.8,22.1,28.5,58.8,7.4,9.2,4.4,75.5,85.2,11.1,64.9,4.3,10.7,75.3,19.2,8.5,22.4,21.4,8.3,6.2,12.9,5.3,30.8,7.7,5.4,5.3,28.9,19.2,79.1,14.6,8.4,32.4,9.8,2.2,5.0,27.6,2.3,5.6,2.9
19051,9.3,24.2,22.0,31.8,58.0,7.3,10.5,5.8,74.2,80.5,16.4,61.4,7.1,18.1,63.9,22.7,9.7,29.7,26.0,14.1,11.8,19.5,6.9,30.7,11.0,8.3,7.7,34.8,26.8,77.1,18.8,12.3,37.8,13.4,3.5,7.1,33.0,3.0,10.7,4.4
19053,8.5,25.2,21.4,31.6,59.3,7.3,10.4,6.1,74.1,80.8,15.8,60.3,7.3,18.0,62.6,22.4,10.6,29.5,24.0,15.1,13.9,19.7,7.2,31.1,11.6,8.6,8.4,34.1,26.8,73.4,18.6,12.8,41.7,13.7,3.7,8.3,34.2,3.2,10.6,4.8
19055,7.5,23.7,22.5,30.6,58.2,7.4,10.1,5.6,74.6,81.3,15.1,61.9,6.5,16.9,68.6,21.3,9.5,27.6,24.3,12.7,10.8,17.4,6.8,30.4,10.0,7.7,7.2,33.6,25.8,80.3,18.2,11.3,39.8,12.4,3.2,6.9,31.5,2.9,13.0,4.0
19057,7.8,24.0,22.3,29.8,58.7,7.3,10.2,5.5,76.8,81.7,14.9,60.6,6.4,16.5,65.2,22.5,9.8,28.3,25.2,14.0,11.7,17.9,6.6,29.0,11.3,7.7,7.7,33.9,26.5,74.3,18.2,11.7,34.8,12.6,3.3,7.6,32.6,2.9,17.2,4.2
19059,6.1,21.9,22.6,29.3,58.0,7.5,9.9,5.0,74.7,83.4,13.1,58.6,5.4,13.9,65.9,20.6,8.5,24.7,22.5,9.9,8.1,14.7,6.1,29.2,8.5,6.4,6.0,31.5,21.5,77.2,16.6,9.7,37.6,10.9,2.7,5.8,34.7,2.6,10.6,3.4
19061,6.7,23.3,23.1,27.4,58.3,7.4,10.0,5.1,75.9,82.8,13.4,60.7,5.7,14.3,63.6,20.3,8.8,25.5,22.5,11.6,9.5,15.5,6.3,28.4,9.4,6.9,6.6,31.7,21.8,78.3,16.8,10.2,34.9,11.2,2.9,6.6,35.3,2.7,11.3,3.7
19063,9.5,23.5,22.6,32.1,58.1,7.3,10.1,5.8,74.7,81.1,15.3,61.9,6.6,17.0,66.1,21.0,10.0,28.3,24.6,14.2,11.8,18.6,6.9,30.4,11.5,7.9,7.9,33.5,26.2,79.7,18.1,11.9,43.2,13.0,3.4,7.6,34.2,3.0,15.5,4.5
19065,7.9,23.6,23.4,32.1,58.5,7.4,10.0,5.8,75.9,81.0,15.3,61.0,6.8,17.9,60.1,21.5,10.1,27.9,25.1,14.2,12.3,18.7,6.8,31.0,11.2,8.0,7.8,32.6,27.4,74.0,18.2,12.0,39.0,13.0,3.4,7.8,34.1,3.0,14.7,4.4
19067,7.8,23.7,21.7,31.0,58.6,7.2,10.2,5.7,74.4,81.4,15.0,58.0,6.5,16.9,65.2,21.9,9.8,27.9,24.4,13.2,11.4,17.6,6.7,30.4,10.7,7.7,7.5,34.4,25.4,76.6,18.2,11.6,40.0,12.5,3.3,7.4,32.5,2.9,10.2,4.2
19069,10.7,24.2,21.6,31.9,59.0,7.1,10.1,6.1,74.4,81.0,15.8,59.7,7.0,17.4,62.3,21.7,10.9,29.6,25.3,16.0,13.4,20.1,7.1,30.4,12.6,8.3,8.5,33.9,28.2,76.9,18.3,12.6,40.9,13.6,3.7,8.5,36.2,3.1,15.2,5.0
19071,7.1,23.8,22.5,30.6,57.9,7.4,10.2,5.4,75.1,82.3,14.4,60.5,6.1,15.9,69.3,21.9,9.3,26.5,23.6,11.7,9.9,16.9,6.5,30.2,9.7,7.3,6.8,33.2,23.4,77.3,17.8,10.8,40.0,12.1,3.0,6.7,32.7,2.8,12.8,3.8
19073,7.6,24.0,22.4,30.9,58.6,7.4,10.3,5.6,74.8,81.4,15.1,61.1,6.6,17.3,65.5,22.2,9.8,27.9,23.8,12.8,11.1,18.1,6.7,29.8,10.4,7.8,7.4,33.5,25.8,72.3,18.4,11.6,36.0,12.9,3.3,7.2,32.6,2.9,13.7,4.2
19075,6.2,22.5,23.2,29.2,57.3,7.5,9.9,5.0,75.3,83.3,13.1,64.4,5.4,14.3,70.2,21.0,8.6,24.9,23.1,9.7,7.7,14.6,6.1,30.1,8.5,6.4,5.9,32.9,22.1,82.0,17.2,9.8,37.5,11.2,2.6,5.7,32.9,2.5,8.9,3.3
19077,6.9,22.3,23.0,30.0,57.6,7.4,10.0,5.2,73.7,82.4,13.9,61.9,5.8,15.2,66.9,21.0,9.1,25.8,23.3,11.2,9.2,15.9,6.3,30.7,9.3,7.0,6.6,32.2,23.9,77.1,17.4,10.3,37.2,11.8,2.9,6.4,34.1,2.7,10.0,3.7
19079,8.1,22.6,22.3,30.5,58.4,7.3,10.0,5.3,76.0,82.5,14.0,62.2,5.8,15.2,68.4,20.9,9.5,25.4,24.0,12.0,9.4,16.5,6.3,29.2,9.9,7.0,6.9,32.8,23.8,76.4,17.0,10.5,36.6,11.8,3.0,6.6,32.0,2.7,9.4,3.9
19081,8.0,23.9,23.3,30.8,58.3,7.3,10.0,5.5,75.4,81.9,14.6,61.7,6.3,16.3,65.7,21.9,9.6,27.3,24.8,12.6,10.4,17.9,6.6,30.7,10.1,7.4,7.1,34.1,26.5,77.1,17.6,11.2,42.5,12.5,3.1,6.9,34.1,2.8,7.3,4.0
19083,8.0,23.4,23.0,31.6,58.2,7.4,10.1,5.6,75.0,81.6,15.0,58.8,6.5,16.9,64.1,21.6,9.9,27.1,23.8,13.1,11.3,17.8,6.7,29.8,10.6,7.8,7.5,32.7,25.2,77.2,18.0,11.5,39.2,12.5,3.3,7.4,32.8,2.9,11.3,4.2
19085,7.2,23.3,23.2,30.7,58.5,7.4,10.1,5.5,75.7,82.1,14.5,57.1,6.2,16.1,62.3,21.6,9.7,27.0,23.7,12.0,10.1,16.7,6.5,31.2,9.9,7.4,6.9,32.2,24.0,79.5,17.7,10.8,35.0,12.2,3.0,6.7,34.8,2.8,17.3,3.9
19087,8.2,23.5,22.3,32.1,58.6,7.3,9.8,5.7,74.5,81.4,14.8,60.2,6.5,16.7,62.2,21.2,10.2,27.6,24.9,12.9,11.4,18.1,6.7,30.6,10.6,7.6,7.5,31.6,24.8,76.6,17.7,11.5,39.1,12.4,3.3,7.4,38.9,3.0,10.1,4.2
19089,8.0,23.6,22.5,31.0,58.2,7.4,10.2,5.7,74.4,81.2,15.2,58.1,6.6,17.2,67.0,21.8,9.7,27.9,24.5,12.9,11.0,18.0,6.8,30.3,10.3,7.8,7.3,33.2,24.6,75.6,18.2,11.5,38.2,12.6,3.2,7.0,32.7,2.9,11.0,4.2
19091,8.1,24.3,22.5,32.0,58.7,7.4,10.3,5.9,74.8,81.3,15.3,62.2,6.9,17.4,63.8,21.7,10.2,28.8,23.8,13.9,12.4,18.3,7.0,30.4,11.0,8.1,7.9,32.3,25.5,78.1,18.4,12.0,41.6,12.9,3.5,7.8,35.3,3.1,10.0,4.5
19093,7.8,23.5,23.1,30.7,58.5,7.4,10.2,5.6,74.0,81.6,14.9,56.8,6.5,16.7,67.8,21.7,9.6,27.4,24.6,13.0,11.2,17.6,6.7,30.4,10.5,7.7,7.4,33.6,25.7,75.3,17.9,11.4,41.4,12.4,3.2,7.2,32.7,2.9,12.9,4.1
19095,7.0,22.6,22.7,30.5,58.0,7.4,10.0,5.3,75.8,82.7,14.0,61.8,5.9,15.0,70.3,21.5,9.1,26.2,23.7,11.2,9.3,16.3,6.4,30.9,9.1,7.0,6.6,33.1,23.1,76.7,17.6,10.6,43.1,11.8,2.9,6.3,29.6,2.7,12.1,3.7
19097,7.4,23.9,23.8,31.3,58.3,7.3,10.2,5.6,74.7,81.5,14.9,59.0,6.5,16.8,64.9,22.2,9.6,27.3,24.0,12.5,10.9,17.5,6.7,30.5,10.2,7.7,7.2,33.9,25.0,74.4,18.3,11.3,40.2,12.5,3.2,7.1,36.0,2.9,11.9,4.1
19099,7.5,23.4,22.3,31.7,57.8,7.2,10.0,5.5,75.6,81.8,14.7,59.7,6.3,16.9,67.1,21.5,9.7,27.9,24.4,12.4,10.3,17.4,6.5,30.4,10.3,7.5,7.1,31.5,24.1,76.1,17.9,11.4,38.3,12.3,3.1,6.9,32.0,2.9,12.7,4.0
19101,7.0,23.1,20.4,31.9,58.2,7.4,9.7,5.7,75.7,82.1,13.5,58.1,6.2,14.8,62.8,20.3,10.1,25.9,23.6,13.0,11.3,17.6,6.7,30.6,10.1,7.2,7.4,34.0,24.1,78.4,16.4,11.1,39.7,12.0,3.3,7.3,34.4,2.9,11.2,4.3
19103,6.4,21.8,22.2,30.8,60.9,7.2,9.7,5.2,77.5,84.0,12.4,60.2,5.4,12.3,70.0,20.4,9.7,23.7,22.7,11.2,9.5,15.1,6.0,29.4,9.5,6.6,6.7,31.2,19.2,81.6,15.7,10.2,32.8,10.6,3.0,6.8,30.8,2.7,13.8,3.9
19105,7.4,23.1,23.5,30.6,58.3,7.3,9.9,5.5,75.8,81.8,14.4,61.5,6.2,16.4,66.4,21.0,9.4,26.8,24.2,12.4,10.4,16.8,6.6,30.1,10.1,7.3,7.1,31.5,24.0,77.0,17.7,11.0,39.6,12.1,3.1,7.0,35.6,2.9,10.7,3.9
19107,7.8,24.3,22.3,32.8,58.7,7.4,10.3,5.9,74.3,80.7,15.7,60.9,7.0,18.2,64.9,22.7,10.4,29.2,24.8,14.0,12.7,18.7,7.1,30.2,11.0,8.3,7.8,34.4,26.7,75.0,18.8,12.2,41.5,13.2,3.5,7.8,33.2,3.1,15.9,4.4
19109,7.6,23.2,23.0,29.9,58.3,7.4,10.1,5.5,75.3,82.2,14.6,58.9,6.2,15.9,64.6,21.8,9.7,27.1,23.2,12.5,10.5,17.1,6.6,29.7,10.1,7.4,7.1,32.4,24.4,77.5,18.0,11.0,38.9,12.2,3.1,7.0,36.0,2.8,11.3,4.0
19111,7.8,24.8,21.1,31.2,58.6,7.4,10.3,5.8,74.6,81.2,15.2,58.1,6.8,18.0,62.9,21.6,10.0,28.7,24.5,13.8,12.6,18.6,6.8,30.8,11.0,8.1,7.8,31.8,26.1,77.9,18.4,12.4,37.5,13.3,3.5,7.8,36.5,3.1,16.1,4.4
19113,6.6,23.3,22.0,28.2,59.2,7.4,10.4,5.1,76.3,83.3,13.6,59.4,5.7,13.9,68.1,23.8,9.7,26.4,24.8,12.1,9.6,15.5,6.2,29.7,9.7,6.9,6.8,33.9,21.8,78.5,17.1,10.3,35.6,11.5,2.9,6.9,32.0,2.7,12.9,3.7
19115,10.4,23.2,21.3,30.3,58.4,6.9,9.8,5.5,75.1,81.7,14.8,63.8,6.1,16.0,64.3,20.7,10.1,28.0,25.9,14.5,11.1,18.6,6.6,30.5,11.7,7.4,7.7,33.5,27.2,80.9,17.3,11.6,40.0,12.5,3.3,7.3,37.8,2.9,11.5,4.4
19117,8.6,24.9,21.9,32.5,59.1,7.3,10.4,6.2,74.9,80.2,16.3,58.1,7.5,18.9,61.9,22.6,10.6,29.8,24.7,14.9,13.8,19.9,7.3,30.6,11.5,8.7,8.2,33.1,26.9,80.8,19.0,12.8,39.8,13.6,3.7,8.2,34.8,3.2,16.8,4.8
19119,7.8,24.3,26.3,32.4,59.8,7.8,10.4,5.5,76.6,83.1,14.8,61.4,6.1,16.6,68.5,22.2,9.8,28.9,24.1,11.0,9.0,17.4,6.7,31.9,9.3,7.3,6.5,33.3,26.0,78.8,18.5,11.4,42.6,12.6,3.0,6.2,31.7,2.8,10.0,3.8
19121,6.3,22.4,23.5,28.8,56.7,7.5,9.8,5.0,75.1,83.3,13.4,62.4,5.4,14.1,72.5,21.3,8.5,24.7,23.7,9.8,7.8,14.8,6.0,30.5,8.5,6.5,5.9,33.0,21.6,81.8,17.1,9.7,36.6,11.3,2.6,5.6,31.3,2.5,7.6,3.3
19123,7.4,24.3,21.8,31.6,58.9,7.3,10.2,5.7,74.3,81.3,14.9,60.0,6.6,17.1,67.4,22.1,9.7,27.9,24.4,13.0,11.4,17.9,6.7,30.5,10.4,7.7,7.4,33.0,27.1,75.3,18.2,11.7,39.0,12.7,3.3,7.3,35.1,3.0,16.7,4.2
19125,6.2,22.8,23.3,30.0,57.2,7.6,9.7,5.0,75.5,83.4,13.2,62.3,5.4,14.0,71.8,22.1,8.7,26.3,22.9,10.0,8.0,15.1,6.1,29.7,8.4,6.4,5.9,31.7,21.4,76.7,17.0,10.1,40.0,11.1,2.6,5.7,29.3,2.5,9.8,3.3
19127,11.5,22.6,21.6,30.6,57.9,6.8,9.5,5.6,76.6,82.0,14.8,56.9,6.1,15.5,63.2,20.0,10.8,28.7,24.7,15.7,12.2,19.4,6.8,31.0,12.7,7.6,8.2,32.6,27.4,74.5,16.8,12.0,44.4,12.9,3.5,8.0,35.1,2.9,17.4,4.8
19129,6.3,22.7,23.1,29.8,57.9,7.5,9.9,5.0,75.2,83.4,13.0,62.4,5.3,13.9,65.4,21.0,8.8,24.5,22.5,9.8,7.9,14.6,6.1,31.2,8.6,6.5,6.0,31.9,21.4,79.6,16.9,9.9,38.8,11.1,2.7,5.8,31.8,2.6,10.3,3.4
19131,7.3,23.5,23.3,31.0,58.8,7.4,10.1,5.5,75.0,82.0,14.4,60.1,6.2,16.0,64.3,21.0,9.3,26.4,23.2,11.8,10.0,16.6,6.5,30.1,9.7,7.4,6.9,32.5,24.3,78.2,17.6,11.0,40.4,12.1,3.1,6.7,34.2,2.8,9.9,3.9
19133,7.7,24.3,21.6,32.0,58.7,7.4,10.3,5.7,75.4,81.3,15.5,58.3,6.8,17.2,62.6,22.4,9.9,28.7,24.1,13.6,12.0,18.2,6.9,29.5,10.9,8.0,7.7,34.3,26.0,75.3,18.7,11.9,42.7,12.8,3.4,7.5,34.4,3.0,12.6,4.3
19135,7.0,23.2,22.9,30.7,57.8,7.4,10.1,5.4,75.1,82.2,14.3,57.7,6.1,15.9,66.6,21.8,9.1,26.5,24.1,11.6,9.6,16.4,6.4,30.7,9.5,7.2,6.7,33.0,23.8,79.4,17.8,10.7,38.1,12.0,2.9,6.5,35.0,2.7,18.2,3.7
19137,7.9,23.8,22.1,31.8,58.4,7.4,10.3,5.7,75.0,81.2,15.3,56.7,6.8,17.2,61.9,22.0,9.9,28.0,24.2,13.6,11.8,18.3,6.8,29.9,10.8,8.0,7.6,32.6,26.2,75.5,18.4,11.9,39.7,12.9,3.4,7.5,38.3,3.0,16.7,4.3
19139,10.5,23.3,22.9,31.0,58.7,7.0,9.8,5.6,74.3,81.8,15.1,57.4,6.2,16.2,65.4,20.1,10.3,28.3,25.1,15.0,12.1,18.9,6.7,29.6,12.0,7.6,8.0,33.1,28.1,78.3,18.0,11.9,41.4,12.7,3.4,7.8,34.4,2.9,11.2,4.6
19141,8.7,23.9,21.8,31.3,57.4,7.3,10.2,5.8,74.5,81.0,15.5,58.1,6.8,17.2,64.6,22.2,10.0,29.3,23.9,14.2,12.3,18.8,7.0,30.2,11.1,8.1,7.9,33.3,26.2,78.9,18.3,12.1,39.3,13.0,3.5,7.7,35.4,3.0,15.6,4.5
19143,10.3,23.7,21.5,31.8,58.3,7.1,10.2,6.0,73.9,80.2,16.1,57.8,7.1,18.0,64.1,21.7,10.6,30.3,25.7,16.0,13.4,20.1,7.2,30.7,12.4,8.5,8.5,34.3,27.8,80.2,18.3,12.8,40.1,13.5,3.7,8.2,33.8,3.2,11.4,4.9
19145,8.6,24.5,21.7,34.0,59.6,7.3,10.2,6.1,74.9,80.6,15.8,57.1,7.2,18.6,62.5,21.4,10.6,29.8,25.3,15.1,13.5,19.4,7.1,30.4,11.7,8.4,8.4,32.5,27.2,76.4,18.3,12.7,42.8,13.3,3.7,8.3,32.9,3.2,13.9,4.7
19147,7.3,23.2,23.1,30.9,58.5,7.4,10.1,5.5,75.1,82.0,14.5,57.6,6.2,15.9,67.3,21.5,9.4,26.4,23.8,12.0,10.3,16.7,6.6,30.0,10.0,7.4,7.1,32.1,23.9,78.3,17.7,11.0,40.6,12.2,3.1,6.9,33.7,2.8,9.6,4.0
19149,7.4,22.5,23.7,29.7,58.0,7.3,9.8,5.1,74.8,82.9,13.5,61.1,5.5,14.9,67.0,20.0,9.0,25.0,24.2,11.1,8.7,15.5,6.2,29.4,9.5,6.7,6.5,32.9,23.1,79.8,16.9,10.0,39.4,11.4,2.8,6.3,32.8,2.6,12.1,3.6
19151,8.5,23.4,22.4,30.6,58.5,7.3,10.2,5.6,75.1,81.6,15.1,59.2,6.5,16.7,67.9,21.4,9.8,28.0,24.9,13.6,11.4,18.1,6.7,30.4,11.0,7.8,7.7,34.1,25.9,80.7,18.1,11.6,36.7,12.7,3.3,7.4,33.9,2.9,15.7,4.3
19153,7.6,24.0,21.3,30.1,59.3,7.0,9.8,5.2,74.8,83.1,13.5,61.8,5.5,13.3,64.0,21.7,9.6,25.9,24.0,12.7,10.3,17.0,5.9,31.6,10.7,6.7,7.1,34.0,23.5,77.5,17.4,10.4,36.9,12.2,2.9,7.0,35.3,2.7,11.9,3.8
19155,8.6,23.0,22.7,30.8,59.3,7.2,10.4,5.5,74.8,81.6,15.2,60.2,6.5,17.4,62.2,22.8,9.7,29.5,25.7,14.8,12.1,18.0,6.7,31.1,11.3,8.0,7.9,35.9,26.2,74.0,18.3,12.1,39.2,12.6,3.4,7.6,35.5,2.9,14.0,4.4
19157,7.5,23.7,21.4,31.0,58.8,7.3,10.1,5.5,74.6,82.0,14.6,60.2,6.4,16.2,65.1,22.8,9.5,27.5,24.4,12.8,10.9,17.3,6.6,30.4,10.3,7.6,7.2,33.3,24.7,75.9,17.8,11.3,42.2,12.2,3.2,7.1,32.9,2.9,8.4,4.1
19159,6.9,23.1,23.4,30.4,58.2,7.4,10.1,5.3,75.4,82.5,14.2,58.7,5.9,15.5,65.5,22.3,9.1,26.4,24.0,11.6,9.5,16.3,6.3,30.0,9.4,7.1,6.6,33.7,23.6,77.0,17.6,10.7,43.0,11.9,2.9,6.4,35.5,2.7,16.0,3.7
19161,7.6,23.7,23.1,30.1,57.5,7.4,10.1,5.5,74.7,82.0,14.5,61.3,6.1,15.8,67.8,21.5,9.2,27.2,23.9,12.0,10.0,17.0,6.6,30.0,9.9,7.3,7.0,32.6,24.1,74.5,17.8,10.9,41.6,12.2,3.1,6.8,35.8,2.8,10.9,3.9
19163,7.2,25.1,23.0,29.3,59.4,7.2,10.6,5.2,76.9,83.1,13.3,63.8,5.8,14.3,69.8,21.2,9.4,24.6,23.9,13.3,11.1,16.8,6.1,30.1,11.2,6.9,7.2,34.2,23.2,83.3,17.2,10.6,40.6,11.9,3.0,7.4,35.5,2.8,9.6,3.9
19165,7.5,23.8,23.2,29.8,58.3,7.4,10.2,5.4,75.1,82.2,14.2,57.4,6.0,15.9,66.4,21.6,9.3,27.5,24.3,11.9,10.0,17.1,6.6,30.5,9.9,7.3,6.9,32.6,24.4,74.7,17.7,10.9,38.1,12.2,3.0,6.7,32.1,2.8,14.4,3.9
19167,8.3,21.1,22.1,30.5,57.1,7.3,9.7,5.1,75.5,83.1,13.5,56.9,5.4,14.0,67.3,20.8,8.9,24.5,24.0,11.3,8.5,15.5,6.1,31.3,9.7,6.6,6.5,33.5,23.0,80.1,16.4,10.0,34.5,11.5,2.8,6.2,27.8,2.6,9.2,3.7
19169,6.3,22.6,22.5,31.0,57.5,7.4,9.7,5.4,76.4,83.2,12.9,65.4,5.6,13.8,69.0,20.9,9.8,25.3,21.2,11.4,9.4,15.9,6.4,32.7,9.4,6.7,6.8,32.1,22.2,79.3,16.1,10.3,35.0,11.3,3.0,6.8,29.1,2.8,12.2,3.8
19171,10.0,24.0,21.6,31.4,58.4,7.2,10.3,6.0,74.4,80.9,15.9,59.2,7.0,17.8,62.8,21.4,10.7,30.6,25.8,16.2,13.8,20.2,7.2,30.2,12.7,8.5,8.8,33.9,27.8,76.2,18.4,12.8,40.4,13.5,3.7,8.7,35.3,3.2,13.6,5.0
19173,9.0,24.2,22.1,32.3,58.8,7.2,10.0,5.7,74.7,81.4,15.2,58.4,6.6,17.0,63.8,22.1,10.0,28.8,24.8,13.5,11.3,18.5,6.8,31.3,11.0,7.8,7.5,33.9,26.4,78.1,17.9,11.9,40.0,13.0,3.3,7.3,34.8,2.9,9.4,4.3
19175,7.8,23.8,21.6,31.9,58.7,7.4,10.2,5.6,75.6,81.8,14.8,60.0,6.5,16.5,63.5,21.8,9.8,27.8,23.8,13.1,11.5,17.7,6.8,30.9,10.5,7.8,7.5,32.6,25.6,76.8,18.0,11.6,37.6,12.6,3.3,7.3,32.8,2.9,10.9,4.2
19177,8.6,24.8,21.9,32.8,58.8,7.4,10.6,6.2,74.2,80.2,16.5,55.2,7.6,19.2,61.6,22.9,10.5,30.7,25.0,15.1,13.9,20.4,7.3,30.2,11.4,8.8,8.3,33.7,27.3,72.0,19.1,13.0,39.5,13.9,3.8,8.1,34.8,3.2,13.9,4.8
19179,10.4,24.5,20.3,31.8,60.4,7.0,10.3,6.1,75.1,80.6,16.2,61.4,7.3,18.3,58.4,21.1,11.5,31.2,25.6,17.0,15.2,21.0,7.3,32.0,13.3,8.8,9.2,34.8,29.6,71.9,18.3,13.5,41.9,14.0,4.0,9.2,38.4,3.3,15.7,5.3
19181,6.0,22.7,23.6,29.0,58.6,7.6,9.7,4.7,75.2,84.1,12.5,64.4,5.0,12.8,67.1,21.1,8.4,23.7,22.1,9.1,7.1,13.8,5.8,30.9,7.9,6.1,5.6,31.7,21.0,79.7,16.3,9.3,38.7,10.7,2.5,5.4,33.2,2.4,8.0,3.1
19183,8.2,23.6,23.0,31.6,59.2,7.3,9.9,5.4,75.1,82.1,14.4,61.3,6.2,15.6,68.2,21.9,9.6,26.9,23.8,12.2,10.4,17.1,6.4,30.6,10.0,7.4,7.1,33.8,24.6,78.7,17.5,11.3,38.8,12.4,3.1,6.9,31.7,2.8,10.5,4.1
19185,8.2,24.6,22.0,31.6,58.1,7.3,10.5,6.0,74.7,80.6,16.0,56.8,7.1,18.2,58.5,22.5,10.0,28.9,24.9,13.9,12.4,19.1,7.0,30.7,11.0,8.4,7.8,34.0,27.0,74.5,18.9,12.2,41.2,13.4,3.5,7.6,33.4,3.1,15.2,4.4
19187,8.3,24.1,23.0,33.1,58.7,7.3,10.2,5.7,75.8,81.6,14.9,59.5,6.6,17.1,67.6,21.3,10.1,27.2,24.9,14.1,11.6,18.0,6.7,30.0,11.1,7.7,7.8,34.8,26.6,76.7,18.0,11.6,42.2,12.5,3.4,7.8,37.7,3.0,12.6,4.3
19189,7.5,23.4,22.7,31.0,58.3,7.4,10.0,5.4,75.4,82.4,14.0,60.7,6.0,15.4,71.2,21.5,9.3,26.0,23.2,11.8,9.9,16.5,6.4,30.3,9.9,7.2,7.0,32.0,23.4,78.4,17.4,10.7,39.3,12.0,3.0,6.8,31.1,2.8,14.0,3.9
19191,6.3,22.0,22.9,28.6,57.4,7.5,9.7,5.1,75.8,83.2,13.0,62.1,5.4,13.7,71.0,20.6,8.5,23.6,22.2,9.6,7.9,14.4,6.1,29.3,8.4,6.4,6.0,31.1,21.5,77.6,16.7,9.6,36.1,11.0,2.7,5.8,28.8,2.6,8.4,3.4
19193,10.9,22.5,20.9,32.3,60.5,6.7,9.8,5.8,75.7,81.6,15.2,54.9,6.6,16.5,60.3,20.3,11.0,28.4,26.1,15.8,13.5,20.3,6.8,30.2,12.9,8.1,8.8,33.7,28.4,76.2,18.1,12.3,39.5,13.6,3.7,8.5,32.0,3.1,10.1,5.0
19195,7.3,23.8,22.6,31.0,57.7,7.4,10.0,5.4,75.4,82.3,14.3,62.1,6.1,15.9,69.7,21.6,9.4,26.5,23.9,11.6,9.7,16.8,6.5,30.9,9.8,7.2,6.8,32.5,24.0,78.4,17.6,10.8,40.4,12.0,3.0,6.7,33.5,2.8,11.5,3.8
19197,10.6,23.7,22.2,31.5,59.1,7.1,10.0,6.0,75.1,81.3,15.4,57.0,6.8,16.8,61.8,20.9,10.9,29.3,24.3,16.1,13.6,19.7,7.1,31.1,12.4,8.2,8.6,32.7,27.0,77.3,17.5,12.6,41.3,13.2,3.7,8.5,33.4,3.1,14.6,5.0
20001,9.6,24.6,17.7,31.4,60.2,7.3,10.5,5.9,74.8,81.5,16.6,52.9,7.0,17.4,58.1,23.9,10.1,31.9,21.7,14.3,8.9,18.8,7.2,31.1,12.2,8.5,7.9,31.5,27.7,68.5,18.6,13.0,38.0,13.0,3.5,9.4,38.5,3.0,14.1,4.5
20003,10.3,24.7,18.1,32.8,58.8,7.2,10.5,6.1,73.1,80.2,17.3,50.0,7.5,18.8,59.1,22.9,10.2,32.9,23.1,15.2,9.3,19.7,7.5,32.1,12.5,9.0,8.1,32.2,28.0,71.0,19.0,13.7,40.3,13.4,3.7,9.4,35.5,3.2,14.1,4.7
20005,9.3,24.4,17.8,32.6,59.8,7.0,10.4,5.8,73.6,81.4,16.2,56.0,6.8,17.0,60.7,22.3,10.0,31.5,21.9,13.8,8.4,18.6,7.0,31.0,12.2,8.3,7.7,32.4,27.4,68.9,18.5,12.8,38.8,12.6,3.4,9.3,36.3,3.0,14.9,4.4
20007,9.3,24.3,18.0,32.3,59.5,7.2,10.4,6.0,73.5,81.4,16.3,52.1,7.0,17.1,58.9,22.6,10.0,31.7,20.9,13.8,8.7,18.5,7.3,31.7,12.1,8.4,7.7,29.9,27.1,71.9,18.2,13.1,38.6,12.8,3.5,9.3,34.6,3.0,15.6,4.6
20009,12.3,24.4,16.9,32.5,59.1,6.9,10.2,6.1,74.8,81.2,16.8,56.1,7.2,16.9,60.8,21.5,10.8,33.4,21.8,16.5,9.9,20.2,7.4,32.4,14.0,8.7,8.6,31.1,28.7,68.0,17.7,13.7,39.2,13.2,3.8,10.4,34.6,3.1,15.6,5.1
20011,9.5,25.8,17.6,33.3,60.6,7.2,10.5,6.1,75.2,81.1,16.8,51.5,7.4,17.8,56.0,22.8,10.4,32.5,21.7,14.8,9.6,19.5,7.3,32.6,12.5,8.8,8.2,31.5,29.5,69.1,18.5,13.9,37.3,13.5,3.8,9.9,40.8,3.2,14.3,4.8
20013,9.6,25.3,17.4,33.3,59.5,7.1,10.7,6.0,74.9,81.5,16.6,54.2,7.1,18.2,61.3,22.6,10.3,31.7,22.2,14.9,9.2,18.7,7.4,31.3,12.8,8.7,8.3,31.5,27.2,71.1,18.8,13.3,39.6,13.1,3.6,9.8,33.3,3.1,13.1,4.7
20015,8.6,23.4,17.6,31.3,59.8,7.3,10.2,5.3,75.2,83.3,14.9,57.6,5.8,14.5,65.3,21.8,9.3,29.3,21.1,11.9,6.6,16.2,6.7,32.1,10.9,7.3,6.7,32.7,22.5,71.1,17.4,11.6,38.8,11.8,2.9,7.9,37.3,2.7,12.2,3.8
20017,11.3,24.6,17.3,33.1,60.4,7.2,10.2,6.3,74.5,81.1,16.4,53.7,7.3,17.3,60.8,21.7,10.8,32.4,21.3,15.4,9.7,19.7,7.5,31.7,13.0,8.7,8.5,30.9,27.6,74.1,17.8,13.8,38.8,13.1,3.8,10.1,34.9,3.2,17.1,5.0
20019,11.5,25.4,17.1,34.3,59.7,7.0,10.9,6.8,73.4,79.9,18.4,52.0,8.3,20.1,56.3,23.2,11.3,35.4,22.8,18.0,11.8,22.0,8.2,31.5,14.6,10.0,9.8,31.8,30.6,69.1,19.7,15.3,40.9,14.5,4.3,11.5,37.0,3.5,13.9,5.7
20021,10.1,25.7,16.8,32.8,59.9,7.1,11.0,6.4,74.7,80.5,17.9,53.0,7.9,19.3,58.3,23.8,10.6,35.4,22.4,16.4,10.7,21.0,7.9,32.0,13.4,9.6,9.2,32.5,28.8,70.8,19.3,14.5,43.7,14.1,4.0,10.5,37.0,3.3,14.3,5.2
20023,11.9,24.7,17.2,32.9,59.7,7.0,10.4,6.4,73.8,80.3,17.5,52.4,7.7,18.6,58.8,22.9,11.1,33.5,22.5,16.7,10.6,21.0,7.8,31.6,13.7,9.3,9.0,33.9,30.8,70.8,18.8,14.3,38.5,13.9,4.1,10.5,34.9,3.3,14.9,5.3
20025,10.3,23.2,18.4,31.1,58.9,7.1,10.0,5.4,74.3,82.7,14.8,55.1,6.0,14.5,62.8,21.1,9.5,28.8,20.9,12.7,7.0,17.0,6.7,31.1,11.5,7.5,7.1,31.5,25.1,71.4,16.9,11.8,37.2,11.9,3.1,8.3,35.4,2.8,16.9,4.2
20027,9.2,24.5,18.8,32.3,59.6,7.3,10.3,5.8,73.8,81.6,16.0,55.2,6.8,17.3,59.2,23.3,9.7,31.4,22.1,13.2,8.0,18.0,7.2,30.8,11.7,8.2,7.5,32.9,25.8,72.5,18.0,12.8,39.8,12.6,3.4,9.0,35.5,3.0,11.1,4.3
20029,9.1,24.5,17.9,33.3,59.3,7.3,10.3,5.8,73.9,81.5,16.2,53.5,6.9,16.8,61.4,23.1,10.0,31.7,21.9,13.2,8.2,17.9,7.2,30.9,11.8,8.3,7.6,31.3,27.4,72.6,18.4,12.9,42.1,12.8,3.5,9.0,35.8,3.0,16.4,4.4
20031,9.2,24.4,18.6,31.5,59.5,7.3,10.4,5.7,74.6,81.8,16.1,55.0,6.7,16.8,55.9,22.4,9.7,30.9,21.5,12.7,7.6,17.3,7.1,30.9,11.3,8.1,7.2,31.0,25.4,67.4,18.1,12.3,36.9,12.5,3.3,8.4,35.8,2.9,15.6,4.2
20033,9.7,24.3,18.2,31.7,59.3,7.3,10.3,5.7,74.7,82.2,15.7,57.9,6.5,16.1,64.4,22.8,9.7,30.6,21.5,12.8,7.4,17.6,7.0,31.9,11.6,8.0,7.3,31.1,26.5,76.4,18.1,12.3,39.8,12.6,3.3,8.7,35.3,2.9,12.9,4.2
20035,11.2,25.2,16.4,33.4,60.4,6.9,10.3,5.9,73.9,81.6,16.2,53.5,6.8,16.4,59.1,22.4,10.9,31.7,22.5,15.4,9.1,19.7,7.2,33.5,13.3,8.5,8.3,32.6,27.4,65.5,18.3,13.5,41.5,13.3,3.6,9.8,37.7,3.1,16.9,4.8
20037,10.2,25.8,17.0,34.9,61.2,7.3,10.5,6.4,75.0,81.2,17.1,54.0,7.6,18.1,59.1,22.8,10.8,33.6,20.7,15.8,10.7,19.9,7.6,33.3,13.5,9.2,8.8,34.9,27.9,69.9,18.5,14.3,38.8,14.0,4.0,10.9,35.3,3.3,14.5,5.2
20039,8.7,23.3,18.2,30.2,58.8,7.3,10.2,5.5,73.0,82.6,14.8,54.2,6.0,15.1,60.4,21.7,9.4,28.8,21.0,11.6,6.7,16.4,6.8,31.3,10.6,7.4,6.8,30.8,24.7,70.1,17.2,11.5,37.3,11.8,3.0,8.0,34.5,2.7,12.0,3.9
20041,9.1,24.0,18.4,30.9,58.2,7.4,10.3,5.5,74.3,82.2,15.5,56.1,6.2,15.3,64.1,22.0,9.3,30.8,22.1,12.1,6.8,17.5,6.8,31.3,11.1,7.7,6.9,32.1,26.4,75.4,17.8,12.3,39.4,12.3,3.1,8.0,34.7,2.8,7.1,4.0
20043,8.8,23.9,18.9,31.3,59.2,7.2,10.3,5.6,74.6,82.3,15.5,54.5,6.3,16.0,60.0,22.4,9.4,29.6,21.7,12.1,7.0,17.0,6.8,30.9,11.1,7.8,7.0,31.7,25.7,68.5,17.9,11.9,38.0,12.2,3.1,8.2,36.5,2.8,13.2,4.0
20045,7.8,23.2,18.8,29.2,59.7,7.2,10.1,5.2,77.4,83.7,14.1,57.2,5.7,13.3,62.6,24.0,9.2,27.9,21.0,11.4,6.8,15.6,6.6,31.4,10.5,7.2,6.8,28.9,20.0,75.3,16.5,11.4,33.1,11.4,3.0,8.5,34.7,2.7,10.9,4.0
20047,14.5,23.8,17.1,32.9,59.7,6.8,10.1,6.1,73.7,81.0,16.9,55.6,6.8,17.1,61.5,21.1,11.1,33.1,23.1,17.3,9.9,20.9,7.5,31.2,14.9,8.7,9.0,32.4,30.4,68.7,17.8,14.0,40.2,13.4,3.9,10.5,35.1,3.1,9.8,5.4
20049,10.5,25.5,17.3,33.5,59.5,7.2,10.7,6.5,74.0,80.3,17.7,48.1,8.0,19.3,55.2,23.4,11.0,34.9,22.5,16.4,10.9,20.9,7.9,32.0,13.7,9.5,9.1,32.7,31.8,69.3,19.3,14.8,40.5,14.2,4.1,10.8,39.4,3.4,20.4,5.3
20051,8.9,24.2,19.5,32.1,60.8,7.3,9.9,5.8,75.9,82.4,14.9,58.1,6.5,14.9,66.5,20.7,9.7,27.8,20.3,12.4,7.7,17.0,7.0,31.1,11.1,7.8,7.2,30.2,24.3,75.9,17.1,12.1,38.9,12.1,3.4,8.8,35.5,2.9,7.3,4.3
20053,9.9,23.1,18.5,32.4,59.8,7.1,9.5,5.5,73.8,81.9,14.8,53.9,6.0,15.6,59.4,19.5,9.6,29.8,23.0,12.1,6.7,17.3,6.8,30.2,11.2,7.3,7.0,31.2,25.7,70.8,16.6,11.8,39.9,11.9,3.1,8.3,35.5,2.8,15.5,4.0
20055,21.3,21.9,15.8,32.9,60.7,5.8,9.7,6.1,72.7,81.1,17.0,49.5,6.3,15.7,52.9,18.1,12.9,33.8,25.5,21.7,11.5,24.2,7.4,31.3,18.2,8.9,10.4,33.6,33.2,69.5,17.0,15.3,37.7,14.4,4.4,11.7,37.0,3.2,16.2,6.6
20057,22.2,23.0,16.3,33.1,59.4,5.8,9.2,6.3,72.1,80.4,17.4,51.1,6.5,15.8,53.2,17.9,12.9,34.7,25.2,23.4,12.4,24.5,7.5,31.1,19.4,9.0,10.8,31.7,34.2,69.9,16.6,15.7,39.6,14.2,4.6,12.5,38.3,3.3,10.8,6.9
20059,9.2,25.3,17.4,31.9,59.9,7.2,10.5,5.7,73.9,81.8,15.7,56.7,6.5,16.5,65.2,22.1,9.6,31.0,21.8,12.5,7.6,17.8,7.0,31.2,11.1,8.0,7.2,32.4,26.2,74.5,17.9,12.4,40.3,12.6,3.3,8.3,32.9,2.9,12.5,4.2
20061,12.0,25.3,15.6,35.5,61.5,6.4,10.4,6.3,76.3,81.6,16.9,55.5,7.2,17.6,58.0,20.7,12.2,34.0,22.9,18.9,12.3,21.3,7.4,31.4,16.3,9.3,10.1,33.1,31.8,70.2,18.1,15.2,36.1,13.9,4.4,12.6,37.4,3.5,12.5,5.8
20063,8.8,23.3,18.0,30.3,59.3,7.2,10.1,5.4,72.7,82.0,15.2,57.4,6.2,16.0,62.8,21.5,9.2,29.0,21.5,11.4,6.5,16.6,6.7,31.5,10.5,7.5,6.6,31.2,25.9,72.7,17.7,11.6,37.7,11.9,3.0,7.7,33.2,2.8,9.7,3.9
20065,9.1,24.5,17.3,32.8,60.4,7.1,10.3,5.9,74.4,81.9,15.7,54.8,6.8,16.4,65.1,21.8,10.2,31.0,21.3,13.7,8.5,18.3,7.2,31.9,11.9,8.3,7.7,31.7,27.0,66.5,17.9,12.9,37.3,12.6,3.5,9.2,32.9,3.0,14.7,4.5
20067,18.0,20.1,17.8,29.0,57.6,6.0,9.0,5.1,72.5,82.8,14.7,54.5,4.9,12.9,58.9,17.6,10.6,29.4,24.3,15.7,7.0,19.2,6.5,30.6,14.7,6.9,7.8,32.3,28.8,71.4,15.2,12.0,35.7,12.0,3.2,8.6,33.4,2.6,14.7,4.9
20069,13.3,23.3,17.2,30.5,58.9,6.9,10.2,5.8,72.6,81.0,16.5,50.8,6.6,16.1,61.2,21.7,9.8,31.9,22.8,15.0,8.3,19.6,7.2,32.2,12.9,8.3,7.9,32.0,28.4,74.6,17.8,13.0,39.9,12.8,3.5,8.9,32.0,2.9,16.6,4.8
20071,10.9,22.2,18.0,29.6,58.5,7.0,9.6,5.2,74.5,83.4,14.2,58.3,5.4,13.5,66.3,20.7,9.3,28.1,21.2,12.0,6.3,16.4,6.5,30.8,11.2,6.9,6.7,31.0,25.0,72.4,16.2,11.2,36.9,11.4,3.0,7.7,31.5,2.6,9.2,4.0
20073,9.9,25.0,18.4,32.7,59.4,7.2,10.5,6.2,73.0,81.2,16.8,50.3,7.3,18.1,59.1,23.1,10.2,32.0,21.4,14.6,9.3,19.1,7.5,32.0,12.4,8.7,8.1,31.7,27.1,71.0,18.9,13.2,40.7,13.0,3.7,9.6,36.4,3.1,15.3,4.7
20075,17.5,21.6,17.0,30.8,58.3,6.4,9.2,5.6,73.2,82.0,15.5,54.4,5.7,14.3,59.3,18.9,10.6,31.2,23.7,16.7,8.1,19.9,6.9,31.6,15.1,7.5,8.3,32.1,29.5,69.9,16.1,12.7,40.0,12.6,3.4,9.4,36.5,2.8,17.6,5.0
20077,12.0,26.1,17.3,33.5,60.3,7.1,10.5,6.6,73.3,79.5,18.1,52.8,8.3,19.9,52.1,23.2,11.4,35.0,22.6,17.9,11.9,22.3,8.0,33.0,14.3,9.9,9.5,32.5,30.8,71.8,19.0,15.2,42.1,14.3,4.3,11.1,36.8,3.4,19.5,5.6
20079,10.3,22.1,17.8,29.8,58.8,7.0,10.1,5.4,75.3,82.6,15.1,57.5,6.0,14.5,64.9,21.5,10.0,28.6,21.8,12.9,7.2,16.9,6.6,31.7,11.5,7.5,7.0,30.8,26.7,69.1,17.1,11.9,37.2,12.0,3.1,8.3,35.3,2.8,11.8,4.1
20081,16.8,23.0,16.7,31.6,58.7,6.5,10.0,6.1,72.6,80.4,17.4,53.2,6.9,16.9,57.1,20.7,11.5,33.4,23.6,18.6,10.2,21.9,7.4,32.8,15.3,8.9,9.2,32.8,32.1,69.6,17.6,14.4,42.4,13.8,4.0,10.2,35.1,3.1,17.7,5.7
20083,8.7,22.3,18.3,30.0,59.0,7.2,9.7,5.1,74.5,83.3,13.8,57.2,5.4,13.6,65.0,20.4,8.8,26.7,21.4,10.7,5.6,15.1,6.4,31.4,10.1,6.7,6.2,31.1,23.5,72.0,16.4,10.5,36.4,11.1,2.7,7.2,35.9,2.6,10.2,3.6
20085,9.3,23.8,18.3,30.6,59.1,7.1,10.4,5.7,74.1,82.1,15.8,57.7,6.4,16.3,64.2,22.1,9.7,30.4,21.8,12.9,7.4,17.2,7.0,32.0,11.6,7.9,7.4,31.5,25.5,74.1,18.0,12.2,37.7,12.5,3.2,8.6,37.3,2.9,11.2,4.2
20087,8.2,22.7,19.7,29.2,58.9,7.2,10.0,5.2,75.3,82.9,14.6,58.4,5.7,14.7,66.9,22.1,8.7,29.0,21.0,10.4,5.6,15.7,6.5,30.3,9.9,7.0,6.2,32.0,23.5,71.2,17.1,11.0,34.4,11.4,2.8,7.2,33.4,2.6,11.6,3.5
20089,9.9,25.1,17.6,33.4,60.2,7.3,10.5,6.5,74.4,80.5,17.2,54.5,7.7,18.7,59.5,23.1,10.7,33.0,21.6,15.1,9.9,20.2,7.8,32.0,12.6,9.1,8.4,31.6,28.9,70.3,18.8,13.9,39.8,13.7,3.9,10.0,36.1,3.3,16.4,4.9
20091,6.8,20.2,18.4,29.3,58.5,7.3,9.4,4.4,77.8,86.7,11.5,63.1,4.1,9.7,74.2,18.8,8.3,23.6,17.1,7.7,3.8,11.8,5.5,33.7,8.1,5.4,4.9,28.5,18.7,76.8,13.7,8.7,30.9,9.1,2.2,5.8,30.8,2.2,8.6,2.9
20093,16.9,22.6,16.7,30.9,59.1,6.3,9.7,5.8,72.0,80.7,16.8,49.2,6.3,16.1,54.1,19.6,11.2,32.5,24.0,17.9,9.6,21.2,7.2,31.4,15.5,8.5,9.0,32.2,31.1,74.0,17.3,14.0,37.9,13.5,3.8,10.2,35.9,3.0,16.7,5.5
20095,9.4,23.7,18.0,31.6,59.0,7.3,10.3,5.7,74.0,81.9,15.9,56.8,6.7,16.4,61.3,22.5,9.6,30.8,21.9,12.7,7.5,17.7,7.1,31.0,11.2,8.0,7.2,31.5,26.3,74.9,18.0,12.3,39.3,12.4,3.3,8.4,35.5,2.9,22.0,4.2
20097,9.1,23.4,17.7,31.1,59.0,7.2,10.0,5.5,74.6,82.7,14.9,55.6,6.1,15.1,65.8,22.0,9.3,28.6,21.8,12.4,6.9,16.9,6.7,31.5,11.0,7.5,7.0,31.9,25.0,74.5,17.3,11.7,40.2,11.9,3.1,8.0,32.0,2.8,14.5,4.0
20099,10.7,25.6,17.2,34.4,59.0,7.1,10.9,6.3,73.8,80.8,17.4,53.6,7.6,18.4,58.1,22.2,10.7,32.9,22.3,16.4,10.4,20.3,7.5,32.0,13.4,9.2,8.8,30.7,30.3,73.0,18.8,14.2,41.4,13.6,4.0,10.5,38.3,3.3,21.0,5.1
20101,10.0,23.9,17.8,30.9,59.2,7.2,10.3,5.6,74.5,82.8,15.4,54.0,6.2,15.1,63.3,22.2,9.6,29.7,21.1,12.9,7.3,17.4,6.8,31.5,11.9,7.8,7.4,31.3,26.1,67.5,17.7,12.1,37.0,12.3,3.2,8.7,36.6,2.8,15.6,4.2
20103,8.7,23.1,17.0,30.2,60.0,7.1,10.0,5.2,74.7,83.6,13.8,59.1,5.4,13.6,66.0,21.3,9.6,28.1,21.8,10.9,6.1,15.5,6.5,31.4,10.8,6.8,6.6,30.0,22.5,74.6,16.4,10.7,39.5,11.2,2.8,7.8,37.3,2.6,11.1,3.7
20105,9.2,24.9,17.8,32.8,59.4,7.3,10.4,6.1,74.4,81.4,16.3,58.4,7.1,17.2,63.9,22.8,10.2,31.9,21.5,13.7,8.7,18.7,7.5,31.8,11.9,8.6,7.8,31.5,27.1,71.3,18.5,13.3,40.5,13.1,3.6,9.4,34.2,3.1,13.6,4.6
20107,9.0,24.0,18.3,29.9,58.7,7.2,10.3,5.6,74.1,81.9,15.5,54.5,6.4,16.5,61.5,21.9,9.2,29.5,21.4,12.3,7.2,17.4,6.9,31.1,10.9,7.8,7.0,30.6,25.5,73.8,18.2,12.1,36.9,12.3,3.2,8.2,34.5,2.8,17.0,4.1
20109,10.2,23.7,17.3,31.4,59.3,7.2,10.3,5.9,73.8,81.5,16.0,54.9,6.8,16.4,61.1,22.5,10.0,30.9,22.1,13.6,8.3,18.5,7.2,31.3,11.9,8.2,7.7,32.2,27.7,72.9,17.8,12.7,40.1,12.7,3.5,9.0,34.2,3.0,14.8,4.5
20111,13.7,24.3,16.4,33.7,59.9,6.6,9.9,6.1,74.4,81.4,16.8,56.8,6.8,16.3,57.7,21.5,11.2,31.9,23.1,17.0,10.1,21.1,7.3,33.5,14.6,8.7,8.9,31.7,29.7,71.1,17.7,14.0,39.9,13.2,3.9,10.5,36.6,3.1,17.4,5.5
20113,8.2,23.3,17.6,30.8,59.4,7.3,10.1,5.2,74.4,83.1,14.5,56.0,5.8,14.6,65.5,22.2,8.8,28.4,20.8,10.9,6.1,15.9,6.6,31.2,10.0,7.2,6.4,31.0,25.3,72.3,17.0,11.1,38.0,11.6,2.9,7.4,33.9,2.6,13.2,3.7
20115,9.1,23.4,17.6,31.2,59.4,7.3,10.2,5.7,73.3,81.8,15.5,56.8,6.5,16.2,65.5,22.4,9.5,29.2,21.0,12.4,7.3,17.1,6.9,31.3,11.0,8.0,7.1,30.6,26.1,73.2,17.6,12.0,39.7,12.2,3.3,8.3,31.5,2.9,10.5,4.2
20117,9.6,23.9,18.6,31.4,59.4,7.2,10.4,6.0,73.7,80.9,16.6,56.5,7.1,18.0,62.6,23.1,9.8,30.8,22.3,13.8,8.3,18.5,7.3,31.3,11.8,8.5,7.6,33.1,26.8,73.9,18.7,12.8,37.5,12.9,3.5,8.9,36.1,3.0,14.5,4.4
20119,13.4,23.2,17.3,31.6,58.6,6.8,10.1,5.9,73.2,81.2,16.5,57.3,6.6,16.2,59.0,21.2,10.3,31.6,23.0,15.7,8.7,19.8,7.2,31.6,13.8,8.4,8.3,32.8,29.2,69.5,17.5,13.2,37.0,13.1,3.6,9.5,35.9,3.0,10.0,4.9
20121,8.2,23.7,17.6,28.8,59.0,7.4,9.9,5.1,73.7,83.2,14.1,59.8,5.6,13.9,68.3,22.0,8.8,27.9,20.0,10.1,5.6,15.3,6.4,31.2,9.7,6.9,6.1,30.2,22.6,73.9,16.9,10.7,34.7,11.0,2.7,7.0,33.3,2.6,9.4,3.5
20123,8.9,24.2,18.3,31.9,59.5,7.3,10.3,5.8,73.9,81.8,15.8,53.9,6.7,16.4,59.6,22.4,9.8,30.6,21.8,12.6,7.6,17.7,7.2,31.3,11.1,8.0,7.2,31.3,26.4,71.7,18.2,12.4,39.3,12.6,3.3,8.5,36.1,2.9,11.2,4.2
20125,11.2,25.7,17.4,34.4,60.7,7.0,10.8,6.3,73.7,80.6,17.6,53.4,7.7,18.6,56.1,22.9,11.1,33.7,23.1,17.3,11.0,20.6,7.7,32.3,14.2,9.5,9.4,33.6,27.8,70.9,19.2,14.3,39.3,13.8,4.2,11.1,38.8,3.4,22.3,5.4
20127,9.1,24.1,18.3,31.6,59.2,7.2,10.2,5.7,74.2,81.9,15.7,55.0,6.5,16.0,59.8,21.8,9.6,30.4,21.5,12.6,7.6,17.6,7.0,30.7,11.1,8.0,7.2,30.7,27.1,74.7,17.9,12.3,36.9,12.5,3.3,8.4,34.8,2.9,14.3,4.2
20129,15.2,23.8,16.7,31.6,59.3,6.6,10.1,6.0,73.5,80.6,17.2,52.3,6.9,17.2,59.1,21.0,11.1,33.1,24.0,17.8,10.0,21.3,7.3,32.1,15.1,8.8,9.0,32.6,30.8,72.8,17.9,14.1,38.4,13.6,3.9,10.4,37.7,3.1,23.6,5.5
20131,8.5,23.4,19.2,31.1,58.9,7.3,10.1,5.4,73.8,82.4,15.0,57.3,6.2,15.5,61.5,22.0,9.0,29.5,21.2,11.4,6.7,16.5,6.8,31.7,10.1,7.5,6.6,31.5,24.4,67.7,17.4,11.6,39.3,11.8,3.0,7.6,33.8,2.7,14.6,3.9
20133,9.9,24.1,17.1,32.8,60.1,7.2,10.4,6.1,74.3,81.3,16.6,52.9,7.3,17.4,58.9,22.0,10.6,31.5,21.5,14.9,9.4,19.1,7.3,32.0,12.8,8.7,8.2,30.8,27.1,73.7,18.6,13.4,39.9,13.0,3.7,9.9,36.4,3.1,19.1,4.8
20135,11.4,23.7,17.9,31.1,59.3,7.2,10.0,5.6,73.7,81.8,15.7,55.3,6.5,16.0,60.7,21.5,9.9,29.8,21.6,13.9,7.9,18.2,7.0,31.9,12.2,7.9,7.6,30.9,27.5,69.6,17.4,12.4,36.1,12.4,3.3,8.9,36.3,2.9,12.2,4.5
20137,11.0,24.6,18.3,33.4,60.1,7.1,9.8,6.4,73.7,80.4,16.3,54.9,7.2,17.8,60.6,21.3,10.8,31.8,22.9,15.0,9.1,19.7,7.6,31.9,12.8,8.4,8.3,31.8,28.6,73.1,17.7,13.4,42.9,13.2,3.8,9.9,36.3,3.2,13.1,4.8
20139,9.2,24.7,18.3,32.4,59.1,7.3,10.3,5.7,74.5,81.8,16.1,56.6,6.7,16.7,62.7,22.6,9.6,32.0,21.6,12.8,7.5,17.9,7.1,32.4,11.2,8.0,7.1,30.4,26.4,73.4,18.2,12.5,41.5,12.4,3.3,8.5,32.1,2.9,16.5,4.2
20141,8.8,23.9,18.0,31.4,59.9,7.3,10.3,6.0,74.7,81.4,15.9,54.8,6.8,16.6,61.7,22.3,10.0,30.9,21.7,13.1,8.1,18.2,7.3,31.2,11.5,8.2,7.4,30.3,26.9,73.4,18.2,12.7,39.2,12.7,3.4,8.9,33.7,3.0,10.4,4.4
20143,8.5,23.7,18.8,31.2,59.1,7.3,10.1,5.7,74.1,82.2,15.3,59.3,6.5,16.1,61.2,22.2,9.4,29.4,20.9,12.1,7.2,16.9,7.0,31.3,10.7,7.8,7.0,31.0,25.0,74.4,17.6,12.0,38.3,12.1,3.2,8.4,33.9,2.9,14.1,4.1
20145,10.9,22.8,18.2,32.1,59.5,6.9,9.8,5.8,73.4,81.3,15.6,57.1,6.4,16.8,62.8,20.5,10.0,31.2,22.8,13.6,7.6,18.4,7.1,31.4,12.4,7.8,7.6,32.1,26.8,73.1,17.0,12.3,38.0,12.4,3.4,8.9,36.3,3.0,14.6,4.4
20147,9.6,25.0,17.5,31.6,59.7,7.2,10.4,5.9,73.9,81.3,16.3,54.6,7.0,17.2,60.1,22.5,9.9,31.0,21.7,13.9,8.6,18.3,7.3,31.8,11.9,8.5,7.7,31.0,27.3,70.3,18.2,12.9,40.9,13.0,3.5,9.1,36.8,3.0,13.6,4.5
20149,7.9,22.1,18.9,30.2,58.6,7.3,9.8,5.1,73.6,83.1,13.7,57.2,5.4,13.7,69.3,20.5,8.5,26.8,20.3,9.9,5.5,14.2,6.3,30.9,9.6,6.7,6.0,30.9,23.1,72.4,16.5,10.3,35.8,10.9,2.7,7.1,35.4,2.5,12.1,3.5
20151,9.8,23.4,18.7,30.9,59.6,7.1,10.0,5.7,74.7,82.1,15.5,56.2,6.4,16.0,62.1,22.0,9.9,30.4,20.9,13.1,7.6,17.7,6.9,30.3,11.7,7.9,7.3,31.3,27.1,73.3,17.5,12.3,37.6,12.4,3.3,8.7,33.8,2.9,14.1,4.3
20153,10.1,24.7,17.8,31.7,59.7,7.2,10.4,6.1,73.8,81.4,16.5,54.3,7.1,17.7,61.1,22.9,10.4,32.1,21.6,14.4,9.0,19.0,7.5,31.4,12.7,8.6,8.1,30.6,27.7,68.6,18.8,13.3,42.4,13.3,3.7,9.8,37.0,3.1,15.3,4.7
20155,10.7,24.5,17.3,30.6,59.7,7.0,10.3,6.1,75.9,81.9,16.5,55.7,6.9,17.6,58.9,23.2,10.9,31.9,22.3,15.5,9.0,19.0,7.1,30.7,13.3,8.5,8.1,30.1,28.4,75.1,17.7,13.4,44.5,12.6,3.6,10.0,39.9,3.1,13.7,4.7
20157,9.1,24.6,18.1,32.6,60.3,7.4,10.4,6.2,74.6,81.4,16.4,57.6,7.3,17.3,64.3,22.6,10.3,31.5,21.0,14.2,9.2,18.7,7.5,31.1,12.1,8.7,8.0,31.1,27.6,70.5,18.4,13.3,41.6,13.1,3.7,9.7,32.2,3.1,15.1,4.7
20159,10.5,23.8,18.0,31.8,59.6,7.0,10.0,5.6,75.0,82.3,15.5,57.1,6.2,15.4,62.6,21.2,10.0,31.1,21.5,13.0,7.4,17.7,6.9,31.9,11.9,7.7,7.4,31.4,27.4,69.0,17.3,12.5,40.6,12.5,3.3,8.7,33.7,2.8,10.3,4.3
20161,9.3,24.0,17.6,30.8,61.3,6.9,10.1,5.9,74.9,82.0,15.0,58.9,6.6,15.0,58.5,21.9,10.4,30.2,20.3,13.8,8.9,17.8,7.1,30.0,12.7,8.0,8.0,31.3,25.3,74.6,16.9,13.2,30.9,12.5,3.6,10.2,37.7,3.1,12.5,4.7
20163,9.1,24.0,18.8,30.8,59.3,7.2,10.1,5.4,74.6,82.2,15.5,59.7,6.3,15.6,65.0,23.0,9.2,29.5,22.3,12.2,7.0,17.0,6.8,32.2,10.9,7.7,6.9,31.9,26.2,75.9,17.5,11.7,40.6,12.0,3.1,8.1,36.2,2.8,12.6,4.0
20165,9.8,24.6,17.8,32.1,59.2,7.3,10.4,6.0,73.7,81.3,16.2,55.6,7.0,17.0,61.2,22.8,10.0,31.3,21.5,13.7,8.3,18.4,7.3,30.7,11.9,8.3,7.7,31.5,27.9,64.9,18.2,12.9,38.8,12.9,3.5,9.0,35.1,3.0,13.1,4.5
20167,10.2,25.3,17.1,32.7,60.1,7.1,10.7,6.1,73.9,81.1,17.2,56.2,7.4,18.1,62.5,22.7,10.2,32.9,22.2,14.7,9.3,19.6,7.5,32.6,12.7,9.0,8.3,31.7,28.3,70.6,19.1,13.8,41.8,13.4,3.8,9.8,34.1,3.2,12.7,4.8
20169,10.6,23.3,18.3,30.9,58.8,7.0,10.0,5.6,74.0,81.9,15.3,58.0,6.4,15.6,62.9,21.7,10.1,29.4,22.2,13.9,8.1,18.4,6.8,31.5,12.2,8.0,7.6,32.0,27.5,76.5,17.6,12.7,41.5,12.1,3.4,9.2,33.7,2.9,12.2,4.5
20171,11.6,22.4,17.6,30.1,58.6,7.0,9.6,5.4,74.1,82.9,14.4,52.9,5.7,13.8,57.4,20.0,9.5,28.2,21.2,12.7,6.8,17.0,6.6,31.0,11.5,7.2,7.0,31.5,25.2,72.6,16.2,11.6,38.6,11.7,3.1,8.0,35.6,2.7,17.9,4.2
20173,11.6,22.8,16.5,32.5,61.1,6.7,10.0,5.7,72.3,82.0,15.3,56.8,6.4,15.5,63.5,23.0,10.9,29.8,24.7,15.9,9.2,19.4,6.7,32.6,14.0,8.1,8.2,34.1,25.8,72.9,17.5,13.0,38.9,12.4,3.6,10.3,37.2,3.0,7.9,4.8
20175,25.1,21.5,15.1,32.2,59.4,5.5,9.1,6.2,72.5,80.5,17.6,49.9,6.1,15.4,52.8,17.6,13.6,35.6,26.7,24.5,12.7,26.0,7.6,33.0,21.1,9.0,11.4,34.5,38.1,70.1,16.7,15.8,43.4,14.5,4.6,13.1,39.7,3.2,15.0,7.3
20177,10.0,23.2,16.5,34.3,59.7,7.0,10.6,5.6,77.1,83.9,15.7,65.8,6.2,15.7,65.8,24.0,10.3,30.9,21.2,14.7,8.5,18.8,6.5,35.3,12.6,7.9,7.7,32.0,24.6,78.3,16.8,12.7,38.5,12.1,3.3,9.5,36.6,2.9,10.8,4.5
20179,8.3,23.3,19.3,29.7,58.5,7.3,10.1,5.3,74.2,82.9,14.6,59.0,5.8,14.7,68.4,21.8,8.9,28.4,20.2,10.7,6.0,15.8,6.7,30.5,10.1,7.1,6.3,30.4,24.2,72.9,17.3,11.0,34.8,11.7,2.9,7.5,32.7,2.6,13.6,3.7
20181,10.8,23.4,18.5,32.4,59.5,7.0,10.1,5.8,73.4,81.8,15.9,53.4,6.4,16.2,59.3,21.4,10.1,31.1,21.7,13.6,7.9,18.2,7.0,31.0,12.2,8.0,7.6,31.1,28.9,66.8,17.7,12.6,39.3,12.6,3.4,9.0,35.1,2.9,8.4,4.5
20183,8.5,23.4,18.5,30.6,59.3,7.3,10.1,5.5,74.4,82.3,15.2,56.0,6.2,15.9,63.4,21.7,9.2,29.4,20.9,11.5,6.8,16.3,6.9,31.5,10.5,7.6,6.8,30.4,26.4,74.2,17.6,11.6,39.6,12.0,3.1,7.9,35.8,2.8,13.2,3.9
20185,11.0,24.1,17.6,31.5,59.4,7.1,10.2,5.7,74.1,82.1,15.8,60.0,6.6,16.0,59.7,21.9,10.1,31.4,21.3,14.0,8.1,18.8,7.0,32.5,12.4,8.1,7.7,31.5,27.4,72.5,17.5,12.8,41.5,12.8,3.4,9.0,36.3,2.9,15.5,4.5
20187,20.2,23.0,15.9,31.8,59.5,6.2,9.8,6.3,73.0,80.4,17.9,49.1,6.9,16.8,55.4,19.9,12.5,35.0,24.5,22.1,12.3,24.4,7.7,32.1,18.3,9.4,10.6,33.1,34.1,71.7,17.2,15.4,40.2,14.4,4.5,12.1,36.7,3.3,14.7,6.7
20189,19.9,23.9,16.0,33.5,59.9,6.3,10.1,6.7,73.7,79.4,19.0,50.0,7.8,18.6,56.1,20.8,12.8,36.3,24.5,22.7,13.5,25.7,8.0,32.4,18.6,10.1,11.0,33.3,35.5,69.8,18.4,16.2,41.7,15.2,4.8,12.6,37.9,3.5,19.0,6.9
20191,9.4,24.2,17.5,31.8,58.5,7.2,10.2,5.8,75.5,81.7,16.0,55.8,6.8,17.2,59.2,22.5,9.9,29.8,21.3,13.5,8.4,18.0,7.1,32.9,11.8,8.2,7.6,31.2,25.7,70.1,18.0,12.8,39.8,12.7,3.5,9.1,38.4,3.0,15.7,4.5
20193,8.6,22.9,18.1,30.1,58.8,7.3,10.0,5.2,73.9,83.3,14.1,56.6,5.7,13.9,65.1,21.6,9.0,27.7,20.2,10.9,6.1,15.7,6.6,30.4,10.2,7.1,6.5,30.1,24.4,72.8,17.2,11.1,36.5,11.5,2.9,7.6,35.8,2.7,13.9,3.7
20195,7.9,23.6,18.8,29.9,58.8,7.4,9.9,5.2,74.6,83.1,14.1,56.7,5.7,14.3,64.6,21.6,8.7,27.6,20.8,10.5,5.7,15.1,6.5,30.2,9.7,6.9,6.1,31.5,24.0,74.8,17.0,10.8,40.3,11.3,2.8,7.2,36.4,2.6,13.6,3.5
20197,8.5,23.2,18.6,29.8,58.8,7.2,10.1,5.3,73.9,82.7,14.7,59.5,5.8,14.8,65.0,21.5,8.9,28.1,21.6,11.1,6.1,16.0,6.6,30.3,10.2,7.1,6.4,31.0,24.0,71.9,17.2,11.2,35.3,11.6,2.9,7.5,34.7,2.7,12.8,3.7
20199,10.3,24.5,18.0,31.6,59.8,7.2,10.3,5.9,74.4,81.8,16.0,54.3,6.8,16.6,62.8,22.3,10.2,31.1,21.1,13.7,8.3,18.4,7.2,31.5,12.1,8.2,7.7,31.2,27.3,70.1,18.0,12.8,37.3,12.8,3.5,9.2,35.9,3.0,12.0,4.5
20201,8.8,22.8,19.1,29.8,58.9,7.2,9.9,5.4,73.9,82.2,14.9,57.6,6.1,15.7,63.7,21.3,8.9,28.4,23.1,12.3,6.8,16.1,6.7,31.1,11.1,7.3,6.9,33.7,26.1,75.5,17.4,11.5,34.4,11.7,3.0,8.1,35.9,2.7,14.0,3.8
20203,15.7,23.2,16.9,32.4,59.6,6.6,9.6,6.2,72.9,80.9,16.7,54.0,6.7,16.5,60.2,20.2,11.4,33.3,23.5,17.7,9.9,21.2,7.6,31.1,15.2,8.5,9.1,31.4,32.0,70.5,17.4,13.9,42.2,13.3,4.0,10.7,34.1,3.1,17.1,5.5
20205,10.1,25.1,17.1,33.0,59.6,7.2,10.6,6.2,73.7,80.6,17.3,56.3,7.6,18.4,60.7,23.0,10.4,32.9,22.0,15.2,9.6,19.9,7.6,32.3,12.8,9.1,8.4,31.8,28.0,68.9,18.8,13.8,39.9,13.5,3.8,9.9,36.1,3.2,18.8,4.9
20207,9.4,24.3,18.0,32.1,59.0,7.2,10.4,6.0,74.2,81.5,16.5,54.5,7.0,17.2,58.4,22.7,9.8,31.4,21.4,13.4,8.2,18.3,7.2,31.3,11.6,8.4,7.6,31.3,26.7,69.9,18.3,12.8,39.5,12.8,3.5,8.8,36.4,3.0,16.3,4.4
20209,17.6,22.4,15.5,35.9,60.6,5.5,10.0,6.4,75.2,80.8,17.2,53.4,7.0,17.7,53.4,17.8,13.9,32.1,27.2,22.9,14.3,24.9,6.7,32.2,19.1,9.9,11.9,34.0,34.6,73.3,17.3,15.4,40.7,14.0,4.9,14.4,37.4,3.7,18.3,6.9
21001,,,,,,,,,,,,56.1,,,55.2,,,,,,,,,,,,,,,68.8,,,,,,,44.7,,23.9,
21003,,,,,,,,,,,,58.0,,,55.2,,,,,,,,,,,,,,,73.2,,,,,,,39.5,,31.3,
21005,,,,,,,,,,,,63.4,,,56.6,,,,,,,,,,,,,,,74.3,,,,,,,39.2,,11.2,
21007,,,,,,,,,,,,59.0,,,54.7,,,,,,,,,,,,,,,72.5,,,,,,,41.0,,23.7,
21009,,,,,,,,,,,,59.3,,,56.1,,,,,,,,,,,,,,,73.7,,,,,,,42.4,,25.7,
21011,,,,,,,,,,,,55.7,,,55.1,,,,,,,,,,,,,,,68.2,,,,,,,41.3,,28.0,
21013,,,,,,,,,,,,51.9,,,48.8,,,,,,,,,,,,,,,67.6,,,,,,,42.5,,25.8,
21015,,,,,,,,,,,,61.1,,,61.3,,,,,,,,,,,,,,,73.3,,,,,,,39.0,,15.3,
21017,,,,,,,,,,,,59.1,,,55.9,,,,,,,,,,,,,,,75.0,,,,,,,40.1,,16.6,
21019,,,,,,,,,,,,64.1,,,56.4,,,,,,,,,,,,,,,73.0,,,,,,,38.0,,15.3,
21021,,,,,,,,,,,,58.3,,,58.9,,,,,,,,,,,,,,,70.7,,,,,,,39.8,,18.2,
21023,,,,,,,,,,,,57.9,,,57.1,,,,,,,,,,,,,,,72.9,,,,,,,40.2,,20.8,
21025,,,,,,,,,,,,52.4,,,49.9,,,,,,,,,,,,,,,68.4,,,,,,,42.8,,29.7,
21027,,,,,,,,,,,,59.6,,,46.9,,,,,,,,,,,,,,,70.5,,,,,,,43.4,,25.3,
21029,,,,,,,,,,,,61.6,,,58.0,,,,,,,,,,,,,,,74.9,,,,,,,42.3,,17.2,
21031,,,,,,,,,,,,58.6,,,52.0,,,,,,,,,,,,,,,68.2,,,,,,,41.9,,25.0,
21033,,,,,,,,,,,,61.7,,,56.3,,,,,,,,,,,,,,,73.6,,,,,,,40.8,,19.9,
21035,,,,,,,,,,,,59.3,,,59.6,,,,,,,,,,,,,,,74.0,,,,,,,40.5,,20.7,
21037,,,,,,,,,,,,64.9,,,65.1,,,,,,,,,,,,,,,77.4,,,,,,,37.2,,14.2,
21039,,,,,,,,,,,,60.6,,,52.3,,,,,,,,,,,,,,,69.6,,,,,,,40.9,,18.2,
21041,,,,,,,,,,,,58.0,,,52.3,,,,,,,,,,,,,,,69.2,,,,,,,45.1,,21.9,
21043,,,,,,,,,,,,56.8,,,53.6,,,,,,,,,,,,,,,66.7,,,,,,,40.9,,27.6,
21045,,,,,,,,,,,,54.3,,,48.2,,,,,,,,,,,,,,,65.2,,,,,,,45.9,,25.8,
21047,,,,,,,,,,,,58.8,,,52.6,,,,,,,,,,,,,,,74.3,,,,,,,41.9,,21.6,
21049,,,,,,,,,,,,60.0,,,57.7,,,,,,,,,,,,,,,71.9,,,,,,,41.8,,20.5,
21051,,,,,,,,,,,,53.4,,,45.1,,,,,,,,,,,,,,,65.5,,,,,,,42.6,,34.6,
21053,,,,,,,,,,,,56.8,,,50.7,,,,,,,,,,,,,,,69.0,,,,,,,41.4,,24.5,
21055,,,,,,,,,,,,56.7,,,54.5,,,,,,,,,,,,,,,65.1,,,,,,,41.9,,22.0,
21057,,,,,,,,,,,,55.5,,,50.8,,,,,,,,,,,,,,,71.1,,,,,,,42.8,,35.2,
21059,,,,,,,,,,,,61.4,,,59.9,,,,,,,,,,,,,,,76.2,,,,,,,38.6,,15.8,
21061,,,,,,,,,,,,58.3,,,52.1,,,,,,,,,,,,,,,71.4,,,,,,,43.7,,28.7,
21063,,,,,,,,,,,,54.8,,,49.5,,,,,,,,,,,,,,,71.0,,,,,,,41.4,,20.7,
21065,,,,,,,,,,,,55.8,,,49.4,,,,,,,,,,,,,,,70.5,,,,,,,42.1,,38.4,
21067,,,,,,,,,,,,64.7,,,60.4,,,,,,,,,,,,,,,71.2,,,,,,,39.2,,12.0,
21069,,,,,,,,,,,,59.7,,,49.9,,,,,,,,,,,,,,,74.8,,,,,,,43.3,,25.9,
21071,,,,,,,,,,,,54.7,,,50.4,,,,,,,,,,,,,,,69.7,,,,,,,46.1,,30.9,
21073,,,,,,,,,,,,62.8,,,62.3,,,,,,,,,,,,,,,73.0,,,,,,,41.1,,15.9,
21075,,,,,,,,,,,,56.6,,,44.0,,,,,,,,,,,,,,,72.1,,,,,,,45.5,,33.0,
21077,,,,,,,,,,,,58.2,,,55.0,,,,,,,,,,,,,,,72.8,,,,,,,45.1,,22.1,
21079,,,,,,,,,,,,58.6,,,55.2,,,,,,,,,,,,,,,70.2,,,,,,,41.6,,24.5,
21081,,,,,,,,,,,,60.2,,,54.1,,,,,,,,,,,,,,,69.2,,,,,,,42.0,,21.5,
21083,,,,,,,,,,,,59.7,,,53.7,,,,,,,,,,,,,,,71.4,,,,,,,39.2,,20.4,
21085,,,,,,,,,,,,56.2,,,54.0,,,,,,,,,,,,,,,76.9,,,,,,,41.6,,30.8,
21087,,,,,,,,,,,,56.3,,,47.8,,,,,,,,,,,,,,,64.0,,,,,,,43.9,,28.2,
21089,,,,,,,,,,,,59.7,,,57.0,,,,,,,,,,,,,,,70.8,,,,,,,40.1,,21.2,
21091,,,,,,,,,,,,61.3,,,58.3,,,,,,,,,,,,,,,72.0,,,,,,,39.6,,12.5,
21093,,,,,,,,,,,,63.1,,,60.6,,,,,,,,,,,,,,,70.6,,,,,,,41.3,,18.8,
21095,,,,,,,,,,,,54.7,,,44.5,,,,,,,,,,,,,,,69.7,,,,,,,45.3,,24.1,
21097,,,,,,,,,,,,61.5,,,56.6,,,,,,,,,,,,,,,74.6,,,,,,,41.0,,18.9,
21099,,,,,,,,,,,,52.0,,,50.0,,,,,,,,,,,,,,,71.9,,,,,,,44.5,,26.2,
21101,,,,,,,,,,,,60.2,,,58.9,,,,,,,,,,,,,,,75.4,,,,,,,42.4,,24.5,
21103,,,,,,,,,,,,61.2,,,55.0,,,,,,,,,,,,,,,73.3,,,,,,,40.7,,14.9,
21105,,,,,,,,,,,,60.5,,,56.1,,,,,,,,,,,,,,,71.0,,,,,,,42.3,,19.5,
21107,,,,,,,,,,,,62.5,,,53.7,,,,,,,,,,,,,,,72.3,,,,,,,44.6,,20.7,
21109,,,,,,,,,,,,57.7,,,46.0,,,,,,,,,,,,,,,69.1,,,,,,,42.3,,29.5,
21111,,,,,,,,,,,,63.0,,,59.1,,,,,,,,,,,,,,,71.6,,,,,,,39.2,,19.8,
21113,,,,,,,,,,,,62.9,,,63.9,,,,,,,,,,,,,,,73.8,,,,,,,37.5,,14.6,
21115,,,,,,,,,,,,55.0,,,46.6,,,,,,,,,,,,,,,69.4,,,,,,,44.9,,25.8,
21117,,,,,,,,,,,,62.7,,,64.4,,,,,,,,,,,,,,,76.3,,,,,,,38.0,,7.4,
21119,,,,,,,,,,,,53.7,,,47.3,,,,,,,,,,,,,,,66.9,,,,,,,42.7,,22.5,
21121,,,,,,,,,,,,51.6,,,49.9,,,,,,,,,,,,,,,65.3,,,,,,,42.2,,36.1,
21123,,,,,,,,,,,,60.5,,,49.4,,,,,,,,,,,,,,,72.2,,,,,,,44.5,,19.8,
21125,,,,,,,,,,,,56.5,,,53.0,,,,,,,,,,,,,,,70.9,,,,,,,41.0,,20.0,
21127,,,,,,,,,,,,59.7,,,52.3,,,,,,,,,,,,,,,67.5,,,,,,,42.4,,30.9,
21129,,,,,,,,,,,,52.0,,,42.4,,,,,,,,,,,,,,,69.1,,,,,,,43.2,,37.6,
21131,,,,,,,,,,,,55.2,,,50.9,,,,,,,,,,,,,,,68.8,,,,,,,40.5,,25.8,
21133,,,,,,,,,,,,57.2,,,53.1,,,,,,,,,,,,,,,64.6,,,,,,,43.8,,34.1,
21135,,,,,,,,,,,,52.4,,,45.7,,,,,,,,,,,,,,,70.7,,,,,,,42.9,,30.1,
21137,,,,,,,,,,,,57.0,,,55.2,,,,,,,,,,,,,,,76.7,,,,,,,41.0,,27.3,
21139,,,,,,,,,,,,57.8,,,58.5,,,,,,,,,,,,,,,71.5,,,,,,,40.2,,20.0,
21141,,,,,,,,,,,,59.4,,,58.7,,,,,,,,,,,,,,,75.6,,,,,,,40.1,,21.0,
21143,,,,,,,,,,,,58.5,,,58.9,,,,,,,,,,,,,,,75.3,,,,,,,41.5,,15.1,
21145,,,,,,,,,,,,59.2,,,56.7,,,,,,,,,,,,,,,76.9,,,,,,,41.6,,22.6,
21147,,,,,,,,,,,,51.8,,,45.2,,,,,,,,,,,,,,,66.4,,,,,,,45.4,,34.3,
21149,,,,,,,,,,,,64.0,,,58.4,,,,,,,,,,,,,,,73.3,,,,,,,40.9,,22.7,
21151,,,,,,,,,,,,61.4,,,60.3,,,,,,,,,,,,,,,71.3,,,,,,,43.6,,13.5,
21153,,,,,,,,,,,,53.3,,,44.2,,,,,,,,,,,,,,,63.2,,,,,,,43.9,,36.5,
21155,,,,,,,,,,,,56.9,,,51.6,,,,,,,,,,,,,,,70.8,,,,,,,43.0,,25.4,
21157,,,,,,,,,,,,61.4,,,58.4,,,,,,,,,,,,,,,78.4,,,,,,,37.6,,12.8,
21159,,,,,,,,,,,,54.9,,,41.2,,,,,,,,,,,,,,,67.5,,,,,,,46.0,,33.3,
21161,,,,,,,,,,,,57.9,,,52.7,,,,,,,,,,,,,,,68.3,,,,,,,43.9,,21.9,
21163,,,,,,,,,,,,62.4,,,58.6,,,,,,,,,,,,,,,74.5,,,,,,,40.2,,13.3,
21165,,,,,,,,,,,,57.7,,,49.2,,,,,,,,,,,,,,,73.7,,,,,,,42.7,,28.7,
21167,,,,,,,,,,,,63.0,,,60.0,,,,,,,,,,,,,,,74.0,,,,,,,39.9,,21.2,
21169,,,,,,,,,,,,57.2,,,50.7,,,,,,,,,,,,,,,72.3,,,,,,,41.7,,16.2,
21171,,,,,,,,,,,,54.7,,,53.0,,,,,,,,,,,,,,,73.0,,,,,,,41.1,,27.0,
21173,,,,,,,,,,,,60.2,,,53.9,,,,,,,,,,,,,,,70.5,,,,,,,41.7,,24.0,
21175,,,,,,,,,,,,53.9,,,48.4,,,,,,,,,,,,,,,68.3,,,,,,,44.0,,24.8,
21177,,,,,,,,,,,,59.7,,,54.7,,,,,,,,,,,,,,,69.9,,,,,,,42.9,,20.9,
21179,,,,,,,,,,,,63.7,,,62.9,,,,,,,,,,,,,,,76.4,,,,,,,38.1,,18.5,
21181,,,,,,,,,,,,57.1,,,53.8,,,,,,,,,,,,,,,73.1,,,,,,,41.8,,26.1,
21183,,,,,,,,,,,,59.1,,,54.1,,,,,,,,,,,,,,,76.1,,,,,,,40.7,,19.2,
21185,,,,,,,,,,,,65.5,,,68.6,,,,,,,,,,,,,,,77.0,,,,,,,36.1,,10.4,
21187,,,,,,,,,,,,60.6,,,54.9,,,,,,,,,,,,,,,74.5,,,,,,,40.8,,19.3,
21189,,,,,,,,,,,,50.7,,,48.2,,,,,,,,,,,,,,,67.2,,,,,,,42.5,,30.6,
21191,,,,,,,,,,,,59.4,,,54.9,,,,,,,,,,,,,,,73.0,,,,,,,42.8,,22.7,
21193,,,,,,,,,,,,55.8,,,51.3,,,,,,,,,,,,,,,68.1,,,,,,,41.8,,27.8,
21195,,,,,,,,,,,,58.2,,,50.0,,,,,,,,,,,,,,,65.9,,,,,,,46.1,,19.4,
21197,,,,,,,,,,,,56.2,,,53.7,,,,,,,,,,,,,,,71.2,,,,,,,40.0,,27.3,
21199,,,,,,,,,,,,58.2,,,51.4,,,,,,,,,,,,,,,64.2,,,,,,,41.8,,28.6,
21201,,,,,,,,,,,,59.5,,,50.0,,,,,,,,,,,,,,,70.1,,,,,,,42.4,,24.0,
21203,,,,,,,,,,,,58.0,,,47.1,,,,,,,,,,,,,,,71.4,,,,,,,42.7,,19.0,
21205,,,,,,,,,,,,57.5,,,54.3,,,,,,,,,,,,,,,72.4,,,,,,,41.7,,26.8,
21207,,,,,,,,,,,,55.7,,,47.1,,,,,,,,,,,,,,,66.9,,,,,,,43.8,,26.9,
21209,,,,,,,,,,,,64.6,,,63.2,,,,,,,,,,,,,,,77.6,,,,,,,40.8,,14.0,
21211,,,,,,,,,,,,62.8,,,61.5,,,,,,,,,,,,,,,74.5,,,,,,,39.1,,14.4,
21213,,,,,,,,,,,,59.9,,,58.4,,,,,,,,,,,,,,,73.0,,,,,,,41.7,,15.8,
21215,,,,,,,,,,,,65.3,,,59.0,,,,,,,,,,,,,,,70.6,,,,,,,40.2,,16.1,
21217,,,,,,,,,,,,56.7,,,56.5,,,,,,,,,,,,,,,71.9,,,,,,,41.5,,17.9,
21219,,,,,,,,,,,,57.9,,,49.9,,,,,,,,,,,,,,,68.7,,,,,,,43.1,,21.7,
21221,,,,,,,,,,,,56.5,,,56.3,,,,,,,,,,,,,,,68.1,,,,,,,41.4,,23.4,
21223,,,,,,,,,,,,59.7,,,57.2,,,,,,,,,,,,,,,75.5,,,,,,,39.7,,16.9,
21225,,,,,,,,,,,,57.5,,,51.6,,,,,,,,,,,,,,,71.1,,,,,,,41.4,,19.5,
21227,,,,,,,,,,,,59.8,,,60.5,,,,,,,,,,,,,,,75.0,,,,,,,38.9,,16.2,
21229,,,,,,,,,,,,61.1,,,59.4,,,,,,,,,,,,,,,75.9,,,,,,,39.1,,20.9,
21231,,,,,,,,,,,,52.9,,,46.7,,,,,,,,,,,,,,,68.3,,,,,,,42.4,,29.8,
21233,,,,,,,,,,,,55.6,,,52.1,,,,,,,,,,,,,,,72.1,,,,,,,43.6,,25.5,
21235,,,,,,,,,,,,57.3,,,52.9,,,,,,,,,,,,,,,64.3,,,,,,,43.0,,22.1,
21237,,,,,,,,,,,,50.1,,,40.0,,,,,,,,,,,,,,,68.2,,,,,,,45.4,,41.1,
21239,,,,,,,,,,,,65.6,,,68.0,,,,,,,,,,,,,,,75.4,,,,,,,35.9,,16.1,
22001,10.8,29.1,18.8,40.8,63.0,6.8,10.8,7.3,78.7,82.2,22.5,57.9,9.8,22.2,53.9,31.4,14.3,41.8,29.0,27.1,24.5,27.9,8.5,34.2,19.0,12.5,13.3,37.6,35.0,75.4,22.8,18.8,41.7,17.3,5.6,14.3,38.0,4.2,18.9,7.5
22003,11.9,27.5,19.1,42.3,62.5,6.5,10.1,7.4,78.3,82.2,21.4,58.0,9.1,21.6,52.9,27.6,14.3,40.9,31.1,26.7,22.3,27.3,8.4,34.9,19.3,11.4,13.0,36.9,34.4,75.7,21.2,17.8,43.9,16.5,5.4,14.1,39.4,4.2,24.0,7.4
22005,8.2,25.5,19.0,37.0,61.9,6.7,9.7,5.6,80.7,86.2,17.0,65.4,6.1,15.1,64.5,27.2,11.2,32.8,27.3,17.3,13.0,19.6,6.5,35.2,14.1,8.3,9.0,35.1,25.7,79.6,19.2,13.0,35.0,13.0,3.6,9.8,39.8,3.1,14.5,4.9
22007,10.6,27.2,18.3,39.4,63.0,6.4,10.8,6.8,79.7,83.2,21.2,56.6,8.6,20.9,51.5,28.5,13.4,40.5,30.9,25.9,22.2,26.1,7.8,34.6,19.2,11.4,12.7,38.8,33.4,76.9,21.6,17.3,38.3,15.8,5.1,13.7,39.5,4.0,20.1,6.9
22009,11.7,29.2,17.9,44.1,64.2,6.5,11.2,7.8,79.1,81.8,23.3,58.7,10.4,23.7,48.5,28.9,15.2,42.3,32.1,30.9,28.9,30.1,8.6,35.1,22.5,13.4,15.5,38.7,36.6,73.6,23.1,19.8,43.2,17.8,6.4,17.1,41.4,4.6,24.6,8.6
22011,8.8,27.6,19.4,36.5,60.8,7.1,10.3,6.4,79.0,83.7,19.2,60.0,7.9,18.7,56.3,29.5,11.8,36.8,28.1,19.5,15.7,22.7,7.7,35.5,14.6,9.9,10.1,36.4,28.8,77.4,20.9,15.0,40.5,15.0,4.2,10.4,36.7,3.5,14.9,5.6
22013,11.5,30.6,15.9,45.6,66.0,6.1,11.4,8.0,80.8,82.3,23.5,56.7,10.8,24.5,44.8,28.7,17.5,45.0,31.6,35.1,34.5,32.1,8.4,35.5,25.0,14.3,17.3,39.9,40.0,77.1,23.2,21.7,47.6,18.2,7.2,20.3,45.3,5.1,30.8,9.5
22015,8.3,25.5,18.0,37.0,62.4,6.7,10.1,6.0,80.7,85.9,17.5,63.2,6.9,16.3,58.0,27.2,12.1,33.2,27.7,19.4,15.5,21.6,7.0,33.4,15.6,9.0,10.1,36.5,29.3,76.6,19.2,13.9,40.9,13.7,4.1,11.2,42.9,3.4,15.0,5.5
22017,9.2,27.8,16.0,42.5,65.6,6.0,10.9,6.7,82.2,85.1,20.0,60.3,8.0,18.6,54.1,27.6,14.5,39.0,31.7,28.8,25.0,26.0,7.0,34.7,21.9,11.3,14.0,39.0,31.8,76.0,20.8,17.5,42.3,15.4,5.5,16.5,40.0,4.2,23.0,7.3
22019,8.6,26.8,18.3,39.0,62.3,6.7,10.3,6.2,79.8,84.7,18.6,60.5,7.2,17.3,58.6,28.1,12.5,37.2,28.1,20.5,17.0,22.7,7.1,34.4,15.7,9.6,10.7,36.7,32.0,77.8,19.8,14.8,42.9,14.0,4.3,11.7,39.4,3.6,14.6,5.7
22021,11.0,28.9,19.1,41.0,62.5,6.8,10.6,7.7,78.6,81.5,22.6,56.9,10.1,23.6,50.9,30.1,14.2,42.6,30.2,27.0,24.2,28.3,8.7,35.1,19.3,12.5,13.5,38.0,34.3,72.0,22.7,18.7,38.8,17.1,5.7,14.5,41.6,4.3,25.2,7.6
22023,8.1,26.1,21.0,35.5,60.0,7.3,9.9,6.1,78.5,84.5,18.4,59.2,7.2,17.4,57.8,29.6,10.6,35.0,26.6,16.2,12.3,20.3,7.5,34.0,12.7,8.9,8.7,36.4,26.4,76.6,20.4,13.6,36.3,14.1,3.6,8.8,38.5,3.2,20.0,4.8
22025,12.5,28.5,17.8,42.1,63.7,6.4,10.7,7.6,78.8,81.8,22.6,57.6,9.9,22.8,54.1,27.7,15.0,43.0,31.8,30.0,26.9,29.6,8.5,34.7,21.7,12.7,14.9,38.0,35.7,76.0,22.0,19.4,41.6,17.4,6.1,16.1,42.3,4.5,26.8,8.3
22027,13.6,30.4,15.5,48.6,66.9,5.9,11.1,8.7,80.8,81.0,24.7,53.0,11.6,26.6,42.2,26.2,18.8,47.8,34.9,40.0,39.4,35.3,8.9,35.1,28.4,15.3,19.8,39.2,41.5,73.6,23.0,23.4,48.9,19.0,8.2,23.3,47.9,5.6,28.6,10.9
22029,11.5,30.0,16.0,45.6,65.6,6.3,11.2,8.0,80.6,82.3,23.0,57.8,10.5,23.6,46.6,28.4,16.8,43.7,32.0,33.7,32.3,31.0,8.4,35.6,24.4,13.8,16.7,39.7,37.7,74.5,22.8,20.9,45.9,17.8,6.9,19.5,43.8,4.9,22.9,9.2
22031,9.9,28.4,17.4,42.0,64.2,6.4,11.0,6.9,80.6,83.8,21.2,57.6,8.8,21.0,55.4,28.4,14.6,40.7,30.4,27.5,24.1,26.8,7.6,34.1,20.1,11.8,13.7,38.3,32.7,75.8,21.9,18.1,44.2,16.2,5.5,15.2,42.9,4.2,17.7,7.3
22033,7.8,26.2,17.2,40.3,64.8,6.2,10.3,5.9,81.5,87.1,17.7,62.3,6.6,15.0,59.4,25.9,13.6,34.1,28.8,21.9,18.9,21.6,6.3,33.3,17.9,9.2,11.5,36.2,24.9,81.8,18.9,14.6,36.6,13.2,4.4,13.5,43.0,3.7,15.5,6.0
22035,16.0,30.3,14.5,52.5,67.1,5.3,11.6,9.5,81.0,80.2,26.4,51.7,12.7,29.1,38.7,25.0,21.3,50.1,37.8,46.8,46.6,39.7,8.8,35.4,33.6,17.2,23.5,41.8,44.1,75.4,23.5,26.3,51.7,20.2,10.0,27.8,48.4,6.5,43.5,13.1
22037,9.3,26.1,19.0,42.4,64.0,6.2,10.1,6.4,79.9,84.6,18.9,59.7,7.2,18.4,57.1,25.3,13.2,37.5,31.5,23.2,18.4,24.0,6.9,34.8,18.7,9.8,11.7,38.5,32.1,79.9,20.0,15.7,41.9,14.4,4.5,13.3,43.9,3.8,21.1,6.1
22039,12.0,29.0,18.4,42.2,63.7,6.5,11.0,7.5,79.7,82.1,22.4,55.0,9.9,22.5,45.5,28.9,15.0,43.4,30.3,29.3,26.5,29.1,8.5,35.3,21.2,12.7,14.4,36.9,35.8,74.9,22.2,19.3,44.9,17.5,6.0,16.0,43.0,4.4,29.3,8.1
22041,11.1,29.3,16.6,42.7,64.2,6.5,11.3,7.6,79.7,82.2,23.1,55.8,10.4,23.4,48.8,29.4,15.1,43.3,30.6,30.8,29.2,30.1,8.4,35.4,21.7,13.5,15.3,38.2,36.0,75.4,22.8,20.2,42.2,17.8,6.3,16.8,41.8,4.6,31.1,8.4
22043,10.9,26.9,19.4,40.1,61.8,6.8,9.8,6.8,78.4,83.0,20.1,55.5,8.3,20.1,52.5,27.2,12.7,38.1,30.5,22.3,17.6,24.9,8.0,35.0,16.7,10.3,11.2,38.5,30.7,71.1,20.7,16.0,39.6,15.5,4.6,11.9,42.6,3.7,20.7,6.2
22045,10.8,27.8,16.4,40.9,64.9,6.3,10.8,7.1,81.3,83.6,21.4,57.6,9.0,20.7,52.1,28.6,14.7,41.5,31.5,27.4,24.5,27.7,7.8,34.1,20.1,12.0,13.8,40.4,34.2,78.0,21.7,18.2,42.4,16.3,5.6,15.1,40.9,4.2,20.2,7.5
22047,10.4,27.1,17.3,41.0,63.9,6.0,10.7,6.6,80.4,84.7,20.0,60.7,7.8,19.1,52.5,25.9,14.4,39.5,32.9,27.1,22.8,26.0,6.9,34.2,21.2,10.9,13.4,38.4,33.2,79.7,20.8,17.3,42.9,15.3,5.2,15.1,43.1,4.1,19.5,7.0
22049,10.3,27.8,17.9,42.0,63.3,6.5,10.6,7.2,79.7,82.8,21.3,55.3,9.2,21.3,49.5,27.9,14.4,40.2,30.3,26.7,23.8,27.3,8.1,35.1,19.4,11.8,13.3,36.9,35.0,74.3,21.6,17.9,45.1,16.5,5.5,14.7,41.7,4.2,25.8,7.3
22051,10.4,25.0,18.2,38.0,63.4,6.2,9.8,6.0,81.3,86.3,17.6,61.0,6.5,15.0,57.2,25.1,13.6,33.6,28.6,21.5,16.3,22.2,6.7,33.0,17.3,9.1,10.9,38.1,29.0,80.0,19.0,14.4,41.5,13.4,4.2,12.2,41.5,3.4,15.2,6.0
22053,9.4,26.8,19.6,38.7,62.5,7.0,10.4,6.7,78.7,83.4,20.8,59.2,8.6,20.1,57.1,29.3,12.6,39.7,28.9,22.2,19.0,24.7,7.9,34.9,16.4,10.9,11.3,38.2,32.2,74.9,21.8,16.8,42.5,16.0,4.7,12.0,38.5,3.8,20.8,6.3
22055,8.0,24.3,19.1,37.1,62.7,6.7,9.7,5.9,81.0,86.1,17.2,60.3,6.7,15.9,58.6,26.2,11.9,33.6,26.0,19.4,15.7,20.7,6.8,33.3,15.1,9.0,10.2,36.3,23.9,81.6,18.7,14.0,34.3,13.1,4.0,10.9,38.1,3.4,12.1,5.4
22057,9.6,27.9,20.1,39.5,61.6,6.8,10.2,6.7,78.9,83.7,20.2,56.7,8.3,19.4,54.2,30.8,12.7,39.5,29.2,22.2,18.1,23.3,7.9,34.7,16.4,10.6,11.2,36.1,31.7,78.2,21.5,16.4,47.2,15.5,4.6,11.6,42.3,3.6,19.5,6.2
22059,11.2,26.0,20.3,37.2,61.1,6.9,9.7,6.4,78.0,83.4,19.5,59.4,7.9,19.1,54.5,27.2,12.4,37.9,29.6,20.9,16.1,23.9,7.7,35.0,15.8,9.8,10.6,37.7,30.0,79.1,20.2,15.5,38.9,15.0,4.3,10.8,40.3,3.5,14.9,5.9
22061,8.7,28.3,16.5,42.7,64.9,6.5,10.8,7.1,80.8,84.6,20.0,58.6,8.6,18.9,53.6,27.8,15.1,40.0,28.6,26.6,25.3,26.4,7.6,34.3,20.2,11.7,13.9,35.8,32.5,77.1,20.9,18.2,46.3,15.9,5.6,16.3,43.7,4.3,20.1,7.4
22063,8.5,26.7,19.5,38.3,61.4,7.2,9.9,6.1,80.5,84.9,18.7,64.2,7.2,17.0,59.1,29.9,11.7,36.9,26.7,18.7,14.4,21.2,7.6,35.1,14.0,9.2,9.1,34.6,26.9,77.4,20.1,14.1,38.6,14.4,3.8,9.6,38.4,3.2,14.9,5.2
22065,13.3,30.9,14.3,49.6,67.5,5.6,12.2,8.6,82.0,82.1,25.3,53.1,11.8,26.2,43.5,27.2,19.6,47.3,34.8,42.6,43.1,36.4,8.3,35.4,30.9,16.4,21.5,40.3,42.5,72.9,23.8,24.5,50.1,19.3,8.9,25.5,47.1,5.9,31.5,11.7
22067,11.3,30.1,15.8,47.5,66.3,6.1,11.6,7.8,81.1,83.0,22.9,57.3,10.3,23.5,45.3,27.7,16.8,44.2,34.3,35.4,33.6,31.4,8.0,36.1,25.9,13.9,17.6,41.2,37.1,77.5,22.6,21.1,44.9,17.5,7.0,20.6,46.3,5.0,30.5,9.2
22069,9.3,29.0,16.9,43.4,65.3,6.3,11.0,6.9,81.0,84.5,20.4,58.5,8.5,19.8,51.1,28.2,14.8,39.4,30.2,27.4,25.5,26.7,7.5,33.9,20.9,11.6,14.0,37.0,32.4,77.3,21.3,18.1,42.4,15.9,5.6,16.2,40.8,4.3,21.1,7.4
22071,8.4,24.7,19.4,39.0,64.3,5.5,10.6,6.1,80.4,86.2,17.6,65.8,6.6,15.2,58.9,27.4,14.4,33.7,31.4,24.9,21.4,22.0,6.1,32.1,19.8,9.7,12.7,40.0,26.1,81.1,19.2,15.2,34.2,13.3,5.0,15.2,39.4,4.0,24.4,6.8
22073,8.8,28.2,16.7,42.1,63.4,6.5,10.9,6.6,80.8,84.8,19.4,60.0,8.0,18.2,54.9,26.2,13.9,38.4,29.9,25.2,21.6,24.0,7.2,34.4,19.3,11.0,12.7,37.8,32.3,78.0,20.6,16.9,44.1,14.6,5.1,14.8,40.9,4.0,25.3,6.8
22075,9.4,25.3,19.2,37.3,61.8,6.5,9.9,6.1,79.2,85.0,18.1,60.0,6.9,16.6,57.1,26.4,12.4,34.9,29.4,20.2,15.6,22.1,7.1,34.2,15.9,9.2,10.4,37.5,28.8,78.0,19.4,14.6,38.4,14.1,4.1,10.9,39.8,3.4,15.6,5.7
22077,9.7,27.1,18.1,40.4,63.5,6.4,10.8,6.5,80.4,84.3,20.2,58.3,8.1,19.2,52.7,27.8,13.3,38.2,30.3,24.8,21.1,24.5,7.2,34.4,18.9,10.8,12.4,38.1,32.0,76.7,21.3,16.6,40.0,15.3,5.0,13.7,42.2,3.9,23.9,6.6
22079,9.1,28.7,16.7,39.9,63.5,6.5,10.7,6.5,80.3,84.6,20.0,61.9,8.0,19.1,54.2,28.2,13.4,39.7,30.0,24.0,20.9,25.3,7.5,34.5,18.3,10.6,12.2,39.7,30.3,79.0,21.1,16.8,40.7,15.4,4.9,13.8,41.8,3.9,17.2,6.5
22081,11.7,28.9,16.4,43.9,64.9,6.1,11.2,7.6,80.3,82.5,23.0,55.9,10.1,23.7,48.9,27.8,16.1,43.5,32.3,33.2,30.9,30.6,8.1,34.0,24.2,13.5,16.1,39.1,38.0,74.7,22.8,20.4,43.9,17.6,6.5,18.5,45.4,4.7,28.1,8.8
22083,10.6,28.7,17.2,42.3,64.3,6.4,11.1,7.3,80.4,83.2,21.9,57.1,9.5,21.9,50.8,28.4,15.0,41.2,30.6,29.1,26.6,28.4,7.9,34.7,21.4,12.5,14.5,39.0,34.7,75.8,22.2,18.9,43.1,16.7,5.9,16.3,41.4,4.4,23.5,7.8
22085,10.0,28.9,18.7,40.9,62.5,6.8,10.9,7.3,79.4,82.6,21.7,56.8,9.3,21.9,52.5,29.6,14.3,40.6,29.5,26.8,23.0,26.9,8.6,35.2,19.0,11.9,13.5,37.3,34.3,76.3,22.6,18.1,44.9,17.0,5.3,14.4,41.1,4.1,19.5,7.3
22087,11.3,27.7,17.2,40.3,63.1,6.4,10.6,7.0,79.7,84.0,20.8,59.1,8.5,19.7,52.2,28.1,14.3,40.6,30.2,27.2,23.0,26.9,8.0,35.5,20.4,11.3,13.4,38.0,33.2,77.0,21.2,17.8,42.2,16.2,5.4,14.8,40.9,4.0,23.1,7.4
22089,8.2,25.0,19.6,37.4,61.7,6.6,9.9,5.6,80.4,86.2,16.9,63.3,6.2,14.9,62.3,26.1,11.3,33.1,26.8,17.2,13.2,19.7,6.6,33.8,14.4,8.4,9.2,34.2,26.8,80.4,19.1,13.3,37.2,13.2,3.7,9.9,39.7,3.2,13.6,5.0
22091,11.0,28.7,16.0,43.7,65.8,5.9,11.5,7.4,81.2,83.5,22.3,57.5,9.4,22.4,49.4,27.0,16.2,43.0,33.8,33.4,31.1,30.5,7.5,34.3,24.7,13.2,16.3,39.9,37.3,75.4,22.3,20.3,42.9,17.0,6.4,19.1,43.2,4.8,27.6,8.6
22093,8.2,26.4,18.6,40.3,64.4,6.1,10.7,5.9,81.6,86.1,18.2,62.5,6.8,16.8,56.6,25.7,13.4,35.6,31.6,22.7,19.2,22.9,6.3,32.3,18.6,9.7,11.6,38.0,30.7,82.8,20.1,15.5,43.7,13.9,4.5,13.4,44.3,3.8,18.1,6.0
22095,10.0,25.9,16.0,42.8,65.5,5.6,10.7,6.2,82.4,86.2,18.7,60.8,6.8,16.7,54.9,24.6,14.9,37.3,32.7,27.5,22.5,24.9,6.2,34.0,22.1,10.3,13.5,38.7,30.9,80.6,19.9,16.4,41.5,14.3,5.0,15.7,44.9,4.0,20.6,6.9
22097,11.2,28.7,17.5,43.4,64.5,6.1,11.2,7.5,80.7,83.0,22.5,58.6,9.7,22.4,49.4,27.4,15.7,43.9,31.9,31.2,29.5,30.5,8.0,34.6,23.0,13.3,15.8,39.3,35.2,75.5,22.5,20.3,40.5,17.4,6.4,18.0,40.9,4.7,22.7,8.5
22099,10.1,27.2,18.1,39.3,63.4,6.5,10.6,6.6,79.6,84.0,20.4,59.8,8.3,19.7,54.6,29.4,13.1,39.2,29.7,24.5,20.9,25.4,7.4,34.2,18.9,10.9,12.1,38.1,32.0,76.6,21.7,16.8,45.0,15.5,4.9,13.5,42.3,3.9,15.5,6.6
22101,11.7,27.9,17.5,41.6,63.1,6.2,10.8,7.1,80.2,83.2,21.8,57.0,9.0,21.7,48.4,28.6,14.7,42.0,31.8,28.9,25.4,28.4,7.9,35.9,21.4,12.0,14.2,40.2,34.8,77.8,22.2,18.8,44.9,16.8,5.7,15.6,44.4,4.3,24.0,7.8
22103,7.3,23.4,19.9,34.0,62.0,7.1,9.6,5.6,78.6,86.4,16.4,62.1,6.1,14.6,63.6,26.2,10.9,32.1,25.4,15.9,11.9,18.8,6.7,32.0,13.3,8.0,8.5,33.5,24.8,80.7,19.4,12.6,37.1,12.7,3.4,9.2,39.6,3.0,11.6,4.7
22105,9.6,28.0,19.4,39.0,62.7,6.5,10.5,6.7,79.8,84.5,19.7,62.4,8.0,18.9,57.8,26.7,13.5,38.2,29.4,23.8,20.7,24.4,7.4,33.4,18.6,10.6,12.3,39.5,30.0,76.1,21.3,16.7,43.1,15.0,4.8,13.5,39.2,3.8,20.1,6.5
22107,12.4,29.8,15.1,47.4,66.6,5.7,11.7,8.1,81.2,82.5,23.9,52.5,10.7,24.5,41.1,27.1,18.1,45.8,34.1,38.3,37.7,33.2,8.0,34.5,27.9,14.8,19.0,40.0,39.8,76.9,23.2,22.5,49.2,18.2,7.7,22.3,46.7,5.4,32.6,10.2
22109,9.7,27.2,18.7,37.8,62.1,6.7,10.4,6.6,80.0,84.1,19.7,61.6,7.9,18.8,58.2,28.0,13.2,37.3,29.1,22.5,17.8,24.4,7.6,34.1,16.5,10.2,11.3,36.5,32.2,75.9,21.1,16.0,41.0,15.5,4.5,11.7,42.7,3.7,16.6,6.2
22111,10.6,28.3,18.0,41.0,63.3,6.7,10.7,7.2,79.1,82.9,21.6,56.9,9.4,21.6,52.4,28.8,14.3,40.0,29.5,27.0,24.5,27.3,8.2,35.3,19.6,12.0,13.5,37.4,33.6,77.1,22.0,17.9,37.2,16.5,5.5,15.0,41.2,4.2,18.5,7.4
22113,9.6,27.6,18.8,38.6,62.3,6.8,10.4,6.8,78.5,83.1,20.8,57.2,8.7,20.3,55.9,29.6,12.8,38.6,28.7,22.5,19.8,24.5,8.0,34.8,16.6,11.0,11.6,37.3,31.0,75.8,21.5,16.7,42.6,15.8,4.8,12.1,38.7,3.8,17.9,6.5
22115,9.8,27.4,18.3,39.2,61.9,6.9,10.0,6.6,79.5,83.9,19.7,57.8,8.0,19.2,56.2,27.4,12.6,37.9,28.4,21.7,17.9,23.9,7.9,35.9,16.0,10.1,11.0,35.9,31.9,79.9,20.4,16.0,39.4,15.1,4.5,11.6,42.3,3.6,19.4,6.1
22117,10.5,29.1,16.9,42.1,64.4,6.5,10.9,7.3,78.4,83.1,21.6,56.2,9.5,22.2,52.8,28.3,14.9,40.4,30.7,28.1,25.8,28.0,8.0,34.6,20.7,12.2,14.0,35.8,36.2,76.9,21.9,18.5,45.6,16.8,5.7,15.7,42.4,4.3,24.5,7.7
22119,10.7,29.0,16.9,43.4,64.9,6.5,11.3,7.7,79.9,82.4,22.8,56.4,10.3,23.4,48.8,28.9,15.7,43.4,31.0,31.5,30.3,30.0,8.3,34.5,22.6,13.5,15.8,37.8,37.0,76.2,22.9,20.4,44.7,18.0,6.4,18.1,42.2,4.7,25.3,8.5
22121,8.2,26.0,18.4,40.1,63.7,6.3,10.4,5.8,81.2,86.1,17.6,62.8,6.6,16.1,56.1,25.9,12.6,35.1,30.3,21.3,17.1,21.7,6.4,33.2,17.2,9.2,10.9,37.3,27.5,81.7,19.5,14.7,41.3,13.5,4.2,12.4,41.9,3.5,14.4,5.6
22123,10.1,27.6,19.4,38.8,61.6,6.9,10.6,6.9,78.6,82.9,21.1,56.1,8.9,20.8,49.0,29.5,12.9,39.2,28.8,23.2,20.0,25.4,8.0,34.0,17.1,11.2,11.7,37.2,31.5,73.9,21.7,16.7,40.3,16.0,4.9,12.3,39.6,3.8,27.3,6.5
22125,9.0,24.0,19.8,40.6,63.0,6.1,9.1,6.1,79.9,85.5,16.7,61.2,6.1,16.1,57.3,22.5,12.8,34.1,31.9,19.9,14.6,21.3,6.6,33.5,16.5,8.2,10.3,36.6,27.3,81.0,17.9,13.7,39.3,12.8,4.0,11.5,41.4,3.5,18.9,5.3
22127,11.5,27.6,18.1,42.5,63.8,6.5,10.3,7.2,79.3,83.0,21.1,57.4,8.9,21.1,51.0,27.2,14.7,41.4,30.9,27.4,23.7,27.3,8.1,35.0,20.1,11.5,13.6,37.6,34.2,78.0,21.1,17.9,46.0,16.2,5.5,15.1,43.1,4.2,21.5,7.5
23001,9.5,27.8,16.4,29.6,54.4,7.2,13.4,6.0,77.6,83.3,17.9,61.3,7.6,16.9,61.2,30.8,10.3,32.6,25.0,14.6,19.4,19.3,7.1,32.1,14.1,9.0,10.3,35.0,25.8,80.1,21.0,12.6,36.1,14.3,3.5,10.7,37.8,3.1,19.6,4.6
23003,10.1,27.7,16.2,34.4,56.0,7.2,13.6,6.4,78.5,82.4,18.7,63.0,8.3,18.6,56.1,27.9,10.7,34.7,26.6,15.1,21.5,21.2,7.5,32.5,13.6,9.3,10.0,36.4,29.2,78.0,21.1,13.8,40.0,15.3,3.7,10.3,39.1,3.2,24.3,4.8
23005,6.7,22.8,19.4,27.8,52.4,7.5,12.0,4.7,77.9,86.0,14.1,68.5,5.1,11.1,68.9,26.7,7.4,24.5,22.4,8.5,10.7,13.6,5.7,28.5,8.9,6.6,7.1,32.8,16.1,81.3,17.9,8.8,26.7,11.2,2.4,6.6,30.9,2.4,9.2,3.1
23007,8.8,26.4,17.7,30.6,52.5,7.4,13.4,6.1,76.2,83.5,18.2,64.7,7.4,16.6,59.6,30.1,8.8,32.5,25.1,13.4,17.9,18.8,7.2,31.2,13.2,8.6,9.2,36.8,23.7,82.0,21.0,11.8,35.2,13.8,3.4,9.4,37.1,3.0,14.0,4.4
23009,8.1,24.7,18.7,27.9,54.1,7.5,12.3,5.4,78.9,84.7,16.2,64.2,6.2,13.9,65.7,27.7,8.1,28.0,22.3,10.6,13.7,15.6,6.4,30.6,10.6,7.3,7.8,32.7,18.7,81.1,18.9,10.2,29.4,12.1,2.9,7.8,31.1,2.7,8.0,3.8
23011,8.7,27.0,14.9,29.2,54.4,7.1,12.6,5.8,78.4,83.8,17.5,64.2,7.3,15.8,61.5,29.6,9.4,32.4,23.9,12.2,16.3,18.7,7.1,30.8,12.1,8.4,8.8,32.0,23.2,77.5,20.0,11.9,32.5,13.6,3.2,8.7,35.8,2.9,22.7,4.2
23013,8.2,25.4,17.7,27.7,53.1,7.3,12.1,5.3,77.8,84.4,15.2,60.5,6.3,14.3,67.4,27.7,8.0,26.6,23.8,10.0,13.0,15.3,6.3,31.0,10.2,7.3,7.8,31.9,19.4,78.1,17.8,10.4,28.8,12.0,2.9,7.7,31.0,2.7,18.3,3.8
23015,7.8,26.8,17.1,29.1,54.1,7.6,12.4,5.2,78.9,84.3,15.4,64.7,6.1,13.5,62.9,29.3,8.1,27.5,22.9,9.9,13.0,15.7,6.2,31.6,10.0,7.1,7.4,32.4,18.8,78.3,19.1,10.4,31.0,12.2,2.8,7.4,31.5,2.6,12.2,3.6
23017,9.6,27.5,18.4,30.4,54.5,7.4,13.6,6.3,77.8,82.6,18.4,60.6,8.2,18.0,56.0,28.2,10.1,30.6,25.5,15.1,20.3,20.1,7.1,32.8,13.9,9.4,10.0,34.6,23.3,76.6,20.2,12.5,34.6,14.9,3.7,10.3,34.3,3.2,16.2,4.8
23019,8.8,27.0,17.7,32.7,53.9,7.6,13.4,6.1,79.8,83.5,17.6,61.9,7.3,16.2,59.4,29.9,9.5,32.1,24.3,12.5,17.1,19.6,7.1,31.9,11.3,8.4,9.3,35.8,25.0,81.2,20.8,12.7,38.3,14.5,3.3,8.8,36.3,2.9,17.7,4.3
23021,10.1,27.5,17.6,30.8,53.6,7.2,12.9,6.6,77.7,82.0,18.9,59.1,8.2,18.6,59.9,28.8,9.6,32.2,25.0,15.4,20.3,20.4,7.3,31.5,13.6,9.6,10.2,34.9,25.3,74.3,20.9,13.1,34.3,15.1,3.8,10.5,35.5,3.2,20.9,4.9
23023,7.9,25.5,18.6,27.7,52.8,7.4,12.5,5.3,78.6,84.4,15.5,61.8,6.2,14.3,63.7,29.2,8.0,27.3,21.7,10.2,13.2,15.4,6.3,30.6,9.8,7.4,7.5,32.1,20.2,78.9,18.5,10.4,29.5,12.2,2.8,7.9,30.8,2.6,8.2,3.7
23025,10.2,27.9,16.6,31.9,53.3,7.2,13.7,6.7,79.4,82.2,19.7,60.0,8.9,20.0,56.4,30.8,10.4,34.9,24.8,15.6,22.4,21.3,7.7,33.0,14.0,10.0,10.7,36.5,25.9,79.5,22.1,13.7,36.7,15.3,3.9,11.4,38.9,3.3,15.5,5.1
23027,8.7,26.3,17.6,28.6,54.5,7.4,13.5,5.7,78.2,83.8,17.2,62.4,6.8,15.9,63.1,30.4,8.6,31.0,23.9,11.8,16.4,18.2,6.8,31.4,11.8,8.5,8.7,33.7,21.6,77.0,20.6,11.6,34.1,13.7,3.1,8.5,34.4,2.8,19.7,4.1
23029,10.5,30.1,17.2,34.0,54.5,7.3,13.5,6.5,78.2,81.9,19.4,60.4,8.4,19.2,56.4,29.1,10.7,37.3,26.3,16.2,22.0,21.7,7.8,29.8,14.2,9.8,11.1,37.4,29.8,74.7,22.1,14.5,39.9,16.1,3.9,10.7,40.1,3.2,20.6,5.2
23031,7.7,25.0,19.7,29.2,55.7,7.8,12.8,5.3,77.8,85.2,16.3,61.5,6.2,13.7,65.5,26.8,8.0,28.9,22.8,9.7,12.3,16.2,6.4,30.5,10.0,7.1,7.5,32.3,19.7,81.6,18.7,10.1,32.9,11.8,2.7,7.3,31.7,2.6,13.4,3.5
24001,9.8,27.4,16.6,35.6,57.8,7.4,11.4,6.2,77.5,84.8,16.9,52.8,8.3,18.8,58.5,26.6,11.3,32.8,25.9,19.3,17.3,21.6,6.9,32.7,15.3,9.2,9.4,36.1,30.7,77.6,20.2,13.6,37.4,14.6,4.0,10.2,42.5,3.5,19.2,5.2
24003,7.3,22.3,17.5,31.4,56.9,7.3,10.0,4.6,78.2,88.9,12.0,63.8,4.6,10.5,68.3,20.4,9.1,24.9,22.5,11.9,8.5,15.5,5.0,31.6,10.9,6.1,6.3,34.2,19.8,86.0,15.3,9.8,34.2,11.0,2.6,6.8,38.7,2.5,13.0,3.4
24005,8.4,23.7,14.2,32.9,59.3,6.5,11.1,5.0,78.5,87.9,12.9,63.5,5.6,11.4,63.3,21.4,11.3,24.7,26.4,16.4,12.6,17.4,4.9,33.1,14.9,7.0,8.6,35.8,25.3,79.2,17.1,10.9,34.2,11.0,3.2,9.2,37.2,2.9,11.3,4.2
24009,6.9,23.8,17.7,32.6,58.1,7.4,10.5,4.5,77.3,88.4,12.4,62.3,5.0,11.0,70.7,20.5,9.1,25.2,22.0,10.9,8.0,14.9,5.2,32.6,10.7,6.1,6.2,33.9,18.8,82.1,15.9,9.7,35.9,11.1,2.6,6.6,36.9,2.6,9.1,3.3
24011,11.2,27.9,16.0,36.5,58.0,7.3,11.8,6.3,76.4,85.1,17.2,60.4,8.0,17.4,55.3,25.1,11.8,31.8,25.3,20.0,17.8,21.1,6.7,34.9,16.4,9.4,10.0,36.0,27.3,75.1,19.4,13.9,41.3,14.2,4.2,10.8,41.3,3.5,15.1,5.6
24013,6.8,23.1,18.6,29.8,55.3,7.8,10.1,4.7,73.5,87.8,12.2,61.6,5.0,11.0,66.0,23.5,8.5,23.5,20.4,9.5,7.2,13.4,5.3,32.7,9.3,6.0,5.7,32.1,22.0,81.2,16.1,9.3,37.4,10.5,2.4,5.7,35.1,2.4,7.0,3.2
24015,8.4,25.2,16.2,34.9,59.3,7.4,10.5,5.4,75.2,86.2,14.8,57.0,6.6,15.4,63.6,24.0,11.0,29.0,22.4,13.9,11.6,18.5,6.1,34.1,12.4,7.7,7.6,33.4,26.7,72.6,18.5,11.8,40.8,13.0,3.3,7.8,38.8,3.0,14.3,4.2
24017,7.9,23.1,14.2,38.5,61.7,6.0,10.7,4.7,79.9,89.2,12.5,65.2,5.0,11.3,62.6,17.9,11.8,25.4,27.5,16.7,12.7,16.8,4.7,32.8,15.6,6.9,8.8,36.2,22.6,80.2,16.6,11.2,41.3,11.2,3.3,10.2,40.8,3.1,7.6,4.4
24019,10.8,27.9,15.9,36.9,60.4,6.9,11.7,6.2,78.5,85.8,16.5,58.3,7.7,16.6,55.8,21.6,12.8,31.1,26.2,21.0,19.7,22.1,6.3,31.1,18.1,9.5,11.0,33.8,27.8,81.2,19.1,14.4,41.9,14.6,4.5,12.0,40.7,3.7,14.6,5.8
24021,8.0,22.5,16.3,31.0,57.7,7.3,9.5,4.7,77.2,88.6,11.5,63.7,4.6,9.1,66.7,21.0,9.4,22.1,23.5,10.9,7.7,14.1,5.1,35.0,10.5,5.7,6.2,33.0,19.5,74.7,15.7,8.7,34.3,9.9,2.5,6.7,35.4,2.5,6.2,3.4
24023,8.4,26.8,17.2,34.3,57.3,7.8,11.3,5.7,75.9,85.3,15.0,60.8,7.1,14.8,60.2,22.7,10.4,28.5,22.4,13.4,11.8,18.9,6.5,35.4,11.6,8.0,7.4,33.3,24.7,75.6,18.6,11.9,36.2,13.3,3.3,7.4,38.2,3.0,12.7,4.2
24025,7.1,23.4,15.9,31.7,56.7,7.2,10.2,4.7,77.6,88.1,12.3,62.7,5.2,10.9,67.4,22.4,9.7,23.1,22.1,11.4,8.8,15.0,5.2,34.8,10.9,6.3,6.5,33.4,19.7,80.6,16.5,9.4,35.4,11.2,2.7,6.9,36.6,2.6,5.1,3.5
24027,6.0,21.4,14.5,31.3,57.6,6.6,9.1,4.1,79.3,90.4,9.5,64.3,3.5,7.3,71.7,18.2,9.1,20.1,22.0,9.7,6.4,11.8,4.4,35.5,9.2,4.8,5.6,31.6,15.8,82.9,13.0,7.9,29.6,8.9,2.1,5.6,37.4,2.3,6.6,3.0
24029,8.6,25.3,18.6,35.2,58.3,7.4,10.9,5.3,76.7,86.9,13.9,63.8,6.1,13.2,67.4,24.0,10.3,25.7,23.5,14.1,11.8,17.3,5.7,33.9,12.7,7.4,7.7,32.9,22.4,81.5,17.3,11.1,36.4,11.9,3.2,8.3,35.3,3.0,11.9,4.3
24031,9.1,18.1,14.6,28.8,56.6,6.1,9.2,4.3,75.4,89.6,10.5,66.0,3.8,7.2,68.7,17.7,9.2,21.1,22.8,12.5,8.1,14.5,4.6,36.6,11.3,5.3,6.4,33.8,18.3,80.2,12.8,8.3,25.9,9.7,2.5,6.3,33.9,2.4,4.5,3.7
24033,13.0,22.6,13.0,37.3,59.6,5.0,11.5,4.9,76.9,88.7,12.9,63.6,5.0,10.5,59.7,15.1,13.6,26.8,27.5,22.4,15.9,20.2,4.2,32.9,20.3,7.6,10.6,37.0,26.5,80.7,14.8,13.2,41.9,12.0,4.0,12.1,43.8,3.5,13.4,5.5
24035,7.3,23.8,20.6,31.6,57.0,7.7,10.0,4.9,74.0,87.6,12.6,63.6,5.3,11.9,64.4,23.9,8.8,24.3,22.4,10.9,8.3,14.7,5.5,30.7,10.2,6.4,6.3,33.7,19.3,81.5,16.6,9.6,29.2,11.1,2.7,6.4,34.6,2.6,9.1,3.4
24037,7.9,25.1,17.7,32.6,59.0,7.3,10.7,5.1,76.5,87.8,13.1,66.6,5.4,12.7,64.3,21.5,10.3,25.3,23.8,12.3,10.0,16.6,5.4,33.8,11.7,6.6,7.0,36.3,22.3,77.4,16.9,10.5,37.2,11.5,2.9,7.3,37.7,2.7,8.4,3.8
24039,11.3,27.1,15.6,41.6,61.1,6.7,11.6,6.7,78.6,85.6,16.9,58.6,8.0,18.2,50.6,21.1,13.3,32.8,29.1,24.2,22.6,23.5,6.4,34.0,20.4,10.0,12.4,35.5,31.2,75.6,18.9,15.4,39.8,14.6,4.9,14.2,45.4,4.0,17.9,6.3
24041,8.4,23.2,18.4,31.5,57.9,7.5,10.6,5.0,77.7,87.9,13.1,66.3,5.6,11.8,67.9,22.8,9.2,25.8,22.1,13.1,10.7,16.2,5.6,32.9,12.3,6.8,7.2,34.1,21.5,79.9,16.3,10.6,30.8,11.8,3.0,7.6,34.0,2.8,9.9,4.0
24043,9.9,26.4,14.9,34.8,58.6,7.4,10.8,5.9,77.5,85.9,15.7,57.9,7.2,15.3,59.3,23.7,11.4,30.5,25.8,16.7,14.2,19.4,6.2,30.9,14.9,8.2,8.9,36.1,28.4,74.7,18.0,12.4,39.0,13.4,3.7,9.7,41.0,3.2,14.8,4.7
24045,9.5,26.0,15.1,35.0,62.7,6.9,11.1,5.7,80.0,87.4,14.8,64.0,6.7,14.4,56.4,22.0,11.5,27.6,25.0,17.6,15.8,20.4,5.6,35.7,14.8,8.5,9.4,35.1,27.9,76.6,18.0,12.9,40.9,12.8,3.8,10.3,36.6,3.4,12.9,5.0
24047,7.7,24.5,20.6,32.5,57.9,7.4,10.4,5.1,78.4,87.6,13.3,63.4,5.7,13.1,63.0,22.6,9.7,25.3,21.7,12.8,10.3,16.1,5.5,32.8,11.9,7.0,7.2,33.0,23.1,77.7,17.2,10.7,33.5,12.0,3.0,7.6,32.1,2.8,7.1,3.8
24510,10.1,24.7,15.8,39.6,61.9,5.5,12.7,5.9,80.1,87.3,16.1,63.1,6.9,16.0,53.7,23.6,13.7,33.0,28.6,25.4,24.4,22.8,5.0,33.6,22.0,9.6,12.8,40.6,27.2,81.4,18.6,15.9,38.8,13.6,4.9,14.8,42.1,4.1,14.7,6.5
25001,4.1,24.1,19.1,27.5,57.1,7.9,11.8,4.7,80.0,89.2,13.1,66.7,4.9,11.4,73.3,25.3,7.1,23.7,22.8,9.8,11.3,13.4,5.2,29.7,9.7,6.4,6.4,33.1,16.5,82.4,16.9,9.1,26.8,11.3,2.5,6.6,32.5,2.4,10.6,3.2
25003,5.2,23.7,18.9,27.7,55.4,7.5,12.2,5.3,77.9,87.5,15.4,62.8,5.9,13.3,67.2,27.0,8.2,27.6,24.2,12.6,15.5,16.1,5.7,29.5,11.5,7.6,8.0,34.5,20.4,78.4,19.1,10.4,31.5,12.4,3.0,7.8,38.2,2.7,10.1,3.9
25005,6.3,24.0,18.6,29.7,55.5,7.3,12.7,5.6,80.2,87.5,16.4,61.4,6.5,16.0,68.1,24.5,9.1,29.5,25.5,15.7,18.5,19.0,6.0,31.7,14.3,8.6,8.9,34.9,23.9,82.0,19.7,12.1,32.0,13.7,3.4,9.0,35.3,2.9,14.5,4.5
25007,4.2,22.3,19.6,27.1,54.3,7.7,11.7,4.7,78.8,88.7,13.5,64.9,4.9,11.2,72.0,25.7,7.3,24.3,22.3,9.7,11.4,13.5,5.2,28.9,9.6,6.5,6.6,33.1,16.9,81.8,17.3,9.0,25.3,11.0,2.5,6.4,34.3,2.4,5.6,3.2
25009,6.5,21.4,17.3,28.0,55.5,7.1,11.5,5.0,79.1,88.2,14.4,63.5,5.3,11.5,70.1,23.0,8.7,26.3,23.7,14.1,14.9,16.1,5.5,30.6,12.6,7.2,8.1,32.8,23.2,83.6,16.3,10.4,30.0,12.2,3.0,8.0,36.7,2.6,15.6,4.1
25011,5.0,24.2,19.2,29.1,54.1,7.7,12.0,5.2,78.5,87.6,15.4,64.5,6.0,13.1,72.3,27.1,8.1,27.1,23.6,12.0,15.2,15.7,5.8,30.2,11.1,7.6,7.7,35.6,20.4,81.4,18.2,10.6,26.1,12.3,3.0,7.8,34.2,2.7,14.1,3.9
25013,8.5,25.7,17.6,31.2,57.1,7.1,12.8,5.8,78.7,86.5,17.7,59.6,6.7,15.2,60.5,27.5,10.5,33.8,29.5,19.7,23.7,22.0,6.2,30.6,17.5,9.5,11.0,38.0,29.0,80.9,19.9,14.3,35.2,15.1,4.0,11.3,39.5,3.1,14.5,5.5
25015,4.5,22.4,17.9,25.9,54.7,7.7,12.1,4.9,79.8,88.8,14.1,65.5,5.2,11.4,69.5,27.8,7.8,24.9,22.8,10.7,12.8,14.1,5.4,28.1,10.3,7.0,7.4,35.8,17.7,83.8,17.6,9.5,24.4,11.7,2.7,7.0,33.6,2.5,13.7,3.5
25017,4.1,20.8,17.4,25.6,53.7,7.1,11.1,4.3,78.9,90.0,12.4,65.3,4.1,9.3,73.1,24.1,7.7,23.1,21.9,9.8,10.6,13.0,4.7,31.8,9.4,6.1,6.6,34.8,17.9,81.6,15.3,8.6,23.8,9.6,2.3,5.6,31.3,2.3,10.1,3.1
25019,4.8,21.1,20.1,25.8,55.0,7.4,10.8,4.3,79.6,90.0,11.8,65.8,3.9,8.8,74.9,22.7,7.2,22.2,22.1,9.0,9.4,12.3,4.7,30.3,9.4,5.4,6.0,33.0,16.4,82.1,15.2,8.1,26.9,9.9,2.2,5.9,31.6,2.2,9.3,2.9
25021,4.0,21.7,18.3,26.3,55.6,7.3,10.8,4.3,79.8,90.0,12.5,64.6,4.2,9.3,70.9,22.6,7.7,22.6,23.4,9.8,10.9,12.6,4.7,31.5,9.0,5.8,6.4,33.9,16.4,86.4,15.5,8.5,23.4,10.1,2.3,5.9,33.7,2.3,8.9,3.1
25023,4.7,22.0,19.7,27.5,55.5,7.4,12.1,4.8,79.5,88.7,14.6,66.4,5.3,12.1,70.5,24.9,8.2,27.5,24.4,12.2,13.9,14.7,5.4,31.9,12.3,6.9,7.5,35.0,19.2,86.6,18.4,9.7,29.7,11.7,2.7,7.6,36.0,2.5,7.8,3.5
25025,6.5,20.7,19.2,29.4,58.6,6.2,11.4,5.2,79.6,88.4,14.2,60.0,5.3,11.6,62.1,22.5,10.1,26.1,24.8,17.2,19.7,17.9,5.1,32.7,15.6,7.8,10.2,37.2,24.7,85.0,16.7,11.6,25.2,11.9,3.5,10.3,34.7,3.0,14.9,4.9
25027,5.7,23.5,19.2,29.9,55.8,7.2,12.1,5.0,79.7,88.2,14.9,59.8,5.5,12.5,69.3,26.2,9.0,27.0,24.9,13.7,15.6,16.6,5.3,30.9,12.0,7.4,8.1,35.3,23.1,84.0,18.1,10.6,32.5,12.7,3.0,8.0,35.3,2.6,12.3,4.0
26001,7.2,26.5,18.4,32.1,57.4,7.7,11.7,6.1,77.4,84.3,16.4,60.4,7.8,17.0,62.2,29.3,9.9,31.4,22.8,15.2,14.9,18.7,7.0,31.0,11.9,9.0,8.4,33.2,24.7,76.8,20.0,12.4,39.1,14.0,3.5,8.8,36.2,3.1,8.9,4.6
26003,7.4,25.7,18.9,33.2,57.8,7.5,11.2,6.0,76.9,84.6,15.6,65.3,7.3,16.7,65.4,26.2,10.0,30.6,25.5,15.7,14.4,18.6,6.9,30.3,12.8,8.4,8.8,33.7,23.7,75.6,19.0,12.2,36.6,13.5,3.4,9.4,35.9,3.1,12.7,4.6
26005,7.6,24.8,20.1,30.0,56.1,7.6,11.1,5.6,77.1,85.1,15.1,63.4,6.8,15.0,69.2,26.9,9.4,29.5,23.0,14.0,12.6,17.4,6.5,29.2,11.2,8.1,7.7,33.2,23.6,78.0,18.5,11.4,35.3,13.1,3.2,7.9,31.6,2.9,11.8,4.3
26007,7.5,27.8,18.7,33.4,57.8,7.8,12.1,6.5,77.5,83.6,17.3,58.4,8.7,18.4,63.4,30.2,10.5,33.5,23.0,16.8,17.3,20.2,7.4,30.9,12.8,9.8,9.2,33.4,26.1,73.1,20.6,13.8,41.3,14.8,3.9,9.9,35.0,3.3,13.6,5.1
26009,6.1,25.0,19.1,30.3,56.1,7.9,11.2,5.4,77.4,85.7,14.3,64.0,6.4,14.1,73.5,27.8,8.8,27.7,21.9,11.9,10.9,15.9,6.3,30.3,9.9,7.5,6.9,31.7,20.8,76.0,18.4,10.6,36.4,12.3,2.9,7.2,32.2,2.7,9.0,3.8
26011,7.9,27.0,19.1,33.0,57.2,7.7,12.0,6.4,76.6,83.6,17.3,62.3,8.4,18.4,63.3,29.7,10.3,33.2,23.8,16.6,16.3,20.3,7.3,30.7,12.8,9.6,9.0,34.0,25.6,76.2,20.8,13.3,38.4,14.7,3.8,9.4,34.5,3.3,13.4,4.9
26013,8.3,27.0,18.1,35.0,58.9,7.4,12.1,6.7,77.0,83.5,17.3,61.1,8.5,19.4,63.9,27.6,11.6,34.6,26.4,20.2,19.5,22.0,7.6,30.7,15.7,10.0,11.1,34.8,26.9,74.2,20.3,14.4,40.7,15.2,4.2,12.0,38.0,3.6,14.6,5.7
26015,6.7,25.4,18.8,29.8,56.7,7.8,11.3,5.5,76.9,85.1,15.0,64.2,6.8,15.1,72.8,27.6,8.9,29.5,22.2,12.7,11.5,16.9,6.5,31.5,10.5,7.9,7.2,32.1,22.6,77.1,18.7,11.0,36.6,12.7,3.0,7.4,33.3,2.8,11.7,4.0
26017,7.7,26.3,18.2,31.7,57.1,7.7,11.6,5.8,76.9,84.7,16.0,62.3,7.5,16.2,70.7,28.4,9.9,29.9,22.8,15.3,14.4,18.3,6.7,29.8,12.0,8.7,8.3,33.0,24.6,77.6,19.4,12.1,37.9,13.7,3.4,8.8,33.2,3.0,14.0,4.5
26019,6.2,25.5,19.4,30.3,56.5,7.9,11.3,5.4,77.4,85.7,14.5,62.6,6.5,14.1,70.1,28.4,8.9,28.5,21.7,11.9,11.0,16.1,6.3,29.6,10.0,7.7,7.0,32.3,21.1,74.1,18.7,10.8,35.4,12.7,2.9,7.3,31.6,2.7,9.9,3.8
26021,7.7,26.3,17.1,33.7,58.2,7.5,11.9,6.0,77.1,85.1,15.9,63.4,7.4,15.5,65.3,27.1,10.7,31.9,23.7,17.1,16.5,19.3,6.6,29.9,13.7,9.0,9.2,33.5,25.6,74.6,19.0,12.9,38.9,13.9,3.7,10.2,39.0,3.2,9.7,4.9
26023,9.1,26.7,18.0,34.3,56.9,7.6,11.7,6.4,76.3,83.2,17.5,58.8,8.5,18.3,63.0,28.7,10.9,34.7,24.1,18.0,17.5,20.9,7.4,30.8,13.7,9.8,9.5,34.7,26.8,72.8,20.1,13.5,35.9,15.0,4.0,10.0,36.0,3.4,12.8,5.3
26025,8.0,26.8,16.4,34.9,59.5,7.4,11.9,6.1,77.9,84.6,16.5,63.7,7.8,17.0,63.9,27.9,11.2,33.0,24.6,18.1,17.6,19.7,6.8,31.6,14.1,9.5,9.5,34.8,26.6,74.2,19.7,13.5,42.5,14.0,3.9,10.5,35.5,3.3,9.3,5.2
26027,7.8,26.1,18.0,32.3,57.2,7.5,11.8,6.0,77.0,84.6,16.3,62.8,7.6,16.8,67.0,28.6,10.0,31.4,24.0,15.7,14.9,19.1,6.8,31.0,12.5,9.0,8.7,33.7,24.9,76.7,19.8,12.5,36.1,13.9,3.6,9.1,35.8,3.1,9.9,4.7
26029,5.9,25.1,19.6,29.8,56.5,7.9,11.4,5.3,77.5,86.1,14.0,64.5,6.3,13.7,67.3,27.1,8.6,27.6,21.3,11.4,10.3,15.3,6.3,30.2,9.6,7.4,6.7,31.5,20.1,77.9,18.1,10.3,35.0,12.1,2.8,7.0,37.5,2.7,6.1,3.7
26031,7.5,26.6,18.4,32.7,57.7,7.8,11.9,6.2,77.4,84.1,16.7,64.0,8.0,17.5,67.0,29.3,10.2,32.0,23.5,16.0,15.7,19.3,7.1,30.7,12.4,9.2,8.9,33.0,24.1,72.2,20.0,12.9,41.0,14.2,3.6,9.2,34.0,3.2,7.9,4.8
26033,7.7,26.9,17.8,35.6,58.9,7.4,12.2,6.5,77.9,84.2,16.9,60.6,8.0,18.6,62.7,27.4,11.2,33.5,25.3,19.0,18.0,20.8,7.5,31.2,14.8,9.6,10.6,34.6,25.8,75.6,20.2,13.8,36.4,14.9,3.9,11.2,35.5,3.5,16.8,5.4
26035,8.6,28.2,17.6,35.4,57.8,7.6,12.3,6.9,77.2,82.6,18.7,62.0,9.5,20.0,62.6,30.4,11.1,35.1,24.0,19.5,20.4,22.4,7.8,32.2,14.4,10.8,10.3,33.8,27.8,71.5,21.8,14.7,40.1,15.9,4.4,11.0,34.9,3.6,21.9,5.7
26037,6.1,25.2,18.9,29.3,57.0,7.8,11.3,5.2,78.5,86.4,13.8,67.1,6.1,13.0,74.0,28.1,8.6,26.8,22.5,11.8,10.2,15.3,6.0,31.2,9.9,7.3,6.8,32.9,20.6,78.5,17.9,10.5,35.0,12.1,2.8,7.1,30.0,2.6,9.4,3.7
26039,7.5,27.0,19.2,32.5,57.5,7.7,11.9,6.5,77.4,83.8,17.0,62.0,8.5,18.2,65.1,30.2,10.4,32.8,23.0,16.2,16.5,20.1,7.3,30.2,12.5,9.6,9.0,33.7,26.0,75.1,20.6,13.3,37.1,14.6,3.8,9.5,34.2,3.3,16.7,5.0
26041,7.3,26.7,18.1,31.6,57.1,7.7,11.9,6.1,76.7,84.2,16.7,64.0,7.9,17.2,68.5,30.6,10.0,32.9,22.9,15.4,14.9,18.9,7.1,29.2,12.0,9.2,8.6,33.1,24.3,74.3,20.3,12.8,40.0,14.1,3.6,9.0,31.0,3.1,10.0,4.7
26043,6.3,25.9,19.2,31.5,56.9,7.8,11.5,5.7,77.7,85.2,15.3,63.2,7.1,15.7,69.5,29.7,9.3,30.6,22.4,13.0,12.3,17.1,6.6,30.1,10.7,8.2,7.5,33.0,23.5,79.5,19.4,11.6,38.1,13.1,3.1,7.8,31.7,2.9,7.9,4.1
26045,6.6,24.9,18.6,31.0,56.5,7.6,11.5,5.3,78.4,86.1,14.3,63.4,6.2,13.6,71.5,27.9,9.3,28.1,22.4,12.9,11.5,16.4,6.0,30.6,11.1,7.5,7.3,32.5,22.7,77.3,18.8,10.9,38.8,12.4,2.9,7.7,32.8,2.7,7.5,3.9
26047,5.6,24.2,19.6,30.1,55.8,7.9,11.2,5.2,77.9,86.4,13.7,65.8,6.0,13.3,73.0,27.2,8.5,26.6,21.3,10.9,9.8,15.0,6.1,30.0,9.5,7.1,6.6,32.1,19.5,77.9,18.0,10.0,32.7,11.8,2.7,6.9,30.0,2.6,14.3,3.6
26049,7.6,27.5,16.4,34.4,59.6,7.3,12.4,6.2,78.1,84.9,17.1,64.3,8.0,17.4,67.8,28.3,11.0,33.7,26.1,20.1,19.7,20.9,6.4,31.8,15.5,9.9,10.6,37.4,26.8,76.7,20.7,14.5,40.6,14.9,4.1,11.7,39.3,3.5,13.9,5.3
26051,7.9,27.2,18.4,33.4,57.9,7.7,12.0,6.5,77.2,83.4,17.5,60.9,8.7,18.8,65.1,29.6,10.4,32.2,24.3,17.2,17.3,20.6,7.3,31.2,13.0,9.8,9.2,34.3,26.3,75.6,20.9,13.5,40.3,14.9,3.9,9.8,34.7,3.3,16.0,5.1
26053,7.1,26.8,18.7,33.4,57.8,7.8,11.8,6.5,77.7,84.3,16.5,64.4,8.2,17.5,66.1,29.0,10.5,32.1,22.6,16.4,16.4,19.7,7.3,31.4,12.6,9.4,9.1,33.3,25.3,74.4,20.2,13.1,37.1,14.5,3.8,9.8,34.6,3.3,11.6,4.9
26055,5.7,24.3,19.4,29.4,56.4,8.0,11.1,5.1,77.8,86.2,13.8,66.7,6.0,13.2,73.2,27.0,8.4,27.8,20.8,11.0,9.8,15.6,6.0,29.5,9.5,7.2,6.5,32.5,21.0,75.7,17.9,10.2,35.3,12.1,2.7,6.8,31.1,2.6,13.4,3.5
26057,8.5,26.5,18.1,33.5,58.6,7.5,11.3,6.3,77.1,83.9,16.4,60.4,8.0,17.4,68.9,27.3,10.5,32.1,24.3,17.2,16.6,20.2,7.0,31.0,13.6,9.1,9.3,34.9,25.8,75.5,19.5,13.0,37.5,14.2,3.8,10.0,33.2,3.2,16.4,5.0
26059,7.9,26.9,18.3,34.4,57.6,7.8,11.9,6.5,77.0,83.4,17.4,62.3,8.5,18.6,64.2,31.0,10.6,33.5,23.4,17.4,17.3,20.6,7.2,32.5,12.8,9.8,9.1,34.6,26.6,74.8,20.7,13.6,37.8,14.8,3.8,9.5,35.0,3.3,12.3,5.0
26061,6.5,25.8,18.6,31.5,57.3,7.8,11.4,6.0,77.4,84.6,15.1,61.7,7.4,15.7,68.9,27.0,9.8,30.4,21.6,13.9,13.6,17.5,6.9,29.8,11.1,8.4,7.9,31.7,22.4,73.6,18.8,11.8,36.9,13.2,3.4,8.4,30.9,3.0,7.6,4.4
26063,7.7,26.3,18.5,32.4,57.2,7.7,11.7,6.1,76.7,83.8,16.6,63.0,7.9,17.5,65.1,29.0,10.1,32.2,24.2,15.9,15.2,19.2,7.0,30.2,12.2,9.2,8.6,34.2,26.0,74.2,20.0,12.9,38.8,14.3,3.6,9.0,35.4,3.1,9.7,4.7
26065,7.1,26.1,17.2,33.5,58.1,7.2,11.6,5.6,78.6,86.0,14.7,62.3,6.7,14.6,69.2,26.9,10.6,29.5,23.5,15.3,14.4,17.7,6.3,30.1,12.5,8.2,8.6,34.1,22.9,77.2,18.0,11.7,36.6,12.9,3.4,9.2,35.4,3.0,14.4,4.6
26067,7.9,25.8,18.6,33.4,56.3,7.6,11.2,5.9,77.1,84.5,15.8,64.3,7.3,16.4,67.2,27.1,9.9,30.4,24.3,15.3,13.9,18.5,6.7,29.9,12.3,8.5,8.4,34.0,24.3,75.6,19.3,12.0,40.1,13.4,3.4,8.9,35.9,3.0,13.9,4.5
26069,8.6,27.0,17.9,34.3,57.5,7.7,12.0,6.7,76.8,83.0,17.9,58.9,8.9,19.2,62.6,30.0,10.7,34.2,23.5,18.1,18.4,21.4,7.5,31.4,13.7,10.2,9.7,33.6,27.3,73.4,20.8,14.3,38.8,15.4,4.1,10.2,34.8,3.4,15.5,5.4
26071,7.5,26.6,18.3,33.3,57.8,7.7,11.7,6.2,76.5,83.9,16.7,63.8,8.0,17.7,64.2,28.9,10.2,32.7,23.1,15.9,15.7,19.5,7.2,30.8,12.3,9.3,8.7,32.8,25.2,76.5,20.2,12.9,39.2,14.3,3.6,9.2,35.0,3.2,12.2,4.7
26073,7.9,27.9,17.5,35.5,58.3,7.7,12.1,6.7,78.4,83.7,17.4,61.4,8.8,18.6,64.0,29.8,11.6,34.2,22.9,18.5,19.0,21.4,7.6,31.0,14.0,10.2,10.1,35.1,27.3,73.9,20.8,14.5,43.1,15.3,4.2,11.0,35.6,3.5,17.4,5.6
26075,7.5,27.5,17.8,34.4,57.1,7.7,11.7,6.0,76.1,84.7,16.0,64.5,7.4,15.8,63.3,28.0,10.4,33.0,24.2,15.5,14.6,20.1,6.6,30.5,12.7,8.7,8.7,33.4,26.2,77.6,19.8,13.3,39.3,13.9,3.5,9.2,42.2,3.1,12.9,4.6
26077,6.5,24.6,18.3,30.9,58.3,7.5,11.5,5.4,78.5,86.4,14.3,64.9,6.6,14.0,68.8,29.1,9.4,28.0,22.7,14.6,13.7,16.7,6.3,31.0,11.6,8.1,8.0,34.8,23.0,77.8,18.8,11.2,38.9,12.7,3.2,8.7,29.5,2.9,10.1,4.3
26079,7.7,27.3,18.4,33.4,57.7,7.7,11.9,6.4,76.9,83.6,17.1,62.7,8.4,18.0,63.8,29.5,10.3,32.6,23.5,16.4,16.3,20.2,7.3,30.7,12.6,9.6,9.0,34.0,25.3,73.0,20.6,13.3,38.2,14.7,3.8,9.4,35.3,3.3,14.2,4.9
26081,7.4,23.6,17.9,30.8,57.6,7.5,11.0,5.2,78.4,86.3,13.7,66.1,6.0,13.2,68.9,27.7,9.6,26.9,23.4,13.9,11.9,16.5,6.1,28.2,11.5,7.5,7.7,32.4,21.4,77.9,17.4,10.5,34.9,12.3,3.0,8.0,32.9,2.8,7.7,4.1
26083,5.2,24.8,19.4,30.1,56.6,8.0,11.1,5.3,77.7,86.5,13.4,65.8,6.0,12.8,72.4,28.1,8.5,26.7,20.1,10.5,9.8,14.9,6.2,30.3,8.9,7.0,6.3,31.3,19.5,75.8,17.8,10.0,34.3,11.8,2.7,6.7,33.5,2.6,9.8,3.5
26085,11.9,28.2,18.0,36.7,58.8,7.1,11.8,7.4,76.7,81.9,19.3,56.3,9.9,21.3,55.9,28.1,12.5,36.8,27.0,24.2,24.6,25.4,8.0,31.0,17.9,11.4,12.4,35.4,31.5,70.3,20.9,16.2,40.3,16.6,5.1,13.4,38.7,4.0,20.3,6.9
26087,7.6,25.5,19.1,31.3,56.9,7.7,11.4,5.7,76.6,84.5,15.6,63.3,7.2,16.2,67.2,27.5,9.3,29.9,23.2,14.0,13.1,17.8,6.6,29.8,11.5,8.4,7.9,31.7,23.9,75.3,19.2,11.8,35.0,13.4,3.2,8.1,35.7,2.9,17.0,4.3
26089,5.3,23.7,19.9,28.1,56.2,8.0,10.8,4.9,78.1,87.3,12.4,67.6,5.3,11.4,76.2,26.6,7.9,24.9,20.1,9.5,8.1,13.5,5.8,29.4,8.4,6.4,5.9,31.0,17.9,77.5,16.7,9.1,31.9,11.0,2.4,6.0,29.9,2.4,7.3,3.2
26091,8.1,24.6,18.4,32.3,56.6,7.5,11.4,5.8,75.8,84.4,16.1,62.2,7.2,16.0,66.6,29.0,10.0,31.0,23.1,15.1,14.1,18.8,6.7,31.5,12.2,8.6,8.4,33.1,25.0,76.7,19.8,12.1,40.8,13.8,3.4,8.7,37.7,3.0,8.6,4.6
26093,5.1,22.8,20.1,26.9,56.0,8.0,11.1,4.7,78.0,87.0,12.5,66.6,5.5,12.0,72.6,26.6,7.6,23.7,20.7,9.3,7.7,13.3,5.7,29.7,7.9,6.3,5.7,30.9,19.5,77.6,17.0,8.7,31.9,11.1,2.4,5.8,32.2,2.4,10.8,3.1
26095,8.4,26.2,18.2,36.5,59.5,7.3,11.3,6.7,77.5,83.6,16.6,59.0,8.2,18.6,62.2,25.5,11.6,33.8,26.6,19.2,18.8,21.4,7.5,31.0,15.2,9.4,10.5,33.9,26.0,73.1,19.3,13.8,41.3,14.5,4.1,11.8,37.0,3.5,15.4,5.5
26097,8.1,27.2,17.5,33.1,58.4,7.4,12.4,6.5,77.7,83.9,17.4,61.5,8.4,18.6,66.6,28.5,11.5,34.5,25.4,20.3,19.3,21.5,7.6,30.6,15.5,10.1,11.1,34.1,26.4,72.7,20.5,14.3,41.3,15.2,4.1,11.8,35.2,3.5,9.8,5.7
26099,6.8,25.7,18.2,33.5,60.6,7.3,11.4,5.5,79.7,86.1,15.1,65.4,6.9,15.4,65.3,26.9,9.6,30.3,24.6,15.9,14.1,18.7,5.9,32.5,13.0,8.4,8.5,34.8,25.2,78.5,18.5,11.9,37.3,13.1,3.3,9.2,39.0,2.9,10.3,4.3
26101,7.7,26.0,18.8,32.1,57.3,7.7,11.6,6.0,77.3,84.5,16.1,61.4,7.6,16.6,65.5,28.3,9.9,31.2,24.1,15.5,14.5,18.9,6.9,30.1,12.5,8.8,8.5,33.5,26.0,75.8,19.6,12.5,37.0,13.9,3.5,9.0,33.9,3.1,11.4,4.6
26103,6.1,25.4,19.4,31.6,58.0,7.9,11.5,5.7,78.9,85.5,15.0,65.9,7.0,14.9,68.9,28.6,9.4,29.0,21.5,13.0,12.4,16.7,6.6,29.9,10.6,8.1,7.6,31.1,21.0,71.3,18.8,11.2,38.0,13.0,3.2,8.1,31.1,2.9,10.1,4.1
26105,7.5,27.1,18.3,32.2,57.7,7.8,11.6,6.0,77.5,84.6,16.1,59.7,7.6,16.3,66.7,28.7,10.1,31.5,22.6,15.3,14.9,18.6,6.9,30.3,12.0,8.9,8.4,32.7,23.2,75.7,19.6,12.5,40.5,13.9,3.5,9.0,34.2,3.1,11.3,4.6
26107,7.7,27.2,18.0,33.4,58.1,7.8,11.8,6.5,77.7,83.7,17.2,60.1,8.6,18.1,62.8,30.1,10.4,34.0,23.2,17.2,17.7,20.7,7.3,30.7,13.2,9.8,9.5,33.5,26.4,73.1,20.2,13.8,38.3,14.7,4.0,10.2,35.9,3.4,11.2,5.2
26109,7.5,26.6,19.5,32.7,56.3,7.7,11.7,6.1,76.8,84.1,16.5,62.9,7.8,17.4,63.9,29.8,9.9,32.6,24.3,15.6,14.9,19.2,7.0,30.2,12.2,9.0,8.6,34.3,25.0,77.9,20.1,12.8,38.9,14.1,3.5,8.9,37.3,3.1,9.5,4.6
26111,6.0,25.2,19.0,30.3,56.6,7.7,11.1,5.4,77.5,85.9,13.9,61.0,6.3,13.5,70.0,27.2,8.7,26.8,21.0,11.8,10.7,15.8,6.1,30.9,9.7,7.4,6.9,30.3,20.2,78.0,17.7,10.5,31.7,12.4,2.9,7.1,30.6,2.7,11.4,3.8
26113,7.9,27.0,19.0,33.1,57.2,7.7,11.8,6.2,77.4,83.9,17.0,60.3,8.1,17.8,63.8,29.4,10.2,32.3,23.5,15.8,15.5,20.0,7.1,31.3,12.2,9.4,8.6,33.3,26.2,73.8,20.3,12.9,39.2,14.4,3.7,9.0,35.0,3.2,14.1,4.8
26115,7.0,27.0,19.6,32.0,57.7,7.7,11.8,5.7,76.7,85.3,15.1,64.3,7.1,15.4,68.1,28.0,9.8,30.3,22.4,13.5,12.7,17.8,6.6,31.7,11.2,8.3,7.7,33.1,23.4,68.2,19.4,12.1,40.3,13.4,3.2,8.0,36.8,2.9,12.4,4.2
26117,8.6,26.4,18.5,33.8,56.7,7.5,11.5,6.3,77.8,83.4,17.1,59.2,8.2,18.5,64.3,28.0,10.6,33.0,24.9,17.3,16.3,20.4,7.1,31.5,13.5,9.4,9.3,33.5,25.8,75.2,20.0,13.4,42.2,14.5,3.8,9.8,37.3,3.3,17.7,5.0
26119,8.0,27.1,18.2,33.0,57.5,7.6,11.9,6.6,76.8,83.1,17.7,58.0,8.8,19.2,63.3,29.9,10.5,33.6,23.6,17.5,17.6,21.0,7.6,31.0,13.1,10.0,9.4,34.2,26.2,73.7,20.9,13.8,38.3,15.1,4.0,9.9,35.5,3.4,14.2,5.2
26121,8.1,26.3,18.4,32.6,58.0,7.3,12.2,6.0,77.6,84.7,16.2,60.5,7.8,17.3,62.8,28.5,10.7,32.0,23.8,17.3,17.3,20.4,6.6,30.4,14.2,9.3,9.5,33.4,26.8,78.3,19.7,13.0,44.2,14.0,3.8,10.5,39.3,3.2,12.1,5.0
26123,8.6,27.2,19.2,33.5,57.7,7.6,11.7,6.4,76.9,83.8,17.0,62.0,8.3,18.3,63.8,28.4,10.3,32.8,23.4,17.2,16.8,20.4,7.2,31.0,13.0,9.6,9.2,33.0,26.1,70.9,20.0,13.3,37.5,14.5,3.8,9.6,33.7,3.3,11.0,5.1
26125,5.5,20.9,17.1,30.3,59.3,7.1,10.6,4.8,79.3,88.5,11.6,64.1,5.0,10.9,72.8,21.5,8.5,21.9,21.9,11.4,9.1,13.8,5.1,29.6,9.5,6.2,6.4,32.0,18.2,74.9,15.8,8.8,30.9,10.4,2.5,6.8,32.1,2.5,7.0,3.4
26127,10.1,26.3,18.0,32.3,57.7,7.5,11.3,6.3,75.9,83.8,16.6,59.8,7.8,17.1,65.1,27.9,10.6,32.7,23.6,17.9,16.6,20.6,7.2,30.8,13.8,9.2,9.3,33.4,26.5,75.6,19.5,13.3,40.7,14.7,3.8,9.8,33.3,3.2,12.0,5.2
26129,8.1,28.1,18.1,33.7,57.4,7.7,12.0,6.6,76.5,83.2,17.7,57.9,8.7,19.0,62.8,30.1,10.7,34.2,24.0,17.6,17.7,21.1,7.5,30.4,13.3,10.0,9.4,34.0,26.7,72.0,20.9,13.9,39.2,15.2,4.0,9.9,39.4,3.4,17.8,5.2
26131,7.3,26.8,19.1,33.1,57.0,7.7,11.7,6.3,77.0,84.0,16.6,61.2,8.0,17.7,63.3,29.3,10.1,32.0,23.5,15.8,15.4,19.2,7.2,31.2,12.4,9.2,8.7,33.6,24.7,70.7,20.3,12.8,37.2,14.2,3.6,9.2,35.7,3.2,12.8,4.7
26133,8.1,27.4,18.5,33.2,57.1,7.6,12.0,6.5,77.2,83.3,17.7,60.5,8.6,18.6,63.7,29.6,10.4,34.1,24.0,17.4,17.2,20.9,7.4,30.7,13.0,9.9,9.2,34.5,26.9,76.0,20.8,13.6,39.4,15.2,3.9,9.8,36.0,3.3,12.8,5.1
26135,9.0,27.8,18.0,34.3,57.6,7.7,12.2,7.0,76.4,82.5,18.7,56.3,9.6,20.2,63.0,30.2,11.2,35.5,24.1,19.4,20.1,22.7,7.8,31.1,14.3,10.9,10.3,34.5,28.2,72.1,21.4,14.9,38.2,16.0,4.4,10.8,34.1,3.6,16.9,5.7
26137,6.6,25.6,19.2,31.5,56.3,7.8,11.6,5.7,77.9,85.0,15.4,63.6,7.2,15.5,62.4,29.0,9.4,30.3,22.0,13.4,12.5,17.5,6.6,30.4,10.9,8.3,7.6,33.1,23.9,76.9,19.5,11.7,37.9,13.3,3.2,7.9,35.8,2.9,9.0,4.1
26139,6.7,22.9,19.2,29.3,57.8,7.6,11.0,5.1,79.7,86.6,13.6,66.5,5.8,12.1,71.8,27.0,8.5,27.4,21.9,11.8,10.1,14.8,6.0,29.3,10.0,7.1,6.8,31.7,19.9,78.8,17.3,10.2,33.2,11.8,2.7,6.9,29.6,2.6,4.7,3.7
26141,7.3,27.2,18.5,32.1,57.2,7.7,11.8,6.3,77.4,84.0,16.7,61.9,8.1,17.5,64.7,29.9,10.1,32.0,22.9,15.8,15.8,19.5,7.2,31.1,12.2,9.3,8.7,33.3,25.0,74.4,20.2,12.8,41.1,14.4,3.7,9.2,35.7,3.2,11.2,4.8
26143,7.4,25.9,18.6,32.3,57.4,7.7,11.8,6.2,77.0,84.2,16.6,62.8,8.1,17.4,65.4,29.4,10.0,31.4,22.8,15.7,15.5,19.4,7.1,30.1,12.3,9.2,8.6,33.5,24.9,71.4,20.1,12.8,39.0,14.3,3.7,9.1,34.4,3.2,15.7,4.7
26145,8.6,26.8,16.0,35.3,60.6,7.2,12.3,6.2,78.8,84.3,16.8,64.6,8.0,17.0,61.9,27.6,11.6,33.2,25.9,20.8,20.1,22.1,6.7,29.6,15.6,10.0,10.5,35.7,29.2,77.1,20.0,14.3,37.1,14.8,4.2,12.0,36.9,3.5,14.6,5.6
26147,7.2,25.9,18.1,32.7,57.6,7.7,11.7,5.8,78.0,85.0,16.1,62.7,7.4,16.6,68.2,28.9,9.5,31.6,23.9,14.7,13.5,18.5,6.6,29.8,11.8,8.6,8.1,35.2,24.2,71.8,20.1,12.3,36.2,13.8,3.3,8.5,36.1,3.0,15.3,4.4
26149,9.2,26.3,18.1,32.6,57.0,7.5,11.6,6.1,76.4,83.8,17.1,58.3,8.0,17.8,60.7,28.7,10.5,32.7,23.9,17.0,15.8,20.4,6.9,29.7,13.1,9.3,9.0,34.2,24.9,74.2,20.0,13.1,38.3,14.4,3.7,9.2,36.4,3.2,19.0,5.0
26151,8.3,26.6,18.6,33.2,57.3,7.6,11.8,6.3,76.8,83.6,17.2,61.9,8.3,18.5,59.3,29.6,10.3,33.2,24.1,16.7,16.2,20.1,7.2,31.0,12.8,9.5,8.9,34.2,28.0,72.8,20.5,13.3,39.9,14.5,3.7,9.4,34.2,3.2,13.4,4.9
26153,7.8,27.4,18.1,33.2,57.6,7.7,12.3,6.5,77.3,83.6,17.5,55.2,8.5,19.0,61.4,29.5,10.8,33.6,24.1,18.2,17.9,21.1,7.5,30.8,13.8,10.0,10.1,34.4,26.5,72.1,20.8,13.9,40.1,15.1,4.0,10.5,37.3,3.4,20.7,5.4
26155,7.2,26.6,18.3,32.1,57.1,7.8,11.7,5.9,77.9,84.6,16.1,63.3,7.5,16.6,68.3,29.6,9.9,30.7,24.1,14.5,13.7,19.0,6.7,31.1,11.6,8.8,8.1,34.3,24.5,73.8,20.3,12.5,38.5,14.1,3.4,8.5,35.9,3.0,12.2,4.4
26157,7.9,26.6,18.7,32.6,57.2,7.6,11.7,6.2,76.5,83.7,16.7,61.9,8.1,17.7,62.6,29.1,10.1,31.9,23.9,15.9,15.4,19.9,7.0,30.9,12.4,9.2,8.6,33.4,25.5,74.3,20.2,13.0,41.4,14.3,3.6,9.0,36.9,3.2,19.6,4.8
26159,9.3,26.9,17.3,32.7,57.8,7.5,11.7,6.1,77.5,84.6,16.8,61.4,7.8,16.6,61.7,28.6,10.8,32.5,23.3,17.5,16.5,20.4,7.0,30.9,13.7,9.4,9.3,33.1,26.6,74.2,19.8,13.4,39.2,14.5,3.8,9.9,35.0,3.2,9.2,5.1
26161,5.4,21.9,18.0,28.3,57.5,7.4,10.7,4.9,77.0,87.6,12.2,65.5,5.3,10.8,71.9,26.7,8.6,23.5,19.4,11.5,10.2,13.5,5.6,27.6,9.6,6.6,6.8,30.7,16.5,77.9,15.8,9.2,29.0,10.9,2.7,7.1,28.7,2.6,7.8,3.7
26163,8.3,26.5,15.2,37.1,60.7,6.5,12.4,6.3,79.5,85.8,16.0,60.7,8.1,17.2,62.5,24.9,12.5,32.8,27.3,24.2,23.8,23.3,6.1,31.8,19.3,10.3,12.4,33.7,28.8,76.6,20.6,14.9,37.3,14.7,4.7,14.6,42.1,3.9,10.0,6.2
26165,7.8,26.8,18.6,33.2,57.0,7.7,11.9,6.3,76.9,83.7,17.0,60.1,8.3,17.8,64.4,29.5,10.3,32.7,23.1,16.5,16.4,19.9,7.2,30.5,12.5,9.5,9.0,34.0,24.7,70.0,20.2,13.1,38.8,14.4,3.8,9.4,34.1,3.2,15.3,4.9
27001,8.5,21.4,22.0,29.2,56.5,7.3,10.6,5.7,71.9,81.1,15.6,57.7,6.1,17.7,61.7,26.8,9.7,29.3,22.5,14.2,10.8,17.5,7.0,28.1,11.1,8.3,8.6,30.7,25.0,75.7,17.8,11.5,33.4,12.4,3.4,7.3,34.3,3.0,9.3,4.4
27003,7.8,19.1,19.0,28.4,58.7,6.9,9.9,5.0,71.4,83.4,13.6,65.0,4.6,13.5,69.6,25.1,9.3,27.2,24.9,12.1,7.9,15.3,6.1,28.2,10.7,6.7,7.5,32.2,23.9,75.2,16.3,9.9,35.8,10.7,2.8,6.3,30.1,2.7,6.8,3.6
27005,8.0,21.4,22.9,30.7,57.9,7.4,10.3,5.5,73.5,82.3,14.7,64.4,5.6,16.0,66.4,25.8,8.9,27.6,20.8,13.3,9.7,16.7,6.7,28.1,10.5,7.9,8.2,28.8,22.7,73.7,17.6,11.0,37.3,11.9,3.2,6.8,29.5,2.9,13.5,4.2
27007,8.5,23.9,18.8,30.0,56.8,7.2,11.3,5.9,71.6,81.3,16.0,61.1,6.3,18.8,63.1,27.5,10.2,31.4,22.7,16.6,12.7,18.9,7.3,28.7,12.5,8.9,10.0,30.5,25.9,77.3,18.4,12.4,39.8,12.8,3.8,8.5,32.7,3.2,13.8,5.1
27009,8.2,20.5,19.8,28.9,56.7,7.2,10.4,5.3,73.1,82.3,14.6,64.0,5.5,15.9,67.6,26.1,9.3,27.7,21.7,12.8,9.6,16.3,6.5,29.3,10.7,7.7,8.0,30.8,23.3,79.2,17.3,10.9,41.2,11.7,3.2,6.9,28.8,2.9,8.2,4.1
27011,8.6,20.9,20.5,27.9,56.8,7.3,10.3,5.5,71.4,81.7,14.8,61.0,5.7,16.6,63.9,24.8,9.3,27.7,21.3,12.9,9.9,16.7,6.7,28.9,10.5,7.8,8.0,30.6,24.7,76.8,17.3,11.0,38.2,12.0,3.3,6.8,31.0,2.9,11.9,4.2
27013,8.2,21.4,19.3,30.8,57.5,7.2,10.5,5.5,73.5,82.3,14.7,60.3,5.6,15.6,59.2,26.3,10.0,28.3,20.6,13.4,10.5,16.4,6.7,29.1,10.6,7.8,8.3,30.1,24.1,81.1,17.2,11.0,36.8,11.7,3.4,7.2,31.5,3.0,12.5,4.3
27015,8.6,20.3,20.6,28.4,56.6,7.3,10.1,5.2,73.2,82.4,14.3,62.1,5.3,15.5,62.0,25.1,9.0,27.4,21.5,12.2,8.9,16.0,6.4,27.9,10.1,7.4,7.6,29.9,23.1,78.3,17.0,10.8,36.2,11.6,3.0,6.3,29.2,2.8,10.4,3.9
27017,8.3,20.3,21.7,29.0,56.0,7.4,10.6,5.4,70.4,81.6,14.6,62.3,5.4,16.2,64.3,27.5,9.7,29.3,21.7,12.3,9.1,16.7,6.6,28.4,10.4,7.6,8.2,33.7,24.3,77.8,17.0,11.4,38.5,11.8,3.1,6.7,36.0,2.9,11.4,4.1
27019,6.1,18.2,20.9,23.9,55.4,7.3,9.5,4.3,73.2,84.9,11.1,66.3,3.8,11.0,72.7,23.5,7.3,22.6,20.1,8.3,5.2,11.9,5.3,26.3,7.3,5.4,5.6,29.4,18.3,81.7,14.3,8.0,31.3,9.2,2.2,4.5,26.4,2.2,6.3,2.9
27021,8.2,20.9,20.9,29.7,57.1,7.3,10.6,5.8,72.0,81.6,15.1,58.8,5.9,17.8,62.1,25.4,10.0,30.5,21.9,14.4,11.0,18.0,7.1,28.9,11.5,8.3,9.1,29.2,25.5,76.1,18.1,11.9,36.9,12.6,3.4,7.7,37.9,3.0,11.0,4.5
27023,10.4,21.5,19.5,28.6,57.0,7.2,10.2,5.8,71.1,81.2,15.4,62.4,6.0,17.0,66.3,25.6,10.1,29.6,22.8,15.5,11.5,18.5,6.9,28.7,12.2,8.3,9.1,31.4,27.0,74.5,17.6,12.3,40.8,12.7,3.6,7.8,30.6,3.1,11.7,4.7
27025,7.4,21.3,20.9,28.1,56.6,7.3,10.0,5.0,72.9,83.1,13.4,62.4,4.8,14.7,65.9,25.0,8.6,26.9,20.9,10.6,7.2,14.7,6.2,29.7,9.4,6.7,6.7,29.0,21.8,79.0,16.3,9.9,35.9,10.8,2.7,5.6,31.9,2.6,11.5,3.5
27027,7.3,20.0,19.6,30.1,56.3,7.3,10.4,5.3,72.6,82.9,13.8,63.5,5.1,14.6,68.1,25.9,9.3,27.0,21.4,12.4,9.2,15.4,6.3,30.7,10.2,7.3,7.6,31.4,22.1,78.7,16.4,10.3,34.1,11.0,3.1,6.7,32.8,2.8,11.3,3.9
27029,9.4,21.4,20.1,28.8,57.1,7.2,10.7,6.0,70.1,80.4,16.4,58.4,6.4,19.4,63.4,26.5,10.0,30.5,24.2,15.9,12.2,19.6,7.3,27.9,12.3,8.9,9.6,32.7,26.6,70.8,18.6,12.6,34.7,13.3,3.7,8.0,31.9,3.2,9.3,4.9
27031,6.9,19.5,20.7,27.5,56.4,7.4,10.1,5.0,72.9,83.9,12.8,63.5,4.6,13.5,70.9,24.9,8.8,25.1,20.9,11.0,7.8,14.4,6.2,28.2,9.4,6.6,7.2,30.5,21.4,78.2,15.9,9.6,35.2,10.7,2.8,6.1,30.7,2.6,8.5,3.7
27033,10.7,21.2,19.7,30.1,56.7,7.1,10.0,5.8,71.7,81.2,15.3,62.3,5.9,16.7,60.7,25.1,10.2,29.5,23.2,15.6,11.6,18.6,6.9,29.8,12.2,8.2,9.1,31.7,27.6,77.2,17.1,11.9,39.8,12.5,3.6,7.7,33.5,3.1,13.9,4.8
27035,7.5,21.0,21.4,28.7,55.7,7.4,10.5,5.4,71.9,82.4,13.8,63.0,5.2,15.4,64.4,24.8,8.7,27.5,19.6,11.2,8.4,15.0,6.4,26.7,9.4,7.3,7.2,28.9,22.3,78.2,16.5,10.4,37.4,11.1,3.0,6.1,30.9,2.8,14.4,3.8
27037,7.4,19.4,18.5,26.8,58.4,7.1,9.8,4.4,73.8,85.7,11.7,65.3,4.0,11.3,71.6,23.5,8.4,24.8,21.0,10.0,6.7,13.7,5.4,30.1,8.7,6.1,6.4,30.4,21.8,78.6,14.8,9.3,34.2,10.2,2.5,5.6,28.5,2.4,6.1,3.3
27039,7.3,19.9,20.9,26.4,55.8,7.4,9.9,4.8,71.5,83.4,12.9,65.1,4.5,13.4,71.1,24.9,8.3,25.0,21.5,9.8,6.6,14.4,5.9,28.3,8.7,6.4,6.4,31.3,21.7,79.0,16.0,9.2,34.9,10.5,2.5,5.3,30.2,2.5,8.4,3.3
27041,7.3,20.9,19.9,26.5,55.4,7.3,10.2,5.0,72.6,82.9,13.5,63.9,4.9,14.5,65.2,26.4,8.5,26.4,20.8,10.7,7.6,14.9,6.2,29.4,9.3,6.9,6.8,30.0,21.6,76.2,16.6,9.9,35.5,10.8,2.8,5.8,30.7,2.6,9.4,3.6
27043,9.9,21.4,20.2,29.3,56.7,7.2,10.4,5.8,71.4,81.1,15.6,57.9,6.0,17.1,67.1,25.5,9.7,31.1,22.5,14.8,11.2,18.0,7.0,29.3,11.9,8.3,8.8,33.3,26.7,75.5,17.7,12.1,37.8,12.6,3.6,7.6,30.6,3.1,14.6,4.7
27045,8.1,20.5,20.7,29.4,56.0,7.3,10.3,5.3,71.7,82.0,14.6,63.0,5.4,16.1,63.9,25.6,9.0,28.5,21.3,11.9,8.7,16.1,6.4,28.7,9.9,7.5,7.5,30.7,23.4,77.5,17.3,10.5,40.7,11.8,3.1,6.2,32.0,2.8,10.1,3.9
27047,10.5,20.9,21.1,28.9,57.2,7.0,10.1,5.7,71.3,81.3,15.3,58.2,5.7,16.7,60.4,24.1,9.9,29.4,23.1,14.8,10.6,18.7,6.8,28.3,11.8,7.9,8.6,31.7,27.9,74.8,17.4,11.8,36.2,12.4,3.4,7.2,34.3,3.0,12.6,4.6
27049,8.2,19.5,20.9,28.6,56.1,7.3,10.1,5.1,71.1,82.4,13.8,61.5,5.1,14.9,66.7,24.4,8.5,26.4,21.8,11.6,8.3,15.7,6.3,28.2,9.9,7.2,7.3,29.8,23.7,76.5,16.9,10.4,35.8,11.4,2.9,6.1,33.2,2.7,14.1,3.8
27051,8.4,21.2,20.2,29.8,57.6,7.3,10.5,5.8,71.8,81.7,15.3,60.6,5.9,17.2,63.2,26.7,9.6,29.2,22.3,13.6,10.5,17.3,7.0,29.6,11.0,8.2,8.4,31.9,24.5,78.1,17.9,11.5,39.9,12.3,3.4,7.2,30.9,3.0,12.7,4.3
27053,7.6,17.1,19.0,26.9,54.5,6.9,9.6,4.5,73.7,85.1,12.6,64.7,4.0,11.1,67.5,25.8,7.4,24.4,22.0,11.4,7.6,14.1,5.4,29.3,10.2,6.2,7.2,33.6,18.5,77.9,14.9,8.9,27.1,9.4,2.7,5.9,28.2,2.5,7.8,3.5
27055,7.3,20.1,21.5,26.1,56.0,7.4,10.2,5.0,71.5,83.1,13.4,64.3,4.9,14.2,63.7,24.5,8.4,25.5,20.1,10.4,7.3,15.0,6.1,28.1,8.9,6.8,6.7,31.1,23.5,75.2,16.2,9.8,34.0,11.1,2.7,5.6,30.6,2.6,6.2,3.5
27057,7.7,21.2,20.6,26.3,57.0,7.3,10.1,5.4,73.0,82.7,14.0,63.6,5.3,14.8,65.7,24.4,9.3,26.5,20.7,12.0,9.0,15.5,6.4,27.2,9.9,7.3,7.6,31.5,21.9,78.5,16.7,10.4,35.3,11.3,3.0,6.4,30.4,2.8,9.9,3.9
27059,8.3,21.1,20.5,28.0,56.3,7.3,10.1,5.3,71.1,81.8,14.5,64.9,5.4,16.1,65.2,25.4,8.8,27.6,22.7,12.2,8.7,16.1,6.4,29.3,10.0,7.5,7.6,30.6,23.6,75.3,17.1,10.5,32.4,11.9,3.1,6.3,31.8,2.8,11.0,3.9
27061,7.7,21.3,20.1,29.7,55.9,7.4,10.5,5.6,71.8,82.0,14.8,63.3,5.6,16.7,65.1,26.0,9.9,29.4,21.3,12.9,9.7,16.6,6.7,27.3,10.4,7.8,8.0,30.5,23.1,74.0,17.4,11.1,36.1,12.1,3.2,6.8,28.8,2.9,9.7,4.1
27063,8.3,20.0,20.2,28.3,56.4,7.3,10.0,5.2,71.9,82.5,13.8,63.0,5.1,14.8,68.8,24.5,8.9,27.2,21.6,11.5,8.2,15.4,6.4,28.9,9.9,7.0,7.3,29.5,23.1,76.2,16.6,10.4,36.1,11.2,2.9,6.1,29.9,2.7,7.7,3.8
27065,9.1,22.1,20.7,29.4,57.0,7.2,10.5,5.7,69.9,80.6,16.0,60.6,6.2,18.2,60.6,26.7,9.8,31.2,23.2,14.7,11.3,18.1,7.0,28.0,11.5,8.5,8.7,33.3,26.0,77.2,18.1,12.3,37.3,12.8,3.5,7.3,33.1,3.1,10.1,4.5
27067,10.5,20.2,19.6,28.3,57.9,7.1,10.2,5.4,72.7,82.3,14.3,60.8,5.4,14.9,66.5,24.4,10.0,27.7,21.8,14.2,10.4,16.8,6.6,28.3,11.7,7.6,8.5,31.6,24.1,79.6,16.2,10.9,41.0,11.7,3.3,7.2,32.3,2.9,10.2,4.5
27069,7.6,20.6,20.9,28.2,56.4,7.4,10.2,5.2,72.0,82.6,13.9,61.8,5.2,15.2,64.2,25.6,8.8,26.9,21.4,11.5,8.4,15.6,6.4,28.6,9.6,7.2,7.3,31.1,23.1,76.4,16.9,10.3,34.4,11.3,2.9,6.2,32.6,2.7,6.8,3.8
27071,8.0,20.9,21.0,29.7,56.8,7.4,10.4,5.6,71.6,81.8,14.9,62.5,5.6,16.8,62.3,25.9,9.3,28.8,21.9,12.6,9.3,16.6,6.8,28.4,10.3,7.7,7.9,31.8,25.1,76.9,17.5,10.9,37.1,12.0,3.2,6.7,32.3,2.9,10.3,4.1
27073,7.9,20.0,21.5,27.3,56.2,7.3,10.0,5.2,72.1,82.5,13.8,61.9,5.1,15.2,65.2,24.9,8.7,26.9,21.3,11.1,7.9,15.6,6.3,28.8,9.5,7.0,7.1,30.6,23.0,79.7,16.7,10.1,34.8,11.1,2.9,5.9,30.7,2.7,10.6,3.7
27075,7.8,20.8,21.2,26.7,56.2,7.4,10.1,5.4,70.5,82.2,14.5,65.6,5.4,15.6,67.5,25.5,8.7,28.4,21.4,11.7,8.7,15.8,6.6,28.0,9.9,7.4,7.5,31.8,22.8,78.4,17.1,10.4,35.3,11.6,3.0,6.3,28.6,2.8,12.2,3.9
27077,7.8,20.5,20.7,27.9,56.4,7.3,10.1,5.3,71.9,82.2,14.2,62.9,5.2,15.6,63.1,25.1,8.9,27.7,22.3,11.6,8.3,15.7,6.5,28.9,9.9,7.2,7.4,31.0,23.3,74.6,16.9,10.4,35.6,11.4,3.0,6.2,31.8,2.8,11.9,3.8
27079,8.2,19.8,21.5,27.8,56.3,7.4,9.9,5.0,72.2,82.8,13.5,63.4,4.8,14.4,61.5,24.7,8.7,25.2,21.1,11.0,7.5,14.9,6.0,28.1,9.5,6.8,6.9,31.2,21.1,73.7,16.2,9.8,35.0,10.9,2.8,5.8,35.3,2.6,11.1,3.6
27081,8.2,20.4,20.4,28.2,56.7,7.3,10.1,5.3,72.7,82.1,14.4,59.6,5.4,15.7,63.1,25.2,8.9,28.4,21.6,12.2,9.0,16.0,6.6,27.9,10.0,7.5,7.6,30.6,23.8,78.1,17.0,10.8,36.9,11.7,3.1,6.4,31.0,2.8,10.8,3.9
27083,8.9,20.6,20.2,28.3,57.6,7.1,10.1,5.3,72.8,82.6,14.1,59.5,5.3,15.2,65.5,23.7,9.5,27.4,22.4,13.1,9.5,16.7,6.4,28.4,10.5,7.5,8.0,31.3,24.0,76.1,16.5,10.7,38.4,11.6,3.2,6.7,31.4,2.8,10.0,4.1
27085,8.7,21.2,21.1,28.3,56.1,7.3,10.0,5.1,71.1,82.2,14.3,63.5,5.2,15.4,66.3,24.6,9.2,27.0,21.5,11.7,8.3,15.8,6.4,28.6,10.2,7.2,7.4,30.8,24.2,77.3,16.7,10.3,42.2,11.4,3.0,6.2,34.1,2.7,11.5,3.9
27087,12.0,24.2,18.0,33.2,58.3,6.8,12.8,7.5,72.1,78.4,20.8,55.9,8.5,25.7,50.4,27.9,14.0,40.1,27.6,28.0,22.8,27.2,9.2,28.7,20.2,12.5,16.6,36.0,33.2,69.8,21.5,17.6,44.4,16.9,5.5,14.1,35.9,4.3,23.3,8.0
27089,8.7,21.1,21.8,28.8,56.5,7.2,10.2,5.3,71.5,81.9,14.7,59.8,5.4,15.9,63.1,25.3,9.1,28.6,22.2,12.5,8.9,16.8,6.5,29.3,10.2,7.5,7.7,31.3,23.5,76.2,17.1,10.8,39.2,11.7,3.0,6.3,31.7,2.8,12.5,4.0
27091,9.0,20.5,20.3,27.7,56.9,7.3,10.1,5.6,71.8,81.6,14.7,61.7,5.7,16.4,64.7,25.0,9.7,28.4,21.5,13.7,10.2,17.3,6.7,28.8,11.1,7.9,8.3,30.5,26.3,77.7,17.2,11.4,36.6,12.1,3.3,7.1,31.1,2.9,9.7,4.3
27093,8.3,20.1,21.4,28.0,56.9,7.3,10.1,5.4,72.3,82.1,14.4,62.7,5.4,16.1,66.5,25.4,9.4,26.6,21.8,12.1,8.9,15.9,6.6,27.9,10.1,7.5,7.6,30.4,24.3,74.7,17.2,10.6,37.1,11.4,3.1,6.4,30.3,2.8,8.7,4.0
27095,8.7,20.4,20.7,30.7,56.5,7.4,10.6,5.6,71.1,81.1,15.8,61.0,5.9,17.6,60.8,26.0,9.7,30.8,22.3,14.5,10.5,17.1,7.0,30.0,11.5,8.3,8.4,30.7,26.7,75.4,17.7,11.7,38.0,12.2,3.4,7.1,34.6,3.0,12.2,4.4
27097,8.2,22.0,20.1,29.1,57.2,7.3,10.5,5.6,71.9,81.4,14.8,63.2,5.7,16.7,65.4,25.9,9.3,27.6,21.8,12.6,9.5,16.4,6.7,29.2,10.3,7.8,7.8,30.8,24.5,79.6,17.1,11.0,37.1,12.2,3.2,6.6,33.2,2.9,8.9,4.1
27099,11.1,20.9,18.5,29.2,57.3,7.0,10.0,5.6,71.8,81.4,15.1,59.6,5.7,16.3,60.5,25.2,10.1,28.9,24.1,15.9,11.2,17.8,6.7,28.0,12.5,8.0,9.0,31.7,27.5,79.2,16.9,11.4,38.3,12.0,3.5,7.6,34.8,3.0,14.3,4.7
27101,8.9,20.7,20.0,28.2,56.5,7.3,10.2,5.4,71.0,82.1,14.6,61.8,5.3,15.5,62.3,26.1,9.1,27.8,22.5,12.6,9.0,16.8,6.5,28.4,10.5,7.5,7.7,32.4,24.4,76.4,17.2,10.9,36.7,11.7,3.1,6.5,32.7,2.8,6.8,4.0
27103,7.6,20.4,21.0,27.3,57.3,7.3,10.1,5.1,71.4,83.1,13.7,65.2,5.0,14.7,65.7,25.5,8.8,26.9,20.9,11.5,8.3,14.9,6.2,27.3,9.9,7.1,7.3,29.5,22.7,78.7,16.5,10.0,34.3,11.0,2.9,6.4,30.9,2.7,11.7,3.8
27105,17.3,20.0,17.4,29.1,58.1,6.4,9.6,6.2,70.9,79.9,16.2,57.9,6.2,17.1,56.9,22.1,11.7,31.2,25.6,21.2,14.8,22.1,7.2,30.0,16.2,8.9,11.2,32.5,32.7,70.4,16.7,13.6,39.2,13.5,4.3,9.4,32.1,3.3,12.9,6.2
27107,9.0,20.7,20.7,30.1,56.4,7.3,10.3,5.6,71.2,81.5,15.1,63.1,5.7,16.4,63.2,25.6,9.6,28.8,21.8,13.7,10.1,17.6,6.8,28.7,11.0,7.9,8.3,30.3,24.8,76.2,17.3,11.5,35.8,12.2,3.4,7.1,33.1,3.0,9.2,4.4
27109,6.8,19.3,17.0,27.4,56.9,7.3,9.8,4.6,71.4,84.6,11.7,64.0,4.2,11.4,70.1,24.7,8.4,23.6,19.7,10.1,7.0,13.4,5.5,29.8,8.6,6.1,6.6,28.2,20.6,81.8,14.5,9.5,36.5,9.9,2.5,5.5,30.5,2.4,6.7,3.4
27111,8.1,20.9,20.6,25.6,57.1,7.5,10.2,5.3,71.2,82.2,14.2,65.3,5.3,15.9,60.3,25.4,8.7,27.0,21.6,12.2,8.9,16.0,6.5,30.2,10.1,7.5,7.6,33.1,23.5,81.0,17.1,10.5,34.4,11.6,3.1,6.5,33.7,2.8,11.0,3.9
27113,8.3,21.0,21.0,29.7,56.4,7.4,10.4,5.3,72.4,82.3,14.6,62.5,5.3,16.0,68.1,26.0,9.3,28.7,22.6,12.4,9.0,16.4,6.5,29.5,10.4,7.6,7.9,32.3,23.5,77.2,17.5,10.7,40.5,11.8,3.1,6.5,29.8,2.8,9.7,4.0
27115,9.4,21.7,20.8,31.8,57.0,7.2,10.1,5.9,72.3,80.8,15.8,58.3,6.1,18.2,63.3,26.4,10.1,31.4,23.8,14.9,11.0,18.9,7.1,29.0,11.8,8.3,8.9,33.2,25.8,74.1,18.4,12.1,39.1,12.9,3.5,7.5,33.3,3.1,12.0,4.5
27117,9.6,21.2,19.4,29.9,57.1,7.2,10.4,5.7,72.3,81.5,15.3,60.5,6.0,17.2,64.1,25.8,10.0,29.5,22.3,14.6,11.0,17.9,6.8,29.5,11.6,8.3,8.8,30.9,26.0,77.1,17.5,12.0,38.9,12.5,3.5,7.5,31.0,3.0,12.3,4.6
27119,8.7,21.0,20.7,27.4,57.2,7.3,10.3,5.5,71.9,82.0,14.6,62.1,5.5,15.8,67.0,25.7,9.2,27.6,22.4,13.5,10.0,17.0,6.6,27.5,11.0,7.7,8.2,31.7,24.6,79.1,16.9,10.9,39.7,11.9,3.3,7.0,33.1,2.9,10.7,4.3
27121,7.7,20.7,20.7,28.6,56.7,7.4,10.2,5.4,72.8,82.3,14.2,61.9,5.3,15.2,64.4,25.7,8.9,26.7,21.7,11.4,8.5,15.7,6.5,28.5,9.7,7.4,7.4,29.7,22.7,79.1,17.0,10.5,38.9,11.6,3.0,6.3,32.3,2.8,6.6,3.8
27123,7.8,19.1,16.3,28.6,57.3,6.9,10.1,5.1,73.7,83.7,13.4,61.7,4.8,12.8,63.5,25.9,9.8,27.1,25.3,14.9,9.9,17.8,5.8,30.3,11.4,7.3,8.7,37.5,20.0,78.8,16.3,11.0,32.3,11.4,3.1,7.0,30.1,2.8,9.8,4.2
27125,8.1,20.8,20.4,28.7,56.6,7.3,10.3,5.4,72.3,82.2,14.5,58.7,5.3,16.1,64.9,25.8,9.1,27.9,21.9,12.3,8.9,16.2,6.5,28.6,10.3,7.4,7.7,31.6,24.5,78.5,17.3,10.6,38.8,11.8,3.0,6.5,30.9,2.8,9.0,3.9
27127,9.0,21.3,20.3,28.8,57.1,7.2,10.4,5.6,71.6,81.5,15.4,64.6,5.8,17.1,64.1,25.4,10.0,28.7,22.2,14.7,10.9,17.7,6.9,29.3,11.4,8.1,8.7,32.3,24.3,75.4,17.7,11.4,36.9,12.3,3.4,7.3,29.3,3.0,14.4,4.5
27129,10.4,20.6,19.7,29.1,57.0,7.2,10.2,5.7,71.6,81.3,15.3,60.7,5.9,17.1,61.5,24.7,10.2,30.3,23.3,14.6,10.9,18.3,7.0,29.3,11.9,8.2,8.8,34.5,26.2,73.9,17.2,11.7,39.1,12.6,3.5,7.4,31.0,3.0,13.6,4.6
27131,9.2,20.4,18.7,30.3,57.7,7.2,9.9,5.3,73.6,82.9,13.9,60.7,5.0,14.9,66.3,23.3,9.4,27.1,21.9,13.3,9.3,15.8,6.4,28.3,10.9,7.3,8.0,29.6,25.4,76.6,16.2,10.5,38.7,11.5,3.1,6.8,32.1,2.8,7.2,4.1
27133,8.5,20.5,20.3,27.9,56.2,7.4,10.1,5.4,72.4,82.1,14.5,63.0,5.5,16.0,63.7,25.5,9.2,28.2,21.5,12.6,9.4,16.4,6.5,28.6,10.3,7.6,7.8,31.3,24.5,74.6,17.1,10.9,37.0,11.7,3.1,6.6,30.6,2.8,12.3,4.1
27135,8.3,20.3,21.7,26.9,56.8,7.2,10.1,5.4,71.5,81.7,14.8,60.2,5.5,15.9,67.2,24.6,9.2,28.4,22.8,12.8,9.2,16.2,6.7,28.3,10.3,7.6,7.8,31.3,23.4,77.5,17.1,10.7,35.7,11.7,3.1,6.5,30.7,2.8,10.9,4.0
27137,7.2,21.4,21.4,28.1,57.4,7.3,10.6,5.5,72.3,82.8,14.2,59.3,5.5,16.3,63.1,26.1,9.4,28.7,22.1,12.3,9.5,16.7,6.6,27.0,9.9,7.5,8.2,33.9,22.6,77.4,17.6,11.3,36.2,12.1,3.2,6.6,34.5,2.9,16.7,4.0
27139,6.9,18.4,20.1,28.4,56.7,7.1,9.5,4.5,73.1,84.9,11.8,67.2,4.0,11.9,67.9,22.6,8.5,23.5,22.0,9.9,6.3,14.1,5.5,28.7,8.9,5.9,6.3,29.6,22.2,79.7,14.8,9.0,31.5,10.0,2.4,5.2,28.2,2.4,5.4,3.2
27141,7.4,20.1,22.5,27.4,56.2,7.2,9.8,4.8,71.1,83.5,13.3,64.0,4.6,13.9,67.7,24.2,8.3,27.3,21.2,10.7,7.2,14.3,6.1,28.4,9.2,6.6,6.8,30.6,22.9,77.9,16.3,9.5,38.4,10.6,2.7,5.6,29.3,2.5,11.2,3.4
27143,9.6,20.7,20.8,28.7,56.5,7.1,10.0,5.5,71.6,81.9,14.8,59.6,5.4,16.0,64.4,24.7,9.2,28.2,22.0,13.3,9.6,17.0,6.6,28.2,11.0,7.7,8.0,30.2,25.8,74.8,17.0,11.0,38.8,12.0,3.2,6.8,31.3,2.9,10.7,4.2
27145,8.2,20.2,19.6,28.7,57.6,7.3,10.3,5.4,73.3,82.5,14.4,65.3,5.4,15.1,66.7,25.5,9.4,26.5,22.7,13.6,10.2,16.4,6.3,29.4,11.5,7.6,8.1,31.2,23.0,78.0,17.0,10.6,37.4,11.7,3.3,7.3,31.3,2.9,9.2,4.2
27147,8.7,20.2,20.2,28.5,56.6,7.2,10.0,5.2,71.5,82.7,13.7,63.5,5.1,14.6,67.8,24.2,9.0,26.2,22.0,12.4,8.6,15.8,6.2,28.2,10.4,7.1,7.5,31.8,23.0,80.2,16.4,10.3,37.6,11.3,3.0,6.4,29.1,2.7,5.0,3.9
27149,10.3,21.3,20.6,28.3,56.7,7.2,9.9,5.4,71.3,82.4,14.2,59.1,5.3,14.8,64.2,24.7,9.6,28.2,21.8,13.2,9.4,17.0,6.6,28.5,11.1,7.4,8.1,30.5,25.1,77.2,16.5,11.1,39.4,11.8,3.2,6.9,31.1,2.8,14.7,4.3
27151,9.7,21.3,20.1,30.6,57.6,7.3,10.2,5.8,71.8,81.2,15.3,58.6,6.0,17.6,63.0,26.7,10.1,30.2,22.2,14.8,11.4,18.3,7.0,29.9,12.0,8.3,8.9,32.3,25.8,75.5,17.5,11.9,39.1,12.4,3.6,7.8,31.1,3.1,9.7,4.7
27153,11.2,21.5,19.7,30.2,55.9,7.1,10.2,5.9,70.4,80.4,16.1,60.8,6.3,18.6,60.9,26.0,9.9,31.0,23.1,15.8,12.2,19.3,7.2,29.2,12.5,8.7,9.2,33.4,26.7,75.8,17.8,12.3,39.6,12.9,3.7,7.7,31.4,3.2,11.4,4.9
27155,9.2,21.1,20.7,29.4,56.5,7.2,10.4,5.7,71.3,81.6,15.1,61.6,5.7,16.8,65.5,25.4,9.7,29.6,22.6,14.0,10.3,17.5,6.9,29.5,11.5,8.0,8.6,31.4,25.2,76.3,17.4,11.6,39.3,12.3,3.4,7.4,32.4,3.0,9.7,4.4
27157,7.6,20.8,21.6,26.3,56.5,7.4,10.1,5.0,72.3,83.0,13.5,64.3,4.9,14.4,69.1,24.4,8.5,25.3,20.9,10.7,7.6,15.0,6.2,28.0,9.1,6.9,6.8,30.2,21.7,77.3,16.6,9.8,37.5,11.0,2.8,5.7,31.3,2.6,8.7,3.6
27159,9.2,22.4,19.6,29.2,57.1,7.3,10.7,5.9,71.3,80.8,16.1,62.7,6.4,17.8,60.0,26.8,10.1,31.8,22.4,14.9,11.7,18.4,7.2,28.2,11.5,8.7,8.9,33.1,27.4,77.0,18.4,12.7,38.5,12.9,3.7,7.6,31.2,3.2,16.0,4.6
27161,9.3,21.0,19.9,28.1,56.1,7.2,10.4,5.4,72.4,82.2,14.8,64.2,5.5,15.7,64.8,25.7,9.5,28.9,22.3,13.4,9.8,16.9,6.5,29.1,11.2,7.7,8.1,31.2,25.3,76.2,17.4,11.1,39.2,11.9,3.2,7.0,29.8,2.8,12.0,4.2
27163,6.1,18.1,17.9,25.8,56.7,7.3,9.3,4.3,74.0,85.4,11.3,61.8,3.8,10.9,74.9,23.5,8.7,22.3,19.1,8.8,5.5,12.7,5.2,29.5,7.9,5.5,5.8,29.8,18.2,83.0,14.1,8.1,32.1,9.3,2.3,4.8,25.7,2.3,8.3,3.0
27165,14.0,20.1,19.4,28.7,56.6,6.7,9.7,5.5,72.1,81.6,15.1,59.8,5.4,15.5,59.7,23.6,10.4,30.1,23.3,16.9,11.2,19.5,6.8,28.8,13.7,7.9,9.3,31.0,27.9,79.3,16.5,12.0,37.4,12.6,3.6,7.9,33.1,3.0,12.6,5.1
27167,8.5,21.3,20.9,29.5,56.9,7.3,10.5,5.7,71.6,81.6,15.0,63.7,5.9,16.8,63.2,26.2,9.6,29.0,22.0,13.3,10.1,17.3,6.9,28.7,10.7,8.0,8.3,31.5,24.6,79.8,17.5,11.4,38.3,12.4,3.4,7.1,30.9,3.0,15.3,4.3
27169,7.7,20.4,20.9,28.8,57.7,7.4,10.3,5.4,71.6,82.2,14.1,61.9,5.4,14.9,64.0,25.5,9.1,27.7,20.9,11.9,9.0,15.9,6.5,28.0,9.8,7.4,7.6,31.1,22.7,75.6,16.9,10.9,36.3,11.5,3.1,6.5,30.1,2.8,8.2,4.0
27171,7.1,20.2,20.8,28.4,56.7,7.3,10.0,4.7,73.5,83.7,12.7,66.4,4.4,12.5,69.3,24.8,8.2,25.5,19.9,9.6,6.4,13.9,5.8,29.4,8.6,6.2,6.2,30.3,19.8,77.6,15.8,9.2,34.8,10.1,2.5,5.3,31.3,2.4,7.9,3.3
27173,9.1,21.8,20.2,29.3,57.1,7.2,10.4,5.6,72.0,81.6,15.2,61.3,5.7,16.6,62.0,26.0,9.7,28.6,21.8,13.6,10.2,17.5,6.8,28.4,11.2,8.0,8.4,31.7,25.1,75.6,17.5,11.4,38.9,12.2,3.3,7.2,33.9,3.0,9.4,4.4
28001,16.0,27.6,13.2,45.8,66.6,5.8,10.4,7.3,80.6,83.3,20.4,56.9,9.0,20.7,7.1,18.2,16.8,41.8,33.0,32.9,22.1,29.3,7.6,33.9,24.6,12.5,16.9,38.0,39.8,72.0,19.0,20.8,41.5,15.8,6.7,17.1,40.4,4.9,31.3,9.1
28003,12.3,27.0,15.9,40.7,63.2,7.1,9.8,6.6,78.0,83.3,19.1,51.6,8.3,19.8,9.2,22.9,12.4,36.9,27.9,20.1,11.8,23.4,7.9,36.1,15.1,10.2,10.9,38.1,33.6,70.2,18.9,16.4,40.0,14.8,4.6,9.8,37.5,3.7,20.1,6.2
28005,13.5,28.2,13.9,43.2,65.7,6.3,10.5,7.2,79.5,83.2,20.8,52.7,9.2,21.5,6.6,20.9,15.1,41.9,31.9,28.1,18.7,27.2,7.9,33.9,21.2,12.1,14.7,37.6,38.4,73.1,20.0,19.5,45.4,15.9,5.9,14.6,42.2,4.5,19.5,7.9
28007,12.7,28.0,13.8,43.1,65.9,6.2,10.4,6.5,80.3,84.4,19.2,55.6,8.1,18.8,7.5,19.9,13.9,37.6,31.0,25.9,16.6,25.1,7.2,33.6,20.3,11.1,13.7,37.5,35.5,72.3,19.1,17.9,43.0,14.8,5.4,13.6,40.4,4.2,19.0,7.2
28009,13.4,27.6,15.3,42.3,64.3,6.4,10.2,6.7,79.1,83.7,19.8,54.4,8.3,19.7,9.2,20.5,14.0,39.4,31.4,24.9,15.4,25.6,7.5,34.4,19.5,11.1,13.2,38.0,34.8,71.7,19.1,18.1,42.3,15.1,5.3,12.8,38.3,4.2,24.6,7.1
28011,14.2,29.7,12.0,48.5,68.4,5.6,11.2,7.4,82.8,84.3,20.6,51.5,9.4,20.4,8.1,19.5,17.9,41.3,32.3,34.4,25.5,30.9,7.3,35.3,25.8,13.4,18.0,39.2,41.3,74.3,19.6,21.7,46.8,16.2,7.3,18.9,38.0,5.2,23.5,9.8
28013,14.9,28.2,14.1,42.8,64.0,6.6,10.3,7.1,78.4,82.7,20.9,54.0,9.3,20.8,6.9,21.2,14.6,40.4,29.4,26.7,17.4,27.5,8.1,33.8,20.1,12.0,14.2,37.7,35.6,69.8,19.8,19.1,41.3,16.1,5.8,13.5,40.4,4.4,21.7,7.9
28015,13.7,27.0,14.9,42.5,65.0,6.5,10.0,7.1,79.0,83.0,19.9,53.2,8.8,20.3,7.2,20.1,14.3,39.2,30.8,25.8,16.4,26.3,7.9,34.3,19.4,11.4,13.7,37.8,36.2,69.8,18.9,18.2,40.4,15.4,5.6,13.1,39.3,4.3,23.3,7.5
28017,14.5,28.1,13.5,43.5,65.7,6.1,10.5,7.0,79.4,83.5,20.5,55.0,9.0,20.6,6.6,19.9,15.7,41.5,32.2,29.1,19.4,28.5,7.7,35.6,22.3,12.1,15.4,38.4,37.5,70.8,19.4,20.2,43.8,16.0,6.1,15.2,41.0,4.6,24.9,8.2
28019,12.0,26.5,14.6,40.2,64.0,6.7,9.9,6.2,78.9,84.1,18.3,55.0,7.6,18.0,9.0,20.8,12.9,36.6,29.0,21.7,12.5,22.9,7.2,34.2,16.6,10.0,11.4,36.8,32.7,73.8,18.2,16.1,40.5,14.0,4.6,10.8,38.1,3.8,20.3,6.2
28021,14.5,29.3,10.7,51.4,69.7,5.0,11.5,7.5,83.4,84.8,21.1,54.8,9.2,21.1,6.7,17.8,19.6,43.6,35.8,39.9,29.9,32.2,6.7,34.1,30.6,14.2,20.8,40.9,42.1,73.0,19.8,23.3,50.5,16.4,8.0,22.9,45.7,5.7,32.6,10.7
28023,12.3,28.0,14.4,42.7,65.0,6.5,10.3,6.7,79.7,84.0,19.7,55.2,8.5,19.8,8.3,21.6,14.0,38.9,29.9,25.3,16.2,25.7,7.5,33.9,19.4,11.3,13.5,37.6,33.5,74.2,19.3,18.1,38.9,15.3,5.4,13.2,38.5,4.2,23.7,7.2
28025,13.5,28.0,12.7,45.8,67.1,5.8,10.7,6.9,81.7,84.5,20.0,53.2,8.7,19.7,7.0,18.9,16.0,39.2,33.9,30.9,21.3,27.7,7.0,34.1,23.6,12.3,16.2,38.6,37.3,75.6,19.2,19.7,47.9,15.6,6.3,16.8,43.2,4.7,24.7,8.4
28027,15.6,30.0,10.9,50.7,69.2,5.2,11.5,7.7,83.0,84.0,21.8,51.4,9.8,22.0,5.8,18.4,19.5,43.7,34.4,39.3,30.5,32.7,7.2,35.6,29.8,14.6,20.9,38.8,42.1,74.0,20.1,23.6,47.1,17.1,8.2,22.5,47.0,5.7,27.3,11.0
28029,13.0,27.5,13.4,44.1,66.5,6.1,10.4,6.7,80.8,84.6,19.2,56.3,8.2,18.6,8.1,19.7,15.3,39.2,31.8,27.7,18.3,26.5,7.2,33.2,21.8,11.4,14.7,38.4,36.1,73.8,18.8,18.7,42.4,15.0,5.8,15.1,42.1,4.4,28.7,7.8
28031,12.1,26.7,14.5,42.1,65.1,6.5,10.2,6.4,80.0,84.6,18.6,55.1,7.8,18.2,8.5,19.9,13.3,36.8,30.2,23.5,14.2,23.7,7.3,33.5,18.3,10.4,12.5,37.7,33.8,72.5,18.6,16.8,40.4,14.3,4.9,11.9,39.2,4.0,24.8,6.6
28033,10.0,24.6,15.6,38.2,64.0,6.6,9.6,5.2,80.3,86.8,15.5,62.7,5.8,13.8,11.9,19.9,11.4,32.2,28.5,17.2,8.6,19.0,6.3,33.3,14.5,8.0,9.3,36.5,27.5,74.1,16.8,13.5,36.9,12.0,3.6,9.0,37.9,3.2,15.8,4.9
28035,11.0,27.3,14.9,41.0,65.8,6.6,10.0,6.2,80.2,85.5,17.8,58.7,7.5,16.6,9.6,20.6,13.5,36.8,27.6,23.2,13.7,22.7,7.1,32.9,17.6,9.9,12.1,35.5,30.6,76.0,18.1,16.4,37.6,14.0,4.8,12.1,39.7,3.9,17.3,6.5
28037,12.8,28.4,14.6,43.7,65.6,6.6,10.4,7.2,79.4,83.5,20.2,56.7,9.1,20.7,7.7,20.9,14.6,39.9,29.7,26.8,17.8,26.6,8.0,35.2,20.2,11.9,14.2,38.1,36.1,69.3,19.5,18.9,40.6,15.6,5.8,14.2,38.5,4.4,21.4,7.7
28039,11.6,26.5,16.9,37.3,61.9,7.2,9.5,6.4,77.0,83.5,18.5,55.5,7.9,18.2,9.3,21.9,11.7,36.6,26.8,18.1,10.1,22.0,8.0,34.2,13.7,9.7,10.0,35.8,31.0,71.6,18.5,15.4,36.9,14.3,4.2,8.8,34.6,3.5,19.9,5.7
28041,13.4,26.5,16.0,41.5,62.7,6.7,9.3,6.7,77.8,82.8,18.8,53.8,8.2,19.5,7.8,20.0,13.1,38.1,31.1,22.0,12.3,24.1,7.9,34.3,16.8,10.1,11.7,37.2,33.1,70.6,18.2,16.7,41.9,14.6,4.8,11.0,38.0,3.9,20.4,6.4
28043,12.7,27.2,13.7,43.3,66.4,6.3,10.4,6.7,79.2,84.1,19.3,55.8,8.4,19.0,7.7,20.1,14.7,38.5,30.4,26.6,17.2,25.9,7.3,33.8,20.4,11.2,14.0,38.4,35.4,71.3,18.9,18.2,46.1,14.9,5.5,13.9,42.7,4.3,24.8,7.4
28045,10.4,25.8,17.0,35.9,61.8,7.2,9.4,5.9,77.6,84.6,16.9,56.5,6.9,16.0,8.7,21.1,10.8,34.1,25.5,15.8,8.4,19.6,7.5,34.3,12.8,8.7,9.0,34.0,29.0,72.5,18.0,13.9,37.0,13.3,3.7,8.0,36.4,3.2,12.3,5.1
28047,11.5,25.0,15.0,39.0,63.1,6.7,9.7,6.1,79.9,84.9,17.6,55.2,7.0,16.5,9.6,21.6,12.3,36.4,28.7,20.3,11.3,22.0,7.3,34.8,15.5,9.3,10.9,36.5,34.1,71.3,18.2,15.5,36.6,13.7,4.3,10.1,41.1,3.5,14.8,5.9
28049,11.4,25.7,12.7,45.7,67.7,5.4,10.6,6.1,82.6,86.6,17.4,55.8,7.0,16.5,7.9,17.6,15.3,36.3,33.6,28.3,18.1,25.0,5.9,34.0,22.9,10.7,14.8,39.2,34.2,77.4,17.9,17.9,44.6,13.7,5.6,15.9,44.1,4.4,21.1,7.5
28051,16.1,31.1,10.6,53.1,69.9,5.0,11.6,8.0,83.1,83.3,22.7,54.0,10.4,23.5,5.4,18.3,21.0,45.3,37.8,43.0,33.9,34.8,7.3,34.9,32.5,15.5,22.5,43.8,44.4,74.9,20.4,24.7,51.5,17.5,9.0,24.8,44.2,6.2,39.0,11.9
28053,16.8,30.5,10.6,52.4,69.3,5.2,11.8,8.3,82.5,82.9,23.3,52.7,11.1,24.1,5.0,19.5,20.6,46.3,36.2,43.6,34.8,36.0,7.6,34.5,32.1,16.1,23.0,41.6,46.2,72.6,20.8,25.4,53.0,18.1,9.3,24.8,45.0,6.2,31.8,12.3
28055,20.0,27.9,13.2,48.9,66.6,5.5,9.9,8.0,79.0,81.1,22.1,54.7,10.0,24.0,6.0,17.1,17.8,44.2,37.2,36.9,24.6,33.1,8.2,34.7,27.2,13.3,18.8,39.9,42.1,72.4,19.0,22.2,47.3,17.0,7.5,18.5,43.7,5.4,29.6,10.1
28057,10.9,26.6,16.8,37.2,61.1,7.3,9.6,6.0,77.8,84.3,17.8,57.6,7.3,17.1,9.6,21.8,10.8,34.4,26.7,16.1,8.3,20.1,7.5,35.1,12.5,9.0,9.1,36.4,31.1,69.3,18.4,14.5,37.0,13.8,3.8,7.8,33.1,3.3,13.0,5.1
28059,11.6,25.3,16.7,40.8,63.1,6.8,9.5,5.8,79.3,85.1,16.7,59.1,6.7,15.5,10.5,20.4,12.8,33.9,27.6,18.4,9.6,20.3,7.0,33.5,14.9,8.7,10.0,36.6,29.4,73.5,17.6,14.9,40.5,13.0,4.0,9.1,38.2,3.4,14.4,5.5
28061,13.0,27.6,13.4,44.3,66.3,6.0,10.4,6.7,80.9,84.5,19.3,56.7,8.1,19.4,7.8,19.3,15.2,38.5,32.6,28.2,18.1,26.1,7.1,33.7,21.7,11.3,14.5,38.4,38.1,75.7,19.1,18.5,45.2,14.9,5.6,14.9,39.9,4.4,22.0,7.6
28063,15.6,28.8,11.0,52.2,69.5,4.9,11.3,7.6,82.9,83.9,21.3,55.1,9.6,22.1,6.2,17.3,19.8,43.7,36.4,40.4,30.2,33.2,6.8,34.6,30.3,14.3,20.8,40.2,43.3,71.7,19.8,23.5,51.7,16.7,8.2,22.5,43.9,5.8,29.7,11.0
28065,13.6,28.3,12.4,47.1,67.8,5.7,10.9,7.1,81.5,84.1,20.4,56.8,9.0,21.0,7.4,19.3,16.8,40.4,33.4,33.1,23.1,28.7,7.2,34.4,25.2,12.7,17.1,40.8,38.8,73.7,19.7,20.6,45.8,15.7,6.6,18.0,41.6,5.0,22.4,8.9
28067,12.4,27.2,14.4,42.4,65.0,6.7,10.0,6.6,79.3,84.2,18.5,54.8,8.0,18.2,9.9,20.7,13.6,37.2,29.2,22.7,13.9,23.7,7.6,34.7,17.7,10.6,12.5,37.5,35.1,75.2,18.1,17.1,41.9,14.5,5.0,11.9,32.2,3.9,16.2,6.7
28069,13.2,27.3,13.1,46.0,67.0,5.7,10.6,6.8,81.1,84.7,19.4,54.4,8.0,19.3,7.7,18.2,15.8,39.6,33.8,29.7,19.1,27.1,7.0,33.9,23.0,11.5,15.6,39.4,36.6,74.8,18.7,19.0,45.6,14.9,6.0,15.9,40.3,4.6,18.4,8.0
28071,9.5,25.9,17.1,37.0,64.6,6.9,9.5,5.8,79.9,85.9,16.0,58.1,6.6,14.6,10.7,20.0,11.8,32.8,25.3,16.9,9.8,19.1,6.9,34.5,13.7,8.6,9.7,34.0,28.1,74.9,16.6,14.2,37.0,12.7,4.0,9.3,35.8,3.4,17.7,5.3
28073,9.7,25.5,15.9,38.0,63.4,7.2,9.4,5.7,80.1,85.9,16.0,58.1,6.4,14.8,10.1,21.7,11.2,33.2,25.8,16.3,9.0,19.2,6.9,34.5,13.4,8.4,9.3,33.7,28.7,70.5,16.8,14.0,38.5,12.5,3.7,8.7,38.7,3.2,14.3,5.1
28075,12.4,27.6,13.8,43.1,66.6,6.3,10.4,6.7,80.3,84.8,18.9,56.9,8.2,19.0,8.1,19.6,14.1,38.1,30.3,26.2,16.8,24.9,7.3,33.2,20.5,11.2,14.0,37.0,34.3,74.8,18.7,18.0,42.3,14.8,5.5,13.9,42.2,4.3,18.8,7.4
28077,14.4,28.4,14.2,44.4,65.2,6.4,10.6,7.4,79.2,82.5,21.5,53.4,9.7,22.1,6.6,21.8,15.2,42.2,31.2,28.7,19.4,28.4,8.3,33.6,20.9,12.7,15.0,38.7,39.0,70.0,20.2,19.9,46.1,16.5,6.2,14.5,40.2,4.6,22.8,8.3
28079,14.1,27.4,14.3,43.6,65.4,6.2,10.4,6.8,79.7,83.9,19.7,55.2,8.3,19.6,7.5,19.9,14.5,40.2,31.5,27.5,17.1,26.5,7.6,33.9,21.3,11.4,14.5,38.1,36.8,74.2,19.1,18.7,42.8,15.5,5.6,14.2,40.8,4.3,23.5,7.7
28081,10.5,25.5,15.1,41.3,64.3,6.9,9.8,5.7,80.2,85.9,17.0,56.8,6.6,15.5,9.2,20.5,12.3,34.1,28.4,18.6,9.8,20.7,6.7,34.7,14.7,8.8,10.0,38.6,31.2,70.0,17.3,14.3,36.3,13.0,3.9,9.5,36.1,3.4,10.2,5.4
28083,15.0,29.1,11.9,49.2,69.5,5.3,11.3,7.5,83.2,84.2,21.5,52.0,9.6,21.6,5.2,18.0,19.0,43.0,34.2,38.4,29.0,32.1,7.1,34.8,28.8,14.3,20.0,39.6,41.1,74.0,19.5,23.0,43.9,16.7,7.9,21.5,42.8,5.6,30.3,10.6
28085,11.5,26.1,14.9,40.6,63.9,6.7,10.0,6.4,78.7,84.2,18.8,55.1,7.8,18.1,7.9,20.6,13.1,36.8,28.0,21.9,13.4,23.2,7.3,34.2,17.2,10.4,11.9,36.7,33.4,68.0,18.6,16.7,40.1,14.4,4.8,11.5,38.1,3.9,19.5,6.5
28087,11.2,25.4,13.9,41.9,66.0,6.3,10.1,6.0,80.5,85.5,17.6,59.3,7.1,16.5,9.2,19.5,13.6,36.4,29.7,22.8,13.8,22.8,6.6,32.8,17.9,9.9,12.3,37.3,32.3,77.2,17.7,16.5,37.9,13.5,4.8,12.1,40.8,3.9,15.6,6.4
28089,8.4,23.0,15.3,37.1,64.4,6.6,9.3,4.9,81.1,87.8,13.9,61.5,5.1,11.9,12.9,18.2,10.8,29.4,25.5,14.6,7.7,16.9,5.7,31.5,12.8,7.2,8.6,35.1,25.6,77.0,15.4,12.1,36.0,10.8,3.3,8.1,33.4,3.0,8.4,4.5
28091,13.3,28.8,14.6,43.1,64.8,6.5,10.4,7.0,79.2,83.3,20.6,52.9,9.0,20.9,7.0,21.3,14.4,40.6,30.8,26.8,17.0,26.6,7.9,34.2,19.9,11.8,14.0,38.3,35.7,70.2,19.4,18.9,43.6,15.7,5.7,13.5,40.9,4.3,25.6,7.6
28093,14.9,28.6,13.3,44.9,66.8,6.1,10.5,7.1,80.2,83.5,20.5,51.3,8.9,20.8,7.6,20.1,15.7,41.6,32.3,29.7,19.4,28.2,7.7,34.8,22.6,12.2,15.5,40.1,36.9,71.4,19.5,19.7,42.1,16.0,6.1,15.3,41.8,4.6,23.2,8.4
28095,12.3,26.9,14.3,42.1,65.1,6.6,10.1,6.5,79.6,84.0,19.6,57.7,8.2,19.3,8.5,20.9,13.5,39.7,30.3,23.7,14.2,25.1,7.5,35.0,17.8,10.8,12.3,37.2,36.4,74.8,19.4,17.9,42.9,15.0,5.0,11.8,40.1,4.0,22.7,6.8
28097,13.5,28.1,14.1,44.3,66.4,6.3,10.5,7.2,80.3,83.5,20.2,50.7,9.0,20.3,6.4,20.0,15.3,39.9,31.3,28.8,19.5,27.7,7.7,34.7,21.7,12.2,15.1,37.7,37.7,68.6,19.6,19.5,43.8,15.7,6.1,15.0,40.5,4.6,37.2,8.2
28099,13.2,28.7,15.4,41.2,64.5,6.7,10.8,7.2,78.8,82.9,21.0,52.9,9.2,21.7,6.7,22.0,14.5,39.7,30.8,26.9,17.1,27.1,8.5,34.5,19.7,12.1,14.7,38.6,36.9,72.1,20.2,18.8,43.4,16.2,5.6,13.4,38.4,4.3,22.1,7.9
28101,12.2,27.3,14.3,41.3,64.3,6.5,10.3,6.7,79.1,83.9,19.4,53.7,8.3,19.4,7.4,20.9,13.7,38.2,29.6,24.8,15.1,24.9,7.6,33.7,18.7,11.0,13.3,36.6,33.4,70.2,19.2,17.7,41.5,15.0,5.2,12.7,39.4,4.1,24.1,7.1
28103,15.7,28.5,11.5,47.7,68.0,5.2,11.2,7.3,81.4,83.5,21.7,54.8,9.4,21.9,6.5,18.7,18.0,43.2,35.4,37.3,26.7,31.5,7.1,33.2,28.2,13.8,19.1,40.9,40.6,75.9,20.0,22.5,46.5,16.7,7.5,20.0,43.4,5.4,25.3,10.1
28105,10.4,27.7,14.5,42.1,66.7,6.3,9.8,6.5,80.6,85.4,16.8,55.6,7.4,15.6,7.9,19.0,13.9,34.5,26.1,21.0,14.2,21.9,7.1,33.1,17.0,9.9,12.2,33.9,30.8,75.5,17.1,16.6,39.6,13.4,5.0,12.4,38.9,4.0,19.2,6.8
28107,13.7,28.5,13.3,44.5,66.7,6.2,10.8,7.1,80.5,84.0,20.5,52.3,9.1,20.8,7.1,20.8,15.6,41.7,32.1,30.3,20.9,28.2,7.7,34.1,23.0,12.4,15.7,37.5,38.4,72.2,19.7,20.1,46.4,15.8,6.3,16.2,39.5,4.7,19.7,8.4
28109,11.7,27.3,16.2,37.6,62.7,7.0,9.7,6.3,78.1,83.8,18.5,54.6,7.7,18.1,9.8,22.1,11.8,36.8,27.7,19.2,10.2,22.2,7.8,34.0,14.6,9.7,10.3,37.0,31.4,70.9,18.6,15.5,38.1,14.3,4.2,9.3,40.0,3.5,17.2,5.8
28111,12.1,27.5,15.6,41.5,63.2,6.9,10.0,6.7,78.9,83.2,19.6,51.2,8.6,20.0,6.9,22.2,13.4,38.8,28.8,22.0,13.5,24.3,8.0,35.5,16.7,10.8,11.9,36.6,34.7,70.1,19.5,17.0,43.6,15.1,4.9,11.2,38.8,4.0,24.7,6.6
28113,14.0,28.3,12.5,46.5,66.6,5.9,10.9,7.1,81.8,84.0,20.6,55.6,9.1,21.0,6.6,20.0,16.3,39.7,32.2,31.6,22.0,28.5,7.3,34.1,24.2,12.6,16.6,39.6,37.7,70.4,19.8,20.0,46.5,15.8,6.5,16.8,43.8,4.8,23.6,8.7
28115,12.8,27.0,15.9,39.2,62.6,6.9,9.8,6.3,77.7,83.9,18.6,56.4,7.8,17.9,9.7,21.3,12.2,37.0,27.9,20.1,10.8,23.4,7.6,34.2,15.4,9.9,10.6,36.7,33.5,73.2,18.6,15.8,38.8,14.3,4.4,9.6,35.8,3.6,20.3,6.0
28117,11.4,26.4,15.6,39.1,63.2,7.1,9.9,6.4,78.3,83.8,18.9,53.5,8.1,18.5,9.0,22.3,12.3,37.2,27.9,19.6,11.2,23.0,7.8,34.7,14.9,10.1,10.8,35.5,33.2,74.0,18.8,16.0,41.3,14.5,4.5,9.8,37.7,3.6,20.8,6.0
28119,16.0,29.9,11.1,50.6,69.2,5.3,11.7,7.9,82.1,83.1,22.8,49.6,10.6,23.7,5.6,19.1,19.5,45.2,34.8,40.7,31.8,33.9,7.5,34.2,30.4,15.4,21.4,39.8,43.8,71.1,20.7,24.4,51.1,17.6,8.6,23.0,44.9,5.9,33.0,11.4
28121,9.1,24.9,16.8,37.5,62.4,7.0,9.2,5.1,79.4,86.8,15.1,59.1,5.6,13.1,11.5,19.8,10.7,30.7,26.8,14.7,7.3,17.5,6.3,34.5,12.0,7.5,8.3,36.2,26.3,77.2,16.2,12.6,36.4,11.7,3.3,7.6,38.8,2.9,11.9,4.4
28123,17.2,28.1,13.5,42.8,65.3,6.1,10.4,7.3,79.0,82.9,21.3,54.4,9.1,20.7,6.9,20.6,15.8,41.9,32.1,30.7,19.6,28.7,8.0,34.9,23.0,12.4,15.8,39.0,39.8,74.6,19.7,20.2,43.2,16.5,6.3,15.3,39.9,4.6,26.6,8.7
28125,16.5,29.8,10.9,51.2,69.2,5.2,11.5,8.1,82.0,83.1,22.6,50.8,10.5,23.5,4.9,18.8,19.6,44.9,35.4,41.5,32.4,34.3,7.7,34.3,30.6,15.1,21.6,40.0,44.3,72.7,20.6,24.2,50.5,17.5,8.5,23.1,46.1,5.9,29.6,11.4
28127,12.5,26.8,14.9,40.9,64.4,6.5,10.2,6.3,79.5,84.3,19.0,55.5,7.9,18.5,8.7,20.6,13.2,37.6,30.4,23.4,13.7,23.8,7.2,34.2,18.2,10.5,12.3,38.3,33.5,76.6,18.9,16.9,40.1,14.4,4.9,11.7,36.2,3.9,21.3,6.6
28129,13.1,27.7,14.8,42.3,64.0,6.8,10.3,6.9,78.6,82.9,20.4,55.1,9.0,20.6,7.5,22.2,13.5,39.5,29.1,24.6,15.1,25.6,8.0,35.0,18.1,11.5,12.7,37.4,35.5,72.3,19.7,17.9,43.8,15.4,5.3,12.1,40.7,4.1,25.4,7.1
28131,11.4,26.5,16.2,39.7,62.3,7.0,9.8,6.3,78.6,84.2,18.2,55.1,7.6,17.7,8.5,21.6,12.1,36.2,28.8,19.1,10.5,22.0,7.6,34.0,15.0,9.6,10.5,36.4,32.4,72.4,18.4,15.5,41.3,14.0,4.3,9.7,38.5,3.6,18.6,5.7
28133,16.5,28.3,12.4,49.5,68.6,5.2,10.8,7.6,82.0,83.0,21.4,56.8,9.5,21.9,6.3,17.2,18.3,43.6,36.0,37.2,26.4,31.9,7.3,34.0,27.7,13.5,19.2,40.2,41.5,73.3,19.2,22.4,48.9,16.5,7.7,19.9,42.3,5.5,29.2,10.2
28135,16.0,28.0,13.2,48.0,67.1,5.7,10.3,7.4,80.1,82.9,20.6,51.4,9.2,21.2,6.1,18.8,17.0,41.5,34.5,32.6,22.1,29.9,7.6,35.4,24.8,12.5,17.0,39.0,39.8,73.3,18.8,20.9,45.1,16.2,6.8,17.5,43.4,5.0,27.7,9.1
28137,11.6,26.5,15.7,39.0,63.6,6.6,9.8,6.1,79.1,84.7,17.9,55.0,7.2,17.0,9.1,20.5,12.5,35.6,29.4,20.8,11.7,22.5,7.1,34.7,16.5,9.7,11.1,37.9,32.1,68.9,18.1,15.9,36.4,13.9,4.4,10.5,38.5,3.6,19.1,5.9
28139,12.9,27.6,15.4,39.7,63.4,7.0,9.9,6.7,78.6,83.2,19.6,50.5,8.5,19.2,8.5,22.1,13.1,38.1,27.5,22.0,13.1,24.1,8.0,34.7,16.4,10.8,11.8,35.7,34.8,69.0,19.3,17.2,43.5,15.2,4.9,10.8,38.5,3.9,26.6,6.6
28141,12.2,28.4,16.5,38.2,62.0,7.4,9.8,6.8,77.4,82.7,19.6,50.5,8.7,19.5,9.4,23.5,11.9,37.7,26.2,19.3,11.1,23.2,8.4,35.0,14.0,10.5,10.5,34.8,33.1,67.0,19.2,16.5,39.4,15.3,4.6,9.2,36.1,3.7,19.8,6.1
28143,16.5,29.7,10.7,51.2,69.5,5.2,11.7,8.0,82.7,83.4,22.8,51.1,10.5,23.6,5.3,18.7,19.9,45.2,35.5,42.7,33.3,34.7,7.5,34.3,31.7,15.4,22.1,40.4,44.8,72.9,20.7,24.5,50.8,17.6,8.7,23.8,46.4,5.9,31.2,11.7
28145,13.2,26.8,15.6,39.4,62.4,7.1,9.8,6.4,77.7,83.3,19.2,57.5,8.2,18.8,10.6,22.0,12.3,37.7,28.4,20.9,11.7,23.5,7.9,36.5,15.8,10.3,11.2,36.9,32.4,71.8,18.8,16.3,41.5,15.0,4.6,10.0,32.4,3.7,22.7,6.3
28147,13.6,28.0,14.3,43.7,65.2,6.2,10.5,6.8,79.6,83.5,20.1,54.3,8.6,19.8,8.1,20.3,14.4,39.6,32.0,27.5,17.1,26.9,7.4,34.8,20.8,11.6,14.2,40.0,35.8,74.0,19.4,18.7,43.2,15.5,5.6,13.8,38.6,4.3,22.6,7.5
28149,11.0,26.1,14.1,41.5,65.8,6.1,10.2,5.9,81.1,85.9,17.2,58.1,6.9,16.4,9.4,19.1,13.5,35.4,29.7,23.1,13.8,22.4,6.4,32.9,18.5,9.7,12.3,35.9,31.5,73.8,17.5,16.2,43.8,13.3,4.7,12.3,38.2,3.9,17.9,6.3
28151,15.0,28.9,11.1,49.4,68.4,5.3,11.3,7.3,81.6,84.1,21.1,54.7,9.4,21.2,7.4,17.7,17.6,41.1,34.1,37.3,27.9,31.2,7.0,33.0,28.1,13.9,19.5,38.2,39.4,71.2,19.6,21.9,44.2,16.3,7.6,20.4,42.8,5.4,23.5,10.1
28153,13.7,28.6,13.7,43.1,65.8,6.3,10.6,7.1,79.6,83.3,20.5,54.2,9.1,20.6,8.2,20.6,15.0,40.2,31.2,28.5,19.1,27.3,7.8,34.1,21.3,12.1,14.9,38.9,36.6,70.9,19.6,19.3,44.4,15.9,5.9,14.8,42.1,4.5,22.7,8.0
28155,11.2,25.8,15.6,38.3,62.0,6.9,9.7,5.8,78.4,84.3,17.8,55.9,7.2,17.1,9.2,21.1,11.3,35.1,27.2,17.9,9.6,20.9,7.1,35.3,14.0,9.2,9.7,36.9,30.6,72.3,17.9,14.9,36.3,13.6,4.0,8.6,35.8,3.4,13.0,5.4
28157,14.8,28.3,12.7,48.8,67.9,5.4,10.5,7.3,81.4,83.7,20.2,54.5,8.9,21.2,5.9,17.5,17.6,41.6,34.7,34.5,24.0,30.2,7.2,34.3,26.3,12.6,17.9,38.8,40.3,73.0,19.0,21.2,47.7,15.8,6.9,18.9,45.8,5.2,27.2,9.3
28159,13.7,28.9,13.0,44.8,66.2,6.1,10.4,7.2,81.0,83.5,20.1,57.0,9.0,20.5,7.6,19.8,15.7,39.8,31.2,29.7,19.9,27.2,7.6,34.1,21.9,12.1,15.3,37.8,36.0,71.5,19.4,19.7,42.0,15.5,6.1,15.4,39.7,4.6,25.3,8.2
28161,13.9,28.4,13.7,44.1,65.7,6.3,10.5,7.1,79.2,82.9,20.7,52.3,9.2,21.3,7.6,20.7,15.0,40.4,31.6,29.1,19.1,27.6,7.8,34.7,21.5,12.2,14.9,38.2,37.7,71.4,19.7,19.5,40.1,15.8,5.9,14.8,38.4,4.5,23.9,8.1
28163,18.3,28.5,12.9,48.6,67.3,5.7,10.4,7.9,79.9,81.8,22.1,53.5,10.2,23.4,6.1,18.7,17.9,44.5,35.2,36.2,25.6,32.7,8.1,35.3,26.5,13.7,18.8,39.9,42.3,72.9,19.6,22.5,50.2,17.1,7.5,18.9,42.1,5.3,32.4,10.2
29001,8.8,26.4,17.1,33.0,59.0,7.6,10.8,6.2,76.9,81.8,18.7,55.9,7.9,17.6,56.8,27.2,10.9,35.5,19.2,14.6,12.4,20.8,8.0,32.4,12.8,9.8,9.1,30.5,29.8,70.9,19.0,14.7,38.9,14.4,3.9,10.0,39.4,3.3,22.1,5.1
29003,8.1,24.9,18.9,32.3,57.3,7.6,10.4,5.3,75.3,82.6,17.1,58.9,6.5,15.6,60.9,25.0,9.2,32.6,19.4,11.3,8.4,17.5,7.2,32.4,10.6,8.1,7.2,30.7,25.5,77.8,18.2,12.2,35.8,12.9,3.0,7.7,37.5,2.8,15.2,4.0
29005,9.5,26.4,17.7,34.7,58.9,7.5,10.7,6.3,75.7,80.9,19.4,55.9,8.2,18.8,56.4,27.0,10.9,36.8,20.4,14.9,12.5,21.3,8.1,32.2,12.8,10.0,9.1,33.9,31.0,69.7,19.5,14.9,41.6,14.6,3.9,9.7,38.5,3.3,19.5,5.1
29007,10.4,27.3,17.5,34.6,59.4,7.3,11.4,6.5,76.5,80.1,21.1,52.2,9.0,20.6,49.5,27.1,11.6,39.1,21.1,17.8,15.3,23.6,8.2,31.2,15.0,11.2,10.5,33.1,33.2,70.0,20.9,16.2,39.9,15.9,4.4,11.4,41.7,3.6,21.2,5.9
29009,12.8,27.2,17.5,34.0,58.7,7.1,10.8,6.7,74.7,79.7,21.1,51.4,8.9,20.7,53.5,26.0,11.6,39.6,21.5,18.8,15.1,24.4,8.6,32.9,15.4,10.9,10.7,34.9,34.4,70.3,20.1,16.5,37.7,16.0,4.4,11.0,37.6,3.5,19.1,6.0
29011,11.5,28.0,17.1,35.6,59.2,7.4,11.3,7.1,75.4,79.1,22.0,52.4,9.9,22.2,50.6,27.1,12.0,41.0,20.9,19.1,17.1,25.3,9.0,33.2,15.4,11.9,11.2,32.2,33.8,70.7,20.9,17.6,40.8,16.7,4.9,11.9,39.8,3.8,23.0,6.4
29013,10.5,26.8,17.5,34.6,58.3,7.3,11.0,6.5,75.3,79.9,20.8,52.8,8.8,21.0,56.2,27.6,11.1,38.8,21.0,16.8,14.3,23.1,8.4,33.1,14.2,10.7,9.9,32.4,32.2,66.5,20.6,16.0,41.0,15.5,4.2,10.7,40.5,3.5,21.0,5.6
29015,10.3,26.7,17.8,33.4,58.5,7.4,10.9,6.5,75.6,80.3,20.2,53.7,8.6,20.4,54.1,27.3,11.0,37.6,20.8,16.0,13.4,22.2,8.4,33.0,13.6,10.3,9.5,32.8,30.7,71.8,20.0,15.3,38.9,15.2,4.1,10.1,38.7,3.4,16.0,5.4
29017,10.5,27.1,17.7,34.7,57.6,7.3,11.0,6.5,75.5,79.7,20.9,52.7,8.9,20.9,50.8,27.6,10.8,38.8,21.0,16.1,13.8,23.1,8.4,32.5,13.6,10.7,9.7,33.3,32.4,70.6,20.5,16.0,38.9,15.6,4.2,10.1,40.1,3.5,25.2,5.5
29019,7.6,24.6,18.0,32.0,58.9,7.3,10.3,5.4,77.2,83.5,16.1,58.5,6.3,13.5,64.5,23.7,10.1,32.2,18.4,12.4,9.8,17.6,7.1,32.5,11.4,8.2,8.0,29.0,24.9,72.5,16.8,13.2,31.6,12.4,3.3,8.7,33.9,2.9,13.8,4.4
29021,11.0,26.1,17.1,34.6,59.6,7.2,10.9,6.4,76.2,81.1,19.5,57.3,8.2,19.1,58.0,25.5,11.4,37.5,20.1,16.8,13.7,22.5,8.0,34.0,14.4,10.1,9.9,31.3,31.7,72.1,19.4,15.4,43.1,14.9,4.1,10.8,39.9,3.4,25.4,5.6
29023,11.8,29.4,16.1,37.6,59.8,7.2,11.7,7.1,75.9,79.2,22.6,53.7,10.0,22.7,52.9,28.7,12.6,42.4,22.0,20.7,18.1,26.7,8.8,34.5,16.5,12.3,11.6,34.1,36.1,63.6,21.7,18.2,41.3,17.3,5.0,12.8,39.6,3.9,21.0,6.6
29025,9.7,26.2,18.1,33.2,58.2,7.5,10.8,6.1,75.4,80.9,19.4,55.6,8.0,19.0,56.8,26.3,10.3,36.9,20.5,14.7,11.8,21.0,8.0,33.0,12.8,9.7,8.9,33.1,30.7,69.1,19.7,14.5,38.9,14.6,3.8,9.5,38.7,3.2,20.6,5.0
29027,9.0,25.8,18.3,33.3,58.4,7.4,10.6,5.9,75.8,81.8,18.1,57.2,7.3,17.2,55.5,25.5,10.2,34.4,19.9,13.6,10.5,19.5,7.5,32.5,12.4,8.9,8.4,31.5,28.0,75.7,18.7,13.5,37.1,13.6,3.5,9.0,39.4,3.1,19.1,4.6
29029,8.9,25.5,17.9,31.4,57.3,7.5,10.6,5.8,76.1,82.0,18.0,59.1,7.2,17.2,59.2,25.8,9.9,33.9,19.9,12.7,9.9,19.3,7.5,33.1,11.5,8.9,8.1,31.3,28.5,75.5,18.8,13.5,35.5,13.7,3.4,8.5,37.6,3.0,16.6,4.5
29031,8.5,25.4,17.8,33.3,59.6,7.4,10.6,5.7,77.4,82.9,17.4,60.8,7.0,16.1,55.9,25.1,10.2,33.9,18.8,13.4,10.8,19.4,7.3,32.1,12.2,8.9,8.4,31.7,28.0,73.4,18.6,13.8,35.9,13.5,3.5,9.2,39.3,3.0,17.0,4.6
29033,9.9,26.2,17.6,32.9,58.4,7.3,10.8,6.1,75.4,80.9,19.6,57.7,8.1,19.1,56.3,26.7,10.6,36.5,20.9,15.1,12.2,21.4,7.9,31.9,13.0,9.9,9.0,32.1,31.3,69.5,19.8,14.8,38.8,14.8,3.8,9.6,39.0,3.2,20.0,5.1
29035,11.5,29.0,17.2,36.5,59.3,7.3,11.4,7.2,75.9,78.8,22.5,53.3,10.2,23.1,52.3,28.3,12.2,42.3,21.4,19.9,17.8,26.2,9.1,33.2,15.8,12.3,11.4,33.4,34.8,69.7,21.5,18.1,39.8,17.2,4.9,12.2,38.4,3.9,26.7,6.5
29037,8.4,24.4,17.4,30.9,57.8,7.5,10.2,5.1,76.1,83.4,16.4,63.2,6.2,15.1,63.7,24.9,9.5,30.4,19.6,11.3,8.0,17.2,6.7,32.0,11.1,7.8,7.2,29.6,25.0,77.7,17.9,11.7,37.8,12.3,3.0,7.7,39.3,2.7,12.5,3.9
29039,10.8,27.4,17.0,34.8,58.9,7.4,11.2,6.9,75.3,79.2,21.5,54.1,9.5,21.4,49.9,27.3,11.7,39.4,20.6,18.0,15.9,24.3,8.7,33.3,14.7,11.4,10.6,33.4,32.7,66.2,20.7,16.8,40.1,16.1,4.6,11.3,40.4,3.7,18.8,6.1
29041,9.5,26.3,17.9,32.8,58.3,7.4,10.7,6.1,75.6,80.9,19.5,55.7,7.9,18.9,61.2,26.0,10.4,36.1,20.0,14.4,11.8,20.6,7.8,32.2,12.6,9.7,8.8,31.3,29.3,74.4,19.7,14.5,38.8,14.5,3.8,9.4,37.8,3.2,23.5,4.9
29043,7.7,25.4,18.4,31.1,57.9,7.6,10.4,5.2,76.6,83.6,16.6,59.9,6.3,14.8,59.6,25.5,9.1,33.1,19.0,10.8,7.9,17.3,7.1,31.4,10.3,7.9,7.1,31.5,25.3,73.8,17.8,12.6,35.9,12.7,2.9,7.4,39.7,2.7,15.4,3.9
29045,10.6,27.5,17.9,34.6,58.2,7.5,11.0,6.8,75.1,79.2,21.1,53.7,9.3,21.5,51.2,27.2,11.3,39.7,20.6,17.2,14.7,23.8,8.7,32.9,14.1,11.1,10.1,32.6,33.0,70.3,20.8,16.4,41.4,15.9,4.4,10.8,41.5,3.6,21.9,5.7
29047,8.1,24.8,16.5,32.5,57.8,7.3,10.3,5.2,76.0,83.9,15.9,60.8,5.8,14.1,62.6,23.8,9.7,32.0,19.1,11.3,8.3,16.8,6.8,32.8,11.2,7.6,7.4,33.4,23.9,75.9,17.0,12.2,37.1,12.1,3.0,7.9,33.9,2.7,10.1,4.0
29049,8.6,25.3,18.4,32.8,57.8,7.4,10.5,5.8,75.5,82.1,18.1,57.9,7.1,17.1,58.2,26.2,9.6,35.3,19.9,12.6,9.6,19.2,7.5,32.3,11.5,8.8,7.8,30.5,28.5,72.0,18.9,13.5,39.1,13.7,3.3,8.3,36.5,3.0,17.9,4.4
29051,7.9,24.5,19.0,33.2,58.1,7.4,10.3,5.2,77.3,83.8,16.4,61.3,6.1,14.2,63.7,23.9,9.4,33.1,19.8,11.7,8.8,17.4,6.8,31.8,11.2,7.8,7.5,32.8,26.3,78.0,17.4,12.2,36.7,12.3,3.0,8.1,36.8,2.8,9.2,4.1
29053,9.0,25.3,18.5,32.7,58.6,7.4,10.5,5.7,75.8,82.1,18.1,57.2,7.2,17.2,56.4,25.1,10.0,34.2,20.2,13.4,10.3,19.4,7.4,32.3,12.2,8.9,8.3,31.6,29.2,76.5,18.7,13.5,37.7,13.6,3.4,8.8,39.7,3.0,16.9,4.6
29055,10.8,26.5,18.1,32.9,58.0,7.3,11.0,6.5,75.3,79.8,20.8,57.2,8.8,20.8,50.3,27.3,11.0,39.4,21.4,16.4,13.6,22.9,8.3,32.6,13.9,10.6,9.7,34.0,31.7,71.8,20.5,15.8,41.7,15.5,4.2,10.1,40.7,3.4,21.0,5.5
29057,10.5,27.4,17.5,35.3,58.9,7.4,11.2,6.9,75.8,79.7,21.2,52.9,9.4,21.5,51.0,27.5,11.8,39.9,20.3,17.5,15.4,23.7,8.8,33.2,14.5,11.2,10.4,32.2,32.3,73.8,20.7,16.6,40.5,16.0,4.5,11.3,40.7,3.6,23.8,5.9
29059,10.8,27.3,17.2,34.6,58.9,7.4,11.1,6.8,75.1,79.3,21.5,54.2,9.5,21.8,53.9,27.5,11.7,40.0,20.4,18.1,15.7,24.0,8.8,32.3,14.8,11.4,10.5,32.3,33.0,69.4,20.7,16.7,39.3,16.1,4.5,11.3,38.7,3.6,22.8,6.0
29061,10.7,27.1,17.7,34.4,57.7,7.5,11.0,6.6,75.0,79.9,20.9,52.8,8.9,20.7,52.0,27.4,11.0,39.0,20.2,16.3,13.7,22.9,8.5,34.2,13.7,10.7,9.7,33.1,31.7,72.6,20.2,15.9,38.7,15.5,4.2,10.3,39.3,3.5,20.7,5.6
29063,9.7,25.7,18.8,33.5,58.3,7.4,10.5,5.8,75.4,81.1,18.7,53.4,7.4,18.1,57.2,24.6,10.1,35.6,21.2,13.7,10.3,20.0,7.5,32.2,12.4,9.0,8.4,32.5,28.2,76.3,18.9,13.9,39.2,13.9,3.5,8.9,36.9,3.1,19.2,4.6
29065,10.5,26.8,17.4,34.3,58.4,7.4,11.0,6.6,75.6,79.9,20.6,51.2,8.8,20.4,53.4,26.2,11.1,38.5,20.5,16.4,13.9,22.8,8.5,32.0,13.8,10.8,9.9,31.4,31.6,69.4,20.1,15.9,39.3,15.5,4.3,10.4,40.7,3.5,22.7,5.6
29067,10.8,27.5,17.5,34.6,58.1,7.4,11.3,6.6,75.5,79.7,21.0,52.9,9.0,20.8,54.1,27.4,11.3,38.8,21.1,17.0,14.3,23.5,8.5,32.8,14.3,10.9,10.1,32.7,32.0,65.6,20.5,16.2,37.9,15.7,4.3,10.6,41.2,3.5,25.7,5.7
29069,13.5,29.1,15.4,38.7,60.4,7.0,11.5,7.2,75.7,79.0,23.5,52.9,10.3,23.4,49.6,27.8,13.1,44.1,22.9,23.3,20.7,28.0,8.8,33.5,18.7,12.8,12.9,36.5,40.6,68.6,21.7,19.6,46.4,17.9,5.3,13.8,40.3,4.0,26.6,7.2
29071,8.5,25.7,19.8,31.9,58.1,7.5,10.5,5.6,76.1,82.3,17.9,59.1,7.0,16.6,61.2,26.8,9.7,34.2,19.5,12.0,9.2,18.9,7.4,32.8,11.2,8.7,7.7,30.4,27.7,71.3,18.6,13.0,39.3,13.5,3.3,8.0,34.5,2.9,11.7,4.3
29073,9.1,26.3,18.0,32.8,57.7,7.5,10.8,5.9,75.7,81.3,19.1,54.9,7.7,18.2,59.7,26.7,10.0,36.2,20.0,13.4,10.7,20.3,7.8,32.6,12.0,9.4,8.3,31.8,28.0,69.2,19.6,14.1,39.2,14.1,3.6,8.7,37.6,3.1,19.5,4.7
29075,10.1,26.2,17.6,33.5,58.5,7.4,10.9,6.2,75.0,80.5,20.0,54.1,8.4,19.5,54.0,26.2,10.6,37.7,20.4,15.5,12.9,21.8,8.0,32.4,13.1,10.2,9.2,32.7,31.4,68.2,19.8,15.4,40.9,14.9,3.9,9.7,39.2,3.3,21.0,5.2
29077,8.6,26.3,16.5,31.6,59.0,7.4,10.8,5.8,76.7,82.7,18.1,56.5,7.3,16.4,62.1,24.8,10.2,35.2,19.2,13.9,10.9,19.3,7.5,31.9,12.3,9.0,8.5,31.9,25.8,69.3,18.6,13.9,37.8,14.0,3.5,9.3,37.6,3.1,21.8,4.7
29079,10.7,26.7,17.4,34.2,58.4,7.4,11.0,6.5,75.6,79.9,20.9,55.6,8.9,20.5,55.0,27.1,11.2,39.2,20.9,16.9,14.0,23.2,8.4,32.9,14.1,10.8,10.0,33.0,32.5,70.6,20.4,16.0,39.6,15.7,4.3,10.5,38.7,3.5,15.8,5.6
29081,10.5,27.3,17.6,34.2,58.3,7.4,10.9,6.6,75.6,80.0,20.7,54.4,9.1,20.7,54.1,26.9,11.3,38.5,20.1,16.8,14.6,23.0,8.5,33.5,14.0,10.9,10.0,31.4,32.3,70.9,20.5,16.1,39.7,15.7,4.3,10.7,42.8,3.5,20.3,5.7
29083,10.4,27.0,17.1,34.2,58.3,7.4,11.0,6.5,75.5,80.3,20.6,55.7,8.8,20.3,57.2,26.9,11.0,38.1,20.7,16.4,13.9,22.7,8.4,32.6,14.0,10.6,9.8,32.4,31.5,73.5,20.3,15.7,38.6,15.4,4.2,10.6,38.9,3.4,14.0,5.5
29085,11.9,29.5,16.7,37.1,59.8,7.4,11.6,7.6,75.6,78.1,23.6,55.4,11.1,24.6,48.4,28.5,12.9,43.5,21.0,22.0,20.7,27.4,9.6,34.1,17.0,13.2,12.5,33.4,36.5,69.9,22.1,19.2,43.1,17.7,5.4,13.7,41.0,4.1,27.8,7.2
29087,9.4,26.0,18.2,32.8,58.0,7.5,10.7,6.0,75.4,81.0,19.1,58.0,7.8,18.7,54.5,26.0,10.3,36.0,20.1,14.2,11.4,20.3,7.9,32.6,12.5,9.5,8.7,31.9,30.4,74.6,19.4,14.1,37.0,14.2,3.7,9.2,39.5,3.2,20.3,4.9
29089,8.7,26.0,18.2,32.8,57.9,7.4,10.7,5.8,76.4,82.1,18.2,59.7,7.3,17.0,57.3,26.2,10.1,35.1,19.9,13.2,10.4,19.7,7.5,32.9,12.0,9.0,8.3,32.7,28.3,71.8,18.8,13.8,36.0,13.8,3.5,8.8,38.6,3.1,17.9,4.6
29091,11.3,29.0,16.2,35.1,58.2,7.4,11.3,7.0,75.5,79.0,22.1,55.1,9.9,22.1,50.6,28.1,12.0,40.6,20.7,19.4,17.2,25.8,8.8,32.4,15.4,11.9,11.1,33.1,32.6,72.0,21.0,17.6,36.8,16.6,4.8,11.8,40.2,3.8,24.7,6.4
29093,10.7,27.8,17.3,35.3,58.4,7.4,11.1,6.7,75.6,79.6,21.3,53.7,9.2,21.0,56.3,28.1,11.5,39.9,20.7,17.4,15.0,23.9,8.6,33.2,14.4,11.1,10.3,33.3,33.0,74.2,20.7,16.5,42.1,16.1,4.5,10.9,38.0,3.6,22.2,5.8
29095,10.1,24.5,18.0,33.4,58.4,6.6,10.5,5.5,76.1,83.6,17.8,57.5,6.7,16.0,63.0,25.8,11.0,35.3,23.2,16.9,12.6,20.8,6.8,34.9,16.1,9.4,9.9,33.5,30.2,75.7,19.5,14.8,37.2,13.4,3.9,11.6,34.8,3.2,15.3,5.2
29097,11.1,26.7,16.9,34.8,58.4,7.3,10.8,6.3,75.7,81.0,19.9,59.1,8.4,19.0,56.3,26.3,11.5,37.7,20.6,16.5,13.8,22.6,8.1,32.8,14.4,10.3,10.0,33.0,31.8,68.8,19.9,15.5,40.2,15.1,4.2,10.6,41.1,3.4,14.0,5.7
29099,8.2,25.3,17.7,31.5,58.2,7.6,10.5,5.5,76.7,82.6,17.4,61.2,6.8,16.3,59.3,24.7,9.4,33.4,19.5,11.6,8.6,18.5,7.3,31.3,10.9,8.4,7.5,30.6,26.6,73.6,18.4,12.7,39.7,13.0,3.1,7.9,37.4,2.8,15.0,4.2
29101,8.7,25.7,17.8,32.0,57.3,7.4,10.5,5.8,77.1,81.8,18.3,58.5,7.2,16.9,61.4,26.4,10.3,34.2,20.4,13.3,10.4,19.1,7.4,32.4,12.2,8.8,8.5,31.2,27.2,72.7,19.0,13.4,37.5,13.8,3.5,9.1,38.5,3.1,11.3,4.6
29103,11.4,27.4,17.1,35.1,59.0,7.4,11.3,7.0,75.1,78.6,22.0,52.0,9.9,22.2,48.8,26.9,11.6,40.0,21.2,18.5,16.2,24.8,8.8,33.0,14.8,11.8,10.8,32.5,33.0,70.7,20.9,17.0,39.8,16.4,4.7,11.3,38.7,3.7,18.6,6.2
29105,11.2,27.6,16.6,34.9,58.9,7.3,11.2,6.8,75.6,79.3,21.5,55.2,9.4,21.4,52.4,27.1,11.5,39.2,20.8,18.2,15.9,23.9,8.7,33.7,14.8,11.3,10.6,32.6,33.0,70.6,20.6,16.4,38.3,15.9,4.5,11.3,40.1,3.6,20.4,6.0
29107,9.0,25.1,18.3,31.6,57.4,7.4,10.6,5.6,75.1,82.1,18.2,57.0,7.0,16.8,57.0,25.9,9.5,35.2,19.9,12.4,9.5,19.2,7.4,33.7,11.5,8.7,7.9,31.2,27.2,70.7,19.0,13.1,36.8,13.4,3.3,8.3,40.3,2.9,11.1,4.4
29109,12.1,26.9,17.5,34.5,58.6,7.3,11.0,6.8,75.5,79.7,21.2,53.5,9.1,20.8,57.1,26.7,11.5,39.3,21.2,18.1,15.1,24.1,8.6,33.2,15.0,11.1,10.5,33.0,33.9,73.1,20.3,16.5,40.1,16.0,4.5,11.2,39.7,3.6,21.8,6.0
29111,10.3,26.8,17.1,33.8,58.5,7.3,11.1,6.4,75.4,80.3,20.5,51.7,8.7,20.6,52.5,26.9,10.9,37.9,20.9,16.6,13.8,22.8,8.2,31.7,13.9,10.6,9.8,32.8,31.8,69.6,20.2,15.6,38.2,15.4,4.1,10.3,41.1,3.4,18.4,5.5
29113,8.9,25.0,18.8,31.7,56.9,7.4,10.6,5.7,75.8,81.7,18.4,55.4,7.1,17.5,59.1,25.3,9.9,35.7,19.9,12.4,9.5,19.1,7.4,32.1,11.7,8.8,7.9,32.1,28.1,75.2,19.0,13.6,39.4,13.8,3.3,8.2,39.1,3.0,17.0,4.4
29115,10.1,26.3,17.7,33.0,58.5,7.4,10.8,6.2,75.8,80.6,20.1,55.3,8.3,19.5,52.5,26.7,10.5,36.9,20.1,15.5,12.9,22.0,8.1,32.8,13.2,10.1,9.3,32.0,30.9,74.4,19.8,15.1,35.9,14.9,3.9,9.8,39.8,3.3,21.0,5.3
29117,9.8,26.8,17.3,33.5,58.5,7.4,11.3,6.0,76.2,81.0,20.2,57.4,8.2,19.1,59.6,27.4,10.5,37.7,20.6,15.9,13.3,21.7,7.8,32.5,13.7,10.4,9.4,33.3,30.6,73.8,20.4,15.3,39.6,15.0,3.9,10.2,38.2,3.3,15.4,5.2
29119,14.7,28.1,16.0,36.8,59.3,7.0,11.3,7.5,75.7,78.1,23.3,48.5,10.3,23.3,48.3,27.3,13.5,43.2,22.6,23.7,20.2,28.2,9.4,33.5,18.9,12.8,13.1,35.5,37.4,64.6,21.4,19.0,42.7,17.5,5.4,14.0,41.5,4.1,23.5,7.5
29121,9.0,25.8,18.2,32.2,58.2,7.4,10.6,5.8,75.9,81.6,18.7,58.2,7.3,17.6,56.8,25.5,9.9,35.7,20.7,13.4,10.4,20.1,7.6,32.1,12.0,9.1,8.3,32.2,29.2,73.3,19.2,13.9,34.6,14.0,3.5,8.6,38.9,3.1,18.9,4.6
29123,10.1,26.3,17.8,33.2,58.1,7.4,10.7,6.1,75.0,80.7,19.8,57.6,8.1,19.6,55.5,26.7,10.6,37.5,20.7,15.0,11.9,21.5,7.9,32.2,13.0,9.9,9.0,32.6,30.4,75.1,19.7,15.0,37.5,14.8,3.8,9.4,38.8,3.2,20.0,5.1
29125,10.0,26.3,17.9,33.0,57.7,7.4,10.9,6.1,75.4,80.6,20.0,57.5,8.1,19.2,52.4,26.9,10.3,37.4,21.0,15.0,11.9,21.4,8.0,32.2,12.9,9.9,9.0,33.2,30.7,72.3,20.0,14.8,37.9,14.8,3.8,9.2,43.0,3.2,13.5,5.0
29127,9.2,26.2,17.9,33.7,58.0,7.4,10.7,5.9,76.3,81.3,19.0,58.9,7.7,17.8,56.4,26.1,10.6,35.3,20.3,14.5,11.8,20.6,7.6,31.4,12.8,9.5,8.9,32.2,30.0,75.0,19.3,14.3,39.8,14.3,3.7,9.5,40.9,3.2,17.9,4.9
29129,11.4,27.9,17.1,35.4,58.7,7.4,11.0,6.7,75.6,79.9,21.0,55.1,9.1,20.8,56.8,27.4,11.8,39.8,20.6,17.9,15.4,23.8,8.7,33.1,14.8,11.0,10.5,32.5,33.2,73.0,20.4,16.6,41.4,15.8,4.4,11.3,38.7,3.6,21.6,5.9
29131,9.7,26.4,18.3,33.1,58.4,7.4,10.8,6.2,75.9,80.8,19.6,54.4,8.1,19.0,55.9,27.2,10.6,37.2,20.0,15.0,12.2,21.3,8.0,33.0,12.9,10.0,9.0,32.3,29.6,72.2,19.8,14.8,37.3,14.7,3.9,9.6,38.0,3.3,11.3,5.1
29133,13.2,29.8,15.3,40.0,62.3,6.7,11.7,7.4,76.9,78.7,23.0,52.6,10.5,24.2,43.9,26.0,14.1,44.1,24.5,25.2,23.5,29.4,8.8,33.1,20.2,13.1,14.0,36.1,39.8,71.3,21.2,20.0,47.7,17.5,5.7,15.8,44.6,4.3,29.7,7.6
29135,10.7,25.6,18.1,32.5,57.7,7.3,10.5,5.9,75.1,81.0,19.1,56.6,7.6,18.2,56.1,25.6,10.2,36.1,20.9,14.5,10.9,20.9,7.7,32.5,12.8,9.3,8.7,33.2,29.5,72.2,19.1,14.1,39.1,14.3,3.6,9.0,38.3,3.1,22.7,4.8
29137,10.3,26.4,17.5,33.7,58.5,7.3,10.9,6.4,75.8,80.3,20.3,58.5,8.6,20.2,54.4,27.2,11.0,37.5,21.0,16.3,13.7,22.4,8.2,32.3,13.8,10.4,9.7,32.1,31.1,73.2,20.2,15.4,38.0,15.1,4.1,10.4,40.3,3.4,23.0,5.4
29139,10.2,27.1,17.8,34.0,58.4,7.4,11.0,6.3,75.2,80.3,20.3,53.9,8.5,19.9,54.1,26.6,10.9,37.8,20.8,15.9,13.2,22.3,8.2,33.0,13.5,10.4,9.5,32.4,31.6,72.7,20.1,15.4,37.1,15.1,4.0,10.0,39.7,3.4,18.0,5.4
29141,12.0,26.9,17.6,34.7,58.5,7.3,11.1,6.9,74.0,78.8,22.2,50.2,9.6,21.9,53.6,28.2,11.6,40.4,21.7,18.6,15.8,25.1,8.8,32.5,15.0,11.7,10.8,34.7,34.1,65.4,20.8,17.0,38.2,16.5,4.7,11.1,40.7,3.7,24.2,6.1
29143,11.9,28.7,15.3,37.4,60.9,6.9,11.6,6.8,75.7,79.6,22.4,55.6,9.7,21.8,50.2,27.2,12.7,42.0,22.4,22.0,19.8,26.2,8.3,33.0,17.6,12.5,12.4,34.4,36.9,70.5,21.2,18.3,43.0,16.7,5.1,13.6,42.8,4.0,28.0,6.8
29145,10.5,26.5,16.8,33.5,58.6,7.4,10.8,6.2,76.0,81.1,19.3,58.5,7.9,18.4,59.9,26.1,11.1,35.9,20.4,15.9,12.5,21.3,8.1,32.8,13.6,9.9,9.5,31.0,29.9,76.1,19.5,15.0,38.9,14.7,3.9,10.0,38.1,3.3,17.3,5.3
29147,8.7,25.9,18.3,33.3,58.7,7.5,10.6,6.1,76.9,81.6,18.4,56.8,7.6,17.5,55.3,26.4,10.4,35.4,19.8,13.8,11.1,20.1,7.9,32.6,12.4,9.2,8.6,31.5,28.3,76.3,19.0,13.8,39.5,14.0,3.6,9.3,44.4,3.1,18.6,4.7
29149,11.6,28.9,16.7,36.1,59.3,7.3,11.3,7.3,75.3,78.3,22.8,50.7,10.4,23.6,48.9,27.9,12.5,41.8,21.8,20.5,18.9,26.2,9.2,33.2,16.2,12.5,11.8,34.0,34.4,70.5,21.6,18.1,41.2,16.9,5.1,12.6,39.1,3.9,30.1,6.7
29151,8.1,24.8,19.0,31.3,57.1,7.6,10.3,5.5,75.7,82.3,17.5,59.0,6.8,16.4,60.6,25.3,9.2,33.3,19.3,11.4,8.5,18.0,7.3,32.4,10.6,8.4,7.3,30.9,26.5,76.3,18.4,12.7,35.6,13.1,3.1,7.6,38.3,2.8,14.1,4.1
29153,12.4,28.4,16.9,36.7,59.2,7.4,11.4,7.6,75.0,78.1,23.4,51.3,10.8,24.0,44.8,28.4,12.5,43.1,21.3,20.9,19.3,27.2,9.5,33.0,16.6,12.8,12.1,32.3,35.5,66.0,22.0,18.6,42.3,17.6,5.3,13.0,41.2,4.0,23.0,7.0
29155,13.6,30.3,14.4,40.1,62.9,6.7,12.3,7.7,78.1,78.6,24.5,50.4,11.3,25.3,47.3,26.8,14.9,45.5,23.8,27.9,27.1,30.8,8.9,34.8,21.6,14.4,15.2,35.8,40.5,73.1,22.0,21.1,44.9,18.3,6.4,17.7,44.1,4.6,33.8,8.5
29157,9.5,25.6,18.1,32.6,57.8,7.4,10.5,5.8,75.2,81.2,18.9,56.7,7.5,18.0,58.9,25.9,9.9,35.4,20.2,13.7,10.6,20.1,7.7,32.2,12.0,9.2,8.3,33.1,29.1,76.5,19.0,13.8,36.0,14.0,3.5,8.6,39.2,3.1,13.9,4.7
29159,11.0,26.1,17.3,32.4,58.5,7.3,10.8,6.0,76.2,81.5,19.3,54.8,7.8,18.2,57.2,25.4,10.8,37.0,20.9,15.7,12.3,22.0,7.8,31.7,14.1,9.8,9.3,32.2,30.9,71.4,19.2,15.0,36.3,14.8,3.9,9.9,38.6,3.2,18.3,5.2
29161,9.1,26.9,17.8,33.9,58.2,7.4,10.5,6.2,75.6,81.4,18.9,51.5,7.8,17.9,56.1,26.5,10.9,36.8,19.9,14.5,11.9,21.3,8.0,32.3,12.4,9.5,9.0,32.0,29.1,73.2,18.7,14.5,36.2,14.3,3.8,9.7,41.6,3.2,17.0,5.1
29163,11.1,26.6,18.0,35.6,59.1,7.2,10.6,6.6,75.9,79.6,20.5,55.1,8.7,20.7,53.3,25.1,11.3,38.2,22.0,17.2,14.6,23.2,8.3,32.8,14.6,10.5,10.1,32.1,31.9,74.0,19.8,15.8,38.3,15.3,4.3,10.8,40.4,3.5,24.5,5.7
29165,7.2,23.0,17.7,30.9,58.0,7.4,9.9,4.8,78.7,85.1,14.6,63.1,5.2,12.1,65.4,23.4,8.8,28.7,18.1,9.7,6.8,15.1,6.3,32.6,9.8,6.8,6.6,28.9,22.1,74.1,16.1,10.6,36.7,11.3,2.6,7.1,35.6,2.5,11.9,3.6
29167,10.2,26.9,17.6,34.2,58.9,7.4,11.0,6.5,76.3,80.5,20.4,55.5,8.8,20.0,51.4,27.1,11.2,38.3,19.9,16.5,14.0,22.8,8.4,33.3,13.8,10.6,9.8,32.6,32.1,72.3,20.1,15.9,39.5,15.3,4.2,10.5,40.3,3.5,22.9,5.6
29169,10.3,26.1,17.2,34.1,59.4,7.0,10.2,5.8,76.7,82.2,17.8,57.1,7.0,16.8,58.8,24.0,10.9,35.3,21.0,15.1,11.5,20.6,7.5,32.1,13.8,8.9,9.1,31.6,29.1,72.7,17.9,14.2,38.4,13.8,3.7,10.0,42.6,3.2,17.4,5.0
29171,9.3,26.8,18.4,33.1,58.2,7.5,10.6,6.0,76.5,81.4,18.8,55.0,7.7,17.8,59.9,26.2,10.2,36.5,20.3,13.8,10.9,20.2,7.8,32.8,12.3,9.3,8.6,32.1,29.1,74.2,19.3,14.1,35.1,14.2,3.6,9.0,38.6,3.1,14.0,4.8
29173,9.5,26.9,18.4,33.7,58.4,7.4,10.8,6.1,75.7,80.9,19.7,55.1,8.1,19.3,58.4,26.8,10.4,37.3,20.1,14.5,11.8,20.9,8.0,32.4,12.6,9.8,8.8,32.6,29.9,72.6,19.8,14.7,39.7,14.6,3.8,9.3,37.9,3.2,17.2,4.9
29175,10.1,26.6,17.1,34.1,58.5,7.3,10.9,6.3,75.4,80.5,20.1,55.4,8.4,19.7,54.8,26.2,11.0,37.6,20.7,16.1,13.5,22.2,8.2,32.3,13.8,10.2,9.8,34.5,30.7,72.1,19.8,15.1,37.6,15.0,4.1,10.4,40.0,3.4,20.2,5.4
29177,9.6,26.2,17.8,33.9,58.0,7.4,10.7,6.0,75.1,81.1,19.3,55.5,7.9,18.9,58.3,26.4,10.6,36.5,20.4,14.3,11.3,20.8,7.9,32.9,12.6,9.6,8.7,32.4,31.3,68.4,19.7,14.5,39.3,14.5,3.7,9.2,38.8,3.2,19.7,4.9
29179,11.6,27.8,17.5,35.0,58.6,7.3,11.2,7.1,74.7,78.8,22.1,51.1,9.8,22.4,49.9,27.5,11.8,41.0,21.6,18.8,16.3,25.1,9.0,33.1,15.1,11.7,10.9,33.0,33.8,69.9,20.9,17.1,41.0,16.5,4.8,11.4,41.1,3.8,20.9,6.2
29181,11.8,28.6,17.0,35.9,59.1,7.4,11.5,7.4,75.8,78.6,23.0,54.8,10.6,23.4,48.7,28.5,12.5,42.9,21.5,20.1,18.6,26.7,9.3,33.7,16.0,12.6,11.7,33.6,35.4,70.6,21.8,18.4,41.1,17.0,5.1,12.5,39.5,3.9,28.9,6.7
29183,6.7,22.8,20.2,28.4,57.7,7.6,10.1,4.6,76.3,85.1,14.7,63.9,5.1,12.2,65.6,23.5,8.8,30.0,17.3,8.8,5.8,14.4,6.2,32.1,9.0,6.6,6.0,29.3,22.2,77.4,16.1,10.1,35.5,11.1,2.5,6.3,40.6,2.4,12.9,3.3
29185,11.0,27.2,17.4,35.8,58.4,7.4,11.0,6.9,75.1,79.4,21.5,56.7,9.4,21.8,52.6,27.6,11.8,40.3,20.8,17.8,15.5,24.4,8.8,32.8,14.6,11.3,10.5,33.9,33.7,71.4,20.7,16.7,37.7,16.3,4.5,11.2,37.3,3.6,21.3,6.0
29186,8.9,26.1,18.7,33.1,57.6,7.4,10.5,5.8,75.7,81.6,18.4,57.1,7.3,17.5,57.1,25.9,9.8,35.7,20.6,12.9,10.0,19.4,7.6,32.5,11.8,8.9,8.1,32.0,28.2,72.2,18.9,13.5,37.1,13.8,3.4,8.6,38.6,3.0,14.4,4.5
29187,10.8,27.3,18.1,36.1,58.6,7.4,10.8,6.6,75.6,79.9,20.4,55.4,9.0,20.9,54.9,26.5,11.4,39.0,22.2,17.2,14.3,23.6,8.4,33.0,14.5,10.6,10.1,34.1,33.4,72.9,20.1,16.1,40.3,15.8,4.3,11.0,40.7,3.5,15.3,5.6
29189,7.3,23.7,17.8,32.5,60.9,6.8,10.7,4.8,77.3,84.8,15.4,60.8,5.5,13.6,62.2,23.6,9.6,31.0,21.1,12.6,9.7,16.8,6.0,31.2,12.6,7.8,8.0,34.1,24.2,76.8,17.1,11.8,31.5,11.7,3.0,9.3,35.0,2.8,12.2,4.1
29195,11.2,25.7,17.6,33.0,58.8,7.1,10.6,6.0,76.0,81.7,19.1,54.8,7.4,17.6,57.4,25.3,11.2,37.5,20.8,16.2,12.4,21.7,7.7,33.0,14.2,9.5,9.6,34.0,31.5,72.3,18.7,14.9,39.2,14.4,3.9,10.2,40.9,3.2,18.1,5.3
29197,8.9,25.6,18.5,32.6,57.7,7.4,10.6,5.7,75.2,81.4,18.9,56.4,7.4,17.9,60.1,25.7,9.8,35.6,20.5,12.8,9.7,19.7,7.6,32.3,11.6,9.0,8.0,32.5,29.3,75.8,19.4,13.6,39.0,14.0,3.3,8.3,38.7,3.0,15.5,4.4
29199,11.1,26.2,17.5,33.0,56.9,7.4,11.0,6.3,74.9,79.5,20.8,54.8,8.7,20.1,53.8,26.5,10.4,37.5,20.7,15.5,12.5,22.6,8.2,32.6,13.1,10.6,9.3,32.5,31.5,70.1,20.2,15.4,37.7,15.3,4.0,9.4,38.5,3.3,20.6,5.3
29201,10.2,26.3,16.4,35.1,59.7,7.2,11.1,6.2,76.9,81.1,19.9,54.2,8.3,19.6,55.6,25.7,11.1,37.6,20.5,18.0,15.2,22.3,7.8,33.0,15.7,10.6,10.2,33.2,34.7,69.0,19.6,15.5,38.2,14.8,4.2,11.2,41.4,3.4,21.0,5.5
29203,10.9,27.1,17.4,34.4,58.2,7.4,11.1,6.6,75.1,79.7,21.1,56.2,9.0,21.2,49.9,26.9,11.2,38.8,21.0,17.3,14.3,23.3,8.5,32.2,14.2,10.9,10.1,34.4,31.9,74.1,20.5,16.2,36.8,15.6,4.3,10.6,41.1,3.5,23.8,5.7
29205,10.6,27.5,17.4,35.6,58.6,7.4,11.0,6.9,74.8,79.2,21.4,53.9,9.4,21.4,53.9,27.1,11.5,40.1,20.7,17.7,15.9,23.8,8.8,33.0,14.5,11.3,10.5,32.8,32.7,69.9,20.6,16.5,40.6,16.0,4.5,11.3,38.8,3.6,22.9,6.0
29207,11.3,28.8,17.2,34.4,57.2,7.3,11.0,6.7,73.8,79.2,21.7,55.4,9.4,22.2,49.4,27.6,11.3,41.3,20.8,18.0,15.2,25.0,8.7,32.0,14.4,11.5,10.3,34.2,33.2,69.7,20.7,16.9,37.6,16.1,4.5,10.9,41.8,3.6,26.2,5.9
29209,9.4,26.4,17.5,33.5,58.3,7.4,10.7,6.1,75.8,81.4,19.0,57.6,7.8,18.3,57.3,26.5,10.3,35.6,19.8,14.2,11.7,20.8,7.9,33.1,12.6,9.6,8.8,32.7,29.2,69.2,19.4,14.2,41.1,14.3,3.7,9.4,38.9,3.2,15.1,4.9
29211,14.1,26.5,17.2,34.5,58.7,7.0,10.5,6.5,75.4,80.3,20.5,53.1,8.2,19.3,51.4,25.4,11.9,38.2,21.6,18.7,14.5,24.0,8.3,33.1,15.9,10.4,10.5,33.0,33.4,69.3,19.5,16.0,40.4,15.6,4.3,11.1,41.1,3.4,20.4,6.0
29213,10.1,26.4,17.2,33.5,58.0,7.5,10.8,6.1,75.6,81.7,19.0,55.6,7.7,17.9,55.1,25.8,10.6,36.9,19.9,15.1,12.0,20.9,7.8,32.4,13.2,9.7,9.1,31.7,29.4,73.2,19.2,15.0,36.4,14.6,3.8,9.7,38.4,3.2,16.8,5.1
29215,11.8,28.0,16.8,37.9,59.9,7.4,11.0,7.2,75.9,78.8,22.1,54.2,10.0,22.3,53.1,26.8,12.7,42.1,21.4,19.8,17.8,26.0,9.2,33.4,15.9,11.9,11.6,32.1,34.5,67.8,20.9,17.9,42.2,16.6,5.0,12.4,41.1,3.9,19.0,6.5
29217,10.7,27.6,17.5,34.8,58.7,7.4,11.3,6.8,75.7,79.9,21.3,52.5,9.3,21.4,52.9,28.1,11.5,40.2,20.6,17.7,15.3,24.0,8.7,33.6,14.5,11.3,10.5,32.8,32.5,68.5,20.8,16.7,38.1,16.0,4.5,11.1,39.7,3.6,24.3,5.9
29219,9.4,25.8,18.4,32.9,57.1,7.4,10.6,5.7,75.4,81.8,18.4,54.9,7.3,17.3,58.3,26.0,10.0,34.7,20.7,13.3,10.0,19.9,7.6,32.4,12.1,9.0,8.2,31.9,29.6,73.3,19.2,13.6,38.7,13.9,3.4,8.6,37.7,3.0,18.5,4.6
29221,11.6,27.7,17.1,36.1,59.3,7.3,11.2,7.2,75.2,78.6,22.3,53.5,10.1,22.9,51.7,27.4,12.2,41.1,21.4,19.4,17.1,25.6,9.0,33.0,15.6,11.9,11.2,33.1,33.8,67.8,21.2,17.5,41.3,16.5,4.9,12.0,42.2,3.8,26.8,6.4
29223,12.4,28.5,16.9,36.4,58.8,7.3,11.5,7.5,74.4,77.7,23.4,50.5,10.9,24.7,53.4,28.1,12.6,41.7,21.8,21.4,19.6,27.1,9.4,33.0,16.7,12.9,12.1,32.7,36.0,68.0,22.0,18.5,41.3,17.7,5.3,12.8,41.2,4.0,24.6,7.0
29225,10.0,26.0,17.7,33.9,58.4,7.4,10.8,6.4,75.7,80.6,19.8,55.7,8.4,19.5,58.9,26.8,10.6,37.3,20.9,15.2,12.3,22.0,8.1,32.5,13.1,10.1,9.2,32.7,30.1,74.1,19.8,15.1,41.5,14.9,4.0,9.7,37.8,3.3,20.5,5.2
29227,9.9,27.4,17.4,34.8,58.6,7.4,10.8,6.5,75.3,80.1,20.3,55.8,8.7,20.4,56.0,26.8,11.2,38.1,20.6,16.2,13.9,22.5,8.3,32.8,13.5,10.5,9.6,32.2,31.9,71.6,20.2,15.6,40.7,15.2,4.1,10.4,41.2,3.4,21.3,5.4
29229,12.1,28.2,16.6,35.6,59.2,7.3,11.3,7.2,75.7,78.5,22.8,53.4,10.4,23.5,53.6,28.1,12.5,42.1,21.5,20.6,18.7,26.4,9.2,33.3,16.2,12.5,11.7,32.5,36.3,71.3,21.6,18.1,42.1,17.1,5.1,12.5,40.6,3.9,33.0,6.7
29510,9.1,24.7,17.4,36.6,59.6,6.2,11.7,5.8,80.3,84.0,18.4,59.4,7.0,16.6,56.5,23.9,12.7,35.1,24.9,19.7,17.0,22.1,6.5,30.9,18.2,10.3,11.6,35.7,26.9,79.6,18.4,15.7,37.0,13.6,4.6,14.3,37.2,3.8,16.8,6.1
30001,10.1,24.3,22.2,28.9,51.9,7.4,11.1,5.5,69.3,79.6,15.1,56.9,6.2,14.2,62.3,25.6,8.4,29.4,21.6,12.6,9.1,17.3,7.4,28.4,10.3,8.0,8.0,30.8,19.9,73.4,18.4,11.1,29.3,13.1,3.3,7.4,31.4,2.9,11.4,4.4
30003,14.5,25.5,18.3,33.5,54.6,6.4,14.1,7.4,68.9,76.2,21.0,49.2,9.2,25.3,50.5,25.6,13.8,38.7,28.3,30.1,23.6,28.8,10.4,26.8,22.1,13.4,18.7,37.8,28.0,65.7,22.9,18.0,35.8,18.6,5.8,17.2,36.7,4.6,27.5,9.2
30005,12.3,26.3,20.1,33.1,54.5,6.9,13.4,6.7,68.2,77.6,18.8,48.7,8.0,21.6,55.4,25.2,12.3,37.8,27.2,23.7,17.5,25.1,9.6,28.4,17.5,11.3,14.6,34.4,26.6,68.1,21.1,16.0,41.6,17.2,4.8,13.3,32.3,4.0,23.7,7.2
30007,9.7,23.4,23.1,28.4,51.8,7.5,11.0,5.2,68.0,80.2,14.8,54.7,5.8,14.1,59.5,24.7,7.8,28.3,21.8,11.1,7.6,16.5,7.1,27.5,9.5,7.5,7.2,31.3,19.8,71.5,18.4,10.4,30.3,12.7,3.0,6.5,31.3,2.8,11.5,3.9
30009,9.2,24.6,23.4,30.6,51.6,7.6,11.1,5.2,68.7,80.4,14.6,55.6,5.8,13.8,64.8,25.2,8.2,28.1,22.3,11.1,7.8,16.7,7.1,27.5,9.4,7.4,7.3,32.2,19.9,73.2,18.0,10.4,32.6,12.7,3.0,6.7,33.1,2.8,12.5,3.9
30011,10.2,24.3,22.9,29.8,52.7,7.5,11.6,5.6,67.9,78.8,16.3,54.3,6.8,15.9,61.2,26.1,8.5,30.0,22.4,13.1,9.8,18.7,7.6,28.4,10.6,8.6,8.4,31.1,21.9,72.7,19.5,11.9,33.2,13.9,3.6,7.7,31.9,3.1,12.5,4.5
30013,10.2,26.9,22.0,30.1,53.7,7.4,12.4,5.3,71.8,80.0,16.1,55.9,6.5,15.1,62.5,28.1,8.8,32.5,23.0,13.6,9.6,19.4,7.6,29.3,10.5,8.3,8.2,34.3,22.5,75.4,20.0,12.2,35.9,14.3,3.3,7.7,36.0,3.0,14.9,4.5
30015,10.9,24.7,21.7,30.8,53.2,7.1,12.1,5.6,69.2,78.6,16.6,53.3,6.7,17.4,58.6,25.5,9.5,31.9,24.6,16.4,11.3,19.7,7.9,28.2,12.9,9.0,10.1,35.0,22.7,72.4,20.1,12.4,35.8,14.6,3.6,9.1,35.5,3.2,13.5,5.1
30017,9.5,24.9,22.9,28.9,52.6,7.5,11.2,5.3,69.0,79.7,15.2,57.0,6.2,14.8,62.2,25.2,8.5,30.0,21.7,12.3,8.7,17.3,7.3,27.1,10.0,8.0,7.8,31.6,22.2,75.4,18.4,10.9,32.7,13.1,3.2,7.3,33.0,2.9,9.4,4.3
30019,9.6,23.9,23.1,28.4,52.2,7.5,11.1,5.3,68.4,80.0,15.1,54.8,5.9,14.2,62.0,24.7,8.2,28.4,21.8,11.8,8.2,16.8,7.2,27.6,9.9,7.7,7.7,31.2,20.3,71.7,18.5,10.7,34.0,13.0,3.1,7.1,32.9,2.8,12.1,4.1
30021,9.5,23.7,23.2,28.2,51.4,7.5,11.0,5.1,67.0,80.4,14.8,59.3,5.8,14.1,60.5,24.5,8.2,27.7,22.0,10.9,7.4,16.5,6.9,26.9,9.4,7.5,7.3,31.8,21.1,72.7,18.4,10.6,33.0,12.9,3.0,6.6,34.5,2.8,11.9,3.9
30023,11.5,24.9,22.7,30.5,52.7,7.4,11.4,6.1,67.4,77.4,17.3,53.0,7.5,17.5,60.6,26.0,9.5,31.8,22.9,15.3,11.9,20.2,8.2,27.2,12.0,9.3,9.4,30.8,23.1,70.0,19.6,12.8,32.2,14.8,3.9,8.9,35.6,3.3,19.7,5.2
30025,9.5,24.2,22.9,27.9,52.3,7.5,11.2,5.3,67.1,79.5,15.4,57.4,6.2,14.7,63.6,25.1,8.3,29.4,22.5,11.8,8.4,17.4,7.2,27.3,9.8,8.0,7.6,31.3,22.0,75.8,19.2,11.1,31.4,13.2,3.2,7.0,33.9,2.9,10.0,4.1
30027,9.8,23.5,22.5,29.7,52.4,7.5,11.3,5.5,68.9,79.2,15.6,57.8,6.5,15.1,63.7,25.1,8.4,29.7,22.1,12.9,9.5,17.6,7.5,26.9,10.5,8.3,8.0,31.6,21.7,74.5,18.7,11.5,31.2,13.5,3.4,7.6,30.2,3.0,15.1,4.4
30029,9.3,23.4,22.8,26.1,50.5,7.7,10.8,5.0,67.5,80.1,14.2,58.1,5.7,12.9,61.7,25.0,7.4,28.3,21.7,10.7,7.4,16.4,7.0,27.0,9.4,7.2,7.2,30.4,18.1,71.3,17.2,10.0,30.8,12.5,2.9,6.5,32.0,2.7,12.1,3.8
30031,8.2,23.0,23.1,25.2,50.6,7.7,10.7,4.6,69.0,81.9,12.5,60.4,4.8,10.4,66.8,22.4,7.2,24.2,18.9,8.6,5.8,13.5,6.4,26.8,7.5,6.3,6.2,30.0,14.5,71.2,16.3,8.5,24.0,11.2,2.6,5.5,28.9,2.5,9.3,3.4
30033,9.8,24.4,22.8,28.7,52.4,7.5,11.5,5.5,68.2,79.0,15.9,52.1,6.6,15.5,59.6,26.6,8.5,29.5,22.4,12.6,9.4,17.9,7.4,27.5,10.3,8.4,8.0,31.7,22.2,73.2,19.5,11.5,30.7,13.6,3.4,7.5,32.5,3.0,12.6,4.4
30035,14.6,27.7,19.0,34.8,54.2,6.5,14.6,7.9,67.8,75.6,22.2,47.9,10.1,26.9,42.2,26.0,14.5,42.2,27.8,32.4,26.8,30.8,11.1,27.2,22.7,14.3,20.0,36.0,32.0,67.0,23.7,20.4,39.9,20.2,6.4,18.1,40.3,5.0,26.4,10.0
30037,11.9,25.9,21.2,30.9,52.7,7.3,11.9,6.0,68.3,77.9,17.6,53.7,7.5,17.4,56.0,26.5,9.5,33.0,23.5,16.2,12.5,20.9,8.0,27.9,12.5,9.7,9.8,32.9,24.3,71.7,20.4,13.2,32.8,15.1,4.1,9.1,34.1,3.3,12.4,5.3
30039,10.5,24.1,23.0,29.4,52.4,7.5,11.2,5.5,68.4,78.9,15.7,56.4,6.4,15.1,60.7,24.7,8.4,29.0,22.3,12.9,9.5,18.0,7.4,27.4,10.4,8.2,8.1,31.5,21.4,73.3,18.7,11.4,30.6,13.5,3.4,7.4,33.1,3.0,17.2,4.5
30041,11.7,26.0,22.4,33.8,53.9,7.2,12.3,6.4,70.0,77.9,18.1,53.4,7.7,18.9,59.5,26.8,10.9,33.7,26.3,19.0,14.7,22.7,8.6,29.5,14.3,10.1,11.7,37.5,24.8,67.4,21.0,14.1,39.0,16.1,4.3,11.0,36.0,3.6,15.2,6.0
30043,8.8,23.4,23.0,26.5,51.0,7.6,11.0,4.8,68.3,80.9,14.1,58.3,5.3,12.7,66.5,24.3,7.6,26.4,21.8,10.1,6.5,15.5,6.7,26.6,8.6,7.0,6.7,29.0,19.6,70.9,17.5,9.9,32.1,12.1,2.8,6.0,30.9,2.6,8.8,3.6
30045,10.2,25.6,21.5,30.3,52.9,7.5,11.3,5.9,68.7,79.0,16.0,53.9,6.8,15.7,61.7,25.9,9.0,30.3,21.4,13.6,10.5,18.6,7.8,28.1,10.8,8.7,8.5,31.5,22.3,72.5,19.1,12.0,31.7,13.9,3.7,8.1,31.9,3.2,12.2,4.7
30047,10.8,25.5,21.6,29.3,52.1,7.2,12.3,5.8,70.3,78.9,16.5,53.7,6.8,16.2,56.3,26.7,9.3,30.9,23.0,16.6,12.1,19.8,7.9,26.0,13.3,9.3,10.8,32.7,21.9,72.8,19.8,12.9,33.2,14.6,3.9,9.7,33.8,3.3,17.9,5.4
30049,8.4,25.6,22.0,25.9,51.8,7.6,11.3,4.7,71.7,81.7,13.8,58.5,5.2,12.2,70.8,27.0,7.5,27.8,20.3,10.0,6.9,15.3,6.7,27.8,8.3,6.9,6.7,30.6,17.3,76.5,18.1,10.3,30.8,12.4,2.7,6.0,28.1,2.6,9.9,3.6
30051,12.4,26.8,20.7,31.8,53.6,7.5,12.2,6.5,68.3,76.9,18.7,49.3,8.5,18.6,48.5,27.2,9.9,34.6,22.8,18.2,15.4,22.8,8.4,28.4,13.2,10.8,10.8,33.2,25.4,68.8,20.8,14.6,34.5,15.9,4.6,10.0,37.5,3.6,23.3,5.9
30053,11.8,27.1,22.5,31.7,52.2,7.4,11.8,6.1,69.2,77.6,17.7,55.0,7.6,17.4,53.4,27.4,9.4,32.4,22.7,15.6,12.7,20.5,8.1,28.1,12.2,9.6,9.6,30.0,24.0,69.5,20.4,13.0,37.6,15.1,4.0,8.9,36.7,3.4,15.7,5.2
30055,9.1,23.6,23.5,28.7,51.1,7.6,11.0,5.0,67.6,80.3,14.6,56.4,5.7,13.7,64.1,24.6,7.7,27.8,22.1,10.5,7.1,16.1,6.9,28.1,9.2,7.3,7.0,30.8,20.0,74.4,18.4,10.3,32.9,12.7,2.9,6.4,33.3,2.7,7.3,3.7
30057,9.3,23.5,23.7,26.8,51.7,7.5,10.8,4.9,68.1,81.0,13.9,59.0,5.2,12.7,64.8,23.9,7.3,26.3,22.0,10.2,6.8,15.4,6.7,27.3,9.1,6.9,6.8,31.1,17.3,71.8,17.7,9.6,28.6,12.0,2.8,6.1,30.0,2.6,7.8,3.6
30059,9.6,24.1,22.6,28.1,52.2,7.5,11.1,5.3,68.9,79.7,15.1,52.4,6.1,14.3,64.8,25.3,8.3,28.9,22.0,11.9,8.6,17.0,7.2,27.4,9.9,7.9,7.6,30.9,20.7,73.8,18.4,11.1,32.6,13.1,3.2,7.1,31.3,2.9,12.1,4.1
30061,10.6,25.0,22.2,29.3,52.8,7.4,11.4,5.7,67.8,79.1,16.2,55.6,6.7,15.6,60.0,26.1,8.8,30.7,22.2,14.0,10.4,18.5,7.5,28.5,11.1,8.5,8.5,30.9,22.3,72.8,19.0,12.1,35.8,13.8,3.5,7.9,34.4,3.1,12.2,4.6
30063,8.5,21.7,24.1,25.4,51.3,7.5,10.8,4.8,70.0,80.9,13.4,60.9,5.2,12.1,65.6,26.7,7.9,25.6,21.0,10.1,7.1,15.3,6.7,28.6,9.0,7.0,6.9,31.1,16.5,76.8,17.8,9.3,26.9,11.8,2.8,6.2,27.9,2.6,8.5,3.7
30065,11.3,24.4,21.9,29.8,52.8,7.3,11.4,5.7,68.0,78.6,16.3,51.8,6.7,15.9,58.3,25.5,9.0,30.5,22.9,14.4,10.4,19.2,7.6,27.3,11.3,8.7,8.7,31.7,24.3,70.1,19.2,12.1,35.3,14.1,3.6,8.0,34.8,3.1,20.8,4.8
30067,8.7,23.0,21.9,27.3,52.2,7.6,10.9,5.2,68.3,80.6,14.4,54.0,5.9,13.7,63.8,24.2,7.9,28.0,20.4,10.9,8.0,16.3,7.0,27.1,9.2,7.5,7.2,29.3,20.4,74.8,17.9,10.7,30.0,12.7,3.1,6.8,30.2,2.8,12.4,4.0
30069,9.6,23.7,23.0,28.5,51.7,7.5,10.9,5.3,67.5,79.5,14.9,58.5,5.9,14.6,62.5,24.4,8.2,28.1,22.0,11.6,8.2,16.7,7.3,27.3,9.7,7.6,7.5,31.4,20.6,72.3,18.3,10.6,32.9,12.8,3.0,6.9,32.9,2.8,15.5,4.0
30071,10.0,23.9,23.0,28.1,52.6,7.3,11.5,5.6,68.4,79.1,16.2,57.6,6.5,15.8,60.9,26.0,8.8,29.5,22.7,13.7,10.1,18.3,7.6,27.8,11.5,8.5,8.9,31.6,22.7,71.0,19.6,11.6,39.0,13.7,3.5,8.1,36.0,3.1,16.9,4.6
30073,12.3,26.5,21.6,31.0,53.9,7.3,12.5,6.4,67.6,77.4,18.7,54.6,8.2,19.9,58.0,26.8,10.5,34.9,23.8,19.7,15.1,23.1,8.6,27.8,14.6,10.7,11.6,33.9,27.1,67.8,21.0,14.8,37.5,16.2,4.5,10.6,34.3,3.7,19.1,6.1
30075,10.1,23.8,22.4,27.1,51.4,7.4,11.1,5.1,67.9,79.8,15.1,56.3,5.9,14.1,56.7,24.4,8.0,29.0,22.5,11.7,7.9,16.6,7.0,27.6,9.8,7.6,7.5,31.5,19.7,74.6,18.5,10.6,30.6,12.8,3.0,6.7,34.7,2.8,14.1,4.0
30077,11.6,24.6,23.4,30.2,51.5,7.2,10.4,6.0,67.2,77.2,16.0,55.1,6.7,17.1,56.5,23.0,9.2,32.2,24.4,14.0,9.7,19.4,8.2,28.4,11.2,8.1,8.8,31.1,23.7,71.9,18.3,12.0,35.6,14.0,3.5,7.9,35.4,3.2,16.2,4.7
30079,13.2,26.0,20.6,30.8,53.7,7.3,11.9,6.6,67.3,76.7,18.8,50.4,8.4,19.2,51.0,26.2,10.2,34.4,23.5,18.7,15.4,22.7,8.6,27.7,14.0,10.6,11.2,31.9,26.5,66.5,20.9,14.2,34.0,15.9,4.6,10.5,34.0,3.6,27.1,6.1
30081,9.8,24.2,23.3,26.1,50.2,7.5,10.7,4.9,68.0,80.4,14.8,57.8,5.6,13.2,65.8,24.4,7.3,30.0,22.0,10.7,7.3,16.3,6.9,27.2,9.0,7.3,7.0,32.3,18.3,74.0,17.8,10.7,31.7,12.9,2.9,6.2,32.5,2.7,12.8,3.8
30083,9.6,22.4,23.7,27.6,51.3,7.4,10.8,5.1,67.7,79.9,14.5,55.5,5.5,13.8,63.4,23.8,7.7,27.5,21.6,10.5,7.0,16.2,7.0,26.7,9.2,7.2,7.0,29.7,22.3,74.1,17.8,10.1,37.6,12.6,2.9,6.3,32.8,2.7,12.2,3.8
30085,13.1,27.8,18.5,35.4,55.3,6.8,14.1,7.3,68.5,76.1,21.1,49.3,9.2,23.7,46.5,26.9,13.5,41.6,27.2,28.1,22.2,28.2,10.4,28.8,20.5,13.0,17.4,35.3,29.5,65.7,22.7,17.8,41.3,18.7,5.6,16.2,42.5,4.5,22.2,8.7
30087,12.7,26.7,20.3,35.2,54.0,7.0,13.0,6.7,68.3,77.1,19.1,50.9,8.1,21.0,50.4,25.4,11.5,37.0,26.6,23.3,17.4,24.3,9.3,26.7,16.7,11.1,13.8,35.8,26.4,72.3,21.6,15.3,39.8,16.5,4.7,12.5,37.0,3.8,18.8,6.9
30089,11.7,25.1,22.2,29.1,52.5,7.4,11.4,6.2,65.5,77.5,17.3,50.6,7.5,17.5,59.4,26.0,9.0,32.4,22.7,15.7,12.3,20.4,8.1,27.3,12.0,9.5,9.6,31.4,23.1,70.2,19.9,12.9,34.8,14.8,4.0,9.0,34.5,3.4,21.2,5.3
30091,10.7,24.2,22.7,29.5,52.4,7.4,11.3,5.4,68.6,79.2,15.7,56.9,6.3,15.2,67.1,25.6,8.4,29.2,22.7,12.9,9.2,17.9,7.3,28.2,10.5,8.1,8.1,32.2,21.6,71.5,18.8,11.3,35.4,13.4,3.3,7.3,29.9,2.9,17.6,4.4
30093,10.4,24.4,22.1,29.1,53.5,7.4,11.2,5.6,69.1,79.4,16.0,55.2,6.6,14.8,63.8,26.0,8.7,30.9,21.7,13.8,10.0,19.2,7.5,27.2,10.7,8.4,8.4,31.0,21.3,73.3,19.6,12.2,32.8,14.2,3.5,7.7,32.8,3.0,10.5,4.6
30095,9.4,23.9,22.5,27.2,50.8,7.4,10.9,4.9,68.4,80.2,14.4,57.1,5.6,13.2,68.3,24.7,7.7,26.9,21.7,10.5,7.1,15.8,6.8,27.5,9.1,7.2,6.9,29.8,19.0,72.0,17.8,10.0,29.9,12.3,2.9,6.1,32.9,2.7,7.3,3.8
30097,9.3,23.7,22.8,27.5,52.0,7.5,11.0,5.0,67.9,80.3,14.8,58.7,5.7,13.9,67.2,25.1,7.7,28.5,22.5,10.9,7.4,15.8,7.0,27.2,9.4,7.3,7.1,31.6,19.6,75.3,18.4,10.2,29.7,12.7,2.9,6.5,31.5,2.7,11.1,3.8
30099,10.1,24.0,22.0,28.1,51.4,7.4,11.4,5.4,67.3,79.1,16.0,53.1,6.3,14.9,61.4,25.5,8.3,30.7,23.1,12.6,9.1,17.7,7.3,28.6,10.3,8.2,8.0,31.9,21.9,67.0,19.2,11.5,31.3,13.3,3.3,7.2,30.1,2.9,17.4,4.3
30101,13.4,25.1,22.8,31.4,52.4,7.1,11.0,6.5,66.2,76.1,17.6,52.7,7.9,19.4,54.6,23.7,10.3,34.0,25.0,17.3,13.5,22.2,8.7,28.6,13.0,9.7,10.4,32.6,25.9,74.8,19.6,14.1,35.4,15.1,4.3,9.6,32.1,3.6,18.6,5.8
30103,9.6,24.2,22.5,28.9,52.1,7.4,11.3,5.3,68.5,80.0,15.2,54.9,6.1,14.4,63.6,25.1,8.3,28.7,21.6,12.4,8.9,17.2,7.2,26.8,10.3,7.9,8.0,30.8,20.7,74.4,18.4,11.0,34.1,13.1,3.2,7.4,30.6,2.9,10.0,4.3
30105,9.9,25.5,22.7,31.4,52.6,7.5,11.6,5.5,68.8,79.4,15.9,54.3,6.4,15.1,62.3,25.3,8.6,30.2,22.3,13.6,9.6,18.4,7.6,28.5,11.2,8.5,8.7,31.8,22.3,67.6,19.5,11.7,33.2,14.1,3.4,8.0,33.4,3.1,12.1,4.6
30107,12.3,26.4,21.2,30.9,53.0,7.3,11.7,6.2,67.5,77.5,17.7,52.9,7.7,17.9,56.5,26.8,9.6,33.4,23.5,16.8,13.0,21.4,8.1,28.4,12.7,9.8,9.8,32.3,24.6,71.5,20.3,13.5,32.3,15.2,4.1,9.3,33.6,3.4,21.8,5.4
30109,10.1,24.3,21.7,29.4,52.6,7.5,11.3,5.5,68.3,79.6,15.9,53.7,6.4,15.3,57.5,25.9,8.6,30.1,22.1,13.2,9.6,18.1,7.4,27.9,10.6,8.3,8.2,31.4,21.9,67.7,19.2,11.6,33.1,13.5,3.4,7.7,34.3,3.0,12.9,4.4
30111,9.2,23.9,21.8,28.3,52.0,7.6,10.8,4.9,72.8,81.3,15.3,58.3,5.6,14.2,61.2,28.2,8.2,29.9,22.6,11.9,7.9,17.4,6.9,27.4,9.8,7.7,7.6,32.4,20.0,78.9,18.6,10.8,34.0,12.9,3.0,6.7,35.6,2.8,11.8,4.0
31001,10.2,22.7,22.2,31.4,58.7,7.2,9.3,5.6,75.0,81.9,12.8,53.3,5.9,14.3,64.2,20.6,9.9,27.2,21.2,13.2,9.5,16.9,6.8,28.5,10.2,7.1,7.1,29.4,25.8,72.7,15.0,11.5,41.9,11.7,3.1,7.1,30.4,2.8,9.7,4.3
31003,9.3,22.5,23.7,30.6,59.4,7.3,9.5,5.4,73.7,80.9,13.1,58.7,6.1,15.4,63.3,18.2,9.6,27.0,21.1,12.3,9.0,15.5,7.0,28.6,9.8,7.2,6.8,29.9,26.0,73.2,15.5,11.1,43.0,11.6,3.1,6.7,30.5,2.8,13.2,4.1
31005,7.6,22.2,22.2,30.7,58.9,7.6,9.5,5.6,73.5,81.6,12.8,56.7,6.0,14.6,64.0,19.1,9.3,26.7,19.4,11.5,8.9,15.1,7.1,28.7,9.0,7.2,6.7,29.2,24.5,72.8,15.4,10.9,42.4,11.5,3.1,6.8,30.5,2.9,11.6,4.0
31007,9.6,21.4,22.0,29.1,58.8,7.3,9.3,5.2,73.7,82.5,12.3,54.9,5.3,13.0,68.4,18.3,9.0,26.0,20.0,11.7,8.1,14.8,6.6,28.7,9.5,6.7,6.5,30.2,24.6,77.4,14.8,10.4,38.1,11.1,2.9,6.4,29.3,2.6,10.2,3.9
31009,8.6,22.5,22.3,30.9,58.8,7.3,9.7,5.5,72.4,81.1,13.3,55.7,6.0,15.5,61.6,19.2,9.4,27.7,20.8,12.4,9.5,15.8,7.0,29.4,9.7,7.4,7.0,31.2,26.3,73.7,15.9,11.1,38.8,11.7,3.1,7.0,33.6,2.8,10.0,4.1
31011,9.8,22.4,23.1,29.4,58.7,7.2,9.1,5.5,72.7,80.9,13.2,54.5,6.0,15.5,61.7,18.4,9.4,26.2,21.1,12.7,9.4,15.5,7.0,29.5,10.0,7.3,7.0,29.4,26.8,72.2,15.2,10.9,33.4,11.6,3.1,7.0,30.2,2.9,11.7,4.2
31013,11.2,22.2,20.3,30.8,59.3,7.0,9.4,5.7,72.0,81.0,13.7,55.5,6.1,15.3,61.4,17.9,10.4,28.3,22.0,14.8,10.5,17.7,7.1,28.5,11.5,7.7,7.9,31.2,28.7,74.1,15.6,11.8,39.0,12.5,3.4,7.8,31.6,3.0,14.7,4.7
31015,9.3,22.5,22.6,31.6,59.8,7.3,9.4,5.8,73.0,80.4,13.5,55.8,6.4,16.3,61.9,18.2,10.0,28.8,21.2,13.5,10.2,16.5,7.3,28.3,10.3,7.6,7.4,30.8,26.9,72.6,15.8,11.7,38.7,12.1,3.3,7.4,30.9,3.0,12.1,4.4
31017,10.7,22.6,22.1,31.4,58.7,7.3,9.5,5.7,72.2,80.6,13.7,55.3,6.4,15.7,63.7,18.6,9.9,27.8,21.5,14.2,10.4,16.8,7.1,28.7,10.9,7.7,7.6,29.9,26.8,72.1,15.8,11.7,41.0,12.3,3.4,7.6,33.1,3.0,13.4,4.6
31019,9.4,21.9,21.9,31.1,59.3,7.3,9.3,5.3,74.1,82.1,12.3,53.5,5.5,13.3,57.9,18.3,9.1,25.1,20.8,12.3,8.5,15.2,6.6,28.9,9.6,6.8,6.7,29.1,23.7,73.5,14.9,10.3,38.9,11.5,3.0,6.7,33.8,2.7,9.6,4.0
31021,9.3,21.4,22.2,31.8,59.5,7.3,9.4,5.6,72.9,80.7,13.4,55.7,6.1,16.0,62.5,18.9,9.7,28.1,21.2,13.4,10.0,16.0,7.2,28.3,10.4,7.5,7.3,31.6,26.7,75.0,15.8,11.3,40.6,11.8,3.2,7.3,34.1,2.9,14.0,4.3
31023,9.4,21.3,23.8,28.8,58.2,7.2,9.3,5.2,72.7,81.5,12.5,55.1,5.6,14.5,65.1,17.4,8.8,25.1,20.8,11.6,8.0,15.3,6.6,27.6,9.4,6.7,6.5,30.0,25.6,70.5,15.0,10.1,38.6,11.1,2.8,6.3,31.5,2.7,16.1,3.9
31025,8.1,21.0,22.9,29.2,59.2,7.4,9.2,5.0,75.0,82.6,11.8,59.8,5.1,13.0,65.4,19.1,8.6,24.9,19.9,10.1,7.0,13.4,6.5,27.5,8.5,6.2,5.9,29.0,23.8,74.5,14.6,9.7,39.6,10.7,2.6,5.8,29.6,2.5,12.0,3.5
31027,8.1,20.9,22.8,28.3,59.2,7.3,9.1,5.1,71.8,81.6,12.1,55.1,5.3,13.2,64.7,17.4,8.4,25.5,20.1,10.4,7.2,14.0,6.7,27.1,8.6,6.4,6.0,29.4,23.3,78.8,14.8,9.8,40.5,10.5,2.7,5.9,30.1,2.6,11.4,3.6
31029,11.9,21.6,21.8,29.4,58.7,7.2,9.2,5.5,72.0,81.0,13.2,50.1,5.9,14.5,59.8,17.7,9.7,27.6,21.0,14.0,9.7,16.3,7.1,29.0,10.9,7.3,7.4,30.5,27.7,74.0,14.9,11.3,37.3,11.7,3.3,7.3,31.9,2.9,14.6,4.6
31031,9.0,22.5,21.6,30.5,58.9,7.3,9.7,5.8,72.0,80.7,13.5,52.5,6.3,15.9,56.0,18.5,10.1,28.8,21.8,13.5,10.3,16.5,7.4,28.5,10.5,7.7,7.7,30.2,26.3,72.4,15.8,11.6,40.9,12.2,3.3,7.7,34.7,3.0,12.5,4.5
31033,10.2,21.9,21.6,30.8,59.5,7.2,9.5,5.7,72.3,80.5,13.6,55.5,6.3,15.6,61.2,18.4,9.9,28.3,21.6,13.9,10.3,16.6,7.2,28.3,10.7,7.6,7.5,31.1,27.9,71.9,15.8,11.7,34.8,12.2,3.4,7.6,35.4,3.0,11.6,4.5
31035,10.1,21.7,22.4,29.6,58.8,7.2,9.3,5.4,73.1,81.3,13.0,52.1,5.7,15.2,60.6,17.9,9.3,27.1,20.6,12.6,9.0,15.8,6.9,29.1,10.1,7.0,6.9,30.2,25.9,73.9,15.1,10.8,40.1,11.6,3.0,6.9,31.3,2.8,10.9,4.1
31037,20.7,19.6,19.8,29.6,59.3,6.1,8.4,5.8,70.8,79.8,14.1,51.8,5.8,14.5,55.8,14.3,11.9,29.3,24.7,19.8,12.6,20.2,7.3,29.4,15.6,7.7,9.6,31.8,31.8,74.7,14.0,13.0,39.0,12.7,3.9,9.2,33.7,3.1,19.3,6.0
31039,10.8,21.5,22.7,30.9,59.0,7.2,9.1,5.4,73.2,81.4,13.0,53.7,5.7,14.2,61.4,18.0,9.5,27.7,21.3,13.3,9.2,16.0,6.8,29.5,10.6,7.2,7.0,31.8,26.5,76.9,15.1,11.3,41.2,11.6,3.1,6.9,31.0,2.8,7.6,4.3
31041,8.7,21.6,22.6,30.9,59.3,7.3,9.4,5.4,72.9,81.2,12.9,54.7,5.8,14.7,61.0,18.0,9.3,25.8,20.7,11.8,8.7,14.6,6.9,27.2,9.6,7.1,6.7,31.1,26.0,69.5,15.3,10.4,40.2,11.2,3.0,6.7,33.3,2.8,10.4,4.0
31043,17.9,19.9,18.9,30.0,59.5,6.0,8.8,5.7,73.8,80.4,13.9,52.8,5.8,14.9,55.3,16.0,11.9,31.0,27.0,19.9,13.0,20.0,7.3,29.9,15.5,7.6,9.5,33.3,32.7,71.5,14.6,13.1,44.6,12.3,3.8,9.4,34.7,3.1,16.4,5.9
31045,8.2,22.4,22.0,30.3,59.1,7.4,9.5,5.4,72.8,81.8,12.5,52.2,5.7,14.4,62.1,18.8,9.6,28.0,20.2,12.2,9.1,15.7,6.9,27.7,9.8,7.1,7.0,29.7,25.5,71.4,15.3,11.0,38.3,11.5,3.1,7.1,34.8,2.8,10.6,4.1
31047,18.5,20.9,19.5,31.8,60.1,6.2,8.8,5.9,71.3,79.9,14.0,52.3,6.0,15.3,56.3,15.8,11.9,29.3,24.7,19.9,13.1,20.3,7.3,27.9,15.3,7.9,9.5,32.5,32.0,74.8,14.4,12.8,41.4,12.7,3.9,9.3,33.1,3.1,13.2,5.9
31049,10.2,22.1,22.5,30.9,58.8,7.3,9.6,5.6,73.1,81.3,13.4,55.1,6.0,15.0,63.0,19.1,9.7,28.0,20.8,13.5,9.8,16.2,7.1,29.0,10.5,7.3,7.3,30.8,26.3,74.7,15.7,11.4,39.8,12.0,3.2,7.3,31.9,2.9,10.8,4.3
31051,12.7,21.2,20.4,29.8,59.0,7.1,9.2,5.8,71.9,80.1,13.8,50.6,6.2,16.0,59.8,17.1,10.1,27.7,22.0,15.2,10.8,17.7,7.3,28.4,11.6,7.7,7.9,31.5,29.2,76.2,15.2,12.0,43.6,12.2,3.5,7.7,32.8,3.0,16.8,4.8
31053,12.8,22.7,21.9,29.7,58.9,6.9,9.1,5.5,72.9,80.6,13.3,55.3,6.0,15.6,60.9,17.3,10.0,26.8,21.4,14.6,10.3,17.2,7.0,28.6,11.2,7.5,7.7,30.5,27.2,74.2,14.7,11.6,40.3,12.1,3.3,7.5,31.6,2.9,11.3,4.6
31055,10.4,20.4,20.7,29.4,58.7,6.9,8.7,5.0,74.9,83.5,12.4,58.2,5.2,13.5,63.9,18.9,9.3,25.7,21.4,13.3,9.2,15.5,5.8,29.4,10.9,6.5,7.2,29.1,21.9,73.2,14.8,10.5,36.9,10.8,3.0,7.3,32.2,2.8,14.7,4.3
31057,9.9,22.6,21.6,31.1,59.4,7.3,9.6,5.6,73.5,81.1,13.4,52.5,6.1,15.2,61.0,18.8,9.9,28.0,20.7,13.6,10.0,16.5,7.1,29.3,10.7,7.5,7.5,30.7,26.6,74.0,15.7,11.7,37.4,12.1,3.3,7.6,34.1,2.9,12.7,4.5
31059,8.8,21.3,22.7,29.4,58.6,7.3,9.4,5.2,74.0,81.6,12.5,60.4,5.6,14.4,63.9,18.1,9.2,25.8,20.5,11.3,8.0,15.0,6.7,29.3,9.2,6.8,6.4,30.6,26.2,75.3,15.0,10.4,42.0,11.3,2.8,6.3,31.8,2.7,9.5,3.8
31061,9.5,23.7,22.0,32.3,58.9,7.4,9.7,6.0,73.0,80.3,14.2,53.4,6.8,16.9,60.4,19.9,10.1,29.8,20.8,14.2,11.3,17.5,7.5,29.3,10.8,8.1,7.8,31.6,27.6,72.7,16.5,12.3,39.7,12.6,3.5,7.9,33.8,3.1,16.3,4.7
31063,8.7,21.6,22.4,29.6,59.0,7.4,9.5,5.3,73.1,81.5,12.8,56.1,5.8,14.4,61.3,18.2,9.0,26.1,20.4,11.7,8.5,15.2,6.8,27.9,9.4,7.0,6.6,29.9,24.7,75.4,15.4,10.7,38.7,11.5,3.0,6.6,32.4,2.8,6.5,4.0
31065,10.1,23.7,22.7,31.3,58.9,7.3,9.6,5.8,73.2,80.6,13.7,57.7,6.4,15.9,59.9,18.8,9.9,28.5,20.9,14.1,10.3,16.7,7.2,28.8,10.5,7.7,7.4,30.7,26.6,73.8,15.8,12.0,44.9,12.1,3.4,7.4,31.9,3.0,13.7,4.5
31067,9.5,22.8,24.3,32.7,58.9,7.2,9.6,5.6,74.4,80.7,13.8,56.8,6.4,16.2,59.5,19.0,9.7,28.1,20.1,12.9,10.0,16.5,7.1,30.6,9.9,7.5,7.2,30.5,26.5,67.7,16.1,11.6,41.8,12.4,3.2,7.0,31.3,2.9,12.1,4.3
31069,10.3,23.3,21.4,32.6,59.5,7.3,9.7,6.1,72.8,80.3,14.2,52.9,6.9,16.8,55.4,19.3,10.5,29.6,21.1,15.1,12.1,17.9,7.5,29.0,11.4,8.3,8.2,30.2,28.9,69.0,16.3,12.7,40.6,12.8,3.7,8.3,33.9,3.2,8.5,5.0
31071,7.7,21.3,24.3,28.7,58.7,7.5,9.3,5.1,73.0,82.0,12.0,56.6,5.4,13.6,67.3,18.3,8.6,25.2,19.5,10.4,7.5,14.0,6.6,28.4,8.4,6.6,6.1,29.8,23.7,78.0,14.9,10.0,39.7,10.8,2.8,6.0,30.8,2.6,6.5,3.6
31073,8.8,21.0,22.4,29.3,58.7,7.3,9.2,5.3,73.2,82.2,12.2,58.2,5.4,13.5,63.0,18.1,9.0,25.3,20.4,11.4,8.0,14.5,6.7,28.5,9.4,6.6,6.5,29.9,24.1,73.2,14.9,10.1,38.3,11.0,2.8,6.4,32.0,2.7,11.6,3.8
31075,7.8,21.8,22.8,29.5,58.2,7.5,9.3,5.2,72.8,82.0,12.3,56.8,5.5,13.8,67.4,18.7,8.8,25.5,20.2,10.5,7.5,14.2,6.7,28.2,8.5,6.7,6.2,29.7,23.5,72.9,15.0,10.2,36.6,11.0,2.8,6.0,30.4,2.7,7.8,3.7
31077,9.5,21.1,22.4,29.8,58.2,7.3,9.3,5.5,71.7,80.8,13.2,52.0,6.1,15.2,61.9,18.2,9.3,26.5,21.4,12.5,9.2,15.7,7.0,28.4,10.0,7.3,6.9,30.3,26.0,75.7,15.6,11.0,35.3,11.7,3.1,6.9,33.8,2.9,11.8,4.1
31079,16.6,22.4,20.3,30.0,59.3,6.7,8.8,5.8,72.4,80.6,13.5,49.9,6.1,14.7,59.5,16.8,10.7,31.0,22.2,18.2,12.3,19.6,7.5,29.4,13.3,7.9,8.7,30.4,30.5,69.6,14.6,12.3,41.4,12.5,3.6,8.5,34.8,3.0,13.1,5.5
31081,7.9,22.3,22.7,28.7,59.0,7.4,9.3,5.1,74.1,82.6,11.9,55.7,5.1,12.9,67.0,18.0,8.3,25.9,20.0,10.2,6.9,13.6,6.4,29.2,8.4,6.3,5.9,29.5,23.0,73.4,14.8,10.0,40.8,10.6,2.6,5.8,34.7,2.5,7.0,3.5
31083,9.0,21.6,22.7,29.8,58.4,7.3,9.4,5.4,72.7,81.2,13.1,57.7,5.7,14.7,64.9,18.6,9.0,27.7,21.5,11.8,8.5,15.2,6.9,29.0,9.5,7.0,6.7,31.2,26.4,75.7,15.6,10.8,35.5,11.5,3.0,6.4,32.5,2.7,7.9,3.9
31085,10.4,22.1,21.7,30.4,59.1,7.2,9.3,5.7,72.6,80.8,13.4,54.5,6.1,15.4,59.6,18.8,9.9,27.8,21.4,13.6,9.8,16.7,7.2,28.6,10.7,7.4,7.3,31.3,28.0,73.6,15.7,11.4,41.8,12.1,3.2,7.4,32.6,2.9,15.3,4.4
31087,9.5,21.6,22.1,31.5,59.3,7.3,9.6,5.7,72.7,80.7,13.5,56.3,6.3,15.8,58.3,19.0,9.7,27.8,21.2,13.4,10.0,16.2,7.2,29.1,10.4,7.6,7.4,31.1,27.0,72.6,16.0,11.6,42.1,12.1,3.3,7.4,32.8,3.0,10.4,4.4
31089,9.9,22.3,22.6,29.0,59.0,7.3,9.4,5.6,72.7,80.7,13.1,58.5,6.1,15.0,62.4,17.6,9.6,27.7,20.6,12.8,9.6,16.1,7.1,28.1,9.9,7.3,7.1,29.3,27.1,76.5,15.3,11.4,38.7,11.8,3.2,7.0,33.8,2.9,11.9,4.3
31091,8.8,22.7,22.3,30.6,59.1,7.3,9.6,5.5,72.8,81.0,13.4,56.3,6.2,15.6,61.8,19.2,9.4,27.6,21.0,12.5,9.5,15.9,7.0,29.2,9.7,7.4,6.9,31.0,26.0,74.0,16.0,11.3,40.3,11.9,3.1,6.9,33.3,2.9,12.9,4.1
31093,8.3,22.0,23.3,30.6,58.3,7.4,9.3,5.1,73.5,81.7,12.2,55.4,5.5,14.3,64.7,18.1,8.7,25.3,20.5,10.9,7.6,14.3,6.5,28.3,8.8,6.6,6.2,30.8,25.4,75.3,15.1,10.2,38.7,11.2,2.7,6.1,30.7,2.7,12.0,3.7
31095,9.4,22.7,21.7,29.5,58.5,7.2,9.4,5.4,72.8,81.1,13.2,56.1,5.8,15.3,61.0,19.5,9.8,27.9,22.6,12.6,9.0,16.1,6.8,28.3,9.8,7.2,6.9,32.9,26.9,72.7,15.7,11.3,37.6,11.7,3.0,6.7,32.3,2.8,11.4,4.1
31097,12.6,21.0,23.7,31.0,59.5,6.8,8.5,5.7,70.9,80.0,13.1,55.5,5.9,15.7,62.0,16.1,10.1,27.9,24.1,14.5,9.8,17.2,7.2,29.2,11.5,7.0,7.7,30.5,29.1,68.9,14.4,11.5,38.1,11.8,3.3,7.6,32.7,3.0,13.4,4.6
31099,8.2,20.8,22.6,27.6,58.0,7.4,9.2,4.9,73.3,82.8,11.6,56.9,5.0,12.8,62.3,17.9,8.5,24.5,19.7,9.9,6.7,13.5,6.3,27.5,8.4,6.1,5.8,29.2,23.1,72.6,14.2,9.5,38.4,10.4,2.6,5.7,31.0,2.5,6.3,3.5
31101,10.3,20.6,22.0,29.1,57.7,7.2,9.3,5.4,71.0,81.2,13.1,55.5,5.8,14.8,62.1,17.4,9.3,27.1,21.6,12.7,9.1,16.2,6.9,27.9,10.3,7.1,7.0,30.5,28.1,68.2,15.2,11.0,35.7,12.0,3.1,6.9,29.8,2.8,9.5,4.2
31103,9.4,22.3,22.1,30.7,59.1,7.4,9.3,5.8,72.4,80.5,13.2,52.0,6.3,15.7,62.8,18.5,9.7,27.8,20.6,12.9,9.7,16.1,7.3,28.9,10.0,7.4,7.2,29.9,26.4,71.8,15.5,11.4,38.0,11.9,3.2,7.2,30.9,2.9,14.3,4.3
31105,12.7,23.3,21.1,31.3,58.9,7.0,9.7,6.1,72.1,79.4,15.1,50.0,7.1,17.9,54.8,19.2,10.9,31.7,22.9,17.1,12.8,19.4,7.7,29.6,12.6,8.6,8.9,31.8,30.9,69.8,16.4,13.4,42.5,13.4,3.8,8.6,34.3,3.3,15.9,5.3
31107,9.6,23.3,21.6,30.3,59.9,7.3,9.8,5.8,73.1,80.2,14.2,55.5,6.7,17.2,60.1,18.7,10.3,29.7,21.7,15.3,11.7,17.1,7.5,29.2,11.4,8.2,8.4,31.4,27.2,72.5,16.4,12.3,40.4,12.6,3.5,8.3,33.1,3.1,18.9,4.8
31109,8.8,22.1,21.1,29.8,60.3,7.3,9.2,5.2,75.4,83.1,11.7,58.1,5.3,12.6,67.4,20.5,9.4,25.2,20.7,11.5,8.5,14.9,6.5,28.8,9.5,6.8,6.5,30.1,20.5,77.2,14.6,10.3,35.7,10.3,2.9,6.6,30.3,2.7,14.2,3.9
31111,10.6,22.5,21.7,31.5,59.0,7.2,9.9,5.9,72.6,80.7,14.1,53.7,6.5,15.5,57.1,20.1,10.2,29.7,22.3,14.5,10.6,17.2,7.3,28.8,10.9,7.7,7.8,30.7,27.5,71.0,16.0,12.0,40.1,12.4,3.5,7.8,37.2,3.1,9.4,4.7
31113,7.8,21.2,22.8,29.5,58.5,7.4,9.2,5.0,73.2,82.6,11.9,58.8,5.1,13.2,66.5,18.2,8.4,24.5,19.9,10.0,6.8,13.5,6.4,27.6,8.5,6.3,5.9,29.5,23.7,76.1,14.7,9.7,36.2,10.6,2.6,5.8,31.8,2.6,4.7,3.5
31115,7.6,21.5,23.6,29.3,58.9,7.4,9.1,5.3,73.4,82.1,12.0,55.0,5.4,13.6,64.5,18.0,8.9,24.9,19.8,10.6,7.8,14.1,6.7,28.0,8.8,6.5,6.2,29.1,23.9,71.2,14.9,10.1,36.7,10.8,2.8,6.3,32.1,2.7,13.7,3.7
31117,7.6,22.5,22.3,30.0,59.2,7.6,9.6,5.5,74.0,82.0,12.7,55.0,5.8,14.4,58.7,19.1,9.2,27.0,19.6,11.5,8.7,14.9,6.9,28.7,9.1,7.1,6.6,29.8,25.3,71.6,15.5,10.7,39.3,11.4,3.0,6.7,33.4,2.8,11.6,3.9
31119,11.1,21.0,20.6,31.4,60.1,7.2,9.4,5.4,72.9,81.7,13.0,55.0,5.8,14.9,61.1,16.8,10.2,26.4,20.9,14.3,9.7,16.4,6.9,30.6,10.7,7.1,7.4,30.5,26.8,72.0,14.8,11.2,40.4,11.5,3.2,7.3,33.0,2.8,15.6,4.5
31121,9.9,22.6,22.4,29.9,58.5,7.3,9.3,5.4,72.6,81.1,13.2,53.9,5.9,15.4,64.4,19.1,9.2,27.4,21.9,12.6,8.9,16.0,6.9,28.0,10.1,7.2,6.9,31.3,26.9,75.6,15.8,10.9,39.2,11.9,3.1,6.8,31.6,2.8,14.4,4.1
31123,12.5,22.7,21.0,30.5,59.4,7.1,9.3,5.9,72.4,79.9,14.2,52.3,6.6,16.5,63.1,18.4,10.4,30.2,22.3,16.4,11.7,18.3,7.4,28.7,12.2,8.0,8.3,32.0,30.0,72.5,15.6,12.4,41.9,12.6,3.6,8.2,32.9,3.1,14.0,5.1
31125,9.4,22.8,22.8,31.1,58.8,7.3,9.6,5.8,72.8,80.2,13.9,53.9,6.7,16.7,61.1,19.0,9.8,28.1,21.9,14.0,10.9,17.0,7.2,29.0,10.5,8.0,7.6,30.7,26.8,72.7,16.3,11.9,40.7,12.3,3.5,7.6,32.7,3.1,11.6,4.6
31127,9.5,22.1,21.3,29.7,59.5,7.3,9.7,5.8,72.9,80.4,13.6,55.1,6.5,15.8,60.5,19.3,9.9,27.8,20.7,13.6,10.6,16.9,7.2,28.1,10.5,7.8,7.5,31.6,28.6,68.4,15.9,11.9,41.8,12.1,3.4,7.5,32.8,3.0,17.7,4.5
31129,9.0,22.2,21.9,30.6,58.2,7.4,9.3,5.3,73.4,81.6,12.6,55.9,5.8,14.5,65.2,18.8,9.0,25.5,21.2,11.8,8.3,15.3,6.7,28.6,9.3,6.9,6.5,30.5,24.9,72.1,15.2,10.7,42.4,11.4,2.9,6.3,30.0,2.7,10.5,3.9
31131,9.5,21.8,22.2,30.8,57.9,7.3,9.3,5.2,74.3,82.0,12.8,55.7,5.5,13.7,63.3,18.8,9.4,27.1,22.1,12.0,8.2,15.7,6.5,30.0,9.6,6.7,6.6,31.2,25.6,76.3,15.1,10.9,40.7,11.5,2.8,6.3,30.0,2.6,10.2,3.9
31133,10.3,22.8,21.6,31.7,59.1,7.3,9.9,5.9,71.9,79.3,14.7,50.1,7.0,17.2,59.3,19.3,9.9,30.2,21.7,15.1,12.0,18.3,7.5,28.1,11.1,8.4,8.1,32.2,29.5,74.2,16.6,12.9,38.4,12.9,3.6,8.0,33.2,3.1,18.1,4.8
31135,9.4,21.6,23.1,29.8,58.1,7.4,9.3,5.3,73.1,81.5,12.6,56.1,5.7,14.3,60.3,18.3,9.0,26.5,20.6,11.8,8.1,15.1,6.8,28.1,9.3,6.8,6.6,30.6,24.6,72.2,15.1,10.6,40.7,11.3,2.9,6.4,33.1,2.7,12.6,3.9
31137,9.8,22.5,21.6,30.1,58.9,7.4,9.4,5.4,72.5,81.2,13.2,55.3,6.0,15.2,64.1,19.1,9.4,28.2,20.8,12.7,9.3,16.0,7.0,27.9,9.9,7.3,7.0,30.2,25.5,68.4,15.5,11.3,39.1,11.9,3.1,7.0,33.0,2.8,14.5,4.3
31139,8.3,21.7,22.4,28.8,58.6,7.3,9.3,5.2,73.0,81.8,12.3,56.5,5.5,14.3,64.9,18.3,8.6,25.1,20.7,10.8,7.5,14.6,6.7,29.3,8.8,6.6,6.2,30.5,25.1,75.2,15.2,10.1,39.2,11.1,2.8,6.1,29.7,2.7,10.3,3.6
31141,13.0,21.2,21.1,30.4,58.5,6.9,8.7,5.3,74.0,82.0,12.6,58.6,5.5,13.8,59.6,16.4,10.0,26.9,22.0,13.9,9.5,15.9,6.7,29.6,10.8,7.0,7.2,28.9,26.1,77.7,14.4,10.9,42.1,11.5,3.1,7.1,29.4,2.8,9.3,4.5
31143,9.8,22.2,22.9,29.6,58.3,7.3,9.2,5.2,70.6,81.4,12.7,56.0,5.5,14.2,59.7,18.0,8.9,26.4,21.5,11.5,7.8,14.9,6.7,27.7,9.5,6.8,6.5,30.5,26.1,72.2,15.2,10.4,40.6,11.2,2.8,6.2,31.5,2.7,12.0,3.8
31145,9.4,23.1,21.0,32.7,58.7,7.3,9.6,5.6,73.0,80.9,13.5,58.4,6.1,15.0,65.8,20.6,9.6,29.6,20.9,13.4,9.7,16.4,7.0,29.6,10.3,7.6,7.2,29.8,27.8,73.7,15.7,11.8,42.5,12.1,3.2,7.2,32.1,2.9,17.0,4.3
31147,9.5,23.2,21.5,32.6,59.1,7.2,9.6,5.6,71.6,80.4,13.8,53.6,6.3,16.6,56.6,19.5,10.2,28.3,21.8,13.3,9.9,16.9,7.1,28.3,10.3,7.7,7.4,31.9,28.7,70.1,15.9,11.6,45.6,12.2,3.2,7.2,31.3,2.9,9.5,4.4
31149,8.4,21.7,22.7,29.1,58.7,7.5,9.4,5.2,73.2,81.7,12.5,56.8,5.6,14.3,62.2,18.6,8.8,25.8,20.3,11.4,8.2,14.9,6.6,28.4,9.0,6.9,6.4,30.0,24.9,72.5,15.1,10.5,39.1,11.3,2.9,6.3,33.9,2.7,11.9,3.8
31151,15.2,21.5,22.3,29.3,58.7,6.7,8.8,5.5,71.9,80.7,13.4,53.4,5.8,14.5,58.1,17.3,10.5,29.0,22.9,16.5,10.7,18.5,7.1,29.8,13.1,7.4,8.1,32.5,28.7,69.9,14.8,12.2,41.2,12.1,3.4,7.9,36.3,2.9,13.0,5.0
31153,8.0,20.4,18.7,29.2,59.4,7.1,8.6,4.5,76.1,84.3,10.7,60.4,4.4,11.0,69.3,17.5,8.9,23.3,18.2,9.5,6.0,13.1,5.9,29.5,8.0,5.7,5.5,28.6,21.2,78.0,13.6,9.1,35.6,9.8,2.4,5.5,33.7,2.4,7.8,3.3
31155,7.7,21.5,24.0,29.6,58.1,7.4,9.0,4.9,73.0,82.2,11.6,60.3,5.0,12.9,67.7,17.4,8.4,23.9,19.8,9.8,6.6,13.1,6.3,28.6,8.1,6.2,5.7,29.0,22.1,73.2,14.2,9.3,38.9,10.3,2.5,5.6,29.4,2.5,9.4,3.4
31157,12.6,22.9,20.2,32.1,59.7,6.9,9.3,5.6,74.1,81.1,13.9,51.2,6.1,14.6,59.7,18.5,10.5,31.3,21.3,16.5,11.2,18.4,7.2,28.3,12.3,7.7,8.2,32.2,27.8,71.7,15.5,12.7,39.6,12.5,3.5,8.0,33.9,2.9,11.8,5.1
31159,7.9,22.0,22.6,29.1,57.8,7.4,9.2,5.0,72.2,82.1,11.9,59.5,5.2,13.6,68.2,19.1,8.3,25.7,19.9,10.0,6.9,13.7,6.5,28.4,8.3,6.2,5.9,28.4,23.2,69.8,14.6,9.7,35.6,10.7,2.6,5.8,28.8,2.6,14.0,3.5
31161,10.6,21.8,22.5,31.5,58.7,7.2,9.7,5.7,70.9,80.5,13.8,55.4,6.4,16.2,59.7,18.3,10.0,28.7,22.7,15.2,10.9,16.9,7.3,26.9,11.7,7.9,8.3,31.7,29.1,67.2,15.8,11.9,36.7,12.4,3.4,8.0,32.9,3.0,15.8,4.8
31163,9.8,22.3,21.2,30.5,58.7,7.2,9.5,5.7,72.4,80.2,13.9,55.2,6.4,16.1,58.6,18.7,9.7,28.5,21.2,13.7,10.3,16.9,7.2,29.2,10.5,7.7,7.4,30.4,26.9,75.7,16.0,11.8,41.9,12.1,3.3,7.4,33.4,3.0,10.1,4.4
31165,11.0,24.1,21.1,33.5,60.2,7.4,9.8,6.6,72.4,79.2,15.0,54.3,7.6,18.2,55.7,19.5,11.2,31.2,21.0,17.0,14.3,19.5,8.2,29.5,12.4,9.0,9.1,30.3,29.3,68.7,16.7,13.5,43.5,13.5,4.1,9.4,33.3,3.4,11.3,5.5
31167,9.2,21.2,23.7,28.1,58.2,7.3,9.3,5.2,72.3,81.9,12.3,55.1,5.4,14.0,64.0,17.7,8.9,24.8,20.6,11.2,7.6,14.7,6.6,29.0,9.2,6.6,6.3,30.1,25.6,73.5,14.9,10.1,39.8,11.1,2.8,6.2,30.1,2.7,12.8,3.7
31169,9.2,22.5,21.7,30.2,59.7,7.4,9.5,5.7,72.8,80.8,13.6,53.8,6.4,15.8,60.9,19.1,9.7,28.1,20.5,13.3,10.2,16.4,7.2,28.8,10.2,7.7,7.3,31.5,26.6,70.8,15.9,11.4,40.2,12.3,3.3,7.4,30.9,3.0,17.5,4.4
31171,8.4,21.2,22.6,28.3,57.9,7.4,9.2,4.8,73.1,82.5,11.8,56.9,5.1,12.9,66.5,18.2,8.3,24.9,20.6,10.4,6.9,13.8,6.2,28.1,8.7,6.3,6.0,30.3,23.5,74.1,14.6,9.7,37.2,10.7,2.6,5.8,30.9,2.5,14.9,3.5
31173,11.1,22.9,20.2,35.5,61.4,6.8,11.3,6.6,74.6,79.2,16.1,50.8,7.5,21.9,51.8,18.2,13.1,35.6,25.7,23.8,17.7,22.7,9.1,28.0,16.9,10.1,13.0,33.5,30.2,70.9,17.8,15.1,46.3,14.6,4.3,12.9,36.4,3.8,14.7,6.9
31175,9.1,22.7,22.2,30.3,59.2,7.4,9.5,5.6,72.5,81.0,13.2,55.4,6.1,14.9,64.6,18.3,9.5,27.4,20.4,13.0,9.9,16.2,7.1,28.3,9.9,7.4,7.1,31.4,25.9,74.2,15.4,11.4,42.2,11.9,3.2,7.1,31.1,2.9,9.3,4.2
31177,7.4,21.8,23.7,28.8,58.5,7.6,9.0,4.8,74.3,83.0,11.4,59.7,4.9,12.3,69.6,18.7,8.5,24.2,18.5,9.5,6.5,13.0,6.1,29.6,7.8,6.0,5.6,28.5,21.7,74.3,14.2,9.5,40.8,10.4,2.5,5.4,27.6,2.5,8.9,3.3
31179,9.6,21.9,23.4,29.9,59.7,7.2,9.2,5.5,74.1,81.7,12.9,57.2,5.8,14.3,65.4,18.1,10.0,26.8,20.4,12.7,9.4,15.5,6.9,28.4,10.4,7.1,7.1,31.0,26.3,70.0,15.3,10.8,41.0,11.5,3.2,7.2,34.2,2.9,12.1,4.3
31181,9.4,23.2,21.7,30.5,58.7,7.4,9.5,5.5,72.1,81.5,13.0,55.6,6.0,15.1,60.0,18.9,9.8,27.9,20.8,12.8,9.4,16.0,6.9,29.7,10.2,7.3,7.1,29.7,25.0,73.0,15.4,11.3,39.1,11.8,3.1,7.1,33.7,2.8,17.1,4.2
31183,8.0,21.3,22.8,29.9,58.6,7.5,9.1,5.2,73.3,82.1,12.0,54.0,5.3,13.5,61.6,17.9,8.9,25.5,20.2,10.4,7.3,14.0,6.7,28.6,8.6,6.4,6.1,29.4,23.5,72.9,14.5,9.9,38.3,10.7,2.7,6.0,32.2,2.6,10.5,3.6
31185,9.5,21.7,22.1,29.6,58.0,7.2,9.5,5.4,71.5,81.4,12.9,57.5,5.8,15.0,69.1,18.2,9.3,27.3,20.9,12.8,9.1,15.8,6.9,28.9,10.1,7.2,6.9,31.2,25.6,75.0,15.5,11.1,41.8,11.5,3.1,6.9,30.6,2.8,8.5,4.1
32001,11.7,25.2,17.4,31.1,53.0,7.2,11.3,5.8,69.2,82.1,17.1,55.4,6.9,16.4,58.1,22.8,9.8,33.4,26.2,16.2,13.8,20.9,7.4,33.9,13.8,8.7,9.5,36.1,25.2,74.1,20.1,13.2,37.9,14.6,3.6,9.2,36.2,3.1,15.8,5.1
32003,15.7,21.6,16.0,32.0,53.7,6.1,10.1,5.5,72.3,83.5,16.3,52.7,6.3,14.8,56.8,20.6,11.1,33.2,28.6,19.6,16.5,21.8,6.5,33.9,17.5,8.7,10.9,37.8,26.5,68.1,19.4,14.2,31.2,14.3,3.9,10.8,41.4,3.1,11.3,5.9
32005,9.7,22.9,18.7,27.2,51.8,7.6,10.3,5.0,71.2,84.1,14.4,59.5,5.5,12.6,67.2,21.2,8.1,28.4,23.0,11.8,9.3,16.5,6.4,31.7,10.8,7.0,7.3,33.5,18.8,72.9,17.7,10.9,27.3,12.5,2.8,7.1,33.9,2.6,11.7,4.0
32007,14.2,23.8,18.1,30.8,53.6,7.0,10.6,5.9,70.4,81.9,17.4,53.4,6.9,16.9,59.4,21.6,10.4,34.4,25.0,17.5,14.8,21.7,7.5,32.6,14.9,9.0,10.1,34.0,25.6,67.8,19.1,13.8,37.6,14.7,3.9,9.6,37.8,3.2,18.4,5.6
32009,16.6,25.3,17.0,33.1,54.1,6.9,11.2,7.1,70.1,80.3,19.4,53.6,8.5,19.0,53.2,22.4,12.1,38.2,27.7,23.8,21.6,26.6,8.6,33.6,18.8,10.8,13.2,37.1,28.9,70.0,20.3,16.5,36.6,16.5,5.1,12.9,38.0,3.8,18.7,7.3
32011,13.3,27.0,17.3,34.4,54.9,7.3,11.5,7.5,70.2,79.5,20.2,54.5,9.7,21.3,57.4,25.0,12.3,38.9,25.7,22.7,23.5,26.3,9.0,34.1,17.2,11.5,12.7,35.8,29.4,68.8,21.9,17.0,37.7,17.1,5.2,13.1,37.1,4.0,18.0,7.2
32013,14.4,24.3,18.0,29.0,52.3,6.9,10.7,5.7,70.4,82.1,17.2,55.8,6.7,15.6,54.9,22.1,10.1,34.7,26.1,17.6,14.2,21.6,7.3,33.3,14.9,8.6,9.7,35.9,26.1,73.3,19.0,13.5,36.0,14.4,3.7,9.2,38.8,3.0,23.2,5.4
32015,14.5,24.6,18.3,32.0,53.1,7.0,11.0,6.4,69.4,81.0,18.3,51.3,7.8,17.8,58.3,23.5,11.1,35.6,26.2,19.7,17.7,23.4,7.9,32.6,16.1,9.8,10.9,36.5,27.4,70.3,20.2,14.9,34.9,15.5,4.3,10.8,38.2,3.4,20.4,6.2
32017,10.0,23.2,19.4,29.4,52.4,7.4,10.7,5.4,70.2,82.7,16.0,57.4,6.3,15.6,57.1,23.0,8.8,31.7,25.5,13.4,11.2,18.5,6.8,32.4,11.8,7.8,8.0,35.7,22.1,73.0,19.3,11.8,31.7,13.4,3.1,7.8,38.6,2.8,9.9,4.3
32019,13.0,22.4,18.0,31.6,52.4,7.2,10.9,5.7,70.0,82.0,16.9,57.1,6.8,16.0,58.2,22.4,9.8,33.6,25.7,16.5,13.4,21.3,7.1,32.6,13.9,8.6,9.5,36.2,25.9,67.3,19.4,13.6,35.0,14.5,3.6,9.1,37.8,3.0,17.3,5.1
32021,15.0,26.7,16.7,34.6,55.0,6.9,12.1,7.3,70.6,79.4,21.0,51.4,9.6,22.2,52.3,24.4,12.8,41.1,28.6,26.4,25.4,28.2,9.0,33.7,20.0,12.0,14.6,38.2,31.6,69.2,22.4,17.9,38.4,17.7,5.4,14.5,41.1,4.1,20.7,7.9
32023,14.4,25.2,17.2,31.9,52.0,7.1,11.4,6.3,68.3,81.3,18.8,49.3,7.8,18.6,53.3,23.1,10.9,36.3,27.8,20.2,18.0,24.6,7.7,34.2,16.8,9.8,11.2,39.2,29.1,71.3,21.1,15.0,40.1,15.9,4.3,10.8,38.6,3.4,17.5,6.1
32027,15.6,22.8,19.6,31.4,52.4,6.9,9.8,6.0,68.3,80.7,17.0,52.2,6.8,16.8,55.8,20.1,10.3,34.4,28.7,17.2,13.4,21.9,7.7,33.5,14.8,8.3,9.7,36.6,25.2,71.8,18.6,13.4,35.3,14.3,3.7,9.2,39.7,3.2,16.4,5.4
32029,9.6,22.7,20.1,27.5,51.3,7.4,10.7,4.9,71.3,84.3,14.7,58.0,5.5,12.8,62.7,22.3,8.2,28.6,24.1,11.6,8.9,16.5,6.3,32.7,10.7,7.0,7.2,34.1,19.6,73.0,18.0,10.6,31.8,12.3,2.8,6.7,35.9,2.6,8.7,3.8
32031,12.3,22.4,19.8,26.9,51.0,7.0,10.4,5.1,72.8,83.4,15.3,56.9,5.8,12.8,60.8,21.6,8.8,29.5,25.5,15.1,11.7,20.1,6.6,32.6,13.5,7.6,8.6,38.2,21.0,68.4,18.2,11.7,28.5,13.4,3.2,8.2,38.7,2.8,11.6,4.8
32033,13.8,24.4,18.1,31.1,53.2,7.1,10.8,6.1,69.6,81.1,18.0,55.1,7.4,17.8,56.4,22.5,10.2,35.2,26.8,18.0,15.7,22.6,7.7,32.8,15.0,9.2,10.3,36.2,25.3,72.5,20.1,14.0,34.4,15.0,4.0,9.9,38.3,3.3,17.5,5.6
32510,13.5,22.9,19.2,29.5,52.2,7.0,10.5,5.5,69.7,82.9,16.4,56.2,6.4,14.7,58.3,22.2,9.9,33.5,26.2,16.4,13.4,20.9,7.0,32.3,14.2,8.3,9.4,37.3,23.6,74.4,19.0,13.1,33.1,13.9,3.6,9.2,36.2,3.0,10.3,5.2
33001,7.2,23.7,18.9,28.1,53.3,8.0,10.4,4.9,73.4,85.3,13.5,58.7,5.7,12.4,64.0,24.9,7.7,25.4,21.2,10.2,7.5,14.3,6.1,28.7,9.1,6.7,6.3,32.1,18.9,73.4,17.3,9.7,30.1,11.4,2.7,6.1,35.5,2.6,8.1,3.6
33003,6.9,22.6,19.1,25.2,55.9,7.8,10.3,4.8,73.5,85.9,12.5,65.4,5.2,11.2,65.2,24.1,7.0,22.4,21.4,9.6,6.9,12.9,6.1,29.0,8.9,6.4,5.9,31.2,18.0,76.5,16.7,8.9,30.5,11.0,2.6,5.9,35.4,2.5,7.9,3.4
33005,7.4,24.2,18.1,27.9,54.5,8.0,10.7,4.9,71.2,85.0,13.8,60.5,5.7,12.4,64.4,25.0,7.5,26.5,22.8,10.6,7.8,14.5,6.3,27.3,9.4,6.9,6.6,31.2,19.5,76.6,17.3,9.8,30.2,11.6,2.8,6.4,34.6,2.6,10.7,3.7
33007,9.4,25.2,17.8,29.9,56.3,7.5,11.6,5.7,73.9,83.2,16.0,58.0,7.1,15.6,59.8,24.5,9.4,30.9,24.6,14.4,11.3,18.1,7.2,30.1,11.6,8.5,8.3,34.3,25.6,72.3,18.5,12.1,36.1,13.0,3.5,7.9,33.6,3.1,14.3,4.7
33009,7.1,23.4,17.3,27.0,54.6,7.8,10.5,4.8,71.6,85.3,12.8,61.4,5.3,11.4,67.8,24.9,7.5,23.7,21.5,10.2,7.4,13.2,6.0,28.8,9.0,6.4,6.4,32.1,18.7,76.8,16.3,9.2,26.5,10.7,2.7,6.2,32.7,2.5,7.6,3.6
33011,7.7,22.3,17.5,28.0,56.9,7.5,10.6,4.7,75.7,86.6,12.7,65.6,4.9,10.7,69.5,22.1,7.9,24.6,24.3,10.4,6.7,13.9,5.9,29.8,9.4,6.5,6.1,33.9,21.4,79.3,16.2,9.5,32.8,10.7,2.6,6.1,34.4,2.5,9.7,3.5
33013,7.1,23.4,16.9,27.5,54.6,7.7,11.0,4.7,76.9,86.4,13.0,61.5,5.3,10.9,68.8,24.6,7.4,25.4,22.0,9.9,7.3,13.5,6.0,28.0,9.1,6.6,6.1,30.3,18.8,80.8,16.7,9.9,33.2,10.8,2.6,6.0,33.0,2.5,10.0,3.5
33015,6.3,21.3,18.1,28.9,54.7,7.7,10.1,4.3,75.7,87.3,11.4,63.9,4.6,9.9,70.0,23.0,7.1,22.0,20.4,8.8,5.5,11.7,5.6,30.5,7.8,5.6,5.3,29.5,17.4,78.1,15.8,8.1,30.7,10.1,2.2,5.3,34.6,2.3,8.4,3.0
33017,7.0,24.2,17.4,29.3,53.7,7.7,10.7,4.7,75.8,85.7,12.7,60.6,5.5,11.3,65.2,26.6,7.8,24.8,23.1,10.5,7.5,13.9,6.2,31.5,9.4,6.5,6.2,34.4,19.1,79.2,17.9,9.4,33.3,10.8,2.6,6.3,32.0,2.5,10.0,3.5
33019,8.4,24.4,17.8,29.1,54.0,7.6,11.0,5.2,72.3,83.8,14.4,59.3,6.2,13.3,62.6,25.8,8.4,27.1,23.0,12.2,9.4,15.4,6.5,30.2,10.3,7.6,7.2,31.2,22.7,79.6,17.7,11.0,33.2,11.9,3.1,7.1,34.5,2.8,11.9,4.1
34001,12.6,20.3,16.5,31.0,59.9,6.2,9.5,5.2,77.4,86.7,13.8,57.1,5.3,13.2,62.1,17.1,10.3,26.6,25.7,17.4,11.1,18.4,5.4,35.3,15.0,7.7,9.3,34.0,26.7,74.1,17.2,11.3,30.9,12.7,3.5,8.9,39.1,3.0,12.7,5.1
34003,10.4,16.8,17.4,28.1,56.6,6.0,8.0,4.1,76.6,89.1,10.1,58.6,3.6,8.4,69.2,14.6,8.0,20.1,25.2,11.3,5.8,13.7,4.5,35.9,10.8,5.4,6.1,34.7,20.6,73.8,14.6,8.2,25.4,9.6,2.4,5.7,39.6,2.2,7.9,3.6
34005,8.7,21.2,17.7,29.7,57.7,6.6,9.3,4.4,77.6,88.2,11.7,62.5,4.4,11.0,68.3,16.3,8.7,23.4,23.2,12.0,7.2,14.8,4.8,34.7,11.4,6.1,7.2,30.2,22.5,80.6,16.1,9.0,30.0,11.4,2.7,7.0,34.7,2.5,9.0,3.7
34007,12.0,20.9,17.8,30.3,58.0,6.2,9.7,4.9,76.0,87.0,13.6,60.1,5.0,13.1,61.6,18.0,9.9,26.8,24.8,17.0,10.9,17.5,5.1,33.6,14.9,7.4,8.8,34.5,25.5,76.2,17.0,10.9,29.6,12.5,3.4,8.6,40.8,2.9,10.0,4.8
34009,9.2,20.7,19.9,29.0,57.4,7.2,9.7,4.8,75.4,87.0,12.6,62.8,5.0,12.5,64.9,19.5,8.0,23.6,22.3,11.7,7.2,15.0,5.2,35.7,10.8,6.6,6.7,30.2,20.4,73.8,17.0,9.6,33.9,11.8,2.8,6.4,34.6,2.6,9.2,3.7
34011,18.9,22.5,15.7,36.0,59.3,6.1,9.7,6.1,75.3,84.7,16.2,52.4,6.6,16.6,55.9,16.4,12.1,30.3,27.1,24.7,17.1,24.1,6.1,34.7,20.6,9.5,12.3,35.4,32.0,72.8,18.4,14.2,40.4,15.2,4.8,12.3,43.4,3.6,14.2,7.0
34013,14.9,18.8,15.5,29.8,62.0,5.3,9.8,5.1,76.2,87.2,13.3,58.6,5.1,12.3,62.9,15.7,11.0,25.5,28.1,21.5,14.4,19.5,4.9,35.1,18.8,7.8,10.9,35.7,28.4,78.7,16.5,11.4,29.4,12.4,4.0,11.0,40.4,3.3,16.2,5.9
34015,8.8,21.4,18.0,33.2,58.9,6.9,9.8,4.6,75.6,87.7,12.4,62.4,4.7,12.1,67.6,19.1,8.9,24.1,23.5,12.2,7.2,14.7,5.0,34.7,11.7,6.5,6.8,33.9,22.7,72.9,17.2,9.4,31.5,11.4,2.8,6.7,40.4,2.6,11.9,3.7
34017,14.5,16.9,16.1,29.2,56.6,5.1,8.4,4.8,76.2,87.4,12.2,52.4,4.2,10.4,59.9,14.0,10.8,25.5,25.1,18.2,10.1,18.7,5.0,35.5,14.5,6.6,8.8,32.2,28.1,70.3,14.5,11.4,27.8,12.5,3.4,8.1,38.9,2.7,7.7,5.4
34019,7.3,19.1,19.0,25.6,55.6,7.3,8.8,4.2,75.4,88.9,10.3,63.7,3.8,8.9,71.4,17.7,7.0,20.5,20.9,8.4,4.5,12.3,4.6,32.5,8.1,5.2,5.2,33.1,17.9,77.9,14.8,7.6,26.0,9.9,2.1,4.7,33.0,2.1,5.4,2.9
34021,11.9,18.0,15.2,28.4,57.1,6.0,8.9,4.7,77.1,87.9,11.8,59.6,4.4,10.7,64.9,15.1,9.8,22.0,26.0,15.8,9.1,16.7,4.7,33.3,14.3,6.5,8.1,33.1,23.9,72.9,15.2,9.7,25.5,11.2,3.1,8.0,37.0,2.7,11.4,4.5
34023,11.2,18.3,15.5,30.4,58.4,5.6,8.3,4.4,77.4,88.0,11.1,59.6,3.9,10.1,66.0,13.0,10.3,23.2,25.5,14.2,7.3,16.4,4.7,34.9,12.2,5.8,7.3,34.8,24.7,75.5,14.4,9.6,29.7,10.5,2.7,6.5,39.4,2.5,6.6,4.2
34025,8.3,19.4,18.3,27.7,57.4,6.9,8.9,4.4,76.4,88.5,10.8,61.5,4.0,9.8,68.7,15.1,7.8,20.6,19.8,9.8,5.8,13.0,4.7,33.6,9.3,5.5,5.8,29.3,18.4,77.9,14.9,7.9,30.3,9.9,2.4,5.7,34.7,2.3,6.5,3.3
34027,8.4,17.6,19.7,26.5,56.0,6.9,8.4,4.0,76.1,89.0,10.0,64.2,3.5,8.5,72.8,15.6,7.4,19.3,22.1,8.9,4.7,11.8,4.5,34.6,8.4,5.0,5.4,32.5,18.1,73.6,14.0,7.4,22.6,9.4,2.1,4.9,34.3,2.1,7.6,3.1
34029,10.1,23.0,17.3,28.4,57.8,7.0,9.4,4.9,74.0,86.4,12.8,58.1,5.3,14.0,64.8,17.3,8.8,24.4,22.7,13.1,8.1,15.8,5.4,35.4,11.5,7.0,7.4,31.0,23.8,74.2,16.8,10.0,30.3,12.5,3.0,7.1,38.3,2.7,9.6,4.1
34031,18.9,18.9,16.7,29.7,58.0,5.7,8.9,5.3,73.2,86.3,14.7,51.7,5.2,12.5,57.2,15.8,11.2,28.8,26.6,23.1,12.8,21.7,5.5,33.3,18.9,7.8,10.3,37.6,30.5,74.9,16.5,12.7,31.1,13.8,3.9,10.0,38.5,3.0,14.6,6.1
34033,11.6,22.1,18.0,32.3,58.2,6.8,10.1,5.4,75.6,85.6,14.6,57.8,5.9,14.8,65.0,19.4,9.7,27.8,25.0,16.6,11.2,18.5,5.7,33.7,14.4,8.1,8.9,35.4,26.5,73.9,18.3,11.5,33.8,13.1,3.6,8.9,42.0,3.1,9.3,4.9
34035,9.1,17.7,14.7,26.6,57.0,6.2,7.9,4.0,76.8,89.1,9.6,59.8,3.4,8.1,68.6,14.4,8.5,18.9,23.6,10.8,5.3,12.1,4.3,34.2,9.5,4.9,5.8,32.8,19.8,74.7,13.5,7.7,25.8,9.6,2.2,5.3,38.3,2.2,8.4,3.3
34037,8.9,19.5,19.0,28.3,55.2,7.1,9.5,4.6,75.4,87.5,11.7,60.9,4.4,11.1,69.7,19.0,7.6,21.6,21.4,10.3,5.8,13.9,5.0,33.4,9.9,5.9,6.1,33.1,20.1,78.0,16.1,8.3,26.5,10.8,2.5,5.7,36.4,2.4,7.5,3.4
34039,15.7,17.2,16.1,30.8,59.0,5.6,9.0,4.8,75.3,87.6,12.4,57.4,4.5,11.3,64.7,14.7,10.2,24.6,27.4,17.7,10.0,17.9,4.9,33.7,16.1,6.9,8.9,34.5,24.8,76.1,15.7,10.3,29.4,12.0,3.4,8.7,39.7,2.8,11.9,5.1
34041,9.8,21.3,18.4,29.1,58.7,7.2,9.3,4.7,74.8,87.4,12.4,60.7,4.7,11.7,67.9,18.7,8.0,23.2,23.6,12.3,7.1,15.3,5.1,33.5,11.4,6.4,6.9,34.4,23.6,76.7,16.7,9.3,32.3,11.5,2.7,6.5,37.5,2.5,8.6,3.8
35001,14.3,21.8,14.9,30.4,51.1,6.0,9.8,5.4,65.5,83.1,14.6,53.6,4.9,12.2,64.5,25.2,10.2,29.4,24.0,18.8,14.4,21.0,6.5,31.2,16.2,8.1,10.0,34.7,22.5,72.4,16.5,12.0,33.2,13.6,3.8,10.6,30.8,2.9,11.1,5.8
35003,11.7,23.7,16.6,31.3,54.2,6.8,10.5,6.4,65.8,80.6,16.9,50.2,6.9,16.3,54.7,25.7,10.6,32.2,23.4,19.1,17.6,21.5,7.7,29.7,15.4,9.6,10.5,34.1,23.2,62.4,18.7,13.5,32.2,14.8,4.3,11.6,36.3,3.4,20.3,6.0
35005,20.7,23.8,15.1,34.3,54.5,5.8,9.9,6.5,67.5,80.2,18.5,48.4,6.5,15.5,55.4,24.2,12.9,37.5,26.1,26.3,22.0,27.2,7.8,31.0,21.1,10.5,13.2,34.9,30.4,70.9,18.0,16.2,40.3,16.4,5.3,14.1,36.4,3.5,13.9,8.1
35006,16.4,24.1,14.8,33.5,54.6,5.7,11.6,7.0,66.3,79.2,19.4,48.6,7.3,19.7,53.8,24.0,14.6,38.5,28.6,29.6,24.9,27.8,9.1,29.1,22.5,11.8,16.1,36.1,28.7,68.2,19.6,17.2,39.2,17.3,5.5,16.6,40.8,4.1,20.8,9.0
35007,16.9,22.1,16.0,30.4,53.7,6.1,9.5,6.0,66.1,81.1,16.3,51.5,5.8,14.0,59.3,22.8,11.4,33.1,24.6,21.1,17.1,22.9,7.4,29.2,17.5,8.9,11.0,34.1,25.2,70.3,16.8,13.5,32.1,14.7,4.3,11.9,34.8,3.2,10.4,6.6
35009,17.5,23.5,14.8,33.0,54.6,5.9,10.3,6.4,67.0,80.0,17.8,49.0,6.7,15.1,62.4,24.4,12.4,34.6,26.1,24.3,20.3,25.1,7.6,30.4,19.0,10.1,12.4,35.9,29.1,71.6,18.1,14.7,40.5,15.7,5.0,13.0,38.3,3.5,21.8,7.4
35011,16.4,22.7,16.3,30.8,53.1,6.3,10.2,6.1,65.7,81.0,17.1,50.6,6.2,14.8,59.3,24.6,10.9,33.4,26.0,20.4,16.2,23.0,7.5,29.8,17.3,9.3,10.9,35.8,25.2,71.1,18.0,13.6,33.0,15.1,4.3,11.4,34.1,3.3,16.8,6.3
35013,20.1,21.8,15.4,31.4,54.2,5.5,9.4,6.0,68.7,81.4,16.8,48.6,5.5,13.1,59.9,22.2,13.1,35.1,25.4,25.6,21.3,26.0,7.4,30.0,20.6,9.5,12.5,34.4,27.8,65.9,16.2,14.9,37.5,15.5,5.0,13.5,32.9,3.3,14.7,7.9
35015,17.2,21.0,16.0,30.5,53.3,6.0,9.7,5.8,65.1,81.3,16.3,51.2,5.5,13.4,57.4,23.1,10.7,32.2,24.8,19.7,15.4,22.1,6.9,29.9,17.0,8.6,10.4,34.8,26.4,67.6,17.1,13.0,39.8,14.3,4.1,10.8,39.7,3.0,11.3,6.2
35017,16.8,22.2,15.3,30.0,54.3,6.1,9.7,6.1,66.1,81.2,16.3,52.0,6.0,13.7,56.1,23.2,11.4,32.4,23.8,22.2,18.4,23.4,7.3,30.0,17.9,9.2,11.4,34.0,25.9,67.5,17.0,13.6,33.9,14.8,4.5,12.2,33.9,3.2,14.4,6.9
35019,24.7,20.9,15.1,33.1,53.7,4.8,8.7,6.5,64.6,79.1,17.7,48.7,5.5,14.6,52.9,20.0,14.3,36.5,28.1,29.1,22.8,28.7,8.0,30.5,22.8,9.7,13.9,36.0,31.7,67.3,16.3,16.0,37.5,16.2,5.4,14.7,36.9,3.5,16.0,9.1
35021,17.9,23.2,15.1,32.5,54.5,6.1,10.0,6.6,66.0,79.9,17.9,52.8,6.9,15.6,57.9,24.3,12.4,35.2,24.8,24.4,21.7,25.6,7.9,30.5,19.1,10.3,12.5,34.6,27.7,64.2,18.0,15.2,36.5,15.8,5.1,13.6,34.8,3.6,18.3,7.7
35023,20.6,22.4,15.0,32.0,53.9,5.7,9.7,6.5,66.0,79.5,18.1,48.1,6.4,15.3,54.9,23.0,12.6,35.2,26.3,26.0,21.6,26.6,7.8,29.8,20.6,10.2,12.9,35.5,28.9,66.9,17.7,15.3,34.7,16.1,5.2,13.8,37.7,3.5,15.0,8.1
35025,21.8,21.9,15.8,32.7,54.8,5.6,9.5,6.3,65.2,79.4,17.8,48.3,6.3,15.1,54.0,21.5,12.1,36.3,27.1,26.4,21.0,26.3,7.6,30.7,21.4,10.0,13.1,36.8,30.2,67.2,17.5,15.8,37.3,15.6,5.1,13.8,32.7,3.5,17.8,8.0
35027,13.7,22.2,16.6,30.1,53.6,6.6,9.8,5.7,67.1,82.1,15.6,51.2,5.7,13.3,61.5,24.7,9.9,31.2,24.1,17.9,14.7,20.8,7.0,28.4,15.4,8.5,9.8,34.9,22.9,66.7,17.1,12.4,30.6,13.9,3.8,10.6,33.3,3.0,13.1,5.6
35028,5.9,18.9,18.3,24.3,51.8,7.0,8.9,4.0,69.2,86.5,9.7,60.0,3.2,7.1,78.0,21.3,6.7,20.1,20.2,6.9,4.6,11.0,5.0,28.2,6.9,4.6,4.7,31.9,12.7,74.5,13.0,7.0,25.1,9.0,1.9,4.8,27.9,2.0,4.4,2.7
35029,26.6,23.4,13.8,34.2,55.3,5.4,9.9,7.6,65.2,77.6,20.8,45.2,7.8,18.0,48.1,23.5,15.0,40.0,28.1,35.2,32.0,32.5,8.9,31.7,26.5,12.5,17.0,36.8,34.6,68.2,18.9,19.0,36.9,18.6,6.9,18.4,38.3,4.2,22.5,11.0
35031,15.3,25.8,12.7,36.8,56.0,5.6,14.2,8.9,65.2,75.8,23.8,40.7,10.8,27.1,46.6,25.0,17.9,43.3,32.5,43.0,39.8,35.3,11.5,30.4,30.2,16.8,24.0,38.2,31.8,61.9,23.7,21.9,41.4,21.8,7.8,25.0,40.0,5.7,25.3,12.9
35033,21.3,20.0,14.9,29.8,53.6,5.0,8.6,5.7,66.6,82.2,15.4,49.8,4.4,11.2,56.8,19.8,12.7,32.2,25.0,23.9,17.7,24.1,7.1,29.8,20.4,8.2,11.8,33.8,27.6,72.9,15.2,13.6,33.7,14.3,4.4,12.7,36.4,3.0,13.9,7.5
35035,15.9,22.8,15.6,32.4,55.2,6.1,10.1,6.3,67.8,80.4,17.3,48.1,6.6,15.7,58.7,24.4,11.8,33.6,24.9,23.2,19.9,23.9,7.7,31.0,18.6,9.9,12.1,34.8,24.4,70.5,17.5,14.4,38.1,15.0,4.8,13.4,35.4,3.5,18.1,7.1
35037,18.7,23.5,15.2,33.1,55.0,6.1,10.2,6.8,66.9,79.6,18.6,49.2,7.3,16.6,54.6,24.1,12.7,35.9,25.5,26.4,23.7,26.4,8.1,30.7,20.4,10.8,13.4,34.3,29.2,66.2,18.4,15.8,38.2,16.3,5.4,14.5,36.0,3.7,18.3,8.1
35039,20.3,22.0,14.0,30.5,53.1,5.1,10.1,6.1,66.6,80.6,17.7,47.5,5.5,14.9,56.1,21.5,13.7,36.9,27.3,27.6,22.0,26.9,7.8,28.7,22.3,10.0,14.1,35.2,29.0,72.6,17.5,16.1,40.2,16.1,5.1,15.3,36.0,3.5,16.4,8.5
35041,16.5,23.3,14.9,31.5,53.4,6.1,10.0,6.3,64.9,80.3,17.6,48.9,6.5,15.0,59.1,24.1,11.7,35.4,24.3,22.5,19.2,23.8,7.6,31.9,18.2,9.9,11.6,35.1,27.6,67.4,18.0,14.7,34.7,15.4,4.7,12.6,35.7,3.4,13.6,7.0
35043,12.8,20.7,16.1,29.3,53.0,6.2,9.7,5.0,66.3,83.7,14.3,55.5,4.6,11.4,61.4,24.0,9.7,29.4,24.8,16.6,11.8,18.2,6.4,29.6,14.5,7.3,9.2,34.2,21.1,69.1,16.6,11.2,32.6,12.8,3.3,9.4,37.6,2.7,13.5,5.1
35045,13.3,24.6,13.8,31.1,53.9,6.2,12.1,7.0,67.7,79.0,20.0,49.1,8.1,20.5,52.5,24.1,12.8,39.4,28.0,27.4,24.9,26.3,9.4,27.7,21.3,12.4,15.9,38.0,25.8,57.6,20.4,16.6,35.2,17.5,5.5,17.3,38.2,4.1,26.6,8.3
35047,21.2,21.1,14.7,30.2,53.0,5.1,9.1,5.9,66.4,81.5,16.6,49.2,5.0,12.3,58.6,20.9,13.3,34.7,25.7,26.1,20.3,26.2,7.3,29.6,21.5,9.3,12.8,35.4,29.8,65.7,16.3,14.9,38.0,15.3,4.9,13.7,37.4,3.2,12.8,8.1
35049,14.0,19.2,14.9,25.3,50.5,6.3,9.2,5.0,66.0,83.7,13.2,55.9,4.5,10.4,67.9,23.4,9.3,25.5,23.1,15.9,11.9,18.4,6.1,27.5,14.0,7.0,8.7,33.4,19.8,76.2,15.0,10.6,25.9,12.5,3.3,9.2,30.6,2.6,9.6,5.1
35051,16.4,24.2,15.7,32.3,54.1,6.5,10.4,6.8,65.1,79.5,18.4,48.4,7.6,17.3,56.2,25.1,11.9,35.5,24.9,24.0,22.2,25.4,8.1,30.5,18.8,10.8,12.6,35.1,27.2,63.4,19.0,15.3,38.1,16.3,5.1,13.8,36.2,3.7,16.0,7.4
35053,18.9,22.3,14.6,32.1,53.3,5.6,10.1,6.7,65.7,79.2,18.4,47.9,6.8,16.8,50.9,22.7,13.2,36.0,26.7,27.5,23.8,27.6,8.2,29.3,21.4,10.8,14.1,34.9,29.9,66.1,18.5,16.3,37.5,16.8,5.4,15.2,33.5,3.7,26.9,8.5
35055,15.0,21.2,16.2,28.3,51.8,5.9,9.5,5.4,65.1,82.5,14.8,53.1,4.9,11.7,61.8,22.5,10.7,29.4,23.7,18.8,14.2,20.4,6.8,28.0,15.6,7.9,10.0,33.7,22.7,72.4,15.9,11.9,28.1,13.3,3.8,10.7,31.7,2.9,11.6,6.0
35057,18.8,24.4,15.4,33.2,54.6,6.1,10.2,7.0,65.3,78.9,19.0,48.5,7.5,17.5,52.6,25.6,13.0,37.6,26.6,26.5,23.7,27.3,8.3,30.8,20.6,11.1,13.6,36.2,29.0,65.9,19.0,16.3,34.7,16.8,5.5,14.6,36.0,3.8,17.4,8.2
35059,17.7,22.6,15.9,32.2,53.4,6.2,9.7,6.4,65.0,79.6,17.3,44.6,6.7,15.9,52.2,23.2,11.8,34.0,26.1,22.7,19.3,24.4,7.7,30.0,18.2,9.7,11.8,35.3,26.5,67.4,17.6,14.4,34.7,15.4,4.7,12.6,35.9,3.5,19.5,7.0
35061,19.2,21.8,14.5,31.0,54.2,5.6,9.6,6.0,66.5,81.1,16.9,51.3,5.6,13.7,58.2,22.5,12.4,34.7,26.8,24.3,18.8,25.1,7.4,30.3,20.0,9.3,12.3,35.9,28.0,68.9,17.1,14.5,35.6,15.4,4.6,13.0,35.6,3.2,13.4,7.4
36001,5.7,21.9,19.4,29.8,58.9,7.1,10.9,4.8,78.4,88.0,12.1,65.1,5.2,11.4,67.5,21.5,8.4,24.6,24.5,12.9,11.2,14.4,4.7,31.8,11.9,7.0,7.4,36.1,21.0,80.4,15.8,10.1,30.9,11.3,2.9,7.4,37.1,2.6,7.8,3.9
36003,6.4,24.9,19.3,32.0,57.7,7.7,11.4,5.8,78.1,86.1,14.6,59.6,7.0,15.4,61.8,22.3,9.5,28.0,23.2,15.0,14.7,17.6,5.9,33.0,13.3,8.6,8.5,33.4,24.8,76.7,18.6,12.3,36.1,13.6,3.6,8.4,38.7,3.1,14.7,4.6
36005,15.9,21.2,14.7,34.6,59.9,4.6,11.8,6.3,80.8,86.2,16.6,58.2,6.4,13.4,51.1,16.1,14.8,35.2,34.8,37.5,32.4,29.2,5.4,34.0,31.4,11.3,16.5,41.0,37.5,79.3,16.9,19.6,33.7,16.3,6.5,17.2,43.5,4.0,23.3,9.7
36007,6.7,26.2,17.5,31.7,56.2,7.4,11.6,5.7,79.4,86.3,14.2,60.6,6.7,14.6,60.9,21.6,9.5,27.3,25.6,15.8,15.5,17.3,5.7,30.0,14.1,8.3,9.0,35.6,23.8,78.8,17.6,12.1,34.8,13.0,3.7,9.0,36.6,3.1,11.6,4.8
36009,7.0,24.2,19.2,32.3,56.7,7.5,11.6,6.0,78.4,85.3,15.5,61.9,7.6,17.1,58.2,22.9,9.6,29.7,24.8,17.3,16.9,18.9,6.1,33.3,14.4,9.3,9.5,33.7,26.8,75.9,19.2,13.2,35.9,14.3,3.9,9.3,40.1,3.2,12.2,5.1
36011,7.1,23.9,18.9,31.0,56.6,7.5,11.2,5.7,78.4,86.2,14.6,61.5,6.9,15.5,58.4,22.0,9.3,29.7,25.2,15.8,14.9,18.5,5.8,32.6,13.7,8.6,8.8,35.5,26.4,76.6,18.3,12.5,35.7,13.7,3.6,8.5,39.4,3.0,19.2,4.7
36013,7.8,24.7,18.9,31.6,57.9,7.5,11.3,5.9,78.7,86.0,14.9,62.1,7.1,15.5,56.5,21.8,10.0,28.5,24.0,17.3,16.5,18.9,5.9,32.4,15.0,8.9,9.4,32.5,26.3,73.1,18.4,12.8,36.7,14.0,3.9,9.3,41.6,3.1,13.7,5.1
36015,6.7,23.7,18.0,31.6,58.6,7.4,11.3,5.6,78.6,86.5,14.3,61.3,6.8,15.3,60.4,22.5,9.3,27.1,24.9,15.8,15.2,17.6,5.6,32.1,13.6,8.4,8.7,34.4,25.1,74.4,18.6,12.0,30.8,13.4,3.6,8.6,35.5,3.0,13.9,4.6
36017,6.9,24.7,19.2,30.2,56.7,7.6,11.3,5.8,76.6,85.8,15.0,60.4,7.1,15.7,59.1,22.7,9.3,28.1,25.0,15.9,14.8,17.9,5.9,31.5,13.4,8.7,8.6,34.2,25.7,76.8,18.9,12.2,36.1,13.6,3.6,8.2,40.4,3.1,20.2,4.6
36019,6.7,24.0,18.1,30.5,57.3,7.6,11.7,5.7,78.0,86.2,14.4,61.9,6.7,15.2,58.6,23.5,9.1,27.1,23.5,14.7,13.8,17.4,5.7,31.0,12.9,8.2,8.3,33.9,25.9,73.1,18.7,11.3,33.8,13.3,3.5,8.2,36.3,3.0,14.1,4.5
36021,6.2,22.8,19.2,28.6,57.2,7.5,10.7,5.2,77.7,87.5,12.6,63.6,5.7,12.9,64.7,21.1,8.5,25.2,24.1,13.0,11.5,15.3,5.2,33.2,11.7,7.2,7.4,32.6,22.3,78.5,16.6,10.5,30.7,11.8,3.0,7.2,36.5,2.7,13.0,4.0
36023,6.1,24.0,19.7,30.0,57.1,7.7,11.4,5.5,78.1,86.9,13.9,60.2,6.4,14.4,61.1,23.4,8.6,26.6,23.6,13.7,12.8,16.4,5.5,32.4,12.3,8.0,7.9,31.9,23.9,76.2,18.2,11.4,32.3,13.0,3.3,7.7,39.1,2.9,9.5,4.2
36025,7.1,24.0,19.7,31.8,56.5,7.4,11.1,5.8,77.8,85.9,14.2,59.8,6.8,15.4,60.9,22.3,9.2,27.8,25.0,15.8,14.9,17.2,5.9,31.2,13.4,8.4,8.6,33.1,26.3,76.9,18.3,11.8,33.4,13.6,3.6,8.4,41.9,3.1,20.6,4.7
36027,6.9,21.6,17.0,29.2,57.6,7.1,10.4,4.8,77.8,88.4,12.2,64.8,4.9,11.3,67.7,19.6,8.3,23.9,24.4,13.0,10.7,14.3,4.7,31.1,12.6,6.7,7.4,33.7,20.7,77.2,15.9,9.9,28.5,11.1,2.9,7.2,36.5,2.6,15.8,3.9
36029,6.1,23.7,19.2,29.0,59.3,7.1,11.6,5.2,81.1,87.6,12.2,60.9,5.8,12.8,63.0,21.3,9.1,23.3,23.9,14.2,13.2,16.2,5.0,32.0,13.2,7.6,8.1,31.5,23.7,81.3,17.0,10.8,33.0,12.2,3.3,8.5,38.7,2.8,10.4,4.3
36031,6.3,23.5,20.1,29.5,55.5,7.5,10.9,5.4,77.1,86.6,13.5,61.5,6.2,14.0,62.2,22.3,8.5,26.8,23.3,13.1,11.9,16.2,5.5,31.1,11.7,7.7,7.5,32.8,23.4,79.2,17.5,11.3,34.7,12.7,3.2,7.2,36.4,2.8,8.1,4.1
36033,7.3,25.5,18.9,31.6,57.4,7.5,11.5,6.0,76.9,85.7,15.0,58.8,7.2,16.7,58.6,22.9,10.0,29.9,25.6,17.3,15.8,18.9,6.1,31.5,14.6,8.9,9.5,33.8,27.5,78.2,18.7,13.2,40.8,14.1,3.8,9.1,37.4,3.2,15.2,5.0
36035,7.2,25.6,18.9,32.3,58.3,7.5,12.0,5.9,77.7,85.9,15.3,62.2,7.3,16.2,55.4,23.0,9.5,30.9,24.0,16.7,15.9,18.6,6.0,31.6,14.0,9.0,8.9,34.0,26.7,77.6,19.1,12.9,35.5,14.1,3.8,8.7,41.5,3.1,15.2,4.8
36037,6.2,23.7,19.2,29.8,57.2,7.5,11.0,5.3,78.0,86.8,13.5,63.7,6.0,13.9,61.5,22.3,8.5,26.8,24.1,13.4,12.1,16.0,5.4,31.7,12.3,7.6,7.7,33.3,23.3,76.6,17.9,11.1,30.1,12.6,3.1,7.4,39.0,2.8,16.5,4.0
36039,7.1,23.5,20.2,29.7,57.1,7.4,10.9,5.4,78.1,86.7,13.7,57.0,6.2,13.9,62.8,21.7,8.9,26.8,24.7,14.6,12.9,16.7,5.4,32.5,13.0,7.8,8.1,34.4,24.2,74.5,17.4,11.3,34.5,13.0,3.3,7.8,38.4,2.8,13.2,4.3
36041,6.2,23.1,19.8,29.5,56.3,7.6,11.2,5.5,77.8,86.8,13.7,63.9,6.3,14.2,60.1,22.2,8.5,26.3,24.1,13.4,12.3,16.1,5.5,32.2,12.1,7.9,7.7,33.1,23.7,75.5,18.0,11.2,30.8,12.8,3.2,7.4,37.7,2.8,10.9,4.1
36043,6.3,25.7,20.9,30.1,55.9,7.6,11.2,5.5,77.4,86.5,14.1,64.4,6.7,15.1,61.2,21.8,8.8,27.2,23.4,14.1,13.6,16.5,5.6,31.6,12.8,8.2,8.0,32.2,26.2,75.9,18.4,12.1,37.0,13.3,3.4,7.8,37.1,2.9,18.9,4.3
36045,7.1,24.9,20.6,30.3,57.3,7.5,11.3,5.6,79.2,86.2,13.7,62.6,6.6,14.8,57.7,20.6,9.7,27.9,23.8,14.8,14.4,17.0,5.7,30.2,13.5,8.1,8.4,31.8,25.5,74.9,17.6,11.8,38.8,12.8,3.5,8.4,43.2,3.0,16.3,4.6
36047,8.9,19.3,17.4,28.8,56.1,5.3,10.4,5.1,79.4,88.1,13.2,58.8,5.4,12.2,59.8,16.3,11.1,26.3,30.7,23.7,19.5,19.2,4.6,34.4,19.2,8.5,11.1,36.7,25.7,77.8,15.6,13.2,25.0,12.4,4.2,11.3,40.1,3.3,15.9,5.9
36049,6.6,25.0,20.0,30.2,57.3,7.6,11.1,5.7,78.1,85.9,14.5,59.2,6.8,15.4,60.4,22.3,9.2,27.4,23.9,14.6,13.9,17.3,5.8,32.6,12.9,8.5,8.2,33.9,26.0,76.6,18.6,12.1,40.7,13.7,3.5,7.9,38.5,3.0,15.9,4.4
36051,6.1,23.9,20.5,29.9,57.0,7.7,11.1,5.3,77.7,87.2,13.2,62.0,6.0,13.3,61.9,21.6,8.5,25.4,23.4,13.1,11.8,15.8,5.4,32.7,12.0,7.5,7.5,32.9,22.4,79.0,17.3,10.9,31.9,12.3,3.1,7.3,36.4,2.8,11.5,4.0
36053,5.7,23.9,19.3,29.1,57.1,7.7,11.1,5.1,78.7,87.4,13.3,63.2,5.9,13.4,62.7,22.3,8.3,25.9,23.2,12.4,11.2,15.2,5.4,32.5,11.6,7.5,7.3,33.0,21.6,71.1,17.7,10.7,37.2,12.3,3.0,7.1,38.3,2.7,14.0,3.9
36055,6.3,23.6,19.0,30.1,57.7,7.3,11.0,5.1,77.8,87.9,12.4,64.6,5.4,12.1,69.4,22.6,9.6,25.8,23.6,14.0,13.0,15.8,4.9,29.9,13.2,7.2,8.1,33.4,24.5,79.5,16.2,10.9,31.8,12.4,3.2,8.3,35.8,2.8,12.1,4.2
36057,8.8,24.4,19.0,30.5,58.5,7.2,11.0,5.8,76.8,86.0,14.7,60.9,6.8,15.5,56.5,22.2,9.5,27.6,25.4,18.5,16.4,19.0,5.8,30.9,15.7,8.7,9.5,34.9,26.4,77.4,18.1,12.3,38.9,13.8,3.8,9.5,43.4,3.1,14.4,5.2
36059,6.4,19.0,16.9,27.4,60.2,6.6,9.6,4.2,79.9,89.8,10.0,63.2,3.9,8.7,68.6,14.0,8.3,21.9,26.0,11.9,8.2,13.6,4.4,34.0,11.6,5.7,6.5,32.7,22.0,75.8,14.2,8.9,28.3,10.3,2.5,6.1,41.8,2.3,10.2,3.5
36061,6.7,18.9,21.7,25.8,56.0,6.4,9.6,4.4,79.2,89.0,10.7,63.3,4.1,8.5,64.5,18.6,8.4,22.9,26.6,15.0,11.9,15.0,4.3,34.4,13.0,6.5,7.7,38.1,20.0,80.6,14.8,10.5,19.5,10.9,3.0,7.1,36.4,2.5,11.5,4.3
36063,6.1,23.3,18.6,31.4,57.2,7.5,11.4,5.3,80.0,87.0,13.5,63.4,6.2,14.0,65.3,22.3,8.9,26.2,23.8,14.3,13.2,16.7,5.3,30.0,13.2,8.0,8.2,31.8,24.8,75.5,17.8,11.6,39.4,13.1,3.3,8.1,38.6,2.9,16.4,4.3
36065,7.0,24.7,19.0,31.8,58.3,7.4,11.1,5.6,78.1,86.5,13.9,61.3,6.7,14.7,60.8,21.3,9.5,27.5,24.1,15.8,14.7,17.5,5.6,32.4,13.9,8.2,8.8,33.7,26.8,77.2,18.0,12.0,36.4,13.0,3.6,8.5,39.4,3.0,15.6,4.7
36067,6.1,23.2,18.0,31.9,59.2,7.4,11.4,5.3,80.3,87.6,13.0,64.6,5.8,12.4,64.2,22.8,9.3,26.2,24.1,14.3,13.1,15.7,5.0,30.8,13.2,7.7,8.1,33.8,22.3,82.0,17.5,11.4,37.4,12.4,3.3,8.2,38.0,2.8,11.9,4.2
36069,5.8,23.2,19.3,28.2,56.0,7.6,10.7,5.0,78.5,87.9,12.4,65.3,5.4,11.9,65.6,21.6,8.1,24.1,22.0,11.7,10.3,14.3,5.1,30.4,11.2,6.9,6.9,34.2,20.4,75.9,16.8,9.9,30.8,11.6,2.9,6.6,39.6,2.6,7.1,3.7
36071,9.0,21.9,15.9,29.6,57.7,6.7,10.5,5.2,78.3,87.6,13.0,60.0,5.5,12.2,65.7,18.2,10.1,26.1,24.9,16.9,14.2,17.8,5.1,30.9,15.9,7.6,9.1,32.1,25.6,80.2,16.5,11.5,32.4,12.6,3.5,9.0,38.4,2.9,12.3,4.9
36073,7.7,24.1,18.8,30.3,56.5,7.3,11.5,5.7,77.6,85.8,15.0,59.8,7.0,15.9,61.9,21.6,9.3,28.2,25.8,16.9,15.4,18.6,5.7,31.5,14.5,8.7,9.0,34.5,26.8,76.3,18.7,12.5,32.8,13.7,3.7,8.7,38.0,3.1,14.1,4.8
36075,6.8,24.8,19.2,31.3,57.1,7.6,11.4,5.9,78.4,85.8,14.8,61.7,7.1,16.2,60.6,22.7,9.4,28.3,23.6,15.2,14.9,18.1,5.9,31.6,13.5,8.7,8.7,33.2,27.6,76.4,19.1,12.5,36.7,13.9,3.7,8.5,40.2,3.1,13.6,4.7
36077,6.3,23.9,18.4,29.5,58.9,7.7,11.4,5.5,76.7,86.8,13.8,62.5,6.4,14.0,64.4,21.5,9.0,26.2,23.9,13.9,13.4,16.8,5.6,33.0,12.5,7.9,8.1,33.2,23.8,82.2,18.1,11.5,32.1,13.1,3.4,7.8,37.2,2.9,11.9,4.4
36079,6.9,20.6,19.6,25.5,55.9,7.2,9.9,4.4,78.0,88.8,10.9,67.7,4.3,9.6,69.1,18.5,7.7,21.2,22.4,11.2,8.3,13.2,4.6,31.8,11.1,5.8,6.3,32.5,20.4,79.1,14.9,8.8,27.3,10.5,2.5,6.1,36.8,2.3,6.6,3.5
36081,10.9,17.4,14.8,29.8,59.4,5.1,8.9,4.9,79.3,88.1,12.4,58.0,4.6,11.0,60.8,14.2,12.2,27.4,32.6,22.7,15.8,19.5,4.4,36.3,18.6,7.3,10.3,39.4,29.7,78.2,14.4,12.4,23.8,12.0,3.6,8.9,37.3,2.9,12.3,5.6
36083,5.9,23.1,18.9,28.8,57.5,7.4,10.9,5.0,78.0,87.7,12.5,63.9,5.6,12.2,65.9,20.6,8.5,25.2,23.9,12.9,11.4,14.8,5.1,31.7,11.9,7.2,7.3,32.3,22.5,74.9,16.9,10.4,31.7,11.9,3.0,7.3,41.2,2.7,12.2,3.9
36085,7.9,21.0,15.2,30.3,58.7,6.3,10.2,4.8,80.1,88.4,12.2,64.1,5.2,12.1,65.9,15.8,10.1,25.2,28.5,16.4,13.2,17.0,4.8,36.2,14.5,7.0,8.4,35.4,25.5,75.9,15.5,11.2,30.0,12.0,3.1,7.9,41.5,2.7,11.9,4.5
36087,8.5,20.9,17.0,29.1,58.7,6.6,10.6,5.2,78.6,87.9,12.4,61.5,5.4,11.8,62.7,18.4,9.9,24.2,24.4,16.8,14.4,17.1,5.0,31.9,15.3,7.5,8.7,35.2,26.3,79.3,15.8,11.3,30.9,11.8,3.5,8.9,43.7,2.9,10.3,4.9
36089,6.9,25.7,20.3,33.2,57.9,7.6,11.8,6.0,79.5,85.5,15.3,61.5,7.6,16.4,57.3,24.5,10.2,30.0,24.6,15.8,16.5,18.5,6.1,31.9,13.8,9.0,9.1,34.6,27.4,77.7,19.2,12.6,42.9,14.1,3.8,8.9,38.1,3.2,20.4,4.9
36091,4.9,22.8,19.2,27.3,57.0,7.6,10.4,4.6,78.1,88.6,11.4,68.3,4.7,10.7,70.7,21.2,7.6,22.0,21.6,9.6,8.1,12.6,4.7,32.4,9.7,6.2,5.9,32.3,18.5,83.0,16.1,8.8,32.8,10.7,2.5,5.7,30.7,2.4,11.6,3.2
36093,6.4,22.3,17.6,29.8,58.4,7.1,11.1,5.1,78.1,87.6,12.7,63.4,5.6,12.5,65.5,19.9,8.9,25.6,24.9,14.7,12.9,15.6,5.1,31.4,13.3,7.4,8.2,34.2,21.9,77.9,16.6,11.0,34.6,11.9,3.2,8.2,39.6,2.8,13.1,4.3
36095,6.4,22.9,20.0,30.4,56.7,7.6,11.2,5.4,78.3,86.7,13.5,63.8,6.2,14.3,58.4,21.5,8.7,25.8,23.6,13.4,12.3,15.9,5.5,32.3,12.1,7.8,7.7,33.2,23.6,73.1,17.9,11.0,33.0,12.6,3.2,7.5,40.4,2.8,8.5,4.1
36097,6.5,24.4,19.6,30.2,56.7,7.6,11.4,5.8,77.6,86.1,14.4,61.4,6.9,15.3,57.2,22.5,9.1,27.9,23.9,15.0,14.6,17.3,5.8,31.0,13.0,8.5,8.4,33.5,24.1,73.7,18.3,12.2,31.2,13.4,3.6,8.2,39.7,3.0,11.8,4.6
36099,7.6,23.6,19.0,30.6,56.7,7.5,11.4,5.8,78.1,85.8,14.8,61.3,7.0,15.7,60.9,22.4,9.1,28.4,25.7,16.2,15.1,18.3,5.7,31.7,13.9,8.6,8.8,35.0,26.7,73.0,18.5,12.3,34.8,13.7,3.7,8.4,37.3,3.1,16.7,4.7
36101,6.3,25.1,20.2,29.8,57.3,7.6,11.2,5.6,78.0,86.0,14.4,59.9,6.7,15.0,61.3,23.0,9.0,27.7,24.1,14.4,13.7,16.6,5.6,32.1,12.6,8.2,8.2,32.6,24.5,76.9,18.1,12.1,34.7,13.0,3.4,8.0,39.4,3.0,13.7,4.4
36103,7.7,19.9,18.2,27.6,56.5,6.9,10.2,4.6,79.5,89.0,11.7,61.9,4.5,9.7,66.6,16.6,8.3,24.5,24.4,13.2,9.9,14.8,4.6,34.3,12.5,6.3,7.0,30.6,23.1,78.8,15.4,10.1,29.7,11.0,2.7,6.7,39.3,2.4,9.8,3.8
36105,9.0,23.1,17.5,31.0,57.4,7.0,10.7,5.6,78.0,86.9,13.8,57.0,6.1,13.8,61.1,20.1,10.0,27.7,25.0,17.7,15.5,18.6,5.6,31.8,15.4,8.1,9.4,32.7,27.4,74.5,16.9,12.3,31.8,13.2,3.7,9.2,41.2,3.0,13.0,5.0
36107,6.2,23.7,19.3,30.2,56.7,7.6,11.2,5.4,77.9,86.7,13.9,62.4,6.4,14.3,65.6,22.6,8.6,26.5,23.3,13.7,12.6,16.0,5.5,32.5,12.3,8.0,7.8,32.0,24.2,78.9,17.9,11.3,30.5,12.9,3.3,7.5,38.9,2.9,18.3,4.2
36109,4.9,22.8,18.4,27.9,54.9,7.8,10.6,4.8,77.0,88.5,11.2,68.0,5.0,10.8,63.0,22.6,8.2,22.8,22.1,11.2,9.7,14.0,4.9,29.8,10.4,6.4,6.7,32.4,19.0,80.3,15.8,9.7,27.6,11.2,2.8,6.5,36.3,2.5,13.5,3.6
36111,6.9,22.6,17.1,31.7,57.3,7.3,10.5,5.2,79.0,87.8,12.6,61.2,5.6,12.1,63.3,20.3,8.8,24.5,23.5,13.7,12.1,15.6,5.1,31.6,13.1,7.3,8.0,31.4,22.8,78.3,16.6,10.7,30.6,12.2,3.2,7.7,37.2,2.8,10.9,4.2
36113,5.7,23.1,18.5,28.7,57.0,7.6,11.1,5.0,78.3,87.3,12.9,65.6,5.7,12.6,61.4,22.6,8.3,25.0,22.6,11.9,10.8,15.5,5.2,30.8,11.0,7.2,7.1,31.9,21.5,77.1,17.3,10.5,30.9,12.2,3.0,6.7,35.8,2.6,14.2,3.8
36115,6.7,24.4,19.1,30.0,56.9,7.6,11.2,5.4,78.6,86.3,14.1,57.0,6.4,14.9,61.9,21.7,8.6,27.9,24.5,13.9,12.9,16.9,5.5,33.6,12.5,8.1,7.9,33.3,24.8,78.5,18.1,11.7,31.2,13.1,3.3,7.7,35.4,2.9,18.9,4.3
36117,6.6,23.1,19.1,28.0,56.4,7.6,11.2,5.4,77.7,86.7,13.7,62.3,6.2,14.2,65.0,22.3,8.6,26.6,24.0,14.0,12.4,16.2,5.4,31.2,12.7,7.9,7.9,34.4,24.2,79.6,17.8,11.3,37.1,12.8,3.2,7.7,38.4,2.8,10.3,4.2
36119,8.0,20.1,16.8,25.7,56.3,6.5,9.3,4.4,78.4,89.3,10.8,63.4,4.1,9.3,68.0,16.2,8.8,21.5,22.7,13.1,10.1,13.9,4.3,31.6,12.8,6.0,7.1,31.8,21.0,81.0,14.3,9.4,25.9,10.3,2.8,7.1,35.9,2.4,8.4,4.0
36121,7.4,23.5,19.8,31.4,56.9,7.5,11.0,5.6,77.9,86.1,14.2,63.1,6.6,15.2,61.2,21.7,9.0,27.5,25.6,15.1,13.6,17.4,5.7,32.2,13.4,8.1,8.4,34.2,24.6,68.9,18.0,11.8,35.4,13.1,3.5,8.1,39.9,3.0,11.2,4.4
36123,7.3,23.9,20.1,29.7,56.7,7.6,11.4,5.7,77.7,85.5,14.9,63.2,7.1,15.8,59.4,22.3,8.9,28.3,24.3,15.7,14.8,17.7,5.8,31.7,13.3,8.8,8.6,33.7,25.0,75.5,18.5,12.3,34.5,13.5,3.6,8.1,38.0,3.0,16.0,4.7
37001,12.2,24.8,15.2,33.4,59.5,6.7,10.9,5.7,78.5,85.9,16.1,60.8,6.5,14.3,59.0,24.6,10.7,31.6,23.3,17.2,14.0,19.3,6.6,30.8,14.2,8.6,9.3,34.1,23.7,79.1,18.0,13.1,38.9,12.6,3.9,9.4,36.7,3.3,14.9,5.4
37003,11.7,25.1,17.2,33.5,57.6,7.2,10.9,6.1,76.4,84.0,17.4,60.4,7.5,17.1,61.9,27.0,10.1,33.6,23.6,15.8,12.8,19.6,7.4,31.9,12.5,9.0,8.7,34.1,24.7,76.5,19.1,13.4,36.2,13.4,3.8,8.1,34.3,3.3,12.9,5.1
37005,13.7,25.8,16.5,34.7,58.2,7.3,11.0,6.7,76.6,83.3,18.4,57.7,8.4,17.9,55.4,27.6,11.2,35.4,22.3,18.5,16.0,22.1,8.1,32.5,14.0,10.0,10.0,33.2,26.8,75.2,19.3,14.9,36.6,14.4,4.5,9.5,35.1,3.5,19.2,6.1
37007,14.5,26.9,13.7,42.0,62.4,5.9,12.0,7.0,79.2,83.6,19.7,57.3,8.9,20.2,52.7,24.3,14.6,39.0,29.2,28.2,26.6,26.4,7.2,31.9,21.6,11.8,14.5,36.5,31.7,77.1,20.2,18.2,43.4,15.1,6.0,15.7,41.0,4.6,25.5,8.0
37009,11.2,25.5,17.1,33.5,57.6,7.5,10.8,6.1,76.6,84.4,17.0,59.6,7.4,16.2,61.2,27.6,9.9,32.9,21.6,14.6,12.2,19.3,7.5,32.4,11.5,8.9,8.3,33.1,23.8,72.7,18.9,13.1,36.3,13.2,3.8,7.8,33.9,3.2,18.1,5.0
37011,11.5,25.2,17.6,33.8,57.5,7.4,10.6,6.3,76.5,84.1,16.9,59.7,7.4,16.5,60.9,26.4,10.2,33.0,22.3,15.1,12.3,19.5,7.6,32.0,12.0,8.8,8.5,32.2,23.8,73.4,18.4,13.2,37.4,13.2,3.8,8.1,33.8,3.2,13.4,5.1
37013,11.8,25.7,16.0,36.2,59.9,6.7,11.4,6.2,78.2,85.0,17.5,61.2,7.5,16.8,59.0,25.9,11.4,34.0,23.8,19.3,16.7,20.7,7.0,31.8,15.4,9.6,10.3,34.9,26.0,77.1,18.9,14.5,37.0,13.4,4.4,10.6,35.4,3.6,17.6,5.9
37015,13.8,26.2,13.6,42.7,63.0,5.6,12.1,6.8,80.0,84.5,19.0,55.9,8.3,19.2,50.9,23.0,14.9,38.1,29.9,28.7,26.7,26.2,6.7,31.9,22.2,11.6,14.6,37.1,31.8,77.9,19.6,18.0,43.4,14.6,6.0,16.1,43.8,4.6,33.2,8.0
37017,12.8,25.8,14.8,38.9,61.2,6.4,11.8,6.5,79.0,84.7,18.2,58.2,7.8,17.5,56.4,25.8,12.7,36.0,25.2,22.5,20.4,23.2,7.1,32.2,17.8,10.4,12.0,35.7,29.1,77.5,19.5,15.8,41.3,14.1,5.0,12.7,38.2,4.0,20.8,6.8
37019,8.9,24.1,17.6,30.1,57.9,7.4,10.7,5.2,78.7,86.7,14.6,65.3,5.7,13.0,65.8,26.0,8.9,28.8,20.6,11.9,9.2,15.6,6.4,30.8,10.4,7.3,7.0,31.7,19.9,79.0,17.2,10.9,32.9,11.2,3.0,6.9,36.3,2.8,12.7,4.1
37021,9.3,22.9,17.2,31.2,57.2,7.6,10.4,5.2,76.6,86.4,14.5,60.7,5.8,12.5,68.9,25.9,8.9,28.6,20.7,12.1,9.6,15.7,6.5,30.1,10.1,7.3,7.1,31.3,19.2,74.9,16.6,11.2,31.2,11.3,3.1,6.7,27.7,2.8,7.2,4.2
37023,12.4,25.7,16.5,34.1,58.3,7.1,11.0,6.4,77.2,83.9,17.7,58.6,7.8,17.4,60.4,27.4,10.9,34.2,23.6,17.4,14.5,21.0,7.5,31.4,13.4,9.5,9.4,34.5,26.7,76.1,19.0,14.1,36.7,13.7,4.2,8.9,35.2,3.4,20.8,5.7
37025,10.2,23.3,15.6,32.7,58.8,6.7,10.4,5.1,77.8,87.2,14.1,61.4,5.4,12.1,66.3,23.6,9.9,28.8,23.4,13.7,10.3,16.6,6.0,31.1,11.8,7.2,7.7,33.1,21.3,78.6,16.6,11.3,32.7,11.1,3.1,7.6,34.3,2.8,16.1,4.4
37027,12.1,24.8,17.0,33.5,57.3,7.2,11.1,6.2,76.8,83.9,17.8,59.7,7.8,17.3,59.0,27.7,10.3,33.2,22.9,16.6,13.9,20.6,7.5,31.9,12.8,9.4,9.0,33.4,25.5,77.3,19.3,13.8,33.2,13.8,4.0,8.6,33.0,3.4,20.4,5.4
37029,8.6,23.6,17.8,31.0,56.9,7.1,10.6,5.0,77.7,86.6,14.3,64.9,5.5,12.8,64.2,25.6,8.8,28.2,21.7,11.0,8.0,15.3,6.2,31.2,9.8,6.9,6.6,32.3,20.1,76.6,17.2,10.7,34.4,11.1,2.9,6.2,33.9,2.7,14.5,3.8
37031,8.8,23.5,18.1,31.3,57.3,7.5,10.6,5.3,77.6,86.2,14.6,65.7,5.9,13.1,67.4,26.3,8.7,28.4,20.6,11.4,8.7,15.7,6.5,31.1,9.8,7.3,6.9,31.8,19.9,78.3,17.2,11.0,33.7,11.5,3.0,6.5,33.0,2.8,12.9,4.0
37033,12.6,25.3,15.5,37.2,59.8,6.3,11.3,6.2,78.2,84.4,17.8,58.9,7.5,17.4,57.1,24.9,12.0,34.9,26.5,20.3,17.4,21.8,6.8,31.5,16.2,9.8,10.8,35.7,26.9,77.0,19.1,15.0,39.1,13.6,4.6,11.0,36.3,3.8,21.8,6.1
37035,11.5,24.0,16.5,32.7,57.1,7.1,10.7,5.7,76.5,85.4,16.0,57.7,6.6,15.0,60.3,26.6,10.1,31.1,23.5,15.2,11.8,18.4,6.9,32.4,12.3,8.2,8.4,34.3,23.2,74.4,17.9,12.5,37.2,12.4,3.6,7.9,32.3,3.1,13.4,4.9
37037,10.2,23.1,17.2,31.3,57.3,7.1,10.3,5.1,78.4,87.0,13.8,60.9,5.4,11.9,65.3,24.0,9.4,27.5,20.8,12.7,9.3,15.8,6.1,31.1,10.8,7.0,7.2,30.1,20.4,78.9,15.9,11.1,30.2,10.9,3.1,6.9,30.1,2.8,11.0,4.3
37039,10.2,25.5,17.3,33.3,57.5,7.5,11.0,6.2,77.2,84.5,17.1,58.9,7.5,16.6,58.7,28.5,10.1,32.8,21.7,14.9,12.7,19.0,7.6,32.5,11.7,9.1,8.5,32.9,23.9,75.1,19.1,13.3,34.8,13.3,3.8,8.1,32.2,3.2,13.9,5.1
37041,12.0,25.7,14.8,38.3,60.7,6.5,11.7,6.4,78.8,84.6,18.0,59.5,7.9,17.6,57.7,25.5,12.5,35.5,25.1,21.4,19.6,22.5,7.0,32.2,16.7,10.3,11.4,35.3,27.7,76.0,19.3,15.6,40.6,14.0,4.8,11.9,37.8,3.9,14.6,6.5
37043,9.6,24.4,17.5,32.1,57.2,7.5,10.9,5.8,76.7,85.2,16.0,60.1,6.8,14.9,60.9,27.9,9.3,31.2,20.9,12.8,10.5,17.3,7.2,31.5,10.5,8.2,7.5,32.6,22.2,76.6,18.2,12.1,35.5,12.4,3.4,7.1,33.1,3.0,17.6,4.5
37045,11.4,25.8,15.7,36.3,59.4,6.9,11.6,6.2,77.9,84.7,17.6,56.4,7.6,16.9,55.2,26.9,11.2,34.4,23.8,18.5,16.2,20.8,7.1,32.3,14.7,9.7,10.1,34.7,26.2,75.8,19.1,14.5,38.6,13.6,4.3,10.2,36.4,3.6,14.2,5.8
37047,12.9,26.5,14.8,39.2,59.9,6.5,11.9,6.6,78.3,84.0,18.9,55.5,8.3,19.0,51.9,25.5,12.8,36.4,26.1,22.7,20.7,23.6,7.4,32.2,17.8,10.8,12.1,35.7,29.5,77.7,19.8,16.1,41.2,14.6,5.1,12.6,39.6,4.0,24.9,6.9
37049,10.5,24.8,16.4,34.9,59.6,6.8,11.0,5.7,78.8,85.8,16.0,62.4,6.6,14.8,59.3,25.3,10.5,31.7,23.4,15.9,12.9,18.9,6.7,30.8,13.1,8.4,8.9,34.9,23.6,77.0,18.0,13.0,37.5,12.5,3.8,9.0,34.8,3.2,15.2,5.1
37051,11.7,25.9,15.5,38.9,61.5,6.1,11.5,5.8,79.8,86.0,16.3,63.6,6.6,15.6,61.4,24.8,12.6,35.3,26.1,20.5,17.5,21.0,6.3,31.4,16.9,9.2,10.9,36.1,25.9,77.9,18.2,15.2,41.1,13.1,4.5,12.0,42.1,3.7,15.5,6.2
37053,8.6,23.1,18.5,30.1,56.7,7.3,10.4,5.1,77.4,86.5,14.3,62.8,5.5,12.9,67.5,25.8,8.6,28.3,21.2,10.7,7.9,15.1,6.3,30.7,9.5,6.9,6.4,31.7,20.4,81.0,17.1,10.6,33.6,11.1,2.8,6.0,31.3,2.7,9.9,3.8
37055,8.1,22.5,17.8,29.7,56.7,7.6,10.2,4.9,77.6,87.3,13.2,62.7,5.1,11.4,71.3,26.0,8.1,26.3,19.5,9.6,7.0,13.8,6.2,30.6,8.5,6.4,5.9,31.1,18.4,79.4,16.3,9.8,31.0,10.4,2.6,5.5,28.1,2.5,8.0,3.5
37057,11.7,24.9,15.8,33.4,59.0,7.1,11.1,6.0,77.0,84.8,17.2,59.7,7.2,16.0,61.2,26.7,10.3,32.5,23.2,16.5,13.5,19.4,7.1,31.3,13.0,8.9,9.0,32.9,25.1,77.0,18.9,13.2,36.0,13.1,3.9,8.7,33.9,3.3,16.3,5.3
37059,10.2,24.3,17.3,32.1,57.1,7.2,10.6,5.4,76.8,85.8,15.4,59.7,6.1,14.0,62.5,26.5,9.2,30.4,21.9,12.8,9.8,16.8,6.7,31.2,10.8,7.7,7.3,33.3,21.8,81.8,17.6,11.6,33.3,11.9,3.2,6.9,33.5,2.9,13.7,4.3
37061,16.6,25.1,15.0,37.3,60.1,6.3,11.2,6.4,77.7,84.3,18.4,58.0,7.7,16.8,55.6,24.4,12.7,36.5,25.4,22.8,19.3,24.1,7.3,32.1,18.2,10.2,11.9,34.9,28.5,74.9,18.8,15.9,39.6,14.2,5.0,12.0,35.4,3.9,18.9,7.0
37063,9.6,21.6,15.4,32.8,60.1,6.2,10.8,4.9,80.4,87.7,13.1,62.6,5.0,11.0,68.2,22.8,10.4,27.8,22.2,14.3,11.2,16.5,5.5,30.8,12.3,7.0,8.2,32.0,21.7,80.3,15.2,11.5,36.5,10.7,3.3,8.1,33.7,3.0,11.9,4.6
37065,13.7,26.6,13.2,41.5,63.3,5.6,12.6,6.6,79.9,85.1,19.0,57.8,8.1,18.4,53.9,23.9,14.3,37.6,28.3,27.8,26.3,25.5,6.5,30.9,22.0,11.5,14.3,36.3,31.7,78.3,19.9,17.8,43.8,14.7,5.8,15.8,38.4,4.5,25.3,7.8
37067,11.3,23.2,15.7,33.7,59.5,6.6,11.1,5.5,78.6,86.7,15.5,62.3,6.2,13.8,63.7,24.0,11.0,31.5,23.5,16.7,13.8,19.1,6.3,29.9,14.0,8.3,9.2,33.6,24.5,82.6,17.1,13.0,41.5,12.1,3.8,9.4,34.2,3.2,16.6,5.3
37069,11.7,24.5,15.9,34.4,58.7,6.6,11.0,5.7,78.2,85.9,16.1,59.8,6.4,14.8,61.3,25.2,10.7,32.5,24.5,17.0,13.6,19.0,6.5,31.5,14.2,8.5,9.3,35.0,24.0,75.0,17.9,13.3,38.3,12.4,3.9,9.3,37.4,3.3,17.5,5.3
37071,11.4,24.9,16.4,33.7,59.7,6.9,11.1,5.7,78.2,85.7,16.4,59.9,6.7,15.0,61.0,25.9,10.7,31.8,23.2,16.7,13.7,19.3,6.7,32.0,14.0,8.7,9.1,34.3,24.4,77.9,18.3,13.2,35.9,12.7,3.9,9.2,38.1,3.2,19.2,5.3
37073,10.9,25.8,15.7,36.5,59.9,6.4,11.6,6.1,77.8,84.8,17.5,59.0,7.3,17.1,59.2,26.1,11.7,34.4,25.7,19.1,16.6,20.9,6.7,31.6,15.6,9.6,10.4,35.6,26.7,77.4,19.5,14.6,38.5,13.4,4.3,10.7,37.3,3.7,22.7,5.8
37075,10.6,25.0,17.7,32.8,56.8,7.3,11.2,5.9,76.4,84.4,17.2,60.2,7.1,16.6,60.3,27.5,9.8,32.7,23.4,14.6,11.3,18.8,7.4,31.6,11.8,8.7,8.4,34.2,23.6,78.4,19.2,12.8,35.5,13.2,3.6,7.6,34.3,3.1,18.9,4.8
37077,12.3,24.1,15.5,36.1,60.0,6.4,11.3,5.9,78.4,85.5,16.5,61.0,6.7,15.5,59.3,24.2,11.3,32.5,25.0,18.9,15.4,20.4,6.6,31.8,15.4,8.9,10.1,34.4,25.4,77.4,18.1,13.7,35.9,12.7,4.2,10.3,36.6,3.5,17.8,5.7
37079,17.2,26.3,14.9,40.3,61.2,6.0,11.2,7.1,77.5,82.9,19.5,56.4,8.6,19.7,51.2,23.7,14.3,38.8,28.5,26.7,23.5,26.4,7.6,32.3,20.6,11.2,13.7,36.3,31.6,78.3,19.3,17.4,42.7,15.0,5.8,14.2,40.9,4.4,29.2,7.9
37081,10.6,24.4,14.4,35.1,61.2,6.3,11.2,5.5,79.7,87.0,15.3,60.0,6.0,13.5,60.7,24.5,11.2,32.1,24.7,17.5,14.6,18.3,6.2,31.2,15.1,8.3,9.6,34.1,23.5,79.2,17.3,12.8,38.6,12.0,3.9,10.1,36.3,3.3,13.3,5.3
37083,14.5,27.5,13.5,42.9,62.8,5.7,12.5,7.1,79.7,83.7,20.4,55.2,9.1,20.5,51.9,23.9,15.2,39.0,29.3,30.9,29.4,27.3,7.2,32.3,23.5,12.6,15.8,37.7,33.1,77.6,20.4,18.9,42.6,15.6,6.5,17.3,39.6,4.8,27.5,8.7
37085,12.3,25.1,16.4,36.5,59.5,6.6,11.0,5.9,78.5,85.8,16.6,62.5,6.7,15.2,60.4,26.1,11.1,33.5,24.1,17.4,14.3,20.2,6.7,31.8,14.3,8.8,9.5,33.9,25.7,76.5,18.3,13.8,36.7,12.9,4.0,9.6,37.5,3.4,14.8,5.5
37087,9.6,24.6,17.6,32.2,57.6,7.5,10.8,5.7,76.5,85.5,15.8,62.1,6.6,14.4,66.0,28.5,9.2,31.8,21.0,12.8,10.2,17.3,7.1,31.6,10.5,8.0,7.4,33.0,21.8,80.0,18.1,12.1,33.2,12.4,3.3,7.0,31.5,2.9,15.3,4.4
37089,10.6,23.4,16.6,30.4,57.3,7.3,10.5,5.4,77.2,86.0,14.9,59.8,6.1,13.2,64.8,25.8,9.1,29.3,20.6,12.8,9.8,17.0,6.7,31.3,10.7,7.5,7.4,31.2,21.0,76.6,17.2,11.5,30.4,11.8,3.2,7.0,34.4,2.8,12.2,4.4
37091,13.9,26.7,13.0,42.2,63.4,5.6,12.4,6.8,80.5,84.8,19.1,59.5,8.3,18.8,51.1,23.9,15.2,38.0,28.8,28.7,27.3,26.1,6.7,32.2,22.5,11.7,14.8,36.8,31.6,77.6,19.9,18.1,43.3,14.8,6.1,16.5,42.9,4.6,29.3,8.2
37093,12.9,26.1,14.3,38.2,60.9,5.8,11.6,6.2,79.5,85.6,17.4,58.6,6.9,16.2,57.5,24.4,13.2,35.1,25.8,22.4,18.8,22.8,6.7,31.7,18.2,9.8,11.9,35.7,28.1,77.5,18.9,15.5,38.1,13.8,4.8,12.5,39.8,3.9,24.6,6.7
37095,14.4,26.1,15.7,39.7,60.9,6.4,10.9,7.0,77.6,83.2,18.6,54.4,8.5,19.4,50.5,24.3,13.3,37.3,26.5,23.3,20.8,24.4,7.7,32.5,17.9,10.5,12.3,34.6,29.4,73.9,19.0,16.5,40.8,14.6,5.3,12.9,38.0,4.1,26.1,7.1
37097,9.6,23.3,17.0,32.4,57.8,7.1,10.5,5.2,78.3,86.6,14.5,60.4,5.6,12.9,63.5,25.2,9.0,29.5,22.0,12.6,9.4,16.2,6.3,31.7,10.7,7.2,7.2,32.4,20.7,77.6,16.9,11.2,32.3,11.3,3.1,7.0,30.9,2.8,12.0,4.2
37099,10.6,25.7,16.8,33.5,57.7,7.4,11.1,6.2,77.2,84.8,16.9,56.3,7.4,16.1,61.8,27.9,10.9,33.6,21.7,15.7,13.1,19.3,7.7,32.2,12.6,9.1,9.1,34.1,24.2,76.0,19.0,13.7,36.7,13.3,3.9,8.7,34.0,3.3,15.3,5.3
37101,11.8,23.6,15.9,32.9,58.7,6.8,10.7,5.4,78.2,86.3,15.4,61.7,6.0,13.9,61.1,24.6,10.5,31.6,22.9,15.4,11.8,18.2,6.5,31.5,13.0,8.0,8.5,32.9,23.1,81.5,17.4,12.5,34.5,12.2,3.6,8.4,35.5,3.1,15.6,5.0
37103,12.8,26.7,15.1,38.2,60.8,6.5,11.7,6.7,78.2,83.9,18.8,59.0,8.4,18.6,55.7,26.5,12.7,36.7,24.9,22.3,20.6,23.5,7.4,32.2,17.1,10.7,11.8,34.6,28.6,79.2,19.9,16.3,39.6,14.5,5.1,12.2,36.9,4.0,18.4,6.8
37105,14.4,25.0,16.2,34.6,59.5,6.6,10.9,6.0,77.8,85.2,17.2,59.3,6.9,15.6,57.8,25.1,11.7,34.1,24.8,19.1,15.2,21.5,7.0,32.9,15.8,9.2,10.3,35.2,26.5,74.4,18.5,14.3,37.7,13.4,4.3,10.0,39.1,3.4,16.2,6.0
37107,14.6,27.0,13.8,40.5,62.2,6.1,12.3,7.0,79.5,83.9,20.0,58.0,8.9,20.0,53.5,25.6,14.1,39.0,26.5,27.1,25.9,26.7,7.3,32.2,21.0,12.0,14.1,35.5,32.3,76.9,20.3,18.2,42.5,15.4,6.0,15.1,41.4,4.5,25.1,8.0
37109,10.1,24.0,17.9,31.9,57.7,7.3,10.6,5.4,76.8,85.9,15.4,60.8,6.2,14.0,62.6,26.3,9.1,29.6,22.0,12.6,9.7,16.6,6.6,31.3,10.8,7.6,7.3,33.1,21.5,79.2,17.6,11.5,34.4,11.8,3.2,6.9,34.4,2.9,11.8,4.3
37111,11.8,25.6,16.9,33.6,57.6,7.3,11.0,6.2,77.0,84.1,17.6,60.4,7.7,17.3,52.8,27.4,10.3,33.7,22.5,16.0,13.4,19.9,7.5,32.9,12.4,9.2,8.8,33.8,24.6,74.0,19.1,13.7,35.0,13.6,4.0,8.3,36.3,3.3,17.4,5.3
37113,11.4,24.8,16.9,33.6,57.5,7.4,10.8,6.1,77.1,84.7,16.9,61.3,7.2,15.7,62.3,27.8,10.0,33.1,21.2,15.1,12.3,19.0,7.5,32.2,12.0,8.7,8.4,32.0,24.3,77.4,18.6,13.1,35.6,13.1,3.8,8.0,32.6,3.2,12.4,5.1
37115,9.3,24.5,17.3,32.3,56.5,7.6,10.8,5.6,77.5,85.5,15.9,59.4,6.6,14.6,61.2,27.4,9.1,31.2,20.6,12.3,10.0,17.0,7.0,31.4,10.1,7.9,7.3,32.2,21.6,77.2,18.0,12.0,34.9,12.2,3.3,6.8,32.0,2.9,19.4,4.4
37117,12.6,26.3,14.2,38.8,61.3,6.1,12.2,6.4,79.0,84.7,18.8,59.0,8.0,18.2,53.9,25.9,13.1,37.0,26.9,23.9,21.6,23.8,6.8,31.9,18.9,10.9,12.4,37.0,28.6,78.7,20.1,16.6,40.4,14.4,5.2,13.2,38.9,4.1,25.2,6.9
37119,10.1,22.1,15.1,31.3,59.3,6.4,10.4,4.9,78.8,87.9,13.2,60.4,5.0,10.7,63.7,22.4,10.1,27.6,23.6,14.5,10.7,15.9,5.6,30.6,12.5,6.9,7.9,32.4,21.1,80.3,15.6,11.2,29.5,10.7,3.2,8.2,38.6,2.9,8.3,4.6
37121,10.0,24.7,17.6,32.1,56.9,7.5,10.8,5.7,76.8,85.0,16.1,64.3,6.8,15.1,62.8,27.5,9.4,31.1,21.5,12.8,10.3,17.5,7.1,31.6,10.6,8.2,7.5,32.8,22.7,75.3,18.4,12.2,37.0,12.5,3.4,7.0,32.8,3.0,12.6,4.5
37123,14.5,25.7,15.3,36.0,59.5,6.7,11.2,6.4,78.0,84.4,17.9,59.9,7.7,16.9,58.7,25.9,11.8,35.2,24.7,20.5,17.1,22.5,7.4,32.2,16.2,9.8,10.8,35.0,27.3,77.4,18.9,15.1,38.9,14.1,4.5,10.6,35.8,3.6,20.2,6.3
37125,8.8,23.0,16.9,31.3,57.6,7.3,10.5,5.1,78.3,87.0,14.0,61.2,5.4,11.8,67.5,25.2,8.9,28.4,21.1,11.4,8.6,15.1,6.2,31.5,9.9,6.9,6.8,31.4,19.2,77.3,16.6,10.6,32.8,11.0,2.9,6.6,32.7,2.7,13.3,4.0
37127,12.3,25.1,14.9,37.4,61.5,6.1,11.6,5.9,79.2,85.7,16.9,59.0,6.9,15.9,57.5,23.8,12.3,33.5,26.2,21.2,18.1,21.7,6.3,32.1,17.7,9.5,11.2,34.5,27.5,80.9,18.6,14.8,38.3,13.1,4.5,11.9,37.3,3.7,18.4,6.1
37129,8.7,23.9,19.1,31.7,57.3,7.4,10.6,5.3,78.4,86.8,14.3,64.5,5.7,12.2,68.1,25.7,9.2,29.2,20.5,11.8,9.6,15.9,6.4,32.9,10.2,7.3,7.2,32.6,20.3,79.5,17.1,11.1,31.8,11.2,3.1,7.0,32.1,2.8,9.4,4.2
37131,12.8,26.5,13.5,41.1,62.5,5.8,12.3,6.5,80.4,85.0,18.7,58.4,8.0,18.4,55.9,24.4,14.2,37.6,28.4,26.7,24.9,24.9,6.5,31.3,21.2,11.3,13.8,36.5,30.2,76.2,19.8,17.3,43.1,14.3,5.6,15.3,40.1,4.4,23.3,7.5
37133,11.3,24.4,15.9,34.1,58.5,6.8,10.4,5.8,79.1,85.3,16.1,61.5,6.6,15.1,63.0,23.8,10.7,32.6,22.9,15.8,12.8,18.8,6.9,30.4,13.1,8.3,8.8,33.5,22.9,78.1,17.8,13.0,36.0,12.5,3.8,8.8,38.6,3.2,14.2,5.2
37135,7.9,22.2,16.2,29.8,58.3,7.1,10.1,4.8,78.6,87.9,12.4,66.1,4.8,10.3,71.2,24.4,9.0,25.6,20.0,10.4,7.5,13.8,5.8,31.2,9.0,6.2,6.3,31.1,18.4,78.4,15.3,9.8,29.5,10.0,2.7,6.0,30.6,2.6,7.7,3.8
37137,10.7,24.7,16.5,35.0,58.9,6.9,10.8,5.8,77.8,85.4,16.1,59.0,6.7,15.1,60.7,25.4,10.4,31.9,23.5,15.6,12.8,18.9,6.8,31.0,13.0,8.4,8.8,33.6,23.5,74.1,18.0,12.9,36.3,12.5,3.7,8.8,34.7,3.2,15.3,5.0
37139,10.4,24.4,15.5,35.9,60.5,6.4,11.4,5.6,79.5,86.4,15.8,60.5,6.3,14.5,60.5,24.4,11.3,31.8,24.7,17.3,14.5,19.3,6.2,31.5,14.8,8.6,9.6,34.0,24.4,77.1,18.0,13.4,38.7,12.3,3.9,10.1,36.7,3.4,16.3,5.3
37141,10.2,24.2,17.9,32.4,57.5,7.1,10.7,5.5,77.2,85.9,15.3,61.3,6.1,14.1,61.2,25.8,9.7,30.0,22.5,13.4,10.5,17.1,6.6,30.3,11.5,7.8,7.7,33.1,21.0,78.7,17.8,12.0,35.6,12.0,3.4,7.5,32.9,3.0,10.7,4.5
37143,10.8,25.0,16.4,34.9,59.3,6.8,11.4,5.9,78.2,85.3,16.8,62.3,7.0,15.9,63.6,26.2,10.7,32.4,24.0,16.9,14.2,19.4,6.8,31.5,13.8,9.0,9.3,34.2,24.6,77.9,18.8,13.4,37.5,12.9,3.9,9.3,34.2,3.4,16.5,5.3
37145,11.5,25.4,16.1,36.7,59.5,6.6,11.5,6.1,78.1,85.1,17.3,60.8,7.3,16.5,56.1,26.2,11.6,33.9,24.4,18.9,16.3,20.7,6.8,31.4,15.2,9.5,10.2,34.4,26.5,78.1,19.0,14.5,38.5,13.4,4.3,10.4,37.8,3.6,18.3,5.8
37147,10.5,25.5,14.8,35.5,62.0,6.4,11.5,5.8,79.4,86.2,16.1,62.7,6.7,15.0,62.9,25.0,12.0,32.1,24.1,18.9,16.9,19.7,6.4,31.4,16.0,9.1,10.4,34.1,25.9,77.9,18.0,14.3,40.8,12.6,4.3,11.4,36.1,3.6,20.5,5.8
37149,9.8,24.1,17.4,32.1,57.3,7.4,10.8,5.6,76.8,85.7,15.4,62.3,6.5,14.1,68.6,26.8,9.4,30.5,20.7,12.9,10.2,17.2,6.8,31.5,10.7,7.9,7.5,31.7,21.8,77.0,17.8,12.0,35.7,12.1,3.3,7.0,30.3,2.9,8.1,4.5
37151,13.8,25.3,16.3,34.3,58.1,7.0,10.9,6.3,77.1,84.1,17.9,59.7,7.7,16.9,56.4,27.4,10.9,34.6,23.0,17.9,14.6,21.5,7.5,32.6,14.3,9.4,9.6,33.8,26.5,77.7,19.1,14.2,39.7,13.8,4.1,9.2,35.7,3.4,20.7,5.7
37153,14.0,27.4,14.1,39.5,61.6,6.4,12.2,7.1,78.8,83.6,19.8,57.9,9.1,20.0,54.9,26.8,13.8,38.9,26.2,26.0,24.4,25.8,7.7,32.2,20.0,11.8,13.7,35.5,30.9,78.5,20.3,17.7,43.0,15.3,5.8,14.6,37.9,4.3,27.1,7.8
37155,16.7,29.4,12.2,42.9,63.3,5.9,13.3,8.1,80.1,82.5,21.8,55.4,10.3,23.1,48.8,23.4,16.4,41.2,26.4,31.2,30.9,30.6,9.5,33.8,23.0,13.9,17.6,33.9,34.9,74.9,20.9,20.7,48.1,17.3,6.9,17.4,40.1,5.2,31.1,10.5
37157,12.5,25.5,16.3,35.9,59.4,6.8,11.4,6.2,77.8,84.4,18.3,59.6,7.8,17.6,57.3,26.7,11.3,35.7,24.8,19.0,16.6,21.5,7.2,31.8,15.1,9.9,10.3,35.5,26.8,75.8,19.7,15.0,37.1,13.9,4.4,10.2,38.1,3.6,19.2,6.0
37159,12.2,25.3,15.9,33.8,58.2,6.8,11.0,6.0,77.7,85.0,17.1,57.5,7.2,16.2,60.5,25.4,10.8,34.6,22.9,17.4,14.8,20.3,7.1,31.6,14.2,9.1,9.6,33.3,26.4,75.5,18.6,13.9,37.4,13.4,4.1,9.5,31.8,3.4,18.8,5.6
37161,12.0,25.7,16.1,34.8,58.5,7.2,11.4,6.5,76.7,83.8,18.2,61.0,8.2,17.8,56.8,28.3,11.1,35.4,23.1,18.1,15.8,21.4,7.6,31.7,14.0,10.0,9.8,33.7,26.8,76.9,19.7,14.7,38.0,14.1,4.4,9.7,34.3,3.5,20.2,5.9
37163,16.2,25.5,15.1,38.0,60.4,6.2,11.3,6.6,77.6,84.1,18.7,55.8,7.8,17.5,53.2,25.4,13.0,37.1,26.0,23.3,19.8,24.4,7.3,32.5,18.2,10.4,12.1,36.4,29.4,76.6,19.3,16.2,41.7,14.5,5.1,12.2,35.6,3.9,25.4,7.1
37165,14.6,27.0,13.9,42.6,61.7,6.1,12.5,7.5,79.0,83.0,20.7,55.2,9.6,22.0,50.5,25.0,15.2,40.8,27.8,29.4,28.5,28.2,8.0,33.1,22.4,12.6,15.7,37.6,32.7,75.0,20.7,19.1,45.5,16.1,6.4,16.8,41.3,4.8,22.5,8.7
37167,11.2,25.0,16.5,33.9,58.7,7.1,11.1,6.0,76.8,84.8,17.0,58.0,7.3,16.3,60.1,26.7,10.5,32.8,23.6,16.2,13.5,19.5,7.2,31.9,13.0,9.0,9.0,33.7,24.2,76.8,18.8,13.5,36.3,13.2,3.9,8.8,35.7,3.3,20.0,5.2
37169,10.5,25.9,17.0,33.5,57.7,7.3,11.0,6.0,77.1,84.6,17.0,61.0,7.3,16.5,60.6,28.2,9.9,32.6,22.0,14.5,12.1,18.9,7.3,32.6,11.7,8.8,8.3,34.2,24.1,75.6,19.0,13.0,36.8,13.1,3.7,7.9,33.0,3.2,15.3,4.9
37171,13.3,25.8,15.9,34.1,57.9,7.3,11.3,6.4,77.0,83.9,18.3,59.1,8.1,17.5,57.8,28.4,10.8,36.2,22.7,18.0,15.2,21.8,7.8,33.0,13.8,9.7,9.6,33.6,27.1,75.7,19.4,14.8,40.8,14.1,4.3,9.1,33.7,3.4,18.1,5.8
37173,11.9,26.4,16.0,36.5,58.2,7.1,12.3,6.8,77.7,83.5,19.5,56.4,8.6,20.4,55.4,27.9,12.5,38.4,24.7,21.9,18.2,23.7,8.7,32.9,16.3,11.0,12.4,35.4,26.5,73.8,20.7,16.3,40.8,15.4,4.7,11.6,36.2,3.8,19.7,6.9
37175,8.6,24.3,17.6,32.0,56.8,7.6,10.6,5.4,78.1,86.3,14.7,60.9,6.1,13.1,67.9,27.0,8.9,28.8,20.0,11.4,9.1,15.9,6.7,31.3,9.7,7.4,6.9,31.3,19.7,78.9,17.4,11.1,34.4,11.6,3.1,6.6,32.0,2.8,11.6,4.1
37177,15.0,25.8,15.1,38.3,60.5,6.1,11.2,6.8,77.4,83.4,18.9,58.7,8.2,18.8,59.1,24.5,13.3,37.1,26.7,23.6,20.8,24.6,7.3,32.2,18.1,10.7,12.3,35.3,29.5,78.2,19.2,16.5,41.3,14.6,5.2,12.5,37.0,4.1,19.9,7.2
37179,9.9,22.3,16.5,31.0,57.5,6.9,10.2,5.0,78.3,87.2,13.7,63.4,5.2,11.8,69.1,24.6,9.3,27.2,21.6,12.3,8.7,15.6,6.0,32.0,10.5,6.8,6.9,31.6,21.1,73.5,16.4,10.5,33.0,11.0,2.9,6.5,31.7,2.7,14.2,4.1
37181,13.8,26.0,13.4,40.0,62.6,5.8,12.1,6.4,80.3,85.2,18.5,59.4,7.8,17.8,54.1,24.1,13.9,36.5,27.4,26.3,24.2,24.5,6.6,31.8,20.9,11.0,13.6,36.6,30.0,80.9,19.5,16.7,42.8,14.3,5.4,14.8,41.0,4.2,20.9,7.4
37183,8.0,20.6,15.0,31.2,58.0,6.7,10.0,4.5,79.8,88.7,12.0,64.0,4.4,9.5,70.4,23.1,9.0,23.9,20.6,10.4,7.4,13.5,5.4,31.7,9.1,5.8,6.2,31.8,17.9,80.4,14.9,9.4,28.9,9.2,2.6,5.8,31.6,2.5,7.3,3.6
37185,13.7,26.6,13.5,41.5,62.7,5.8,12.1,7.0,79.9,84.3,19.3,57.4,8.5,19.5,50.1,24.0,14.8,38.8,28.4,28.3,26.5,26.2,7.2,31.8,21.6,11.7,14.7,36.6,31.0,79.6,19.8,18.0,44.3,14.8,5.9,16.0,41.4,4.6,22.1,8.1
37187,13.8,27.9,13.3,42.0,63.2,6.0,12.6,7.1,80.0,84.2,20.0,57.9,9.0,20.2,52.0,25.6,14.8,39.8,28.0,28.9,28.3,26.8,7.2,31.9,22.5,12.3,15.0,37.1,32.0,78.5,20.7,18.6,44.1,15.4,6.2,16.6,40.4,4.6,27.3,8.2
37189,9.5,25.7,17.6,33.8,58.4,7.6,10.8,6.3,77.9,85.1,16.2,60.3,7.3,15.1,63.5,28.1,10.5,32.1,19.4,14.1,12.5,18.6,7.6,32.4,11.3,8.7,8.3,31.5,23.0,76.2,18.3,13.1,37.0,12.9,3.9,8.2,32.1,3.2,17.1,5.1
37191,13.4,25.5,15.4,38.0,61.1,6.3,11.5,6.3,78.7,84.9,17.6,57.4,7.5,16.8,59.2,24.8,12.5,35.2,25.6,21.7,18.8,22.4,6.9,31.5,17.1,10.0,11.4,33.5,27.6,76.7,18.7,15.5,39.9,13.8,4.8,11.8,35.7,3.8,18.5,6.5
37193,12.6,25.7,16.7,34.4,58.0,7.3,11.2,6.4,76.8,83.6,18.3,57.5,8.2,17.8,57.7,28.5,10.7,34.8,23.5,17.5,14.7,21.0,7.8,32.6,13.4,9.8,9.4,35.1,25.9,75.8,19.5,14.4,38.2,14.1,4.3,8.9,34.3,3.5,23.4,5.7
37195,14.5,26.6,13.7,39.8,62.3,6.1,12.0,6.8,79.8,84.5,18.9,54.7,8.3,18.4,52.1,24.8,14.0,38.4,26.5,26.2,24.1,25.4,7.1,31.7,20.2,11.3,13.4,34.6,30.6,78.9,19.4,17.5,38.5,14.8,5.6,14.3,38.1,4.3,17.7,7.6
37197,12.8,24.9,16.6,34.1,57.6,7.3,11.0,6.2,76.8,84.1,17.6,59.0,7.6,16.7,58.4,27.7,10.4,33.7,22.2,16.4,13.5,20.1,7.5,32.3,13.1,9.2,9.0,33.3,25.3,77.5,19.0,13.7,36.3,13.7,4.0,8.5,33.8,3.3,15.1,5.4
37199,11.1,25.3,17.2,32.9,57.4,7.4,11.0,6.1,76.7,84.2,17.2,58.2,7.5,16.6,63.6,28.3,10.0,33.3,21.9,14.9,12.5,19.3,7.5,31.8,11.6,9.0,8.3,33.0,24.0,77.0,19.0,13.3,35.6,13.4,3.8,7.8,32.0,3.2,21.0,5.1
38001,8.7,24.2,21.3,31.0,58.8,7.2,10.4,5.9,72.0,80.1,14.6,58.3,6.6,16.7,58.7,21.6,9.8,29.5,22.9,13.9,9.3,18.3,7.5,30.7,11.1,8.2,7.8,30.5,25.6,79.3,16.0,11.9,35.7,12.5,3.6,7.3,34.5,3.1,12.8,4.7
38003,7.2,23.2,23.9,30.1,58.3,7.1,10.1,5.4,71.1,81.5,12.9,58.3,5.5,14.3,65.2,21.4,9.0,26.4,21.1,10.9,6.9,15.8,7.1,28.8,9.3,7.0,6.6,28.2,22.2,74.9,15.1,10.2,38.5,11.2,3.0,6.1,32.4,2.8,11.8,3.9
38005,10.2,26.4,19.6,36.6,60.4,6.8,12.5,7.4,73.1,78.1,17.9,51.6,8.4,23.1,49.3,22.2,13.4,37.7,25.8,24.8,17.7,25.6,10.0,31.7,18.3,11.4,14.1,31.1,30.5,66.7,18.3,16.4,43.8,16.0,5.1,13.2,41.2,4.1,22.3,7.7
38007,7.6,22.8,22.0,30.8,58.4,7.2,9.6,5.6,72.9,81.6,12.7,61.9,5.5,14.0,65.7,20.3,9.2,26.5,21.8,11.2,6.9,16.0,7.2,30.1,9.2,6.8,6.4,29.7,22.7,77.6,14.6,10.2,36.4,11.1,3.0,6.0,31.9,2.8,10.0,3.9
38009,7.3,23.2,23.2,30.6,57.7,7.4,10.3,5.3,72.2,82.1,12.8,58.2,5.5,14.2,60.2,21.0,8.7,26.7,21.2,10.9,6.6,15.4,7.0,30.7,9.3,6.9,6.5,29.1,22.2,76.4,15.0,10.0,38.1,11.2,2.9,6.0,34.9,2.7,6.5,3.8
38011,8.3,22.7,22.9,29.0,57.4,7.3,10.1,5.2,71.6,81.5,13.4,58.7,5.6,14.5,61.4,21.0,8.5,26.4,21.7,11.1,6.7,15.9,6.9,29.7,9.4,7.1,6.5,30.0,22.2,73.0,15.1,10.2,36.7,11.4,3.0,5.8,35.4,2.7,12.4,3.9
38013,7.4,22.8,23.3,29.7,57.1,7.4,9.9,5.0,72.0,82.2,12.5,59.6,5.1,13.5,67.4,21.0,8.2,25.5,21.5,9.6,5.5,14.8,6.7,30.3,8.7,6.5,5.9,29.7,20.6,76.9,14.7,9.5,37.2,10.9,2.7,5.4,31.8,2.6,8.2,3.5
38015,6.5,22.4,22.3,27.6,57.7,7.4,9.9,4.9,73.3,83.1,11.8,63.4,4.9,12.1,69.6,19.8,8.1,26.0,19.8,8.9,5.5,13.7,6.6,30.1,8.0,6.1,5.7,28.9,17.7,77.7,13.8,9.5,35.5,10.1,2.6,5.3,30.9,2.5,7.6,3.5
38017,6.2,22.8,21.3,29.3,59.7,7.2,9.8,5.2,75.2,83.7,11.6,59.6,4.7,12.0,66.0,23.4,8.5,23.1,19.4,9.5,6.0,14.2,6.4,30.7,8.3,6.3,5.8,29.2,18.3,81.8,13.5,9.0,35.1,10.0,2.7,5.4,31.6,2.5,9.7,3.5
38019,7.1,22.9,23.8,30.0,57.3,7.4,10.0,5.2,73.5,82.4,12.6,59.0,5.2,13.4,64.1,21.3,8.2,25.7,21.6,9.8,5.8,14.9,6.8,31.0,8.8,6.5,6.0,29.8,21.0,79.4,14.8,9.8,40.1,10.9,2.8,5.5,32.5,2.6,6.9,3.5
38021,7.9,24.1,22.7,30.5,57.5,7.3,10.3,5.6,72.0,81.5,13.6,57.7,5.9,14.8,61.6,21.4,9.2,27.8,21.2,11.4,7.3,16.4,7.2,30.9,9.6,7.4,6.7,29.4,23.1,75.1,15.4,10.9,39.6,11.8,3.2,6.3,34.6,2.8,10.0,4.1
38023,8.2,23.3,23.4,29.9,57.8,7.3,10.4,5.6,72.6,81.6,13.7,58.8,5.8,14.9,64.0,21.5,9.0,27.7,21.5,11.7,7.3,17.0,7.2,29.4,10.1,7.4,6.9,30.0,23.1,78.3,15.6,10.7,37.8,11.8,3.2,6.4,31.9,2.8,9.6,4.1
38025,8.1,22.6,22.1,30.3,57.8,7.1,10.2,5.6,72.0,81.3,13.5,59.4,5.6,15.0,62.7,20.7,9.4,28.0,23.4,11.9,7.1,16.5,7.5,29.9,10.2,7.2,7.1,30.3,22.7,75.3,15.4,10.7,36.5,11.6,3.1,6.5,31.9,2.9,10.9,4.2
38027,8.8,25.1,21.7,31.6,59.1,7.3,10.7,6.1,72.6,80.3,14.7,57.2,6.7,16.8,60.2,22.0,10.2,29.8,21.7,14.6,10.2,19.1,7.9,30.7,11.6,8.5,8.3,31.6,25.3,71.2,16.0,12.3,38.8,12.8,3.8,8.0,32.1,3.2,18.2,5.0
38029,8.2,23.3,22.7,30.5,58.0,7.4,10.5,5.8,72.5,80.7,14.3,61.4,6.3,16.0,65.0,21.6,9.2,28.8,22.3,12.4,8.2,17.7,7.5,30.0,10.1,7.8,7.1,30.4,23.0,75.0,15.8,11.2,38.8,12.1,3.3,6.6,32.5,2.9,10.2,4.3
38031,7.0,23.5,23.4,30.0,57.9,7.5,10.2,5.3,72.4,82.1,12.9,60.9,5.5,13.9,64.2,21.6,8.7,25.9,20.7,10.3,6.5,15.5,6.9,30.4,9.0,6.9,6.3,30.0,22.1,76.1,15.1,10.1,35.9,11.3,3.0,5.9,32.9,2.7,9.1,3.8
38033,8.0,24.6,22.0,31.7,59.1,7.3,10.6,6.0,72.6,80.7,14.5,57.4,6.5,16.5,62.4,22.2,9.8,29.3,21.7,12.8,8.9,17.8,7.7,30.3,10.7,8.1,7.5,29.7,25.7,76.0,16.4,11.8,37.8,12.5,3.6,7.3,34.0,3.1,12.7,4.6
38035,7.1,24.4,23.6,30.3,59.3,7.3,10.4,5.5,73.8,82.4,12.8,58.6,5.6,12.9,62.6,22.7,9.8,26.9,20.6,11.1,7.3,16.5,7.0,31.8,9.6,7.1,6.7,29.7,22.6,77.4,14.8,10.5,37.9,11.6,3.1,6.5,34.2,2.8,15.1,4.1
38037,8.7,25.2,21.7,32.9,59.1,7.3,10.7,6.4,72.3,79.8,15.3,55.5,7.2,17.8,57.0,22.5,10.3,30.7,22.1,14.6,10.6,19.7,8.2,29.8,11.4,8.9,8.3,30.3,27.0,73.6,16.5,12.8,41.8,13.3,3.9,7.8,33.5,3.3,13.2,5.1
38039,6.9,23.2,22.6,30.1,57.3,7.4,9.9,5.2,71.7,81.6,12.6,58.7,5.4,13.8,64.7,20.8,8.3,26.3,21.0,10.2,6.4,15.1,6.9,30.0,8.8,6.8,6.1,29.2,20.7,73.8,14.7,10.0,37.9,11.0,2.9,5.8,33.0,2.7,12.5,3.7
38041,7.7,23.1,22.5,29.9,58.0,7.3,10.5,5.5,72.5,81.5,13.7,59.4,5.8,15.3,61.1,21.9,8.9,27.7,22.4,11.8,7.3,16.3,7.2,30.0,10.1,7.4,7.0,31.4,23.0,72.0,15.9,10.5,37.9,11.7,3.1,6.4,34.2,2.8,11.2,4.0
38043,7.9,24.2,23.3,30.3,58.6,7.4,10.3,5.7,72.5,81.2,13.8,55.7,5.9,15.3,59.5,22.1,9.1,28.1,21.5,11.5,7.4,16.7,7.4,30.8,9.8,7.4,6.8,29.2,24.1,73.3,15.7,10.9,40.2,12.0,3.2,6.3,35.0,2.9,15.2,4.1
38045,7.9,23.4,23.1,29.0,57.9,7.3,10.2,5.6,72.1,81.2,13.5,59.5,5.8,15.0,66.7,21.1,8.8,26.9,21.8,11.2,7.1,16.4,7.2,29.9,9.5,7.3,6.6,29.3,23.1,74.4,15.3,10.6,35.2,11.6,3.1,6.1,31.6,2.8,16.0,4.0
38047,8.8,24.1,21.7,31.4,58.8,7.3,10.5,6.0,71.8,80.3,14.6,57.8,6.6,16.3,59.1,22.0,9.5,29.8,21.7,13.3,9.0,18.2,7.7,29.7,10.8,8.2,7.6,31.3,25.0,76.4,16.1,11.8,40.9,12.6,3.6,7.2,34.5,3.1,11.3,4.6
38049,8.1,23.8,22.6,31.1,58.4,7.3,10.2,5.6,72.4,81.1,13.7,57.7,5.9,15.5,64.0,21.4,8.9,28.5,21.5,11.5,7.3,16.6,7.3,29.7,9.8,7.4,6.8,30.5,24.2,79.2,15.5,11.0,41.7,12.0,3.1,6.3,33.1,2.9,15.3,4.1
38051,9.4,24.4,21.4,31.2,58.6,7.2,10.5,5.9,72.1,80.0,15.1,56.2,6.7,17.1,60.7,21.8,9.8,30.6,22.9,14.1,9.6,19.1,7.7,30.3,11.3,8.5,7.9,31.6,25.4,77.7,16.4,12.2,36.7,12.9,3.7,7.4,34.4,3.1,18.1,4.8
38053,9.2,24.2,22.4,31.3,57.7,7.1,10.3,5.7,71.7,81.5,13.5,56.0,5.7,15.0,57.4,20.5,9.9,29.0,22.7,13.0,7.9,17.0,7.5,30.2,11.0,7.4,7.6,29.9,24.2,74.1,15.1,11.2,40.9,12.0,3.3,7.1,39.8,2.9,11.1,4.5
38055,7.1,23.8,23.2,29.9,58.7,7.3,10.2,5.2,73.4,82.3,12.7,60.5,5.3,14.3,64.7,21.9,8.6,26.4,22.4,10.3,6.2,15.5,7.0,30.5,9.1,6.8,6.4,31.1,22.7,79.1,15.2,10.1,40.2,11.2,2.8,5.8,32.7,2.7,10.5,3.7
38057,8.0,23.8,22.3,30.7,58.4,7.2,10.5,5.7,72.1,81.1,14.0,54.6,6.1,15.4,63.1,21.6,9.1,28.9,21.7,12.3,7.9,17.4,7.5,30.6,10.2,7.6,7.2,29.3,23.3,73.6,15.6,11.0,39.6,12.1,3.3,6.7,33.2,2.9,9.8,4.3
38059,7.2,23.3,23.2,29.3,58.0,7.4,10.2,5.2,73.4,82.2,12.4,59.6,5.2,13.6,64.6,21.6,8.3,25.4,20.7,10.3,6.1,15.0,6.8,31.0,9.2,6.6,6.2,29.0,21.7,74.9,14.8,9.8,38.4,10.7,2.8,5.8,34.3,2.6,7.3,3.7
38061,10.3,24.4,21.0,32.7,58.0,6.8,11.2,6.4,71.8,79.9,15.6,54.2,6.7,19.0,60.5,20.7,11.6,33.1,24.8,18.2,11.6,21.0,8.6,30.7,14.7,9.0,10.3,31.4,29.4,73.0,16.7,13.5,41.8,13.6,4.0,9.5,35.6,3.4,16.6,5.8
38063,7.6,23.4,23.0,30.2,58.1,7.3,9.9,5.3,72.4,82.0,12.8,61.4,5.3,13.9,63.1,21.6,8.6,26.9,21.4,10.6,6.3,15.3,7.1,30.4,9.3,6.8,6.3,29.6,21.2,79.3,14.7,10.1,39.8,11.0,2.9,5.9,33.8,2.7,11.2,3.8
38065,7.0,22.4,23.5,28.6,57.5,7.4,10.1,5.2,72.4,82.2,12.6,57.9,5.1,13.7,62.6,20.9,8.3,25.6,22.0,9.5,5.5,14.6,6.8,29.8,8.6,6.5,5.9,29.6,21.7,76.3,15.0,9.5,34.6,10.9,2.7,5.4,34.3,2.6,9.0,3.5
38067,8.5,23.9,24.2,30.3,58.0,7.2,10.1,5.8,71.4,80.9,13.8,57.9,5.9,15.3,62.1,21.6,9.3,28.1,23.0,12.2,7.7,17.8,7.4,29.9,10.3,7.4,7.1,30.1,24.0,77.1,15.6,11.1,42.1,12.1,3.3,6.6,34.4,2.9,11.1,4.3
38069,7.5,23.7,23.1,29.3,58.3,7.3,10.3,5.4,73.1,81.6,13.2,57.4,5.7,14.9,63.4,22.0,9.0,27.6,21.4,11.9,7.5,16.5,7.2,29.7,9.8,7.3,6.9,29.4,23.6,73.1,15.4,10.8,40.9,11.6,3.1,6.5,33.6,2.8,11.5,4.1
38071,8.1,24.1,20.6,30.9,58.7,7.3,10.4,5.9,73.5,80.8,14.2,57.3,6.3,16.3,64.6,21.9,9.8,28.1,22.0,13.5,9.3,18.0,7.7,31.5,11.3,8.0,8.1,27.9,24.4,75.7,15.9,11.3,41.4,12.4,3.5,7.6,32.7,3.1,12.0,4.8
38073,8.1,23.0,22.9,30.4,57.9,7.2,10.1,5.6,73.0,81.0,13.8,58.7,5.9,15.4,64.3,21.4,9.4,27.8,22.4,11.8,7.4,16.9,7.2,31.0,9.8,7.3,6.8,29.5,23.0,75.8,15.5,10.9,38.2,11.7,3.2,6.3,32.4,2.9,12.5,4.1
38075,7.5,22.8,23.5,29.8,57.5,7.3,10.1,5.3,71.7,81.7,13.2,61.3,5.4,14.4,63.1,21.1,8.5,26.7,21.8,10.6,6.3,15.2,7.0,29.3,9.1,6.8,6.2,29.8,22.7,79.7,15.3,10.0,38.7,11.2,2.9,5.8,34.5,2.7,9.9,3.7
38077,7.4,24.1,23.3,31.1,58.1,7.4,10.2,5.5,72.4,81.6,13.3,62.2,5.7,14.5,63.1,22.6,9.0,27.6,21.1,11.1,7.1,16.3,7.2,30.0,9.8,7.2,6.7,29.9,22.9,74.8,15.2,10.8,37.6,11.6,3.1,6.4,32.9,2.8,10.2,4.0
38079,11.2,28.1,18.9,38.3,60.7,6.3,13.8,7.8,73.3,77.8,19.5,49.4,9.0,26.2,46.9,22.2,16.5,41.1,28.7,31.1,22.1,29.4,11.0,31.4,22.5,13.0,17.7,33.5,34.3,68.8,19.7,19.0,50.2,17.7,5.8,16.1,40.6,4.7,26.5,9.4
38081,7.9,22.8,23.4,29.9,57.7,7.3,9.9,5.4,72.1,81.6,13.2,57.7,5.4,14.4,60.7,20.9,9.0,27.1,22.8,10.9,6.5,16.0,7.0,30.2,9.5,6.9,6.5,30.3,22.6,78.7,15.1,10.1,41.3,11.5,2.9,6.0,35.4,2.7,10.3,3.8
38083,8.2,23.6,22.7,30.8,58.0,7.3,10.4,5.6,72.1,80.9,14.2,55.9,6.0,15.7,62.2,22.5,9.0,28.8,22.5,12.0,7.5,17.1,7.4,30.3,10.1,7.6,7.1,31.0,23.6,75.8,15.8,11.0,37.6,12.0,3.2,6.4,33.9,2.9,12.0,4.2
38085,13.9,30.1,17.3,41.8,62.7,6.1,14.5,10.1,73.5,74.8,23.3,45.4,12.1,33.6,36.8,23.7,20.1,47.7,30.1,42.6,35.2,37.0,13.5,31.0,29.2,17.0,24.0,34.5,39.7,62.6,22.0,24.4,49.7,21.4,8.4,23.2,45.3,6.1,29.3,13.5
38087,7.9,23.7,23.1,31.8,58.5,7.3,10.1,5.9,71.3,80.2,14.0,57.2,6.3,16.2,62.2,21.2,9.4,28.2,22.0,12.4,8.2,17.3,7.6,30.3,10.2,7.7,7.3,30.1,23.2,74.4,15.6,11.2,38.6,12.1,3.4,6.9,33.6,3.0,12.7,4.3
38089,8.5,22.9,22.7,30.4,58.2,7.2,9.9,5.6,72.9,81.2,13.1,59.6,5.6,14.3,61.8,19.8,8.9,27.8,21.7,11.5,7.2,16.6,7.2,31.9,10.0,7.2,6.7,28.6,23.2,74.3,14.9,10.6,37.5,11.5,3.1,6.2,32.5,2.8,12.6,4.1
38091,7.7,23.6,23.0,29.9,57.8,7.5,10.1,5.7,72.1,81.3,13.4,59.5,5.9,14.8,64.1,21.5,9.0,27.9,21.2,11.4,7.4,16.3,7.4,30.5,9.5,7.3,6.7,30.1,22.4,74.5,15.3,10.6,34.9,11.6,3.2,6.3,33.4,2.9,12.6,4.1
38093,8.3,24.3,23.4,29.3,58.2,7.4,10.4,5.7,70.9,80.6,13.9,59.1,6.1,16.1,62.3,21.5,9.0,28.9,21.1,12.2,8.1,17.3,7.4,29.2,10.2,7.6,7.2,30.1,23.5,76.8,15.9,11.5,40.3,12.1,3.3,6.7,31.1,2.9,13.2,4.3
38095,9.5,25.2,21.3,32.8,58.6,7.2,10.8,6.3,72.6,79.8,15.5,51.9,7.0,17.6,56.5,22.3,10.4,31.1,23.2,15.3,10.8,19.8,8.1,30.8,12.3,8.9,8.7,31.9,27.3,75.6,16.8,12.8,43.9,13.2,3.9,8.3,33.6,3.3,8.3,5.2
38097,7.2,22.8,23.5,29.1,57.4,7.4,9.9,5.1,72.1,82.8,12.5,59.9,5.1,13.0,64.2,20.7,8.5,26.1,20.2,9.6,5.9,14.3,6.7,29.4,8.7,6.5,6.0,28.3,21.1,80.8,14.6,9.8,38.8,10.9,2.7,5.6,33.2,2.6,9.3,3.6
38099,10.6,24.1,21.6,30.1,57.5,7.1,10.1,5.7,72.6,80.7,14.0,54.9,6.0,15.3,56.7,20.9,9.4,28.6,22.4,13.6,8.4,17.6,7.4,29.5,11.3,7.7,7.6,29.5,24.6,70.4,15.2,11.4,36.0,12.0,3.4,6.9,36.5,3.0,13.6,4.6
38101,7.6,24.1,22.4,31.4,59.5,7.3,10.0,5.1,72.2,82.7,12.6,58.7,5.1,13.3,63.5,20.6,8.8,26.6,20.7,10.4,6.3,15.0,6.8,30.0,9.3,6.7,6.3,30.6,22.7,74.9,14.5,9.9,34.7,11.0,2.8,6.0,39.6,2.6,11.7,3.7
38103,8.1,24.4,22.5,30.1,58.5,7.3,10.5,5.7,72.2,80.4,14.2,59.4,6.3,15.9,63.8,21.8,9.4,28.6,21.7,12.5,8.5,17.6,7.5,29.8,10.3,7.9,7.3,31.3,23.7,74.7,16.1,11.5,38.2,12.3,3.4,6.9,32.6,3.0,12.6,4.4
38105,9.3,22.9,23.7,31.6,59.0,7.0,10.2,5.5,71.4,80.8,13.5,55.7,5.6,15.4,62.0,20.8,9.4,28.5,23.8,12.9,7.6,16.6,7.2,29.8,10.8,7.2,7.2,32.6,24.5,79.0,15.6,10.9,40.2,11.5,3.2,6.7,37.0,2.9,11.8,4.3
39001,10.2,28.1,16.9,35.1,61.7,7.6,11.9,7.3,76.7,80.7,18.2,52.2,9.8,22.2,54.6,27.9,12.7,33.2,22.9,18.9,17.7,23.3,7.4,32.6,14.2,10.5,10.0,35.8,33.6,72.4,21.5,15.2,39.9,16.0,4.5,10.9,40.6,3.7,31.8,5.8
39003,8.7,27.4,18.1,34.3,61.7,7.2,11.2,6.3,79.3,83.6,15.6,59.3,7.7,17.6,57.0,28.2,12.2,29.6,23.0,15.7,13.4,19.6,6.2,32.0,13.4,8.6,8.7,38.1,28.1,71.9,19.5,12.7,40.0,13.7,3.6,9.7,41.5,3.2,15.4,4.7
39005,8.6,27.2,18.8,34.9,60.1,7.5,11.2,6.3,77.0,82.6,15.9,59.1,7.9,18.4,59.3,27.4,11.2,30.5,21.3,14.6,12.5,19.8,6.4,31.9,11.7,8.6,8.1,35.0,29.0,75.0,19.6,12.8,38.5,14.4,3.6,8.6,35.2,3.2,13.0,4.6
39007,10.6,27.9,17.4,35.9,61.8,7.4,11.4,7.1,75.5,81.5,17.6,51.6,9.0,20.5,56.0,29.0,13.0,33.1,23.9,18.7,16.7,22.9,7.0,32.5,14.5,10.0,9.9,37.9,32.7,74.0,21.2,14.6,45.7,15.5,4.3,10.8,38.7,3.6,17.9,5.6
39009,8.3,27.3,19.8,36.6,59.7,7.8,11.5,6.6,77.1,83.1,15.7,58.7,8.3,18.0,62.3,30.0,12.6,29.6,21.6,15.6,14.5,20.5,6.7,32.8,12.6,9.0,8.8,35.9,26.5,73.7,20.1,13.1,37.9,14.1,4.0,9.9,38.7,3.4,17.6,5.0
39011,7.5,25.4,19.3,32.2,59.8,7.6,10.8,5.7,77.0,84.1,14.0,62.5,6.6,15.7,64.8,26.1,9.8,25.8,21.1,11.4,8.8,16.9,5.8,31.3,10.1,7.4,6.7,35.2,25.0,72.9,18.8,10.8,39.5,12.6,2.9,7.1,38.5,2.8,16.5,3.7
39013,8.6,27.6,18.8,35.4,61.8,7.5,11.2,6.5,77.1,82.9,15.7,57.4,7.9,18.6,56.9,27.3,11.5,30.5,22.1,14.9,12.8,20.6,6.5,34.1,12.4,8.5,8.3,35.6,30.2,72.9,19.8,12.8,40.9,14.8,3.6,9.2,40.8,3.2,16.3,4.7
39015,9.1,28.3,17.2,36.3,61.4,7.6,11.5,6.7,77.7,82.2,16.9,60.1,8.6,20.0,57.7,28.7,11.6,32.7,22.9,16.4,14.2,21.0,6.7,33.4,12.7,9.4,8.7,36.5,32.3,74.0,20.6,14.2,41.2,14.7,3.9,9.3,41.4,3.3,22.9,5.0
39017,8.3,25.2,18.9,33.2,60.8,7.2,10.8,5.8,79.2,84.6,14.0,58.1,6.6,15.2,61.1,26.1,11.3,26.4,22.3,14.1,11.1,18.4,5.8,31.3,11.9,7.5,7.8,36.3,27.5,78.5,18.4,11.2,39.6,12.9,3.2,8.5,38.3,2.9,17.4,4.2
39019,9.0,27.8,18.7,33.6,60.4,7.5,11.2,6.5,76.8,82.3,16.5,59.2,8.2,19.4,55.2,27.4,11.2,32.2,22.6,15.1,12.8,20.2,6.7,32.5,12.0,8.9,8.2,37.0,30.0,75.3,20.6,13.1,38.7,14.6,3.7,8.8,41.9,3.3,18.1,4.7
39021,8.0,26.4,18.7,32.7,60.0,7.6,11.1,5.8,76.7,83.7,14.9,60.4,7.0,16.8,62.3,26.8,10.2,28.4,21.7,12.6,10.0,17.4,6.0,31.3,10.7,7.7,7.2,35.9,25.9,76.4,19.2,11.6,43.0,13.3,3.1,7.5,42.2,2.9,13.8,4.0
39023,9.4,27.3,16.5,36.1,61.5,7.4,11.5,6.4,77.6,83.1,16.3,54.9,8.1,18.5,58.3,28.1,12.2,31.8,22.9,16.7,14.4,20.9,6.4,33.7,13.5,9.2,9.1,36.3,31.7,72.6,20.4,13.7,42.4,14.6,3.9,10.0,40.1,3.3,19.7,5.0
39025,7.5,25.5,19.4,31.7,58.9,7.7,10.7,5.6,77.0,84.6,13.8,63.8,6.4,15.7,63.4,26.7,10.4,27.5,20.3,11.7,9.1,16.4,5.8,31.4,10.2,7.2,6.8,34.9,24.1,73.9,18.5,10.9,34.4,12.4,2.9,7.1,38.4,2.8,12.0,3.8
39027,8.6,27.5,18.5,33.5,60.8,7.6,11.3,6.3,77.1,82.8,15.9,60.8,7.9,18.3,56.9,27.4,11.2,30.4,21.3,14.9,12.8,19.7,6.5,32.0,12.2,8.8,8.3,36.8,29.0,73.9,19.8,12.9,39.9,14.0,3.7,9.1,42.5,3.2,15.9,4.7
39029,9.1,27.2,19.6,35.4,60.3,7.5,11.3,6.5,76.0,82.3,15.9,61.1,8.2,19.0,57.8,26.7,11.8,30.0,21.7,15.7,13.4,20.4,6.6,31.1,12.7,8.8,8.5,34.8,29.8,72.2,19.9,13.3,41.0,14.9,3.7,9.3,43.1,3.3,15.8,4.8
39031,9.9,29.3,18.3,35.3,61.0,7.5,11.5,6.9,76.5,81.4,17.5,53.5,9.1,20.6,58.4,29.2,12.2,31.8,22.8,17.3,15.9,21.7,6.9,33.1,13.4,9.9,9.4,37.6,30.4,70.4,20.7,14.2,41.4,15.4,4.2,10.1,40.0,3.5,15.9,5.4
39033,9.1,27.5,18.0,33.9,61.0,7.6,11.2,6.6,76.0,82.4,16.6,57.7,8.4,19.0,56.4,28.5,11.5,31.3,22.2,15.6,13.6,19.9,6.6,31.4,12.4,9.1,8.6,36.1,30.2,65.8,20.5,13.5,39.5,14.4,3.8,9.2,41.4,3.3,14.5,4.9
39035,8.6,24.5,19.3,34.2,60.6,6.5,11.7,5.5,78.1,85.7,13.8,60.3,6.6,15.2,63.0,24.7,11.3,28.4,23.3,17.5,14.7,18.9,5.3,32.9,14.5,8.2,9.3,38.5,23.6,78.2,17.2,12.7,35.4,12.6,3.7,11.0,39.1,3.3,14.0,5.0
39037,8.8,26.8,18.6,33.6,60.6,7.6,11.2,6.3,76.7,82.6,16.2,55.1,7.9,18.4,59.1,28.2,11.3,30.1,22.0,14.5,12.4,19.8,6.4,32.9,11.8,8.7,8.1,36.1,28.1,76.2,20.1,12.4,36.6,14.2,3.6,8.6,35.0,3.2,17.6,4.6
39039,9.6,25.8,18.6,32.3,59.8,7.4,10.7,5.9,76.9,83.8,14.7,60.9,6.8,16.4,61.6,26.2,10.9,28.4,22.3,13.8,10.6,18.2,6.1,31.0,11.8,7.7,7.6,35.1,26.4,75.7,18.6,11.6,35.5,13.3,3.2,8.0,38.6,2.9,13.2,4.3
39041,5.3,23.2,19.9,28.2,60.4,7.7,9.5,4.4,80.1,87.4,9.9,67.1,4.4,9.9,73.2,21.6,8.7,19.0,18.1,7.8,5.3,11.4,4.8,30.2,7.2,5.0,4.8,31.9,17.1,83.5,14.2,7.6,30.9,9.3,2.1,5.0,32.6,2.2,8.9,2.7
39043,8.2,26.1,18.5,34.4,58.8,7.4,11.1,5.8,78.7,84.4,14.5,58.0,6.9,15.6,66.5,26.2,11.0,26.7,21.5,14.0,11.5,17.1,5.9,31.5,12.1,7.8,7.8,35.2,26.0,79.7,18.9,11.4,40.3,12.9,3.3,8.7,36.6,3.0,12.3,4.3
39045,7.4,26.2,17.5,32.7,59.7,7.4,10.8,5.5,78.0,85.1,13.5,61.5,6.2,14.5,61.1,26.1,10.4,26.2,21.6,12.2,9.9,16.5,5.6,32.4,10.7,7.1,7.1,34.0,23.5,70.7,17.6,10.7,35.3,12.1,3.0,7.7,41.2,2.8,13.3,3.9
39047,9.8,26.8,18.0,36.8,60.3,7.4,11.4,6.6,75.8,81.8,17.0,52.9,8.7,20.1,56.7,27.9,11.9,31.7,23.1,16.9,14.8,21.1,6.9,34.6,13.3,9.5,9.1,36.6,30.8,70.2,20.6,13.6,41.0,15.0,4.0,9.6,40.3,3.4,17.1,5.1
39049,8.3,24.5,17.7,33.0,62.3,6.8,11.1,5.6,79.7,85.6,13.8,58.9,6.2,14.0,65.6,25.6,11.8,26.0,22.9,15.4,12.3,18.3,5.2,31.8,12.6,7.6,8.5,38.4,23.9,77.8,18.0,11.7,33.7,12.8,3.5,9.5,36.6,3.1,15.0,4.6
39051,9.0,26.6,18.5,32.3,60.5,7.5,10.6,5.7,76.7,84.0,14.6,60.9,6.7,15.4,59.6,25.9,10.7,27.6,21.7,12.8,9.8,17.2,6.0,32.6,11.2,7.5,7.2,35.1,25.7,74.3,18.6,11.2,36.8,12.7,3.1,7.7,37.7,2.8,10.8,4.1
39053,9.8,29.3,17.5,35.9,61.1,7.6,11.6,7.0,76.9,81.5,17.4,59.1,9.1,21.4,57.0,29.7,12.3,33.7,23.3,17.5,15.9,22.5,6.9,33.5,13.8,9.9,9.5,36.6,33.4,71.1,21.3,14.5,36.7,15.9,4.2,10.3,39.2,3.5,22.1,5.4
39055,6.9,23.8,20.0,30.3,59.3,7.7,10.5,5.2,77.1,85.1,12.7,60.2,5.9,13.3,66.0,25.1,9.3,22.9,19.5,9.9,7.4,14.8,5.4,30.3,8.9,6.5,5.9,33.7,21.2,79.2,17.2,9.6,32.7,11.4,2.6,6.1,35.5,2.5,11.4,3.4
39057,6.7,25.6,17.8,32.2,61.3,7.6,10.9,5.3,78.0,85.8,12.7,62.9,5.8,12.9,66.4,24.9,9.8,24.3,20.1,10.8,8.4,15.1,5.5,32.4,9.8,6.7,6.5,33.7,21.9,76.7,17.1,10.0,38.5,11.6,2.8,7.0,38.0,2.7,12.0,3.6
39059,9.5,28.2,17.5,34.5,60.8,7.7,11.4,6.9,76.7,81.8,17.1,59.0,8.7,19.4,55.5,28.7,11.9,31.9,22.5,16.4,14.4,21.8,6.9,33.3,13.0,9.5,8.9,37.5,30.8,74.4,20.8,13.8,38.1,14.8,4.0,9.5,41.3,3.4,18.0,5.1
39061,7.8,25.3,18.0,33.9,63.1,6.9,11.5,5.7,78.7,85.4,13.3,60.7,6.4,14.3,59.6,25.9,11.9,25.9,21.9,15.0,12.8,17.8,5.4,30.7,13.0,7.7,8.3,33.8,23.8,78.6,17.9,11.5,35.8,11.8,3.5,9.7,39.7,3.1,19.8,4.5
39063,7.8,24.8,18.5,32.4,61.5,7.5,10.7,5.6,77.3,84.4,13.7,57.6,6.5,15.0,64.1,26.0,10.7,26.4,20.4,11.9,9.6,17.1,5.8,31.3,10.4,7.3,7.0,35.0,25.7,76.6,18.5,11.0,39.6,12.5,3.0,7.4,38.1,2.8,13.6,3.9
39065,9.1,28.1,17.6,36.7,61.1,7.6,11.2,6.7,76.8,82.1,16.8,55.8,8.5,19.3,51.9,27.5,11.9,31.8,21.9,16.1,14.2,20.7,6.8,32.4,12.7,9.2,8.8,36.2,30.4,72.1,20.4,13.7,41.8,14.9,3.9,9.6,41.7,3.3,23.3,5.0
39067,9.2,27.6,18.0,35.5,60.2,7.4,11.5,6.5,75.8,81.9,16.7,57.3,8.3,19.5,58.0,28.7,11.8,31.1,22.6,15.6,13.7,20.6,6.6,33.2,12.6,9.2,8.6,36.6,29.3,73.6,21.0,13.5,41.1,14.6,3.8,9.2,40.6,3.3,20.9,4.9
39069,8.9,24.9,19.1,32.6,59.5,7.5,10.8,5.8,77.1,83.8,14.8,60.3,6.8,16.1,60.7,26.1,10.5,27.8,21.8,13.1,10.3,17.8,6.0,31.5,11.4,7.7,7.4,36.3,26.4,77.8,18.8,11.5,38.5,13.2,3.2,7.8,39.5,2.9,16.4,4.2
39071,9.4,28.2,17.9,34.7,60.6,7.6,11.5,6.6,75.7,82.0,17.1,57.3,8.6,20.0,55.6,28.7,11.8,31.9,22.1,16.1,14.1,21.3,6.7,33.1,12.9,9.4,8.8,34.8,30.9,75.0,20.8,13.7,41.1,15.0,3.9,9.3,42.8,3.4,18.3,5.0
39073,9.3,29.3,17.7,36.0,61.4,7.8,11.5,6.9,77.0,81.5,17.4,59.2,8.9,20.8,55.0,28.7,12.3,33.5,23.0,16.8,15.2,21.3,7.0,31.7,13.1,9.6,9.0,36.1,31.4,70.6,21.2,14.2,35.8,15.2,4.1,9.9,44.7,3.4,18.8,5.2
39075,12.6,27.7,18.3,33.5,59.3,7.3,12.1,7.0,74.1,79.3,19.7,53.0,9.9,22.3,52.4,29.8,11.7,35.4,25.2,19.0,15.8,24.7,7.1,32.0,14.1,10.8,9.7,38.8,33.4,69.2,22.1,15.2,38.8,16.6,4.4,9.4,38.7,3.6,27.7,5.6
39077,9.5,27.3,18.2,32.9,60.4,7.4,11.1,6.1,77.3,83.1,15.6,58.6,7.6,17.6,64.0,26.8,11.1,30.0,21.2,14.4,11.8,19.0,6.3,30.7,12.0,8.4,7.9,35.1,28.9,73.5,19.3,12.4,34.9,13.9,3.5,8.4,39.3,3.1,16.9,4.5
39079,9.5,28.9,17.6,38.0,60.4,7.6,11.5,6.8,76.6,81.6,17.3,57.5,9.0,20.3,57.1,29.9,12.4,33.0,22.4,16.9,15.2,22.8,7.0,35.3,12.9,9.9,9.1,38.2,32.3,70.4,21.4,14.3,44.5,15.7,4.1,9.6,41.4,3.5,27.9,5.3
39081,8.5,28.5,17.1,35.9,61.4,7.6,11.9,6.5,77.3,83.3,16.3,59.5,8.2,18.6,61.1,29.4,12.0,31.6,22.1,15.5,13.7,20.5,6.4,31.6,12.5,9.0,8.6,37.5,29.5,72.0,20.5,13.5,43.1,14.8,3.7,9.4,43.4,3.3,20.3,4.8
39083,8.1,26.4,19.0,33.1,60.7,7.7,11.1,5.9,75.7,83.6,14.8,58.6,7.2,16.4,61.8,26.8,10.5,27.6,20.4,13.0,10.5,17.4,6.2,32.0,10.8,7.9,7.3,34.6,26.5,72.7,19.0,11.4,37.8,12.9,3.2,7.8,34.8,2.9,15.1,4.1
39085,7.5,25.8,19.2,31.9,60.9,7.6,10.8,5.4,78.4,85.3,13.5,60.4,6.1,14.8,65.4,25.9,10.2,26.1,20.2,11.6,9.0,16.4,5.6,29.8,10.3,7.1,6.7,32.8,23.7,76.9,17.9,10.4,36.8,12.6,2.9,7.2,40.2,2.7,11.7,3.7
39087,9.1,28.8,16.5,37.3,61.7,7.5,11.8,6.7,77.7,82.4,17.4,54.8,8.8,19.8,54.1,28.8,12.2,34.8,22.6,16.9,15.1,22.1,6.9,33.4,13.3,9.5,9.0,39.4,30.6,69.4,21.2,14.2,41.2,15.0,4.0,9.8,43.3,3.4,22.8,5.1
39089,7.5,26.0,16.8,31.6,59.7,7.6,10.9,5.6,77.2,84.2,14.0,58.3,6.6,15.6,62.4,26.7,10.9,27.4,21.1,12.2,9.7,16.6,5.8,31.9,10.6,7.4,7.0,35.4,23.2,76.0,18.1,11.2,37.3,12.5,3.0,7.5,38.4,2.8,15.9,3.9
39091,8.3,26.8,18.0,33.3,60.4,7.5,11.0,6.1,76.8,83.2,15.3,59.6,7.5,17.7,58.9,26.7,11.1,28.8,21.5,13.8,11.4,18.8,6.2,31.4,11.5,8.2,7.8,35.2,27.6,73.0,19.6,12.3,38.9,13.7,3.4,8.3,37.9,3.1,17.7,4.4
39093,9.1,26.5,17.8,33.4,61.5,7.3,11.0,5.8,77.5,84.3,14.4,59.3,6.7,15.3,62.2,26.4,11.5,28.4,21.6,14.6,11.6,18.2,5.9,32.5,12.4,7.8,8.0,33.9,27.5,73.5,18.9,12.0,36.7,13.3,3.4,8.8,40.2,3.0,8.9,4.4
39095,9.3,27.0,16.6,33.8,62.9,6.9,11.3,6.2,79.2,84.3,15.3,60.1,7.6,16.8,60.2,26.9,12.2,30.0,23.2,17.7,15.4,20.9,5.9,31.1,14.9,8.8,9.6,37.9,28.9,73.8,19.3,13.4,36.2,13.8,4.0,11.1,41.9,3.4,17.2,5.1
39097,8.7,25.4,19.2,34.3,60.7,7.4,10.6,5.9,77.2,83.6,14.6,59.7,6.9,16.3,59.2,25.2,10.8,27.3,22.2,13.3,10.4,17.8,6.0,31.7,11.3,7.6,7.5,34.7,26.0,70.8,18.4,11.5,36.8,12.8,3.2,8.0,39.5,3.0,16.5,4.1
39099,9.6,27.8,17.0,34.1,62.5,7.2,11.1,6.2,76.3,83.3,15.7,61.4,7.6,17.6,59.6,25.9,11.8,29.5,22.6,17.2,14.9,20.0,6.1,31.0,14.1,9.0,9.4,35.8,26.5,76.7,19.4,13.0,38.9,14.0,3.9,10.6,42.7,3.3,20.1,5.2
39101,9.8,28.3,18.1,37.0,61.3,7.4,11.0,6.8,77.0,82.1,16.9,56.6,8.5,19.9,55.1,28.2,12.5,33.1,23.5,16.8,14.7,21.5,6.7,33.2,13.5,9.3,9.2,36.9,32.5,73.0,19.9,14.1,44.1,15.0,4.0,10.0,44.3,3.5,20.0,5.1
39103,6.7,24.7,19.9,31.3,59.7,7.8,10.6,5.1,77.4,85.3,12.6,62.7,5.7,13.2,67.7,25.2,9.4,23.9,20.3,9.6,7.3,14.7,5.4,31.9,8.9,6.4,5.9,34.5,22.6,76.4,17.4,9.5,35.9,11.5,2.6,6.2,35.6,2.5,10.1,3.3
39105,10.3,29.6,17.9,38.2,61.5,7.6,11.8,7.7,76.5,80.6,18.9,53.6,10.4,22.8,53.3,29.4,13.5,35.0,22.7,19.8,19.2,25.1,7.6,33.2,14.7,10.9,10.5,36.4,36.9,74.4,22.5,16.1,44.0,16.8,4.8,11.5,41.6,3.8,21.5,6.1
39107,7.6,24.5,20.8,32.4,59.3,7.5,10.6,5.6,76.2,83.9,14.2,60.5,6.5,15.5,62.9,26.1,9.7,26.6,21.4,11.5,8.7,16.2,5.8,31.8,10.0,7.2,6.6,35.4,26.0,77.3,18.6,10.5,36.4,12.4,2.9,7.0,38.8,2.7,20.6,3.7
39109,7.5,25.6,19.1,32.0,60.3,7.6,10.9,5.6,76.5,84.1,14.1,61.0,6.6,15.5,65.4,26.6,10.3,27.4,21.5,12.0,9.4,16.5,5.8,31.4,10.4,7.4,6.9,35.0,24.6,71.0,18.4,11.1,33.3,12.7,3.0,7.3,37.5,2.8,17.2,3.8
39111,9.4,28.6,18.4,35.3,61.0,7.5,11.4,6.9,76.5,81.5,17.4,53.1,9.0,20.7,55.4,28.7,12.0,32.5,22.7,16.9,15.5,21.3,7.1,32.3,13.3,9.7,9.2,36.5,31.4,70.9,21.0,13.9,40.4,15.1,4.1,10.0,38.7,3.5,23.6,5.2
39113,8.1,25.4,16.9,33.4,61.0,7.0,11.6,5.9,79.1,84.5,14.7,58.7,7.1,15.7,59.2,26.7,12.5,29.4,21.5,15.8,13.8,20.1,5.7,29.0,13.7,8.4,9.0,37.2,28.2,76.5,19.0,12.7,37.4,13.2,3.7,10.2,40.6,3.3,17.4,4.8
39115,9.4,27.8,17.8,35.9,61.6,7.5,11.6,6.8,77.4,82.0,17.3,56.2,8.8,20.0,59.3,28.3,12.3,31.7,22.5,16.7,15.1,21.4,6.9,33.0,13.4,9.6,9.2,36.1,31.2,72.3,20.7,13.8,41.0,15.0,4.1,10.0,40.6,3.5,20.5,5.2
39117,8.5,26.2,18.7,32.6,59.7,7.6,11.2,6.1,77.2,83.0,15.3,56.9,7.5,17.8,56.8,26.7,11.0,29.7,21.6,13.4,11.2,18.9,6.3,31.7,11.2,8.2,7.6,34.8,28.1,73.2,19.7,12.2,39.4,13.8,3.3,8.0,37.4,3.0,14.9,4.3
39119,8.5,27.2,17.1,35.3,62.5,7.6,11.6,6.4,79.4,82.8,16.2,59.4,8.2,18.5,60.3,29.0,12.0,29.6,21.3,15.0,13.8,20.1,6.4,34.4,12.3,8.9,8.5,35.0,28.5,74.6,20.2,12.8,43.9,14.3,3.7,9.4,41.7,3.3,22.9,4.8
39121,9.8,26.4,19.3,35.3,60.4,7.4,10.9,7.0,75.9,81.7,16.6,55.7,8.3,19.7,54.9,27.3,11.8,30.9,22.9,15.6,13.0,21.1,7.0,32.2,12.5,8.9,8.5,36.3,30.0,72.9,20.3,13.1,41.6,14.7,3.8,8.9,40.8,3.4,25.0,4.9
39123,7.8,25.3,19.6,32.2,59.4,7.6,10.7,5.4,76.2,84.8,13.7,60.5,6.2,14.6,64.9,25.9,9.6,25.7,20.7,11.0,8.4,16.0,5.7,32.9,9.9,6.9,6.5,35.4,25.6,75.7,18.2,10.3,37.9,12.4,2.8,6.8,37.3,2.7,12.4,3.6
39125,9.3,27.0,18.7,34.0,59.6,7.5,11.0,6.1,76.8,83.1,15.5,57.1,7.5,17.5,58.7,27.1,11.2,29.8,21.9,14.3,11.5,18.9,6.4,32.6,11.7,8.2,7.8,36.4,29.1,74.9,19.5,12.3,41.1,13.7,3.4,8.2,39.7,3.1,17.6,4.5
39127,9.2,26.7,17.9,35.2,60.9,7.6,11.2,6.6,76.6,82.0,16.8,58.4,8.5,19.4,57.0,28.2,11.6,30.5,21.6,15.5,13.8,20.4,6.7,32.7,12.2,9.2,8.5,34.9,30.5,72.5,20.3,13.4,38.1,14.7,3.8,9.0,42.1,3.3,17.0,4.9
39129,8.8,26.0,18.2,35.8,60.3,7.5,11.0,6.2,77.1,82.9,15.4,58.8,7.6,18.0,61.9,27.4,11.1,28.8,22.3,14.1,11.6,19.2,6.3,32.1,11.7,8.1,7.8,35.9,28.5,70.0,19.2,12.2,39.6,13.7,3.4,8.4,41.8,3.1,16.5,4.4
39131,10.7,29.1,17.4,38.4,61.7,7.5,11.9,7.6,77.2,80.6,19.1,53.7,10.5,23.3,55.1,30.5,13.2,36.2,23.1,20.3,19.8,24.2,7.7,32.7,15.0,11.3,10.8,37.1,34.9,69.2,22.6,16.2,43.0,16.7,4.9,11.7,38.6,3.9,24.0,6.3
39133,7.5,26.0,17.7,32.3,61.1,7.5,10.9,5.9,77.6,84.3,14.5,57.4,6.8,15.7,63.7,25.1,10.5,27.4,20.9,12.6,10.5,17.5,6.0,31.6,10.8,7.7,7.4,35.5,24.7,72.9,18.5,11.4,34.0,12.7,3.2,7.9,39.7,2.9,21.4,4.1
39135,8.0,26.7,19.1,32.9,60.1,7.6,11.1,6.0,76.4,83.4,15.3,61.3,7.3,17.3,60.2,27.5,10.5,28.9,21.5,12.9,10.7,18.2,6.2,31.1,10.8,8.0,7.3,35.5,28.4,73.7,19.6,11.8,39.4,13.5,3.2,7.7,37.9,3.0,16.2,4.1
39137,7.7,25.1,21.4,31.1,59.6,7.7,10.6,5.4,77.6,84.9,13.5,61.2,6.1,14.2,67.4,25.5,9.8,25.9,20.5,10.7,8.0,15.6,5.7,30.6,9.7,6.8,6.3,34.9,23.2,81.5,17.9,10.5,43.5,12.3,2.8,6.6,34.0,2.6,10.7,3.6
39139,9.5,26.2,16.7,34.3,61.2,7.3,11.1,6.5,76.2,82.5,16.0,55.6,8.1,18.6,60.9,27.3,12.1,29.6,23.2,16.4,14.8,20.5,6.4,32.0,13.6,9.0,9.1,34.1,28.8,69.3,20.2,13.3,39.2,14.6,3.9,10.3,41.4,3.4,14.0,5.0
39141,9.7,27.6,16.6,36.3,61.0,7.4,11.6,6.7,75.8,81.8,16.7,58.5,8.5,19.9,55.0,28.8,12.6,29.9,23.3,16.9,15.0,21.1,6.7,32.3,13.4,9.1,9.1,37.9,29.4,70.5,20.5,12.9,43.9,14.6,4.0,9.8,40.2,3.4,20.8,5.2
39143,9.7,27.7,17.6,34.1,61.0,7.3,10.8,6.2,77.4,83.4,15.3,56.4,7.2,16.9,59.1,26.2,11.6,28.6,22.3,14.8,12.2,19.6,6.3,31.9,12.5,8.2,8.3,35.9,27.7,74.7,19.2,12.3,40.6,13.8,3.5,8.9,41.3,3.1,18.6,4.6
39145,9.8,29.0,15.5,39.3,62.5,7.6,11.6,7.3,78.9,81.7,18.3,54.4,9.8,21.4,54.0,30.4,12.9,36.0,22.6,19.2,18.0,23.7,7.3,33.0,14.2,10.4,10.2,37.6,34.5,69.0,22.4,15.6,44.7,16.5,4.5,11.0,44.4,3.7,22.0,5.7
39147,8.6,27.2,19.7,32.0,60.6,7.5,10.9,5.9,76.3,83.7,14.9,58.1,7.3,17.2,57.2,26.4,11.1,28.1,22.0,13.6,11.2,18.7,6.2,31.4,11.5,8.1,7.7,35.6,28.3,71.7,19.2,12.1,36.3,13.7,3.3,8.2,38.1,3.0,16.2,4.4
39149,8.4,26.6,18.2,33.5,60.2,7.5,11.0,6.2,76.3,83.1,15.3,57.9,7.5,17.4,60.6,26.7,10.9,29.4,21.7,13.8,11.5,18.6,6.3,31.4,11.4,8.2,7.8,36.2,28.0,73.9,19.5,12.2,39.5,13.7,3.4,8.3,39.6,3.1,15.8,4.4
39151,8.1,26.7,18.1,33.2,60.8,7.3,11.3,6.0,76.4,83.7,15.1,59.0,7.3,17.6,64.6,26.4,11.1,29.1,21.6,14.0,12.3,19.2,6.1,32.4,12.0,8.2,8.0,36.2,27.5,71.4,19.3,12.2,40.5,13.5,3.4,8.8,35.8,3.1,19.0,4.5
39153,7.6,26.4,16.8,32.9,61.7,7.3,11.3,5.5,79.1,84.6,13.9,62.6,6.6,14.9,63.6,26.8,11.4,28.8,21.7,14.4,11.7,18.2,5.7,31.7,12.3,7.6,8.0,35.0,24.9,71.6,18.5,11.9,37.5,12.9,3.3,8.9,39.2,3.0,10.1,4.3
39155,9.1,28.5,17.5,33.8,61.7,7.3,11.4,6.5,77.4,82.6,16.2,54.1,8.2,19.1,55.7,27.2,12.1,30.0,22.9,17.3,15.5,20.3,6.5,32.1,13.7,9.2,9.2,34.8,29.3,76.7,20.4,13.3,39.8,14.3,4.0,10.1,41.7,3.4,15.8,5.2
39157,9.5,25.3,18.7,34.3,60.3,7.5,11.3,6.2,76.9,82.4,15.7,57.7,8.0,18.0,57.2,26.2,11.0,28.4,22.5,15.2,12.8,19.0,6.5,30.1,12.3,8.7,8.2,36.4,28.3,73.5,20.0,12.4,43.4,13.9,3.6,8.7,41.6,3.2,17.6,4.7
39159,6.5,24.3,18.6,30.2,59.9,7.5,10.3,4.9,78.5,86.3,12.0,59.5,5.3,12.2,69.7,24.4,9.3,22.9,20.1,9.5,6.9,13.7,5.2,31.5,8.7,6.1,5.7,32.9,22.8,78.9,16.6,9.1,39.0,11.0,2.4,5.9,35.1,2.4,7.2,3.2
39161,8.5,25.7,18.9,33.3,59.8,7.5,10.9,5.9,76.6,83.3,15.0,55.9,7.2,17.0,62.3,27.1,10.6,28.5,21.7,13.0,10.6,18.4,6.2,30.5,11.1,8.0,7.4,35.7,27.6,75.2,19.4,11.8,37.4,13.3,3.2,7.9,37.0,2.9,11.7,4.2
39163,10.1,28.0,18.3,35.4,61.4,7.5,11.8,7.0,76.3,81.0,17.9,55.2,9.4,21.3,50.9,29.4,12.3,32.2,22.7,17.9,16.4,22.2,7.0,33.0,13.6,10.1,9.5,36.7,31.3,66.9,21.3,14.3,39.7,15.6,4.3,10.1,39.7,3.5,23.7,5.5
39165,6.3,23.2,19.0,28.8,60.8,7.5,9.9,4.9,77.9,86.1,11.6,63.6,5.1,12.1,69.0,23.3,9.4,22.4,19.6,9.3,6.6,13.8,5.2,30.7,8.4,5.8,5.5,30.8,19.6,79.1,16.1,8.8,32.1,10.6,2.3,5.8,35.2,2.4,10.8,3.1
39167,8.2,27.8,19.4,34.8,59.9,7.7,11.0,6.3,77.9,83.3,15.5,56.8,7.8,17.8,60.2,27.5,10.8,29.3,19.9,13.6,11.8,18.4,6.3,30.9,11.6,8.4,8.0,33.2,27.9,73.3,19.5,12.5,43.9,13.7,3.5,8.5,38.8,3.1,18.6,4.4
39169,8.8,26.1,20.0,32.8,59.3,7.6,11.1,6.0,76.3,82.8,15.4,60.2,7.4,17.1,61.5,26.5,10.8,28.6,21.7,13.8,11.1,18.7,6.2,31.6,11.1,8.2,7.6,35.9,26.1,72.4,19.1,12.0,38.0,13.6,3.3,7.9,34.2,3.0,12.9,4.3
39171,9.5,26.7,18.6,34.4,60.2,7.5,11.2,6.3,76.2,82.7,15.8,58.4,7.8,18.3,61.1,27.1,11.6,29.7,22.2,14.8,12.3,19.4,6.5,32.1,12.2,8.6,8.2,35.8,29.9,75.6,19.8,12.7,40.7,14.1,3.6,8.8,38.4,3.2,15.8,4.7
39173,7.4,25.6,19.0,32.3,60.8,7.6,10.6,5.6,78.6,85.0,13.6,59.7,6.2,13.9,66.4,27.8,10.2,27.4,19.7,11.7,9.2,16.5,5.7,31.1,10.0,7.1,6.7,34.3,23.0,76.2,17.5,10.9,38.9,12.2,2.9,7.2,37.1,2.8,10.1,3.8
39175,7.8,25.8,19.2,32.9,58.8,7.6,10.8,5.6,76.7,83.7,14.3,57.5,6.8,15.9,63.2,26.1,10.2,27.0,21.9,11.9,9.3,16.7,5.9,30.5,10.2,7.4,6.8,35.3,25.3,76.3,18.7,11.1,35.5,12.7,3.0,7.2,38.4,2.8,16.9,3.9
40001,14.1,28.6,13.7,40.5,59.8,6.6,13.6,8.2,76.1,79.8,23.0,49.3,10.3,26.2,45.4,27.0,15.2,46.3,30.1,31.4,27.4,29.6,11.1,34.5,22.1,13.7,16.4,37.2,39.7,60.6,22.3,21.3,46.1,18.2,5.9,17.3,41.5,4.6,28.5,9.2
40003,11.6,24.5,16.5,37.0,58.7,7.1,10.6,6.6,75.1,82.3,17.1,54.7,7.1,17.4,59.0,23.9,11.1,36.4,25.9,16.4,13.0,19.9,8.6,33.8,13.0,8.6,8.7,32.7,29.9,69.2,17.7,14.4,39.6,13.3,3.8,9.5,35.0,3.2,17.1,5.2
40005,12.9,27.4,15.2,38.9,59.8,6.9,11.8,7.3,74.6,80.6,20.2,53.4,9.0,21.8,48.1,25.6,12.7,41.3,27.3,23.0,20.1,24.2,9.5,33.9,16.8,11.2,12.0,34.1,33.3,64.9,19.9,17.8,40.4,15.6,4.9,12.9,39.2,3.9,20.6,7.0
40007,16.1,24.3,15.0,35.6,58.0,6.8,10.6,6.3,76.1,82.9,17.5,53.5,6.9,15.8,57.5,24.0,11.3,36.9,25.2,19.3,14.5,21.4,8.3,34.3,15.4,9.0,9.5,33.1,32.4,70.2,17.5,15.2,39.0,13.9,4.0,10.2,36.5,3.2,13.3,5.9
40009,14.9,26.3,15.1,39.1,60.4,6.9,11.2,7.2,75.3,80.5,19.6,51.5,8.8,20.2,53.1,24.5,12.4,40.9,27.4,22.7,19.8,24.0,9.3,34.1,16.8,10.8,11.2,34.5,34.6,65.0,19.2,17.7,40.1,15.2,4.8,12.4,39.1,3.8,19.2,6.8
40011,12.8,25.6,14.9,37.0,59.1,7.0,11.4,6.4,76.6,82.5,18.5,54.3,7.6,18.1,51.9,25.9,11.4,38.7,26.1,19.3,15.7,21.2,8.5,34.3,14.9,9.8,9.9,33.5,31.5,68.2,19.1,15.7,38.4,14.3,4.1,10.6,38.3,3.4,22.5,5.9
40013,11.7,26.5,14.5,37.6,59.7,7.0,12.3,6.9,77.2,82.0,19.4,55.1,8.5,19.6,54.5,27.6,12.0,39.0,25.6,21.1,18.3,23.0,9.0,35.4,15.7,10.6,11.1,32.7,33.3,64.8,19.7,17.0,40.4,15.4,4.5,12.0,40.1,3.7,15.5,6.5
40015,15.8,26.7,15.1,39.9,59.8,6.6,11.5,7.4,75.8,80.4,20.1,49.6,8.8,21.8,47.2,24.4,13.9,43.3,28.1,25.2,21.0,25.5,9.8,33.1,18.6,11.2,12.8,34.5,36.9,64.2,19.5,18.9,40.3,16.1,5.0,13.8,41.5,4.0,26.1,7.6
40017,9.5,24.7,16.9,34.6,58.1,7.1,10.7,5.3,77.8,84.9,14.9,59.1,5.7,13.2,65.3,24.9,9.9,32.4,22.8,13.7,10.0,16.5,7.3,33.8,11.3,7.4,7.3,32.4,26.6,69.5,17.5,12.7,38.6,12.0,3.0,7.9,35.7,2.7,11.7,4.3
40019,11.4,27.1,14.4,37.8,59.2,6.9,11.7,6.5,77.0,82.8,18.8,53.9,7.7,18.2,54.4,26.2,11.9,38.6,26.1,20.2,17.0,21.2,8.4,34.1,15.4,10.1,10.4,34.4,33.6,66.9,19.4,15.9,39.7,14.3,4.2,11.5,39.5,3.5,21.7,6.0
40021,11.2,26.8,14.7,38.8,60.9,6.9,12.8,7.0,77.6,82.5,19.6,49.6,8.1,20.4,51.5,25.9,13.1,40.9,26.5,23.2,19.6,23.8,9.5,33.1,17.6,10.9,12.7,34.1,31.3,62.9,20.2,17.4,44.4,15.8,4.6,13.6,42.3,3.8,20.8,7.1
40023,12.6,27.8,14.0,39.8,61.1,6.7,12.8,7.4,76.7,81.2,21.1,51.5,9.3,22.3,49.0,26.8,13.8,42.6,28.4,26.2,23.8,26.1,9.5,33.7,19.4,12.2,13.5,35.9,36.6,64.3,21.2,19.1,45.5,16.5,5.3,14.9,38.4,4.1,24.8,7.6
40025,13.7,23.1,15.7,33.0,57.7,6.9,10.4,5.6,76.0,84.2,15.9,57.1,5.9,13.9,59.4,23.6,10.1,34.0,24.2,16.0,11.5,18.6,7.5,33.4,13.0,7.9,8.0,32.5,29.1,73.9,16.7,13.3,38.4,12.5,3.3,8.4,35.6,2.8,12.0,5.0
40027,9.6,24.2,13.8,34.3,59.4,7.2,11.0,5.7,77.2,84.7,15.7,56.2,6.2,14.1,60.6,25.5,10.7,34.7,23.7,15.6,11.7,18.0,7.9,34.9,12.4,8.1,8.1,32.6,26.9,69.1,17.5,13.4,37.6,12.4,3.4,9.2,35.9,2.9,10.1,4.8
40029,13.2,29.0,14.5,39.5,60.0,7.0,13.1,7.9,76.0,80.0,22.2,49.3,10.2,24.1,47.1,29.0,13.9,44.9,27.6,27.0,24.8,26.9,10.3,34.9,19.0,12.9,14.0,35.7,37.4,65.1,22.0,19.9,42.9,17.4,5.6,15.1,41.8,4.3,25.6,8.1
40031,12.1,26.8,14.3,37.7,60.3,6.6,11.3,6.4,78.0,83.4,18.2,55.0,7.4,18.3,54.4,25.0,12.7,39.1,26.3,21.4,17.8,22.1,8.2,33.5,16.6,9.7,10.7,32.8,33.4,72.1,18.8,16.8,43.7,14.4,4.4,12.3,44.0,3.5,21.6,6.3
40033,12.0,26.6,15.4,37.7,59.6,7.1,11.9,6.9,76.0,81.6,19.5,52.7,8.5,19.6,51.5,27.1,12.1,40.0,25.3,20.8,18.2,22.6,9.0,34.4,15.4,10.7,10.7,34.3,33.0,67.5,19.8,17.0,42.9,15.2,4.6,11.6,39.6,3.6,24.2,6.4
40035,12.6,27.6,14.9,39.6,59.6,6.9,12.5,7.5,76.2,80.7,21.2,51.5,9.4,22.8,48.2,27.1,13.2,42.7,27.5,25.0,22.3,25.2,9.8,34.8,18.2,12.0,13.1,35.6,34.4,65.5,21.2,18.8,41.9,16.4,5.2,14.1,39.9,4.1,28.7,7.6
40037,10.6,26.4,15.3,34.8,58.2,7.2,11.8,6.4,76.9,82.7,18.3,52.0,7.6,18.7,56.7,26.0,11.2,38.8,24.9,18.1,15.0,20.3,8.7,34.7,14.1,9.6,9.6,32.6,29.9,70.7,19.3,15.1,39.7,14.1,3.9,10.5,40.3,3.3,22.4,5.6
40039,12.3,25.7,15.4,35.6,59.4,7.0,11.1,6.6,75.8,82.6,17.7,53.1,7.4,17.0,57.1,26.0,11.8,38.9,24.1,19.4,16.4,21.4,8.6,32.2,15.1,9.6,10.0,32.9,32.1,67.7,18.4,15.8,43.1,14.0,4.2,11.1,39.1,3.4,17.1,6.1
40041,11.6,28.1,14.7,38.6,59.9,6.9,12.5,7.1,76.1,81.5,20.3,50.4,8.8,21.6,50.3,27.5,12.5,41.9,26.8,23.5,20.4,24.1,9.6,35.9,17.4,11.3,12.6,35.2,33.4,64.1,21.2,17.9,38.0,16.0,4.7,13.3,38.2,3.8,15.8,7.0
40043,10.7,25.3,15.9,36.3,58.8,7.1,11.4,6.4,76.0,82.5,18.0,53.2,7.6,18.1,54.4,26.1,11.0,37.0,25.0,17.7,14.9,20.1,8.5,33.9,13.5,9.5,9.3,33.2,30.8,68.9,19.1,15.2,38.4,14.0,3.9,10.0,36.5,3.3,15.0,5.5
40045,11.3,25.3,15.8,35.8,58.3,7.2,11.2,6.2,75.7,82.8,17.7,52.9,7.3,17.3,56.9,26.2,10.6,36.9,24.7,16.7,13.7,19.7,8.3,34.3,13.1,9.1,8.7,33.4,30.7,67.2,18.8,14.7,40.1,13.7,3.7,9.5,36.4,3.2,24.0,5.3
40047,12.5,23.8,15.0,36.1,58.4,6.9,11.1,6.2,76.7,82.4,17.3,53.6,7.3,17.3,55.0,23.5,11.3,35.3,25.8,18.5,14.9,20.5,8.4,35.6,14.5,9.2,9.4,32.6,31.3,67.6,17.6,14.7,42.1,13.3,3.9,10.3,37.1,3.2,23.9,5.6
40049,12.5,26.3,15.1,37.4,59.1,7.0,11.8,6.7,76.2,81.9,19.2,54.0,8.3,19.5,52.4,26.9,11.9,39.4,26.1,20.7,17.5,22.2,9.0,33.5,15.4,10.6,10.5,33.6,33.1,69.1,20.0,16.5,38.5,14.7,4.4,11.5,39.5,3.5,16.6,6.2
40051,10.5,24.8,16.1,35.6,59.3,7.1,11.2,6.0,76.1,83.4,17.2,55.7,6.9,16.4,58.8,24.7,10.3,35.5,24.3,15.9,12.7,18.6,8.0,33.5,12.5,8.7,8.4,31.9,28.4,67.8,18.7,13.8,38.3,13.1,3.5,9.0,36.1,3.1,15.3,4.9
40053,10.2,25.7,15.7,35.3,58.6,7.2,11.3,6.2,76.3,82.8,17.7,50.3,7.3,17.6,51.4,26.1,10.4,36.1,24.5,16.3,13.8,19.4,8.2,33.5,12.8,9.2,8.7,33.0,30.2,68.2,18.9,14.6,36.5,13.6,3.7,9.4,38.0,3.2,16.0,5.1
40055,13.3,25.4,16.1,37.8,59.2,6.9,10.8,6.5,75.3,81.9,18.0,53.2,7.5,18.2,50.5,24.4,11.6,39.0,27.0,18.9,15.1,21.5,8.4,33.8,14.9,9.4,9.7,34.4,32.1,65.9,18.3,15.9,42.2,14.1,4.1,10.5,39.4,3.4,21.1,5.7
40057,17.7,26.0,13.8,38.5,60.3,6.3,11.2,7.0,76.6,81.9,19.6,48.5,8.1,18.3,53.3,24.4,13.8,41.4,26.7,25.9,21.9,25.8,8.9,34.7,19.6,10.9,12.5,34.0,37.7,66.6,18.8,18.4,42.7,15.7,5.2,14.0,38.5,3.7,22.9,7.8
40059,14.8,25.4,15.6,35.6,58.6,7.0,10.7,6.4,75.8,82.8,17.6,53.1,7.1,16.1,56.9,24.5,11.2,37.2,24.3,18.8,14.6,20.9,8.4,34.1,14.7,9.1,9.4,33.0,31.6,65.3,17.8,15.3,39.3,13.9,4.0,10.1,37.9,3.2,16.6,5.8
40061,12.1,26.9,14.7,38.2,59.4,7.0,12.4,7.2,76.3,81.2,20.4,52.0,8.9,21.3,47.1,26.8,12.4,41.5,27.0,22.7,20.0,24.1,9.6,34.3,16.7,11.3,11.9,33.9,34.4,63.4,20.6,17.9,42.3,15.9,4.8,12.8,42.2,3.8,26.7,6.9
40063,13.5,27.2,14.9,39.9,60.2,6.8,12.0,7.5,75.8,80.5,20.5,50.2,9.2,22.5,48.6,25.8,13.4,42.9,28.2,25.1,21.8,25.2,9.8,34.4,18.4,11.5,13.0,34.9,35.4,58.8,20.2,18.7,42.2,16.1,5.1,14.1,39.2,4.0,22.3,7.4
40065,14.1,25.1,14.8,37.3,59.7,6.7,11.1,6.5,76.5,82.9,17.8,55.0,7.2,16.7,55.2,25.0,12.2,38.6,25.2,20.5,16.7,21.8,8.4,34.1,15.9,9.5,10.1,32.7,34.0,69.9,18.0,15.9,41.1,14.3,4.3,11.5,42.0,3.4,13.5,6.3
40067,13.7,26.9,14.9,38.8,59.6,6.9,11.8,7.5,75.7,80.5,20.6,50.6,9.3,21.4,50.5,27.0,12.8,41.9,25.9,23.4,21.2,25.0,9.6,34.9,16.8,11.5,11.7,34.0,36.1,65.7,20.4,18.3,41.2,16.1,5.1,12.8,38.2,3.9,22.5,7.2
40069,12.2,28.1,14.8,38.5,59.7,7.0,12.6,7.6,76.1,80.9,21.1,51.6,9.5,22.1,48.0,27.9,13.2,43.5,26.0,23.8,22.0,25.3,9.8,34.1,17.4,11.9,12.6,33.8,35.8,66.6,21.0,18.9,40.2,16.6,5.2,13.8,38.3,4.0,25.3,7.4
40071,11.6,27.1,15.7,36.9,59.1,7.2,12.0,6.8,75.5,82.4,19.0,53.7,8.2,19.6,55.9,27.6,11.9,39.3,25.6,20.1,17.4,22.1,8.9,34.1,15.2,10.4,10.5,33.3,30.7,65.2,19.9,16.5,43.1,14.9,4.4,11.6,36.9,3.5,21.1,6.2
40073,12.5,24.7,16.6,34.5,58.1,7.0,10.8,6.0,75.5,83.3,16.9,57.1,6.7,15.8,57.9,24.3,10.3,34.5,25.2,16.5,12.8,19.4,7.9,34.2,13.3,8.5,8.5,32.7,32.5,65.8,17.9,14.1,37.2,13.2,3.5,9.1,36.6,3.0,14.2,5.1
40075,13.7,27.5,14.4,38.7,59.8,7.0,11.9,7.4,76.2,81.2,20.3,47.8,9.1,20.5,50.5,26.9,13.1,41.0,25.2,23.5,21.7,24.7,9.5,34.3,17.3,11.5,12.0,33.3,34.4,62.8,20.3,18.2,42.8,15.9,5.1,13.5,41.9,3.9,22.7,7.3
40077,12.8,28.6,14.3,39.2,59.8,6.9,12.9,7.8,75.3,80.2,22.1,53.9,9.9,23.8,46.9,27.8,13.8,44.5,27.8,26.9,24.2,26.7,10.3,34.9,19.3,12.7,14.0,35.4,36.0,65.0,21.9,19.9,43.1,17.3,5.5,15.1,39.2,4.2,22.9,8.0
40079,13.1,27.2,14.8,38.4,60.2,7.0,12.3,7.5,76.5,80.7,20.8,50.1,9.3,22.4,48.1,26.7,13.0,42.2,27.4,23.6,21.3,25.1,9.6,35.0,17.2,11.6,12.2,35.0,36.6,65.7,21.0,18.7,40.4,16.3,5.0,13.3,39.3,3.9,19.5,7.2
40081,10.8,26.9,16.0,37.7,60.0,7.2,11.8,6.7,75.9,81.8,19.3,52.7,8.1,19.2,53.0,26.8,11.4,39.3,25.5,19.2,16.4,21.5,8.8,34.1,14.5,10.2,10.0,34.2,31.6,65.4,19.6,16.3,43.9,14.7,4.2,10.9,39.4,3.5,14.2,5.8
40083,9.9,25.0,15.9,36.0,59.1,7.1,11.3,5.8,77.0,84.3,16.3,58.7,6.4,15.5,58.3,25.3,10.3,34.0,23.8,15.5,12.7,17.9,7.7,34.0,12.7,8.4,8.4,32.8,28.0,69.5,17.9,13.8,40.2,12.5,3.5,9.2,35.8,3.0,14.3,4.8
40085,14.2,25.9,15.3,37.0,59.1,6.8,11.5,6.7,76.0,82.1,19.1,49.6,7.9,18.8,56.4,25.8,12.2,38.9,25.7,21.0,17.1,22.9,8.8,33.9,16.0,10.1,10.5,34.1,33.7,70.7,19.3,16.4,38.8,14.9,4.4,11.4,37.1,3.5,21.2,6.4
40087,10.1,24.7,15.9,35.5,57.3,7.2,11.1,5.8,76.1,84.1,16.3,55.3,6.3,15.2,59.5,25.8,9.8,35.0,24.8,14.7,11.2,17.8,7.8,34.0,12.0,8.2,7.9,34.3,27.8,71.5,17.9,13.5,38.1,12.8,3.3,8.3,38.2,2.9,13.3,4.7
40089,12.8,27.4,14.4,38.6,60.1,6.8,12.6,7.4,76.6,81.2,20.7,49.4,9.1,21.7,47.0,26.4,13.3,42.1,27.2,25.0,22.5,25.2,9.4,34.1,18.5,11.9,12.9,35.3,35.3,66.3,20.7,18.8,42.7,16.0,5.1,14.2,39.7,4.0,20.5,7.4
40091,12.1,28.6,14.8,40.5,60.4,7.0,12.8,7.6,76.7,80.8,21.7,50.1,9.6,22.9,49.6,28.3,13.2,44.7,27.3,25.0,22.7,25.7,9.9,34.7,18.3,12.2,13.2,35.9,37.0,63.2,21.6,19.3,44.9,16.7,5.2,14.3,38.8,4.1,19.5,7.5
40093,11.6,25.5,15.9,34.2,58.2,7.1,11.2,6.1,75.0,82.6,17.8,55.6,7.2,17.6,57.7,25.8,10.5,35.8,24.7,16.6,13.4,19.5,8.1,33.5,13.1,9.1,8.6,33.6,31.8,68.8,18.8,14.6,42.2,13.7,3.7,9.3,34.7,3.1,18.5,5.2
40095,14.5,26.0,15.1,36.7,59.1,6.9,11.7,6.9,76.0,81.8,19.7,50.0,8.3,19.4,49.3,26.2,12.2,40.9,26.6,22.6,18.6,23.7,9.2,34.0,17.0,10.6,11.3,34.6,35.2,65.3,19.8,17.4,39.7,15.4,4.6,12.2,40.2,3.6,19.3,6.8
40097,10.9,27.3,14.9,38.4,58.2,7.0,12.5,7.0,76.5,81.9,20.0,51.1,8.5,20.7,51.3,26.1,12.1,41.6,26.7,21.8,18.6,22.8,9.4,35.0,16.5,10.9,11.8,33.7,33.5,67.5,20.5,17.4,41.6,15.6,4.5,12.6,38.5,3.7,21.9,6.6
40099,11.6,25.8,15.2,36.7,58.8,7.0,11.9,6.5,76.6,82.5,18.9,56.1,7.7,18.5,55.3,26.1,11.3,38.8,26.3,19.4,15.6,21.5,8.7,33.0,14.9,9.9,10.2,33.6,32.9,66.9,19.3,15.8,41.6,14.6,4.0,10.7,37.4,3.4,14.0,5.8
40101,12.5,27.7,14.4,39.5,60.4,6.8,12.6,7.3,77.4,81.8,20.8,53.2,9.1,21.2,53.2,26.8,13.4,44.3,27.3,24.4,22.3,25.7,9.4,33.9,18.3,11.8,13.1,35.2,35.0,66.1,21.0,19.4,41.7,16.4,5.1,14.5,40.6,4.0,22.1,7.5
40103,10.0,25.9,15.8,35.3,58.5,7.2,11.7,6.1,76.9,83.2,17.5,56.0,7.2,17.4,59.1,26.9,10.5,37.4,24.9,16.5,13.2,19.6,8.2,33.9,13.0,9.1,8.8,33.3,31.1,68.4,19.2,14.9,41.8,13.8,3.7,9.6,38.3,3.2,16.5,5.1
40105,10.7,27.3,15.3,37.7,59.2,7.0,12.5,6.9,76.8,82.0,19.6,51.6,8.4,20.6,53.8,27.0,12.3,40.4,26.4,21.3,18.4,22.7,9.2,33.6,16.2,10.8,11.5,34.2,33.2,64.0,20.5,17.2,40.3,15.3,4.5,12.4,40.4,3.7,19.3,6.5
40107,14.0,27.5,14.3,41.5,60.6,6.7,12.6,8.2,75.7,79.4,22.1,49.6,10.4,24.8,46.6,26.6,14.7,44.7,28.5,28.6,26.7,27.7,10.4,34.8,20.3,13.1,14.8,35.5,37.4,64.2,21.2,20.6,45.6,17.3,5.9,16.2,39.7,4.5,25.7,8.6
40109,12.6,25.5,15.0,35.9,61.3,6.4,11.5,6.3,77.6,84.1,17.1,55.3,6.6,14.5,58.4,25.1,12.0,37.2,25.7,18.9,15.3,19.9,7.4,33.4,15.9,9.1,9.9,32.1,29.1,74.2,17.7,15.9,37.9,13.0,4.0,11.2,36.5,3.3,14.8,5.8
40111,11.5,28.3,14.1,39.8,59.6,6.9,12.8,7.0,76.6,82.0,20.3,52.5,8.6,20.8,52.0,26.7,13.2,42.3,27.1,22.9,20.3,24.2,9.2,34.5,17.5,11.3,12.1,34.2,36.0,64.0,20.7,18.2,45.3,15.6,4.8,13.5,39.2,3.9,21.6,6.9
40113,10.6,26.1,15.5,39.2,60.0,6.8,12.3,6.5,77.4,83.0,18.3,56.2,7.4,18.4,54.5,25.4,11.4,38.4,27.0,19.5,16.3,20.7,8.3,32.5,15.7,9.8,10.5,34.8,30.0,66.1,19.2,15.5,46.4,14.0,4.1,11.6,37.7,3.5,18.0,5.9
40115,12.2,27.2,14.7,37.4,60.1,7.0,12.7,7.5,76.2,81.1,21.0,51.9,9.4,22.3,49.5,27.9,13.2,41.8,26.2,23.9,21.7,24.5,9.8,34.2,17.7,11.9,12.8,33.8,35.4,67.1,21.0,18.4,42.3,16.3,5.1,13.9,41.2,4.0,25.0,7.4
40117,11.2,26.4,15.2,36.4,58.7,7.1,12.0,6.7,76.2,81.9,19.1,54.1,8.2,19.7,56.7,27.4,11.5,39.1,26.3,19.8,16.7,21.8,9.0,33.6,15.0,10.3,10.4,34.3,31.5,68.1,19.9,16.2,39.6,14.8,4.2,11.0,38.3,3.5,21.6,6.0
40119,9.7,25.4,15.5,35.6,59.9,7.3,11.5,6.6,77.0,83.1,17.1,54.2,7.6,17.0,57.9,25.3,11.7,36.5,23.6,18.1,15.9,19.6,8.6,33.5,13.6,9.4,9.6,31.1,29.5,66.0,18.0,15.1,38.0,13.6,4.1,11.0,38.3,3.4,12.2,5.7
40121,11.7,27.0,15.1,38.3,58.8,7.0,12.0,6.9,76.6,81.5,19.2,52.3,8.3,19.8,51.1,26.1,11.8,38.9,26.1,21.2,17.9,22.4,9.2,33.9,15.8,10.5,11.1,33.9,32.1,68.4,19.7,16.7,40.3,15.1,4.5,12.0,43.7,3.6,21.4,6.4
40123,10.0,25.0,15.7,37.0,57.7,7.0,11.9,6.2,77.1,83.4,17.4,55.1,7.0,17.1,53.5,26.0,10.9,35.7,25.4,17.7,14.2,19.5,8.3,33.4,13.9,9.2,9.7,34.1,28.9,65.9,18.8,15.0,40.3,13.7,3.7,10.3,37.3,3.2,11.3,5.5
40125,10.7,27.8,14.5,37.9,58.6,7.1,12.4,6.5,78.1,83.1,18.9,54.0,8.0,18.5,53.9,26.5,11.5,39.0,25.6,19.4,16.6,21.8,8.7,34.8,14.8,10.2,10.3,34.8,31.5,66.2,20.1,16.6,41.4,14.5,4.2,11.2,38.4,3.5,21.8,6.0
40127,13.0,28.2,14.7,39.5,59.7,6.9,12.7,7.9,75.9,80.0,22.1,49.9,10.1,24.4,47.4,28.9,13.7,45.1,26.9,26.1,24.5,26.3,10.3,34.9,18.5,12.8,13.6,35.8,37.2,67.3,21.5,20.0,39.1,17.1,5.5,14.7,38.6,4.2,20.8,8.0
40129,10.6,26.5,15.3,36.6,59.4,7.3,11.4,6.6,76.7,82.6,18.0,54.7,7.8,18.2,56.7,26.3,11.3,37.6,23.6,18.0,15.8,20.5,8.7,34.2,13.7,9.7,9.6,32.2,31.4,67.6,19.1,15.5,40.6,14.2,4.1,10.6,36.7,3.4,11.9,5.7
40131,9.4,23.7,15.8,33.8,57.4,7.1,11.4,6.0,76.0,84.0,16.9,57.9,6.5,16.0,59.7,25.4,10.6,35.6,24.8,15.3,11.8,17.7,8.0,32.9,12.5,8.5,8.6,33.0,27.4,69.6,18.0,13.8,39.9,13.0,3.4,8.9,35.0,3.0,12.9,4.8
40133,12.9,28.3,14.4,40.1,60.1,6.9,12.8,7.8,77.0,80.7,22.0,49.2,9.9,23.3,48.2,28.7,13.7,44.7,28.1,26.7,24.3,26.4,10.0,35.7,19.2,12.7,13.7,37.1,36.7,63.9,21.7,19.9,45.4,17.2,5.5,15.1,41.1,4.2,26.7,7.9
40135,12.7,28.0,14.5,39.6,59.7,6.9,13.0,7.6,76.8,80.6,21.9,52.2,9.7,23.4,48.6,28.0,13.7,44.9,27.9,25.9,23.5,26.2,10.2,34.4,18.7,12.6,13.7,35.0,35.7,65.1,21.8,19.6,47.1,17.1,5.4,14.5,38.1,4.2,28.3,7.9
40137,11.9,26.5,15.4,37.8,58.8,7.1,11.7,6.7,76.7,81.9,18.7,55.1,8.0,19.1,55.2,26.8,11.4,39.3,24.9,19.8,16.8,22.3,8.8,33.6,14.6,10.1,10.0,33.4,32.5,65.9,19.6,16.5,39.2,14.8,4.2,10.9,35.0,3.5,21.0,6.0
40139,21.9,23.5,14.0,37.0,59.4,6.0,10.2,6.8,74.7,81.8,18.6,47.9,7.0,16.2,51.2,22.2,13.2,40.2,28.0,25.7,19.2,25.1,8.7,34.6,19.5,9.9,11.8,34.8,37.5,67.2,17.0,17.5,44.5,14.9,4.8,12.6,36.8,3.5,16.3,7.7
40141,17.0,25.3,14.5,37.0,59.5,6.5,11.2,6.8,75.9,81.7,19.4,50.5,7.8,18.6,51.0,24.7,12.9,40.5,26.7,23.2,18.8,24.2,8.8,34.3,17.7,10.4,11.3,34.5,35.5,67.3,18.9,17.6,44.2,15.2,4.7,12.2,39.9,3.6,21.1,7.1
40143,11.8,23.0,14.0,33.8,59.9,6.7,11.3,6.0,75.8,84.1,16.9,56.9,6.7,15.0,58.6,27.5,10.8,36.9,26.5,18.4,14.9,19.9,7.8,31.8,15.0,9.0,9.6,35.5,30.4,72.2,18.3,14.7,35.9,13.1,3.8,11.0,35.7,3.2,16.4,5.5
40145,9.7,24.9,16.1,35.1,58.9,7.1,11.2,5.8,76.3,84.3,16.4,55.3,6.4,15.5,58.8,25.2,10.3,35.1,24.9,15.4,12.1,17.9,7.8,32.5,12.7,8.2,8.4,33.1,27.5,69.7,17.6,13.7,35.8,12.8,3.4,9.0,39.7,3.0,10.2,4.8
40147,10.3,26.6,15.0,34.7,58.6,7.2,11.7,6.4,76.4,83.2,17.9,55.2,7.4,17.6,54.4,27.7,11.0,37.9,24.7,17.8,15.1,20.0,8.4,33.1,13.8,9.5,9.6,33.4,29.5,66.8,18.6,15.6,42.7,13.7,3.9,10.4,41.1,3.3,22.1,5.6
40149,11.4,25.8,15.9,34.8,58.8,7.2,11.3,6.4,75.9,82.4,18.2,54.2,7.6,17.8,54.6,26.3,10.8,37.4,24.7,17.7,14.7,20.4,8.5,34.0,13.5,9.5,9.0,33.6,30.8,66.9,18.8,15.1,39.5,13.9,3.9,9.8,37.6,3.3,20.8,5.5
40151,10.3,26.1,15.9,35.5,59.2,7.3,11.1,6.4,76.6,83.1,17.0,57.0,7.2,16.7,57.7,26.6,10.7,36.4,23.8,16.2,13.8,19.3,8.3,34.7,12.7,8.9,8.7,32.7,29.3,70.1,18.3,14.4,39.0,13.5,3.8,9.6,37.9,3.2,15.2,5.2
40153,12.5,24.6,15.7,36.2,58.7,7.1,10.9,6.3,75.4,82.6,17.4,52.1,7.3,17.2,53.3,24.7,10.7,36.1,25.4,17.8,14.3,20.0,8.4,33.2,13.8,9.0,9.0,32.9,29.7,64.3,18.2,14.5,41.6,13.6,3.8,9.8,37.5,3.2,19.8,5.5
41001,8.2,25.8,17.6,30.0,51.2,7.7,12.2,5.9,70.7,80.8,16.4,58.1,6.8,14.5,61.7,28.0,9.8,30.4,,,,18.8,6.8,29.3,,8.5,,,19.1,73.8,19.4,12.4,37.8,13.8,3.4,,33.1,3.0,12.1,4.5
41003,6.9,25.3,17.9,27.7,51.0,7.6,11.7,5.3,71.4,82.4,14.4,59.0,5.7,11.3,66.5,26.8,9.3,27.6,,,,16.7,6.1,29.6,,7.3,,,16.7,77.3,17.9,10.8,28.3,12.4,3.1,,26.6,2.8,13.5,4.1
41005,7.0,22.7,16.4,27.3,50.0,7.6,11.7,4.7,70.8,83.3,13.4,61.5,5.0,10.6,69.9,28.7,8.6,25.2,,,,15.7,5.5,27.8,,6.7,,,18.6,78.0,17.9,9.8,33.7,12.1,2.6,,32.8,2.5,8.3,3.6
41007,8.7,25.3,17.7,29.8,50.9,7.6,12.3,5.6,70.9,81.3,16.0,56.7,6.4,13.6,66.7,28.3,9.5,30.1,,,,18.6,6.5,29.2,,8.2,,,19.8,73.9,19.2,12.0,34.8,13.7,3.3,,30.7,2.9,8.7,4.4
41009,8.6,25.7,17.6,29.4,50.4,7.6,12.3,5.6,68.7,80.8,16.3,58.1,6.4,14.4,62.4,28.6,9.6,28.3,,,,18.7,6.2,28.2,,8.2,,,20.7,75.8,19.6,11.7,33.1,13.7,3.2,,34.0,2.9,11.4,4.3
41011,9.2,27.0,17.7,31.6,51.4,7.6,12.7,6.1,70.7,80.1,17.8,56.6,7.3,15.9,62.6,28.8,10.2,33.3,,,,21.2,6.9,29.1,,9.5,,,21.7,73.9,20.2,13.9,34.2,15.2,3.8,,32.8,3.3,13.1,5.1
41013,8.4,25.5,18.9,29.9,51.3,7.6,12.2,5.4,70.0,81.4,16.0,57.4,6.2,13.4,63.2,28.6,9.2,29.0,,,,17.8,6.3,28.5,,8.0,,,19.4,76.8,19.4,11.4,36.0,13.3,3.1,,32.4,2.8,13.9,4.2
41015,9.1,25.5,18.0,30.4,50.5,7.6,12.5,5.8,68.9,80.5,16.8,61.6,6.9,14.4,59.3,28.8,9.9,31.2,,,,19.8,6.7,28.8,,8.8,,,20.4,76.0,20.3,12.7,38.6,14.1,3.6,,32.6,3.1,11.2,4.8
41017,7.0,23.8,18.9,28.0,50.6,7.9,11.7,4.9,72.1,83.0,13.9,58.7,5.2,10.7,71.5,25.9,8.2,25.6,,,,15.0,5.8,28.9,,6.9,,,15.6,79.3,17.0,9.9,26.8,11.7,2.7,,25.6,2.5,15.0,3.6
41019,9.1,26.2,17.0,31.3,50.7,7.7,13.1,6.1,71.0,80.0,17.9,53.1,7.4,15.2,58.2,29.4,10.5,32.9,,,,21.2,7.0,30.7,,9.3,,,23.5,74.7,20.4,13.4,37.8,14.9,3.8,,35.4,3.2,15.0,5.0
41021,10.0,26.3,17.5,30.6,51.0,7.5,12.7,6.0,69.5,79.6,17.9,54.4,7.4,15.7,64.1,29.2,10.2,32.5,,,,21.1,6.9,29.4,,9.4,,,22.7,75.4,20.7,13.5,35.8,14.8,3.8,,31.6,3.2,20.7,5.0
41023,8.5,26.2,17.4,30.4,51.3,7.6,12.6,6.0,69.1,79.8,17.4,55.9,7.2,15.5,61.2,28.9,10.0,32.3,,,,20.0,6.9,29.3,,9.1,,,21.7,73.3,20.4,13.0,33.9,14.5,3.6,,33.6,3.2,14.4,4.8
41025,9.5,26.8,17.4,33.2,52.1,7.5,12.9,6.5,69.0,79.1,18.5,53.4,8.0,17.0,58.1,29.6,11.0,34.7,,,,22.1,7.4,29.9,,10.0,,,24.0,72.1,21.4,14.4,39.0,15.5,4.1,,35.7,3.4,17.2,5.5
41027,11.9,22.8,18.0,27.9,50.5,7.1,11.3,5.1,69.6,82.1,15.0,58.8,5.4,11.4,65.6,24.8,9.4,27.7,,,,18.2,6.0,28.7,,7.4,,,19.8,79.1,17.2,11.1,31.3,12.8,3.1,,29.8,2.7,13.7,4.5
41029,9.7,24.4,17.1,29.9,49.4,7.4,12.2,5.5,71.8,81.4,15.8,54.2,6.3,13.4,58.4,27.9,10.0,28.6,,,,18.3,6.3,28.4,,8.2,,,20.3,75.0,19.9,11.7,33.0,13.6,3.4,,35.8,2.9,18.2,4.6
41031,11.7,25.3,17.3,30.7,50.9,7.1,12.2,5.9,69.6,80.2,17.1,55.8,6.6,15.0,60.3,26.4,11.0,32.1,,,,21.2,7.0,29.0,,8.9,,,22.2,75.6,19.5,13.1,35.5,14.6,3.7,,34.7,3.2,15.8,5.4
41033,10.2,27.0,16.8,30.4,51.9,7.6,12.7,6.2,69.7,79.2,18.2,53.7,7.7,16.4,57.2,29.3,10.8,33.8,,,,21.9,7.1,30.0,,9.8,,,23.3,72.8,20.9,14.1,34.0,15.5,4.1,,33.3,3.4,17.0,5.5
41035,10.7,26.3,16.9,33.9,51.6,7.4,12.7,6.4,69.9,79.8,18.0,55.5,7.6,15.7,59.0,28.8,11.2,33.7,,,,22.0,7.1,29.9,,9.6,,,24.9,74.7,20.5,14.2,38.1,15.3,4.0,,34.5,3.3,18.1,5.6
41037,10.6,26.2,17.3,32.5,52.2,7.4,12.2,6.5,69.7,79.0,17.8,55.3,7.6,16.0,56.7,28.1,11.0,33.2,,,,21.8,7.4,29.5,,9.4,,,23.5,67.9,19.9,13.8,37.5,15.0,4.0,,33.9,3.4,12.2,5.5
41039,8.3,25.6,16.0,29.9,51.5,7.8,12.3,5.5,69.9,80.4,16.0,53.0,6.5,13.0,60.8,28.3,9.3,29.6,,,,18.3,6.3,30.5,,8.3,,,18.6,74.9,19.9,11.9,35.2,13.5,3.4,,31.9,3.0,10.2,4.5
41041,9.2,25.2,17.5,30.7,51.4,7.7,12.7,5.8,70.3,81.1,16.3,57.0,6.8,14.2,62.5,29.2,10.1,30.2,,,,20.1,6.6,29.3,,8.7,,,21.0,75.6,19.9,12.5,35.7,14.7,3.6,,34.6,3.1,16.0,4.8
41043,9.1,27.2,18.2,30.2,51.5,7.5,12.6,5.7,70.8,80.6,16.6,57.6,6.8,14.5,62.3,31.6,10.1,31.2,,,,19.9,6.6,27.9,,8.6,,,21.5,73.3,20.1,12.9,40.1,14.2,3.5,,35.0,3.1,9.7,4.7
41045,15.8,25.5,16.8,33.6,51.6,6.9,11.8,6.7,68.9,78.3,18.6,51.6,7.7,16.4,52.6,25.3,12.5,35.0,,,,25.0,7.5,30.3,,10.0,,,27.7,70.7,19.6,15.4,41.6,16.1,4.6,,36.0,3.6,27.5,6.7
41047,12.5,24.5,16.9,30.8,50.8,7.0,12.2,5.7,70.9,81.0,16.8,58.6,6.4,12.7,59.5,27.7,11.3,31.8,,,,21.1,6.6,30.4,,8.7,,,21.8,73.7,19.1,13.2,43.6,14.2,3.7,,34.9,3.1,12.3,5.3
41049,18.3,25.7,15.6,32.1,51.8,6.6,12.1,6.7,69.0,78.5,19.6,51.0,7.7,16.3,54.3,26.5,12.7,36.3,,,,26.7,7.7,29.4,,10.5,,,27.3,70.0,20.2,16.0,39.4,16.7,4.9,,35.8,3.6,27.9,7.2
41051,7.5,21.5,17.3,27.7,50.8,7.0,11.7,5.1,70.3,83.8,14.6,60.6,5.1,11.7,64.8,29.9,9.1,28.0,,,,17.1,5.7,30.6,,7.4,,,17.5,78.2,18.3,10.3,28.5,12.1,2.9,,28.6,2.7,13.2,4.1
41053,9.2,25.5,16.1,28.6,51.2,7.5,12.5,5.4,69.3,81.7,15.7,60.5,6.1,12.6,60.3,27.8,9.6,27.8,,,,18.1,6.2,29.5,,8.0,,,19.6,75.6,18.5,11.5,33.4,13.1,3.3,,34.6,2.9,11.8,4.4
41055,9.7,26.4,17.4,31.4,51.2,7.5,12.6,6.2,69.9,79.8,17.8,56.2,7.4,15.9,58.5,28.9,10.4,32.2,,,,21.0,7.0,29.8,,9.4,,,22.3,75.4,20.6,13.3,36.7,14.9,3.8,,31.9,3.3,13.3,5.1
41057,9.5,24.3,18.1,28.8,51.1,7.5,12.1,5.6,70.1,80.9,16.3,56.1,6.5,13.7,63.9,27.6,9.7,29.2,,,,18.7,6.5,28.6,,8.3,,,20.0,76.6,19.3,12.0,32.1,13.7,3.4,,31.2,3.0,18.3,4.5
41059,13.8,25.5,17.4,30.4,51.9,7.0,12.0,6.1,70.7,79.7,17.5,56.4,7.0,14.9,57.6,23.8,11.4,33.2,,,,22.8,7.1,28.7,,9.1,,,24.5,76.7,19.0,14.0,37.9,15.1,4.0,,33.9,3.2,13.2,5.7
41061,8.4,26.7,18.1,31.3,51.9,7.7,12.4,6.0,70.4,80.6,16.8,57.1,7.0,14.7,61.1,28.7,10.1,31.2,,,,19.5,6.8,29.2,,8.8,,,20.7,74.2,20.1,12.7,36.8,14.2,3.6,,33.2,3.1,15.5,4.7
41063,7.2,24.7,18.9,28.8,50.5,7.8,12.1,5.2,71.0,82.3,15.1,55.9,5.8,12.3,66.5,28.4,8.7,27.6,,,,16.7,6.1,29.1,,7.5,,,18.0,76.3,18.6,10.8,34.1,12.6,2.9,,31.9,2.7,7.9,3.8
41065,11.8,25.2,17.6,30.0,51.7,7.2,12.2,6.0,69.6,80.2,17.4,53.6,7.0,14.8,61.4,27.6,10.9,31.9,,,,21.0,6.9,29.7,,9.0,,,22.3,75.7,19.4,13.3,38.0,14.7,3.8,,31.0,3.2,20.9,5.3
41067,7.8,21.0,15.1,28.4,49.8,7.0,11.2,4.6,69.4,83.2,13.1,59.1,4.7,9.6,68.7,25.1,9.2,25.3,,,,17.0,5.3,30.7,,6.5,,,17.4,82.0,16.5,9.6,32.0,12.0,2.6,,29.3,2.4,11.6,3.7
41069,9.9,26.4,17.3,31.5,51.3,7.6,12.7,6.1,69.9,80.0,17.8,54.9,7.4,15.5,59.0,29.1,10.6,32.4,,,,21.0,7.0,29.3,,9.5,,,22.2,77.8,20.5,13.5,36.9,14.9,3.9,,34.1,3.3,12.7,5.2
41071,9.7,24.0,16.9,29.8,51.3,7.3,11.8,5.3,70.3,82.0,15.4,57.7,5.9,12.2,63.3,25.6,9.7,28.0,,,,18.6,6.2,28.3,,7.8,,,20.1,73.3,17.9,11.6,37.3,13.2,3.2,,34.2,2.8,16.6,4.4
42001,,,,,,,,,,,,59.2,,,64.1,,,,,,,,,,,,,,,73.4,,,,,,,39.7,,15.9,
42003,,,,,,,,,,,,61.1,,,65.0,,,,,,,,,,,,,,,79.5,,,,,,,37.0,,11.8,
42005,,,,,,,,,,,,59.0,,,60.3,,,,,,,,,,,,,,,79.5,,,,,,,38.3,,17.7,
42007,,,,,,,,,,,,61.3,,,65.5,,,,,,,,,,,,,,,77.9,,,,,,,36.7,,15.9,
42009,,,,,,,,,,,,58.6,,,60.4,,,,,,,,,,,,,,,75.3,,,,,,,39.8,,21.9,
42011,,,,,,,,,,,,57.5,,,63.1,,,,,,,,,,,,,,,77.7,,,,,,,41.4,,16.5,
42013,,,,,,,,,,,,59.6,,,60.5,,,,,,,,,,,,,,,73.0,,,,,,,42.2,,16.7,
42015,,,,,,,,,,,,59.2,,,63.1,,,,,,,,,,,,,,,75.1,,,,,,,38.8,,20.6,
42017,,,,,,,,,,,,64.0,,,67.1,,,,,,,,,,,,,,,75.3,,,,,,,38.6,,12.3,
42019,,,,,,,,,,,,63.8,,,69.8,,,,,,,,,,,,,,,77.9,,,,,,,37.7,,14.0,
42021,,,,,,,,,,,,60.0,,,60.5,,,,,,,,,,,,,,,78.6,,,,,,,40.3,,15.3,
42023,,,,,,,,,,,,56.8,,,56.0,,,,,,,,,,,,,,,73.3,,,,,,,41.4,,19.8,
42025,,,,,,,,,,,,58.9,,,62.6,,,,,,,,,,,,,,,73.8,,,,,,,38.8,,13.4,
42027,,,,,,,,,,,,61.1,,,62.4,,,,,,,,,,,,,,,76.8,,,,,,,37.3,,17.5,
42029,,,,,,,,,,,,67.0,,,71.1,,,,,,,,,,,,,,,81.0,,,,,,,32.6,,8.7,
42031,,,,,,,,,,,,57.7,,,60.6,,,,,,,,,,,,,,,77.1,,,,,,,38.1,,16.6,
42033,,,,,,,,,,,,61.7,,,59.0,,,,,,,,,,,,,,,76.0,,,,,,,41.7,,15.7,
42035,,,,,,,,,,,,57.7,,,59.2,,,,,,,,,,,,,,,72.9,,,,,,,42.9,,20.5,
42037,,,,,,,,,,,,58.8,,,62.8,,,,,,,,,,,,,,,75.4,,,,,,,38.3,,16.5,
42039,,,,,,,,,,,,60.1,,,59.8,,,,,,,,,,,,,,,74.6,,,,,,,37.6,,15.9,
42041,,,,,,,,,,,,66.8,,,66.7,,,,,,,,,,,,,,,75.0,,,,,,,36.4,,10.9,
42043,,,,,,,,,,,,62.1,,,60.4,,,,,,,,,,,,,,,77.3,,,,,,,43.1,,14.8,
42045,,,,,,,,,,,,59.1,,,68.5,,,,,,,,,,,,,,,78.3,,,,,,,41.6,,16.3,
42047,,,,,,,,,,,,60.3,,,63.4,,,,,,,,,,,,,,,76.6,,,,,,,38.4,,15.0,
42049,,,,,,,,,,,,61.2,,,61.1,,,,,,,,,,,,,,,78.8,,,,,,,37.8,,15.5,
42051,,,,,,,,,,,,57.3,,,59.0,,,,,,,,,,,,,,,76.2,,,,,,,39.8,,18.3,
42053,,,,,,,,,,,,57.9,,,52.4,,,,,,,,,,,,,,,74.1,,,,,,,42.7,,19.6,
42055,,,,,,,,,,,,62.4,,,61.1,,,,,,,,,,,,,,,75.4,,,,,,,39.7,,13.4,
42057,,,,,,,,,,,,58.8,,,62.8,,,,,,,,,,,,,,,75.7,,,,,,,40.2,,12.9,
42059,,,,,,,,,,,,60.6,,,61.2,,,,,,,,,,,,,,,78.3,,,,,,,40.4,,15.8,
42061,,,,,,,,,,,,62.4,,,59.7,,,,,,,,,,,,,,,75.4,,,,,,,39.4,,15.5,
42063,,,,,,,,,,,,58.9,,,63.1,,,,,,,,,,,,,,,79.0,,,,,,,39.2,,9.4,
42065,,,,,,,,,,,,58.0,,,59.3,,,,,,,,,,,,,,,74.5,,,,,,,38.9,,16.2,
42067,,,,,,,,,,,,56.7,,,60.2,,,,,,,,,,,,,,,73.8,,,,,,,38.2,,20.3,
42069,,,,,,,,,,,,63.1,,,63.8,,,,,,,,,,,,,,,75.6,,,,,,,41.4,,16.8,
42071,,,,,,,,,,,,59.8,,,64.9,,,,,,,,,,,,,,,72.5,,,,,,,39.1,,16.2,
42073,,,,,,,,,,,,56.2,,,61.7,,,,,,,,,,,,,,,76.1,,,,,,,46.0,,14.1,
42075,,,,,,,,,,,,59.1,,,63.5,,,,,,,,,,,,,,,76.5,,,,,,,36.7,,12.8,
42077,,,,,,,,,,,,59.9,,,61.4,,,,,,,,,,,,,,,76.5,,,,,,,36.8,,18.7,
42079,,,,,,,,,,,,57.9,,,61.1,,,,,,,,,,,,,,,76.6,,,,,,,40.3,,17.1,
42081,,,,,,,,,,,,61.7,,,65.2,,,,,,,,,,,,,,,76.8,,,,,,,37.7,,13.8,
42083,,,,,,,,,,,,58.7,,,63.7,,,,,,,,,,,,,,,75.0,,,,,,,37.5,,12.9,
42085,,,,,,,,,,,,57.4,,,61.3,,,,,,,,,,,,,,,80.8,,,,,,,40.6,,15.9,
42087,,,,,,,,,,,,58.6,,,56.9,,,,,,,,,,,,,,,74.0,,,,,,,41.6,,24.5,
42089,,,,,,,,,,,,61.3,,,63.0,,,,,,,,,,,,,,,80.1,,,,,,,42.7,,11.1,
42091,,,,,,,,,,,,63.5,,,70.2,,,,,,,,,,,,,,,78.3,,,,,,,37.2,,6.9,
42093,,,,,,,,,,,,61.5,,,63.0,,,,,,,,,,,,,,,80.4,,,,,,,38.0,,9.9,
42095,,,,,,,,,,,,61.0,,,64.5,,,,,,,,,,,,,,,77.9,,,,,,,37.1,,14.3,
42097,,,,,,,,,,,,60.7,,,60.1,,,,,,,,,,,,,,,76.7,,,,,,,40.4,,17.3,
42099,,,,,,,,,,,,63.8,,,62.1,,,,,,,,,,,,,,,77.3,,,,,,,38.1,,14.7,
42101,,,,,,,,,,,,62.5,,,55.3,,,,,,,,,,,,,,,77.0,,,,,,,42.7,,22.2,
42103,,,,,,,,,,,,61.9,,,65.8,,,,,,,,,,,,,,,78.1,,,,,,,39.5,,10.4,
42105,,,,,,,,,,,,62.5,,,61.3,,,,,,,,,,,,,,,76.1,,,,,,,39.4,,9.4,
42107,,,,,,,,,,,,61.2,,,58.4,,,,,,,,,,,,,,,77.2,,,,,,,42.0,,13.6,
42109,,,,,,,,,,,,57.4,,,66.3,,,,,,,,,,,,,,,76.5,,,,,,,36.4,,15.9,
42111,,,,,,,,,,,,59.9,,,59.1,,,,,,,,,,,,,,,75.7,,,,,,,37.4,,12.2,
42113,,,,,,,,,,,,60.2,,,55.9,,,,,,,,,,,,,,,75.5,,,,,,,40.7,,15.1,
42115,,,,,,,,,,,,58.9,,,65.6,,,,,,,,,,,,,,,78.8,,,,,,,38.4,,13.1,
42117,,,,,,,,,,,,60.8,,,61.9,,,,,,,,,,,,,,,77.4,,,,,,,41.1,,13.5,
42119,,,,,,,,,,,,60.7,,,60.2,,,,,,,,,,,,,,,73.3,,,,,,,39.4,,15.3,
42121,,,,,,,,,,,,59.0,,,61.8,,,,,,,,,,,,,,,77.7,,,,,,,38.8,,12.1,
42123,,,,,,,,,,,,59.4,,,59.5,,,,,,,,,,,,,,,75.0,,,,,,,41.3,,16.6,
42125,,,,,,,,,,,,62.8,,,65.3,,,,,,,,,,,,,,,79.6,,,,,,,38.4,,12.6,
42127,,,,,,,,,,,,58.3,,,59.7,,,,,,,,,,,,,,,77.0,,,,,,,40.7,,14.8,
42129,,,,,,,,,,,,65.0,,,67.2,,,,,,,,,,,,,,,76.9,,,,,,,38.6,,14.3,
42131,,,,,,,,,,,,59.4,,,61.1,,,,,,,,,,,,,,,78.9,,,,,,,39.3,,15.5,
42133,,,,,,,,,,,,60.6,,,64.4,,,,,,,,,,,,,,,73.9,,,,,,,39.9,,14.5,
44001,5.5,21.6,20.8,27.4,55.1,7.8,10.8,4.6,84.0,88.7,12.1,70.0,4.8,10.6,74.5,24.7,7.9,21.6,20.0,9.0,7.8,12.7,5.1,29.3,8.6,6.0,5.5,32.0,17.8,83.8,15.8,8.2,26.0,10.4,2.3,5.6,33.1,2.3,8.1,3.1
44003,6.6,23.3,18.9,31.5,56.7,7.4,11.8,5.0,83.7,87.9,13.9,70.3,5.7,12.8,72.1,25.8,9.6,25.5,20.9,11.8,10.5,15.4,5.6,29.6,10.7,7.0,6.9,35.5,22.3,83.9,17.2,9.8,32.7,11.7,2.8,6.9,35.9,2.6,11.4,3.7
44005,5.8,21.9,21.1,28.2,55.6,7.9,10.8,4.7,82.5,88.4,11.8,70.2,4.9,9.8,75.3,24.1,7.8,20.9,18.3,9.7,8.6,13.1,5.1,30.8,9.2,6.0,5.9,31.6,18.4,82.4,15.7,8.6,27.9,10.4,2.4,6.0,29.7,2.4,4.9,3.2
44007,10.3,21.7,17.3,31.0,59.3,6.4,12.4,5.5,82.2,87.8,15.4,66.1,6.0,12.5,67.7,23.4,10.6,28.8,24.7,19.6,16.9,18.6,5.7,30.1,17.3,8.5,9.7,38.1,28.2,82.0,18.4,12.1,33.7,13.5,3.6,10.3,38.0,2.9,17.4,5.1
44009,5.3,21.6,20.0,27.8,56.0,7.7,10.9,4.7,83.2,88.5,12.1,71.1,5.1,10.4,76.7,23.4,7.1,21.5,18.7,9.3,8.5,12.2,5.4,28.5,8.7,6.3,5.8,29.8,16.8,80.6,15.7,8.1,28.0,10.4,2.4,5.9,32.3,2.4,12.2,3.2
45001,13.3,26.7,16.0,37.2,63.4,6.8,10.4,6.2,78.9,83.3,17.2,60.3,7.9,16.9,59.7,24.8,13.2,33.8,26.0,22.1,14.5,22.3,6.6,34.0,16.5,10.3,10.7,34.5,29.1,77.6,19.5,15.5,38.0,15.0,4.7,11.4,38.3,3.8,23.4,6.1
45003,12.3,23.8,17.7,33.5,63.4,7.0,9.9,5.4,79.1,85.3,14.6,61.5,6.1,13.8,59.1,23.8,11.3,28.3,25.2,17.5,10.6,19.1,5.9,31.2,14.2,8.4,9.0,32.6,25.1,79.0,17.0,12.6,34.5,12.9,3.7,9.3,38.4,3.3,17.5,5.1
45005,18.2,27.2,13.7,44.8,67.0,5.3,11.0,7.0,80.0,82.7,19.3,58.8,8.8,19.8,47.9,20.4,17.9,39.1,33.9,36.2,26.9,29.7,6.2,33.0,27.0,12.9,16.9,38.9,36.6,75.9,19.7,20.2,46.9,16.4,6.9,19.5,46.1,5.2,18.1,9.3
45007,12.7,27.0,16.2,33.7,61.9,7.4,10.2,5.8,76.6,84.2,15.7,64.2,7.0,14.4,61.1,26.8,11.1,32.6,24.6,17.8,10.5,19.9,6.4,33.2,13.8,9.0,8.6,35.5,25.3,76.5,18.9,13.8,36.2,14.0,3.9,9.3,34.9,3.3,17.8,5.1
45009,15.0,26.9,14.6,41.0,66.1,5.8,11.1,6.3,80.4,84.1,18.2,58.0,8.0,17.8,52.3,21.5,15.6,36.4,30.8,29.6,20.6,25.5,5.9,32.8,22.6,11.7,14.0,37.4,30.9,77.8,19.6,17.7,43.1,15.4,5.8,15.8,42.1,4.5,27.6,7.6
45011,16.6,26.4,14.8,40.4,65.5,6.3,11.1,7.1,79.0,82.0,19.8,57.9,9.6,20.1,52.4,23.5,15.9,38.1,28.9,32.0,23.7,27.7,6.9,33.5,23.3,13.0,15.0,36.4,34.5,76.1,20.4,19.3,44.3,16.6,6.4,17.0,45.7,4.7,20.9,8.5
45013,11.5,22.2,20.8,30.2,62.0,7.4,8.8,4.8,78.5,86.1,12.7,64.1,5.1,10.5,66.7,19.5,9.3,24.1,20.4,14.1,7.4,13.7,5.7,31.9,11.7,6.9,7.3,28.2,18.2,79.9,15.1,10.1,30.7,11.2,3.0,7.5,32.9,2.7,8.1,4.3
45015,11.8,23.8,16.6,34.7,62.9,6.8,9.5,5.2,78.9,85.5,14.4,66.5,5.7,12.9,64.6,22.6,11.9,30.8,24.3,17.0,8.8,18.0,5.9,33.5,13.4,7.9,8.3,32.1,25.3,78.8,17.1,13.1,37.8,12.7,3.5,8.7,37.4,3.1,8.6,4.7
45017,12.5,25.2,16.4,37.1,63.6,6.5,10.3,5.6,79.9,85.0,15.7,62.3,6.7,14.7,56.4,22.9,12.9,31.2,26.5,21.2,13.2,20.5,5.8,31.9,16.8,9.3,10.2,33.5,26.7,77.3,18.0,14.3,40.7,13.6,4.3,11.3,38.8,3.6,15.8,5.7
45019,9.7,22.4,22.9,29.4,61.6,7.3,8.8,4.7,78.0,86.9,12.4,69.0,5.0,10.6,70.1,21.8,10.0,24.7,21.7,12.8,7.3,14.8,5.2,32.2,10.8,6.8,7.0,30.5,19.6,75.7,15.1,10.7,29.9,10.8,3.0,7.3,30.6,2.8,9.6,4.1
45021,14.5,26.6,17.2,35.9,62.8,7.1,10.3,6.4,77.4,83.1,17.6,61.1,8.2,17.6,57.1,24.9,12.9,34.8,25.4,22.4,14.4,22.9,6.9,33.8,16.6,10.5,10.8,34.9,30.3,72.9,19.8,15.5,38.8,15.3,4.7,11.3,39.8,3.7,18.8,6.3
45023,14.5,26.1,15.8,38.3,63.6,6.6,10.8,6.5,78.3,82.9,18.0,60.0,8.2,18.1,55.1,24.1,13.7,34.3,27.6,25.4,17.2,23.9,6.6,34.0,19.1,11.0,12.2,36.9,31.2,73.9,20.1,16.3,37.7,15.3,5.2,13.3,39.4,4.1,19.7,6.8
45025,16.3,26.9,15.7,39.2,64.8,6.5,10.5,6.6,78.7,82.7,18.7,58.4,8.5,18.4,56.4,24.2,14.8,37.4,27.7,28.0,18.8,25.5,6.8,34.1,19.9,11.6,12.6,35.1,32.9,73.5,19.9,17.5,45.0,16.3,5.4,13.8,40.1,4.2,22.8,7.3
45027,15.3,26.7,15.2,40.7,65.1,6.3,10.8,6.5,80.1,83.4,18.1,59.8,8.2,18.0,54.5,23.5,15.0,36.2,29.0,28.2,19.3,25.5,6.5,31.8,21.2,11.4,13.1,36.9,31.5,77.1,19.7,17.3,38.4,15.4,5.5,14.7,38.1,4.3,21.9,7.4
45029,14.5,26.8,15.2,38.0,64.1,6.5,10.9,6.3,78.1,83.1,17.8,57.8,8.2,18.0,54.4,23.9,13.8,33.4,27.4,26.0,17.3,24.2,6.5,31.2,19.6,10.9,12.3,34.5,31.3,72.8,19.5,16.4,39.1,15.3,5.1,13.5,39.4,4.1,25.2,6.9
45031,13.7,26.9,15.9,39.6,64.8,6.4,10.8,6.3,81.3,84.1,17.5,60.7,7.9,16.9,56.7,23.9,14.5,33.6,26.7,25.9,17.7,24.0,6.3,33.5,19.5,10.8,12.1,35.6,28.9,73.2,19.2,16.4,45.6,15.0,5.1,13.9,38.9,4.1,23.0,6.8
45033,17.2,28.5,14.3,43.2,66.4,6.1,11.5,7.4,79.2,81.7,20.6,58.7,10.2,21.5,41.9,23.7,17.3,40.1,30.3,35.0,27.1,30.2,7.2,33.4,25.2,13.9,16.7,38.0,34.6,72.7,21.4,20.6,45.3,17.5,7.0,18.8,41.0,5.0,31.4,9.4
45035,11.5,22.3,17.6,32.8,62.7,6.9,9.6,5.2,79.3,85.8,13.8,62.0,5.8,13.1,65.2,22.1,11.4,27.3,23.7,16.0,9.1,17.8,5.6,31.7,13.5,8.0,8.4,32.4,24.0,73.2,16.8,12.2,35.0,12.6,3.5,8.8,37.6,3.1,12.2,4.7
45037,15.5,24.6,17.1,35.7,63.2,6.6,9.8,6.2,78.4,83.2,16.7,60.9,7.4,16.4,55.2,21.3,13.6,32.1,26.6,22.8,14.3,22.4,6.5,32.8,17.3,9.7,11.0,34.8,27.7,76.5,18.2,14.8,39.7,14.4,4.7,11.7,39.1,3.8,16.7,6.3
45039,14.7,25.7,14.7,40.9,65.7,6.0,10.9,6.3,80.1,84.0,17.7,59.6,7.8,17.7,50.2,22.1,15.4,34.6,29.3,29.2,20.5,25.1,6.1,34.2,22.5,11.3,13.7,35.9,31.0,77.1,19.5,17.2,45.6,15.1,5.6,15.8,41.7,4.4,22.9,7.5
45041,12.6,24.6,15.5,38.6,65.2,6.4,10.3,5.8,80.6,85.3,16.6,64.1,7.0,15.2,57.9,23.5,13.2,33.4,27.0,22.6,15.0,22.0,5.8,34.7,18.2,9.9,11.2,36.3,29.1,78.6,18.7,15.0,40.7,14.0,4.6,12.3,38.2,3.8,17.6,6.2
45043,10.8,22.6,17.3,33.7,62.7,7.1,9.6,5.2,79.3,85.9,14.1,66.4,6.0,12.7,62.4,21.9,11.6,27.8,23.6,16.7,10.3,17.6,5.7,29.1,14.2,8.2,8.6,30.8,22.6,79.0,16.9,12.3,32.5,12.3,3.6,9.6,37.4,3.2,16.8,4.8
45045,11.7,22.2,16.7,32.6,62.4,7.1,9.5,5.2,77.4,85.7,13.7,64.7,5.7,11.5,68.5,22.3,10.7,27.9,21.7,15.3,8.2,16.8,5.7,32.2,12.3,7.4,7.7,31.2,22.5,80.5,16.8,11.8,32.5,12.2,3.2,8.0,32.6,2.9,12.5,4.5
45047,13.2,27.0,15.7,36.4,64.0,6.8,10.2,5.9,79.9,84.6,16.2,61.1,7.3,15.7,57.8,24.6,13.0,31.9,25.9,22.6,14.6,21.5,6.4,31.7,17.1,9.8,10.7,34.4,27.3,76.9,18.3,14.7,37.5,14.1,4.5,12.0,40.8,3.7,19.7,6.1
45049,17.2,26.1,15.0,42.0,65.8,5.9,10.6,6.9,79.2,82.6,18.8,57.0,8.6,19.4,50.4,21.9,17.1,36.5,30.7,31.4,21.9,27.6,6.5,34.0,23.3,11.9,14.5,36.1,33.6,71.6,19.7,18.4,41.6,15.8,6.1,16.4,44.2,4.6,18.9,8.1
45051,13.0,24.8,18.1,33.7,63.3,7.6,9.3,5.5,78.7,84.3,15.5,63.4,6.7,15.1,61.5,23.1,10.9,29.1,23.5,16.6,9.6,18.8,6.3,34.5,13.1,8.5,8.3,31.4,23.1,75.0,19.0,12.7,32.4,14.0,3.6,8.4,36.6,3.1,11.8,4.9
45053,16.0,24.4,16.2,36.3,63.5,6.6,9.7,5.9,78.9,84.8,15.9,60.8,6.7,14.3,56.2,21.3,13.2,32.7,26.3,23.4,14.3,22.0,6.3,33.7,18.3,9.3,11.1,33.3,28.7,76.9,17.5,14.6,35.4,13.9,4.5,12.2,37.7,3.7,17.8,6.3
45055,12.5,24.6,16.7,35.1,62.6,7.0,9.9,5.6,78.7,84.4,15.6,61.3,6.6,14.6,61.6,22.8,12.1,29.9,26.1,19.3,11.3,19.4,6.0,34.3,15.0,8.8,9.3,33.7,26.1,78.0,18.0,13.4,36.3,13.6,3.9,9.9,39.7,3.4,15.0,5.3
45057,11.8,24.1,17.2,31.5,61.6,7.2,9.6,5.3,78.6,85.5,14.6,60.8,6.1,12.8,62.7,23.2,11.3,29.5,25.2,16.8,9.4,18.2,6.0,34.0,13.5,8.2,8.4,33.0,24.8,73.5,17.3,12.5,35.8,13.0,3.6,8.7,39.1,3.1,16.7,4.8
45059,14.7,26.6,15.7,35.9,63.1,6.9,10.2,6.1,78.4,83.0,17.5,60.6,7.6,16.8,59.9,24.4,13.0,36.0,25.1,22.2,13.9,23.9,6.6,33.3,16.8,10.3,10.8,34.5,30.6,79.7,19.2,15.6,36.3,14.9,4.6,11.2,35.6,3.7,19.1,6.2
45061,16.5,26.9,14.1,43.7,66.8,5.7,11.1,6.8,80.3,83.0,19.1,56.4,8.7,19.3,46.2,21.9,16.9,37.1,30.6,33.1,24.2,28.1,6.2,33.3,25.0,12.5,15.6,36.1,34.7,72.8,19.9,19.0,44.1,16.0,6.5,17.9,44.1,4.8,22.3,8.6
45063,11.1,24.1,16.6,33.2,61.6,7.2,9.3,5.1,80.2,85.7,14.0,65.2,5.9,13.0,64.3,25.1,10.5,27.6,22.2,15.3,8.6,17.8,5.9,32.7,12.5,7.8,7.8,30.4,24.9,73.5,17.2,12.0,35.9,12.4,3.4,8.2,35.0,3.0,10.5,4.6
45065,13.8,25.0,16.5,38.4,64.8,6.5,10.0,6.1,79.3,84.4,16.1,62.1,7.0,15.9,58.4,20.7,13.6,32.3,28.4,23.1,14.8,21.7,6.2,34.2,18.6,9.5,11.3,33.7,26.9,75.0,17.7,14.8,38.3,13.6,4.6,12.7,40.3,3.8,15.6,6.1
45067,16.9,28.1,13.6,43.4,66.6,5.8,11.4,7.1,80.8,82.4,19.8,54.9,9.6,20.7,49.2,22.8,17.7,38.8,30.3,35.3,27.1,29.7,6.5,32.2,26.0,13.4,16.4,37.4,34.9,75.0,21.0,20.4,45.2,17.1,6.8,18.8,40.1,5.0,23.1,9.2
45069,18.1,27.3,14.4,44.7,66.3,5.9,11.0,7.3,78.9,81.5,20.3,58.2,9.7,21.4,45.6,22.5,17.4,40.8,32.9,34.7,25.5,30.5,7.1,34.8,25.2,13.3,16.4,38.8,37.3,74.3,20.7,20.5,40.9,17.4,6.8,18.3,44.6,5.0,31.4,9.2
45071,14.0,25.0,17.5,37.1,64.7,6.7,9.9,6.0,78.7,84.2,16.1,59.6,7.1,16.1,59.8,23.1,13.1,30.7,27.0,21.4,13.5,20.9,6.3,33.6,16.3,9.5,10.4,33.0,29.5,78.2,18.4,14.4,38.6,14.0,4.4,11.1,37.0,3.6,17.2,5.9
45073,12.9,26.1,19.4,31.9,60.9,7.5,10.0,6.0,77.7,83.5,16.1,60.5,7.5,15.3,62.6,26.9,11.4,30.6,22.6,17.7,10.8,20.5,6.7,33.3,13.2,9.3,8.8,31.9,26.4,76.5,18.0,13.5,38.2,14.3,4.0,8.8,36.4,3.3,18.4,5.3
45075,15.3,27.3,14.3,42.4,66.9,5.7,11.1,6.4,81.8,84.3,18.1,60.4,8.0,17.5,54.2,22.6,15.7,35.9,30.4,31.3,22.3,26.1,5.9,33.1,23.3,11.7,14.5,34.1,32.5,74.0,19.5,17.9,43.1,15.2,5.9,16.5,41.3,4.5,21.0,7.9
45077,12.2,25.1,17.8,34.0,59.3,7.6,9.8,6.0,76.9,83.6,16.0,60.1,7.3,15.1,58.9,25.8,11.4,31.0,22.8,17.9,10.3,20.0,6.7,32.5,13.4,9.0,8.8,33.0,25.8,67.3,18.4,13.4,37.3,14.0,3.9,8.8,37.4,3.3,17.7,5.2
45079,11.3,25.6,16.3,37.0,63.1,6.2,9.9,5.4,80.8,86.5,14.2,67.1,5.7,11.9,62.8,22.1,13.0,29.7,25.5,18.5,12.5,19.4,5.3,32.8,16.6,8.6,9.9,34.2,22.2,79.5,16.5,14.0,35.8,12.8,4.2,11.5,42.3,3.5,13.4,5.6
45081,17.4,25.3,16.8,35.8,63.2,6.7,9.8,6.2,77.9,83.2,17.1,58.2,7.6,16.1,57.2,22.5,13.3,35.3,26.2,23.0,14.3,23.6,6.8,34.2,17.7,10.0,10.9,34.8,30.4,74.4,18.2,16.0,43.5,14.8,4.7,11.4,41.1,3.7,14.8,6.6
45083,13.3,25.6,16.7,35.5,63.4,7.0,9.7,5.7,77.6,84.5,16.1,63.7,6.7,14.4,61.2,24.6,12.1,32.8,26.2,18.8,11.3,20.2,6.2,34.3,15.1,8.8,9.3,33.8,26.8,79.8,17.9,14.2,37.9,13.7,3.9,9.7,38.5,3.3,12.5,5.4
45085,13.0,25.7,14.9,38.4,64.8,6.1,10.6,5.8,80.5,85.0,16.1,61.4,7.0,15.6,58.4,21.7,13.8,31.2,26.9,23.9,16.2,21.6,5.7,32.8,19.1,9.8,11.7,35.1,26.5,76.9,18.3,15.1,43.2,14.0,4.8,13.2,43.2,3.9,18.5,6.4
45087,15.6,28.1,16.1,40.6,64.6,6.7,11.0,7.0,78.4,81.7,19.8,59.0,9.6,19.7,50.8,24.9,15.0,38.7,27.4,27.8,20.3,26.9,7.2,34.5,20.5,12.4,13.3,35.4,31.9,74.2,20.7,18.6,43.8,16.6,5.9,14.6,41.0,4.4,18.0,7.8
45089,16.1,25.8,13.6,43.7,67.1,5.6,11.0,6.4,80.7,83.8,18.1,59.4,8.1,18.1,50.2,21.1,16.3,38.2,31.2,31.8,22.7,27.3,6.0,32.8,24.3,11.7,14.5,37.8,32.9,76.7,19.7,18.3,45.1,15.3,6.0,16.9,40.4,4.6,20.0,8.0
45091,10.1,22.4,17.3,32.4,62.0,7.2,9.3,4.7,77.2,86.7,13.1,62.0,5.3,11.1,64.0,22.4,10.3,26.0,23.6,14.4,7.3,16.0,5.5,31.7,11.6,7.0,7.1,30.9,22.6,80.4,16.7,11.2,36.8,11.4,3.0,7.4,34.3,2.8,11.5,4.1
46003,10.3,22.6,20.6,29.1,55.3,7.5,10.1,5.6,73.5,82.8,14.6,61.9,6.0,15.9,68.7,21.4,9.8,28.9,,,,16.6,7.2,29.4,,7.6,,,23.7,78.8,16.4,11.2,36.7,11.9,3.2,,30.1,2.9,9.9,4.3
46005,12.7,22.2,17.7,30.5,57.1,7.2,10.0,6.2,73.5,81.6,15.6,56.3,6.8,17.2,59.9,21.1,11.3,31.0,,,,19.8,7.6,30.9,,8.7,,,28.5,76.8,16.5,12.8,35.4,13.1,3.9,,32.3,3.3,20.2,5.5
46007,14.2,26.7,16.6,36.8,59.6,7.0,13.3,8.7,73.8,78.0,21.4,51.4,10.5,29.0,53.8,22.8,17.3,42.2,,,,29.9,11.1,31.0,,14.5,,,34.8,68.8,21.0,20.3,43.1,18.6,6.8,,32.2,5.1,31.6,10.5
46009,10.7,23.1,21.7,32.0,55.9,7.5,9.9,6.3,72.1,80.7,15.4,54.9,6.7,18.6,65.2,20.5,10.7,31.0,,,,18.7,8.1,29.3,,8.2,,,25.2,74.6,16.5,12.2,37.5,12.8,3.7,,30.7,3.3,13.1,5.0
46011,7.6,21.3,21.1,28.6,57.6,8.0,9.7,5.4,75.3,84.0,13.1,61.8,5.5,12.9,70.5,22.9,9.7,25.5,,,,14.7,6.8,29.0,,6.9,,,19.9,78.4,15.2,9.7,39.5,10.9,3.0,,31.4,2.8,11.3,3.9
46013,8.5,24.1,18.6,28.1,57.8,7.6,9.8,5.3,76.3,83.4,13.4,61.3,5.4,14.7,70.3,21.0,9.5,28.5,,,,15.5,6.9,28.5,,7.0,,,23.5,79.3,15.7,11.0,35.5,11.3,3.0,,30.7,2.8,9.7,3.9
46015,9.6,23.5,19.8,30.4,56.3,7.6,10.8,5.9,74.0,82.4,15.4,55.9,6.4,17.2,62.2,21.9,10.3,30.7,,,,17.9,7.5,30.1,,8.4,,,24.4,74.8,17.1,12.2,38.5,12.7,3.5,,31.2,3.1,17.2,4.8
46017,14.6,28.0,16.3,37.9,59.9,6.4,13.8,9.0,74.1,77.5,22.6,49.0,10.5,32.1,42.3,22.0,18.7,45.6,,,,32.3,12.1,29.5,,15.1,,,37.6,67.9,22.3,21.6,49.0,19.5,6.9,,38.9,5.5,26.9,11.4
46019,10.4,23.3,20.8,30.2,55.4,7.5,10.6,5.9,72.6,81.7,15.6,56.1,6.6,17.3,66.0,22.6,10.0,29.7,,,,17.8,7.4,28.7,,8.3,,,26.1,74.3,17.3,11.9,35.8,12.5,3.5,,32.6,3.1,15.4,4.7
46021,9.4,21.8,20.5,28.3,55.6,7.7,9.9,5.4,73.3,83.4,13.6,57.7,5.5,14.7,68.2,21.3,9.1,27.1,,,,15.5,6.8,28.8,,7.0,,,22.6,75.9,15.7,10.3,33.7,11.3,2.9,,30.9,2.7,12.9,3.9
46023,10.9,24.5,19.4,32.8,57.2,7.4,11.5,6.8,74.0,80.8,17.2,53.5,7.6,21.5,62.3,22.2,12.4,34.2,,,,21.7,8.6,29.3,,10.2,,,28.4,72.5,18.5,14.6,41.0,14.4,4.4,,33.5,3.7,21.7,6.4
46025,10.8,22.0,21.4,29.1,55.9,7.5,10.0,5.8,72.1,81.8,15.1,55.1,6.3,17.1,66.6,21.6,9.9,29.6,,,,17.3,7.3,29.2,,7.9,,,24.9,77.1,16.7,11.6,34.3,12.3,3.4,,31.1,3.0,14.1,4.5
46027,8.4,22.9,19.5,30.0,57.3,7.8,10.3,5.9,74.3,83.3,14.1,60.5,6.2,15.8,64.2,23.1,10.3,28.3,,,,16.4,7.3,29.8,,7.8,,,24.3,72.5,16.3,11.4,39.8,12.0,3.4,,33.2,3.1,16.1,4.5
46029,9.1,22.9,21.1,28.6,55.7,7.9,10.4,5.7,74.8,82.1,15.1,59.4,6.1,16.8,67.0,22.5,10.0,29.0,,,,17.5,7.2,28.6,,7.8,,,25.1,80.3,16.4,11.1,36.2,12.0,3.3,,31.7,3.0,10.7,4.4
46031,14.6,28.2,16.6,38.0,59.4,6.8,13.4,9.3,73.8,77.3,22.8,46.7,11.4,30.8,50.7,24.3,18.3,44.5,,,,32.2,11.9,30.5,,15.5,,,37.1,71.2,21.9,21.8,44.3,19.5,7.4,,36.2,5.5,31.4,11.6
46033,8.1,22.2,20.9,28.3,55.6,7.7,10.1,5.2,73.8,84.0,13.2,58.0,5.2,14.4,70.6,21.4,8.9,26.6,,,,14.6,6.6,29.6,,6.8,,,21.9,75.2,15.6,10.1,33.6,11.0,2.8,,29.4,2.7,12.2,3.7
46035,9.6,22.8,20.2,30.5,56.2,7.6,10.2,5.7,72.8,82.4,14.6,58.0,6.2,16.4,64.4,21.5,9.9,28.9,,,,16.9,7.2,29.4,,7.9,,,23.9,75.0,16.6,11.4,38.6,12.2,3.3,,31.1,3.0,13.2,4.4
46037,9.6,23.3,20.1,30.0,56.5,7.6,10.7,6.1,73.4,82.0,15.5,57.3,6.6,17.7,66.0,21.9,10.5,30.1,,,,17.9,7.7,28.6,,8.4,,,24.1,77.1,17.3,12.1,35.2,12.8,3.6,,30.7,3.2,15.1,4.8
46039,8.8,21.9,21.3,28.0,55.3,7.7,10.0,5.4,73.3,83.2,14.0,57.2,5.7,15.4,67.7,21.7,9.1,27.9,,,,15.3,7.0,28.6,,7.2,,,22.1,78.6,16.2,10.4,33.4,11.3,3.0,,30.6,2.8,13.6,3.9
46041,13.8,27.0,17.8,38.4,58.2,6.6,13.6,8.5,72.7,78.2,21.6,51.4,10.2,29.7,51.0,22.0,18.0,41.6,,,,30.1,11.4,30.4,,14.2,,,36.9,69.5,20.9,19.8,43.9,18.1,6.6,,36.1,5.2,24.7,10.7
46043,9.9,23.1,20.7,30.3,56.0,7.6,10.4,5.9,73.5,82.2,15.1,58.2,6.5,17.1,66.2,22.5,10.1,29.4,,,,17.4,7.4,29.8,,8.2,,,23.9,75.0,16.9,11.8,35.9,12.4,3.5,,31.4,3.1,11.1,4.6
46045,8.2,22.5,20.7,28.6,55.9,7.8,10.2,5.5,74.0,83.5,13.8,55.8,5.7,15.2,66.7,21.7,9.1,27.4,,,,15.2,6.9,29.2,,7.2,,,20.9,76.0,16.1,10.4,33.7,11.3,3.0,,31.1,2.8,7.6,3.9
46047,10.0,24.0,19.8,31.9,56.4,7.6,10.7,6.4,73.6,81.8,15.9,56.1,7.1,18.1,63.6,22.5,10.9,32.3,,,,18.9,8.0,30.3,,8.9,,,27.2,74.5,17.4,13.0,37.6,13.2,3.9,,34.2,3.4,17.9,5.3
46049,9.7,24.3,19.8,30.9,57.0,7.8,10.6,6.5,73.6,81.4,16.0,55.2,7.3,18.3,63.7,23.2,10.8,31.6,,,,18.8,8.0,29.9,,9.0,,,25.4,72.2,17.7,12.8,36.8,13.3,4.0,,32.2,3.4,17.5,5.1
46051,10.2,21.8,21.1,28.6,55.7,7.6,9.9,5.5,73.5,82.8,14.2,59.3,5.7,15.3,69.5,21.2,9.4,27.7,,,,16.1,7.0,28.7,,7.4,,,24.1,78.2,15.9,10.7,37.5,11.7,3.1,,29.5,2.9,10.1,4.2
46053,9.6,22.7,20.8,30.0,55.6,7.6,10.6,5.9,73.4,82.0,15.4,57.2,6.6,17.5,63.0,22.3,10.2,30.3,,,,17.9,7.5,29.4,,8.4,,,24.2,74.0,17.4,12.1,36.6,12.7,3.5,,31.9,3.1,11.0,4.7
46055,8.9,22.6,20.1,29.3,56.1,7.7,10.5,5.9,72.8,82.6,14.9,54.5,6.3,16.8,65.4,22.2,9.8,28.7,,,,16.6,7.3,29.2,,8.0,,,24.3,74.3,17.1,11.4,34.4,12.2,3.4,,29.7,3.1,14.4,4.4
46057,9.5,21.5,20.4,27.9,55.4,7.6,9.9,5.4,72.9,83.0,13.7,62.6,5.5,15.2,69.3,20.6,9.0,27.1,,,,15.3,6.8,29.3,,7.0,,,22.7,78.0,15.8,10.2,35.1,11.4,2.9,,31.8,2.8,10.8,3.9
46059,7.6,21.8,21.3,27.9,55.5,7.9,9.9,5.2,73.8,84.0,13.0,59.1,5.3,13.9,69.7,21.5,8.8,26.0,,,,14.1,6.6,29.0,,6.7,,,20.5,77.1,15.7,9.7,34.4,10.9,2.8,,31.9,2.7,11.9,3.6
46061,8.9,22.7,20.6,29.7,56.0,7.7,10.4,5.9,73.6,82.5,14.9,61.0,6.3,16.6,69.4,22.6,9.9,29.1,,,,16.7,7.4,29.6,,7.9,,,23.5,77.3,16.9,11.4,35.8,12.2,3.4,,31.1,3.1,13.1,4.3
46063,7.9,21.0,21.1,27.6,55.4,7.7,9.8,5.0,73.5,84.2,12.9,59.3,4.9,13.5,73.5,21.2,8.5,25.8,,,,13.8,6.5,28.3,,6.4,,,19.8,76.7,15.4,9.3,35.1,10.5,2.6,,29.4,2.6,11.4,3.5
46065,7.6,21.4,20.6,27.7,55.5,7.7,10.3,5.0,74.2,84.6,13.0,60.0,5.0,14.0,71.3,21.3,9.0,26.2,,,,14.2,6.6,28.3,,6.7,,,20.9,75.8,15.5,9.8,33.9,10.8,2.7,,28.0,2.6,5.8,3.7
46067,8.5,22.1,20.6,28.6,55.9,7.8,10.2,5.4,73.2,83.3,13.9,59.5,5.7,15.2,66.3,21.9,9.3,27.1,,,,15.5,6.9,28.5,,7.3,,,22.0,73.1,16.2,10.5,34.6,11.4,3.1,,30.2,2.8,11.5,4.0
46069,9.5,23.3,20.2,29.8,56.0,7.6,10.9,6.0,73.5,82.3,15.5,58.6,6.4,17.4,67.4,22.4,10.2,30.4,,,,17.8,7.6,29.3,,8.4,,,24.0,77.2,17.4,12.0,35.8,12.7,3.5,,31.7,3.1,12.6,4.7
46071,14.4,26.5,16.5,37.9,59.6,7.0,13.3,9.0,73.0,77.1,22.1,51.3,11.3,29.8,50.8,22.9,17.1,41.8,,,,30.6,11.2,30.8,,14.9,,,34.6,65.5,21.6,20.6,41.8,18.9,7.1,,35.7,5.4,27.4,10.7
46073,9.6,22.0,21.1,28.8,55.5,7.6,9.9,5.4,73.1,82.8,14.0,58.5,5.7,15.5,66.1,21.1,9.4,27.8,,,,15.9,6.9,29.0,,7.2,,,23.0,77.6,16.1,10.6,35.9,11.6,3.0,,31.6,2.8,11.3,4.1
46075,8.8,23.1,20.3,30.7,56.6,7.7,10.6,5.9,73.8,82.5,15.0,57.6,6.3,17.1,71.3,22.1,10.1,29.7,,,,17.0,7.5,29.3,,8.1,,,24.3,77.2,17.0,11.6,35.5,12.3,3.4,,28.9,3.1,13.6,4.6
46077,9.0,22.0,20.8,28.3,55.6,7.6,10.1,5.4,73.1,82.9,14.1,58.9,5.7,15.3,69.3,21.8,9.1,27.4,,,,15.5,6.9,29.2,,7.2,,,22.5,80.0,16.3,10.5,35.8,11.5,3.0,,29.1,2.8,12.1,3.9
46079,8.3,21.7,21.3,29.2,55.3,7.7,9.9,5.3,74.1,83.9,13.0,61.6,5.3,14.1,71.0,20.8,9.1,26.0,,,,14.6,6.8,29.0,,6.7,,,21.1,78.7,15.3,10.0,33.2,11.0,2.9,,33.0,2.7,10.9,3.8
46081,8.6,23.0,21.4,27.1,55.0,8.0,10.1,5.5,71.8,83.5,14.0,59.7,5.6,14.9,67.7,21.8,8.8,28.0,,,,15.1,7.0,28.9,,7.2,,,22.1,75.0,15.6,10.9,33.1,11.5,3.1,,30.8,2.9,15.3,4.1
46083,6.8,20.5,21.2,27.3,57.1,8.0,9.5,4.6,76.6,85.1,11.7,66.0,4.5,11.6,76.4,20.0,8.1,23.3,,,,12.0,6.1,28.3,,5.7,,,17.3,79.3,14.0,8.5,34.8,9.4,2.3,,26.9,2.4,12.7,3.1
46085,11.3,24.7,19.1,33.8,57.4,7.2,11.5,7.1,73.7,80.2,17.7,53.4,7.9,22.4,56.6,21.8,13.2,35.7,,,,23.0,9.2,29.7,,10.5,,,28.9,70.3,18.5,15.3,40.7,14.9,4.6,,34.4,3.9,24.1,6.9
46087,8.4,21.6,21.4,27.7,55.2,7.7,9.8,5.2,73.5,83.9,13.2,60.1,5.3,14.1,68.3,21.7,8.8,26.1,,,,14.5,6.6,28.4,,6.7,,,21.5,76.3,15.6,9.8,35.9,11.0,2.8,,30.3,2.7,9.3,3.7
46089,11.1,23.1,20.1,30.1,56.1,7.5,10.4,6.0,72.6,81.2,16.0,56.8,6.8,17.8,68.5,22.1,10.1,31.3,,,,18.6,7.5,29.3,,8.6,,,25.6,76.8,17.2,12.4,36.0,12.9,3.7,,30.0,3.2,12.7,4.8
46091,9.9,22.3,21.0,28.6,55.2,7.5,10.0,5.4,72.9,83.0,14.0,57.5,5.6,15.5,69.3,20.5,9.5,27.8,,,,15.7,7.1,29.0,,7.2,,,22.8,78.7,16.0,10.6,35.7,11.6,3.0,,30.7,2.8,10.2,4.1
46093,8.6,23.4,20.1,29.2,55.5,7.9,10.4,5.4,74.2,84.0,13.6,57.1,5.5,14.6,70.2,23.0,8.6,28.3,,,,15.1,6.9,30.4,,7.1,,,21.1,75.3,16.3,10.7,30.9,11.3,2.9,,28.7,2.8,13.7,3.8
46095,15.1,27.6,16.2,38.8,59.3,6.9,13.3,9.5,73.4,76.7,23.1,45.4,12.0,31.6,51.0,23.6,18.3,44.9,,,,31.6,12.1,29.6,,15.9,,,37.5,67.0,21.9,21.9,46.2,19.4,7.7,,38.3,5.6,42.8,11.6
46097,9.5,22.5,20.7,29.6,55.8,7.6,10.1,5.7,73.1,82.2,14.9,59.9,6.2,16.9,67.1,21.9,9.7,29.0,,,,16.7,7.3,29.5,,7.7,,,24.2,77.6,16.9,11.2,36.2,12.1,3.2,,31.6,3.0,15.4,4.3
46099,8.9,21.8,20.4,30.5,56.2,7.6,9.7,5.2,76.0,84.4,13.3,61.1,5.3,14.1,73.5,22.3,10.0,27.1,,,,15.6,6.5,30.5,,7.0,,,23.2,76.3,16.0,10.5,37.1,10.7,2.9,,28.2,2.7,6.4,3.9
46101,8.6,21.7,20.3,28.3,55.8,7.5,10.2,5.3,74.0,83.8,13.5,58.6,5.3,15.0,67.3,20.5,9.6,27.1,,,,15.5,6.9,28.7,,7.1,,,22.2,78.2,15.7,10.5,33.6,11.4,3.0,,32.3,2.8,11.0,4.1
46102,18.9,30.2,14.4,42.5,60.3,6.1,14.9,11.4,72.9,74.6,27.1,41.2,15.0,40.3,40.3,23.5,23.8,52.3,,,,41.1,14.5,29.1,,20.8,,,41.7,58.2,24.5,28.8,47.7,23.6,10.8,,40.5,7.4,43.8,17.5
46103,8.8,22.3,22.6,29.9,56.4,7.5,10.3,5.5,73.6,83.5,13.7,59.5,5.6,15.4,66.5,21.9,9.9,29.4,,,,16.1,7.1,28.7,,7.3,,,22.3,76.2,16.0,11.2,33.7,11.6,3.1,,32.7,2.9,16.3,4.2
46105,9.1,23.1,20.9,29.1,56.2,7.7,10.5,5.9,73.2,82.4,15.0,54.3,6.4,16.9,71.6,22.6,10.0,29.1,,,,17.2,7.3,29.4,,8.1,,,23.6,73.2,17.2,11.7,36.1,12.4,3.4,,28.7,3.1,12.4,4.4
46107,7.9,22.1,20.6,28.3,55.4,7.7,10.1,5.2,73.9,83.7,13.5,60.2,5.3,14.7,69.7,21.6,9.0,26.7,,,,14.7,6.7,28.9,,6.9,,,21.6,78.2,16.2,10.0,35.3,11.1,2.8,,29.6,2.7,9.1,3.7
46109,10.9,24.8,18.5,33.0,57.4,7.3,11.7,6.8,73.7,80.9,17.5,54.8,7.7,21.5,59.8,21.9,12.8,34.2,,,,21.9,8.9,28.5,,10.3,,,29.8,70.6,18.8,14.8,43.5,14.8,4.5,,36.3,3.8,20.9,6.6
46111,9.9,22.5,20.6,29.1,55.6,7.6,10.1,5.6,73.0,82.4,14.7,57.6,6.1,16.2,69.1,21.7,9.6,28.8,,,,16.6,7.2,29.4,,7.7,,,23.6,76.2,16.6,11.2,36.0,12.0,3.2,,29.5,2.9,10.8,4.3
46115,9.1,22.2,20.6,29.1,56.0,7.7,10.3,5.5,73.4,82.8,14.4,54.5,6.0,15.7,67.2,22.3,9.5,28.3,,,,16.1,7.0,29.3,,7.6,,,23.2,77.1,16.5,10.9,36.2,11.8,3.2,,31.8,2.9,14.4,4.2
46117,7.5,21.5,21.8,27.2,54.8,7.7,10.0,4.9,73.9,84.2,12.9,58.5,4.9,13.9,69.5,21.5,8.5,25.7,,,,13.7,6.4,28.5,,6.4,,,20.0,76.3,15.7,9.4,35.2,10.6,2.5,,30.4,2.6,11.7,3.4
46119,8.3,21.5,21.1,28.9,55.5,7.7,9.8,5.2,73.7,83.8,13.2,59.8,5.2,14.5,67.8,20.8,8.9,26.4,,,,14.4,6.7,28.7,,6.7,,,21.2,78.9,15.8,9.8,35.0,10.9,2.8,,30.6,2.7,6.2,3.7
46121,17.6,30.1,14.3,41.7,59.4,6.4,15.1,10.9,74.7,75.2,26.1,41.4,14.3,37.9,43.8,23.4,22.9,50.0,,,,39.1,14.0,29.7,,19.8,,,42.3,67.9,23.7,27.2,50.2,22.7,10.2,,40.2,7.0,44.5,16.3
46123,10.8,24.3,19.1,32.1,57.2,7.5,11.1,6.6,73.6,80.7,17.0,52.6,7.7,20.5,58.6,22.4,11.6,33.6,,,,20.7,8.4,30.3,,9.8,,,27.0,74.4,18.2,14.1,37.8,14.1,4.3,,33.8,3.6,20.5,5.8
46125,8.9,22.2,20.6,28.7,55.8,7.7,10.1,5.5,73.4,83.2,13.9,58.4,5.7,15.2,67.5,21.7,9.3,27.2,,,,15.5,6.9,29.3,,7.3,,,22.6,79.0,16.2,10.6,33.9,11.5,3.0,,28.8,2.8,11.8,4.0
46127,7.9,20.6,20.7,27.2,55.1,7.8,9.7,5.0,73.3,84.4,12.4,61.2,4.9,13.0,71.2,20.9,8.6,25.0,,,,13.7,6.3,29.1,,6.3,,,19.9,77.4,15.0,9.2,31.0,10.3,2.6,,32.1,2.5,13.9,3.5
46129,8.7,23.0,20.2,29.5,56.4,7.6,10.5,5.8,74.2,82.7,14.5,58.0,6.1,16.6,66.0,21.5,10.2,29.7,,,,17.1,7.5,29.5,,7.9,,,23.1,74.9,16.6,11.6,34.7,12.1,3.4,,31.0,3.1,14.3,4.6
46135,9.3,22.0,20.5,29.5,55.5,7.6,9.9,5.3,73.6,83.5,13.6,57.6,5.4,14.5,69.2,21.3,9.4,27.8,,,,15.3,6.7,29.1,,7.0,,,23.0,78.2,15.8,10.4,38.8,11.2,2.9,,30.1,2.8,12.1,3.9
46137,14.2,27.7,16.6,39.0,58.2,6.6,13.7,9.0,73.9,77.6,22.1,45.2,10.8,30.8,46.7,23.1,18.1,43.6,,,,31.5,11.9,31.4,,15.0,,,37.9,70.3,21.6,21.3,47.6,19.0,7.0,,38.7,5.4,29.5,11.2
47001,11.4,28.8,15.5,36.5,57.5,7.4,10.8,6.1,76.4,84.8,18.7,56.2,7.9,18.9,61.4,31.4,11.5,35.9,,,,21.6,7.2,35.4,,9.4,,,25.9,71.5,21.4,14.4,41.9,14.6,3.7,,37.1,3.2,14.3,5.0
47003,15.5,27.9,15.0,37.1,58.7,7.0,10.9,6.3,75.8,83.9,19.8,57.1,8.4,19.5,54.4,29.9,12.3,37.3,,,,24.0,7.4,34.9,,10.2,,,29.1,68.7,20.9,15.7,44.4,15.5,4.1,,40.7,3.4,17.1,5.8
47005,13.9,29.7,16.1,37.7,58.8,7.3,11.3,6.9,74.9,82.5,21.6,53.5,9.8,23.1,53.4,31.6,12.6,39.5,,,,25.8,8.1,34.4,,11.5,,,31.1,67.4,23.1,16.9,40.5,16.8,4.5,,41.3,3.7,20.6,6.1
47007,16.5,30.4,15.8,39.3,58.8,7.2,11.1,7.7,74.4,80.8,22.8,51.6,11.0,25.5,48.3,30.3,13.8,41.9,,,,28.8,8.8,34.6,,12.5,,,32.6,67.1,22.9,18.6,41.3,17.8,5.2,,41.0,4.1,25.5,7.1
47009,10.8,27.3,16.7,34.7,57.6,7.5,10.6,5.6,76.5,85.3,17.8,60.3,7.3,17.0,60.4,30.8,10.6,34.1,,,,19.7,6.7,33.8,,8.6,,,24.2,77.0,20.2,13.1,36.1,13.8,3.2,,39.4,2.9,13.6,4.4
47011,12.4,27.4,16.2,37.0,58.6,7.4,10.9,6.1,75.5,84.9,18.5,54.1,7.8,18.0,60.0,29.5,11.5,35.4,,,,21.3,7.1,33.9,,9.4,,,25.0,71.6,20.7,14.3,41.5,14.5,3.7,,38.1,3.2,13.4,5.1
47013,13.8,29.8,15.7,37.5,58.0,7.5,11.5,7.1,74.6,82.0,22.0,51.5,10.3,23.2,52.5,32.5,12.6,39.7,,,,25.8,8.3,35.1,,11.8,,,30.4,71.2,23.4,17.2,42.2,17.1,4.7,,38.6,3.7,18.7,6.3
47015,13.2,28.8,15.9,36.3,57.7,7.4,11.2,6.5,74.7,83.2,20.3,55.8,9.0,20.9,54.3,31.5,11.9,37.4,,,,23.8,7.7,34.7,,10.5,,,28.0,72.1,22.0,15.7,42.5,15.7,4.1,,40.0,3.4,14.0,5.5
47017,12.6,29.0,15.3,37.0,58.9,7.2,11.3,6.5,74.8,83.8,20.0,56.3,8.8,20.7,50.7,31.1,12.4,37.3,,,,23.7,7.4,34.5,,10.5,,,28.8,72.0,21.8,15.8,43.1,15.7,4.2,,40.6,3.5,18.1,5.7
47019,12.6,30.3,15.5,38.1,57.5,7.5,11.5,6.8,75.4,83.4,20.6,55.5,9.4,21.2,52.3,33.3,12.5,40.2,,,,24.6,7.9,36.7,,11.0,,,29.4,69.4,22.3,16.7,38.0,16.5,4.3,,44.2,3.5,25.0,5.8
47021,11.2,27.0,17.0,34.2,57.5,7.4,10.7,5.6,75.5,85.2,17.3,59.3,7.1,17.1,62.0,29.4,10.5,32.4,,,,19.5,6.8,32.9,,8.5,,,23.6,72.7,20.0,12.9,38.7,13.6,3.2,,38.1,2.9,11.9,4.4
47023,12.7,28.8,15.6,37.5,59.3,7.2,11.5,6.5,76.1,83.8,20.2,57.7,8.9,20.6,51.1,31.4,12.5,37.5,,,,23.6,7.5,34.9,,10.7,,,28.1,72.3,22.0,16.0,40.0,15.7,4.3,,42.6,3.5,18.6,5.7
47025,13.0,29.7,16.0,37.7,58.1,7.5,11.4,6.7,75.4,82.9,20.9,56.4,9.5,21.5,52.7,32.2,12.3,38.5,,,,24.4,8.0,35.4,,11.1,,,28.9,64.2,22.3,16.4,42.3,16.2,4.3,,40.2,3.5,15.8,5.8
47027,14.5,30.3,15.4,38.3,58.5,7.4,11.5,7.3,74.2,81.8,22.4,53.7,10.5,24.1,49.5,32.8,13.0,40.8,,,,26.7,8.5,34.9,,12.1,,,31.2,71.7,23.2,17.7,39.9,17.3,4.8,,39.3,3.8,16.6,6.5
47029,15.0,30.2,15.0,38.2,58.4,7.3,11.6,7.3,74.6,81.8,22.5,54.9,10.7,24.2,49.2,32.9,13.2,41.4,,,,27.1,8.5,35.7,,12.3,,,31.1,69.2,23.5,18.2,39.8,17.6,5.0,,42.8,3.9,27.8,6.7
47031,13.0,28.3,16.4,37.2,58.3,7.3,11.2,6.4,75.5,83.9,19.6,57.0,8.5,20.1,52.0,30.8,11.7,36.7,,,,23.2,7.5,35.1,,10.2,,,27.1,68.0,21.3,15.3,39.4,15.3,4.0,,40.6,3.3,17.0,5.5
47033,14.8,27.7,15.1,37.7,59.1,6.9,11.2,6.3,76.1,84.0,19.9,56.0,8.4,19.9,53.9,29.1,12.8,37.4,,,,24.3,7.2,33.7,,10.5,,,29.4,73.0,21.4,16.0,42.2,15.7,4.3,,42.1,3.5,18.7,6.0
47035,12.5,28.3,16.0,37.3,58.0,7.5,11.2,6.6,75.4,83.5,20.0,54.1,8.9,20.7,54.6,32.4,11.7,36.0,,,,23.5,7.8,35.0,,10.4,,,26.3,72.6,22.0,15.0,39.8,15.5,4.0,,37.7,3.4,16.9,5.5
47037,11.6,26.6,16.5,34.4,59.9,6.6,10.6,5.3,76.1,86.7,15.9,57.7,6.3,14.2,57.6,27.6,11.7,32.0,,,,20.9,6.0,33.6,,8.4,,,25.1,78.3,18.8,13.4,32.5,12.9,3.5,,37.1,3.1,9.7,5.0
47039,14.9,30.3,15.3,38.6,58.7,7.3,11.5,7.4,75.2,81.8,22.2,53.2,10.7,24.3,51.3,32.5,13.5,40.7,,,,27.2,8.5,35.2,,12.3,,,31.1,72.4,23.1,18.1,42.8,17.5,5.0,,42.8,3.9,14.7,6.8
47041,15.2,29.5,15.3,38.2,58.1,7.3,11.2,7.0,74.5,82.3,21.4,53.9,9.9,22.3,49.7,31.2,13.0,39.9,,,,26.2,8.3,35.7,,11.5,,,30.7,68.7,22.3,17.1,39.9,16.9,4.7,,39.3,3.7,24.6,6.5
47043,11.6,27.8,16.5,33.8,57.2,7.4,10.9,5.7,74.6,84.7,18.1,57.0,7.4,17.9,57.9,30.2,10.8,35.2,,,,21.0,6.9,33.6,,8.9,,,26.0,76.1,20.7,13.9,37.1,14.2,3.4,,39.5,3.0,13.9,4.6
47045,12.9,29.8,14.8,38.4,59.2,7.1,11.5,6.5,76.0,84.0,19.9,59.1,8.8,20.5,51.7,31.8,12.6,38.8,,,,24.3,7.4,34.5,,10.7,,,29.3,74.2,22.0,16.4,39.4,15.8,4.3,,43.3,3.6,24.0,5.9
47047,11.1,27.1,14.9,37.4,59.6,6.8,11.1,5.7,77.0,86.1,17.2,59.0,6.9,16.8,61.8,27.5,12.0,33.2,,,,20.6,6.3,33.7,,8.9,,,24.8,76.2,19.8,13.9,38.7,13.5,3.7,,37.5,3.2,15.0,5.0
47049,13.9,30.3,15.3,37.6,58.1,7.4,11.5,7.1,74.4,82.0,22.0,51.0,10.4,23.0,49.3,32.4,12.8,39.9,,,,26.8,8.3,35.0,,11.9,,,30.2,71.2,23.2,17.6,44.5,17.2,4.7,,40.8,3.7,21.1,6.4
47051,11.5,28.0,15.9,36.1,58.3,7.4,11.1,6.1,76.0,84.5,18.7,58.2,8.0,18.8,53.8,31.4,11.5,35.8,,,,21.6,7.2,34.5,,9.5,,,27.7,72.8,21.0,14.8,35.8,14.6,3.7,,41.0,3.2,18.5,5.0
47053,12.7,29.3,15.0,37.2,58.5,6.9,11.4,6.3,76.1,84.2,19.7,56.6,8.5,20.3,54.0,29.5,12.5,36.8,,,,23.7,7.1,34.3,,10.4,,,28.5,74.0,21.4,15.9,39.4,15.2,4.2,,41.1,3.5,19.2,5.8
47055,12.6,28.3,15.8,36.9,58.5,7.2,11.5,6.3,75.7,84.0,19.8,59.3,8.5,20.1,53.1,30.8,12.2,37.0,,,,23.3,7.3,34.3,,10.3,,,27.0,69.0,21.7,15.4,39.9,15.3,4.1,,41.5,3.4,17.1,5.5
47057,13.6,29.3,15.7,36.3,58.2,7.4,11.2,6.7,74.5,82.9,20.7,51.9,9.3,21.6,49.7,31.6,12.1,37.7,,,,24.5,7.9,35.5,,10.8,,,28.8,69.3,22.2,16.1,40.7,16.1,4.2,,40.5,3.5,22.0,5.7
47059,13.1,29.0,15.5,35.9,58.6,7.5,11.2,6.6,74.5,83.1,20.3,54.8,9.1,21.3,54.4,31.0,12.1,37.6,,,,23.9,7.7,33.8,,10.6,,,29.3,74.6,21.9,16.1,40.6,16.2,4.2,,42.0,3.4,15.5,5.7
47061,14.8,31.0,15.6,38.3,59.0,7.3,11.7,7.3,74.9,81.6,22.7,54.2,10.8,24.7,53.9,32.9,13.1,40.8,,,,27.0,8.5,35.2,,12.4,,,31.0,69.4,23.4,17.9,40.4,17.5,5.0,,38.5,3.9,21.8,6.7
47063,15.6,28.9,14.8,37.1,58.2,7.2,11.1,6.7,75.3,83.3,20.6,55.1,9.1,21.1,55.6,31.0,12.9,39.3,,,,25.4,7.9,35.4,,11.0,,,30.0,69.3,21.8,16.8,40.3,16.5,4.5,,40.7,3.6,17.7,6.3
47065,10.9,25.7,16.0,34.6,57.9,7.0,11.1,5.5,76.2,86.4,16.7,61.0,6.7,15.7,61.9,27.4,11.0,30.6,,,,19.4,6.2,32.3,,8.3,,,21.5,75.9,18.9,12.6,34.5,12.9,3.4,,38.0,3.0,8.7,4.7
47067,17.0,33.1,14.4,42.1,60.1,7.4,12.3,8.9,74.4,79.2,26.1,50.9,14.1,29.9,43.5,35.1,15.6,46.7,,,,33.2,10.0,36.0,,15.8,,,36.5,66.1,25.7,22.3,42.6,20.6,6.8,,42.7,4.8,34.3,9.0
47069,15.1,28.9,13.7,42.5,61.7,6.2,11.4,7.0,77.8,83.4,20.8,54.3,9.2,22.6,49.3,26.3,15.1,39.8,,,,27.9,7.3,34.1,,11.7,,,33.0,71.8,21.7,18.2,43.8,16.4,5.3,,45.0,4.2,25.3,7.2
47071,14.0,30.0,16.2,37.6,58.7,7.4,11.5,7.0,75.2,82.3,21.8,53.7,10.1,23.5,56.5,32.4,12.8,40.2,,,,26.5,8.1,34.4,,11.8,,,30.7,66.4,23.2,17.5,38.0,17.1,4.7,,39.9,3.7,19.0,6.4
47073,12.8,29.9,15.7,37.0,58.4,7.5,11.2,6.8,74.0,82.9,21.0,55.1,9.4,21.6,57.1,32.4,12.4,38.5,,,,24.2,7.9,35.4,,10.9,,,29.5,74.6,22.3,16.0,40.7,16.2,4.3,,38.7,3.5,13.3,5.8
47075,16.2,30.2,12.5,44.8,62.9,5.8,12.5,7.0,78.0,83.9,22.2,55.7,9.7,23.4,47.0,28.2,16.5,42.8,,,,30.3,6.9,34.0,,13.2,,,36.7,76.4,22.9,20.7,46.6,17.2,6.1,,44.7,4.6,26.3,8.3
47077,13.2,29.7,15.5,37.7,59.1,7.2,11.3,6.6,75.5,83.3,20.5,52.3,9.1,21.9,52.0,30.3,12.6,38.0,,,,24.8,7.6,35.2,,10.8,,,29.5,67.2,22.0,16.4,38.6,16.2,4.3,,38.8,3.6,20.9,5.9
47079,13.2,29.6,15.6,36.9,59.6,7.3,11.4,6.8,76.3,83.3,20.6,56.3,9.3,21.6,53.4,32.6,12.6,38.8,,,,24.7,7.8,34.1,,11.0,,,29.9,70.9,22.3,16.7,38.1,16.3,4.4,,40.0,3.6,19.3,6.0
47081,13.2,28.9,16.4,37.1,57.8,7.4,11.0,6.5,74.9,83.3,19.9,58.0,8.8,21.0,54.6,30.6,11.8,37.1,,,,23.7,7.7,34.8,,10.3,,,28.4,74.2,21.7,15.5,38.1,15.6,4.1,,39.1,3.4,18.6,5.5
47083,12.8,28.4,16.4,36.3,57.7,7.3,11.2,6.3,74.5,83.3,20.0,56.5,8.6,20.5,53.9,31.7,11.7,36.8,,,,23.1,7.5,34.2,,10.2,,,28.3,72.1,21.9,15.3,39.2,15.6,3.9,,39.7,3.3,20.5,5.3
47085,12.7,28.9,16.1,36.4,58.1,7.4,11.2,6.5,75.1,83.4,20.1,56.7,9.0,20.9,53.7,31.6,11.9,37.2,,,,23.4,7.7,34.3,,10.5,,,27.8,72.5,22.1,15.6,40.8,15.7,4.1,,37.9,3.4,21.3,5.5
47087,14.4,29.7,16.0,37.0,58.1,7.4,11.4,7.2,74.7,81.7,21.9,54.0,10.2,23.6,51.9,32.6,12.8,39.8,,,,26.2,8.5,35.6,,11.7,,,30.6,71.1,22.7,17.1,39.0,16.9,4.7,,39.8,3.7,23.7,6.4
47089,11.9,28.0,15.9,34.8,57.0,7.5,11.0,6.0,75.2,84.4,18.5,57.2,7.9,18.5,59.2,31.7,10.8,34.3,,,,21.3,7.1,32.7,,9.3,,,25.4,76.3,21.3,14.0,37.2,14.6,3.5,,37.0,3.1,14.0,4.8
47091,15.1,30.2,15.9,38.9,58.5,7.4,11.3,7.3,74.7,81.4,21.9,57.4,10.5,23.6,52.6,31.8,13.4,40.6,,,,27.2,8.6,35.3,,11.8,,,31.3,71.8,22.7,17.8,39.7,17.2,4.9,,39.5,3.8,25.1,6.6
47093,10.2,27.0,16.9,34.9,58.3,7.5,10.6,5.6,76.9,86.2,16.8,64.1,6.8,15.7,61.8,31.0,11.1,31.7,,,,19.0,6.6,33.1,,8.4,,,23.1,76.5,19.5,13.1,34.1,13.0,3.3,,35.0,2.9,8.2,4.5
47095,20.4,31.7,13.9,46.8,61.8,6.6,11.6,9.0,74.7,79.1,25.5,51.0,13.4,29.8,44.8,29.3,17.8,47.5,,,,35.8,9.4,36.1,,15.5,,,39.0,69.1,23.8,23.0,47.3,20.1,7.5,,44.1,5.2,31.4,10.0
47097,15.7,29.9,13.8,42.2,61.4,6.4,11.8,7.1,76.7,82.8,21.9,53.9,10.0,23.7,46.5,28.5,15.1,41.2,,,,29.3,7.6,34.3,,12.5,,,33.5,71.8,22.7,19.1,47.2,17.0,5.6,,46.6,4.3,18.8,7.6
47099,13.3,29.3,15.9,37.4,58.1,7.4,11.3,6.8,74.9,82.8,20.9,56.1,9.6,21.7,55.2,33.2,12.4,37.5,,,,25.0,7.9,35.1,,11.1,,,29.1,69.4,22.6,16.5,41.3,16.5,4.4,,40.2,3.6,21.8,5.9
47101,13.2,28.8,16.3,36.0,57.6,7.4,11.3,6.5,73.8,83.0,20.5,49.7,9.1,21.3,49.6,31.9,11.9,37.8,,,,23.9,7.7,34.3,,10.6,,,28.0,67.2,22.5,15.9,39.1,16.0,4.1,,39.6,3.4,18.2,5.6
47103,12.5,28.2,15.8,36.0,57.8,7.2,11.0,6.1,75.0,84.2,19.2,56.8,8.1,19.3,58.0,29.8,11.7,35.5,,,,22.5,7.2,34.4,,9.7,,,27.0,73.8,21.1,14.7,40.3,15.0,3.8,,39.8,3.2,15.5,5.2
47105,12.6,26.8,16.0,35.1,57.4,7.5,10.5,5.8,75.5,85.1,17.6,61.0,7.2,16.7,58.0,29.0,10.8,33.0,,,,20.7,7.0,34.1,,8.7,,,24.6,71.6,19.7,13.2,36.6,14.0,3.4,,38.4,2.9,13.1,4.7
47107,13.0,29.3,15.4,37.5,58.6,7.4,11.2,6.4,76.0,83.8,19.9,57.7,8.6,20.2,57.4,30.7,12.4,38.1,,,,23.1,7.6,35.2,,10.2,,,28.4,69.4,21.9,15.5,46.8,15.5,4.0,,39.3,3.3,20.0,5.4
47109,13.6,29.3,15.6,38.3,59.1,7.3,11.5,6.8,74.9,82.8,21.2,55.7,9.7,22.5,52.8,31.8,12.9,39.9,,,,25.3,8.0,34.8,,11.4,,,29.4,70.1,22.8,17.0,39.3,16.5,4.5,,39.6,3.7,25.7,6.1
47111,15.0,28.8,15.2,36.1,57.5,7.3,11.3,6.8,74.7,82.5,21.4,53.9,9.6,22.7,52.7,31.4,12.7,39.2,,,,26.1,8.1,34.3,,11.4,,,30.9,71.9,22.8,16.9,42.6,16.5,4.4,,38.3,3.6,26.8,6.1
47113,12.3,28.1,13.3,40.2,63.5,6.5,11.6,6.3,80.2,85.5,19.0,56.8,7.9,19.1,57.0,27.7,14.1,39.2,,,,24.7,6.7,32.1,,10.6,,,29.5,77.6,20.5,16.7,44.3,15.2,4.6,,38.0,3.7,18.7,6.3
47115,13.8,29.5,15.5,37.3,58.4,7.3,11.5,6.9,74.9,82.8,21.1,52.9,9.6,22.0,55.1,32.1,12.6,39.1,,,,25.2,8.0,34.1,,11.2,,,29.1,72.8,22.3,16.6,40.2,16.4,4.5,,39.7,3.6,20.6,6.0
47117,12.4,27.7,15.9,36.2,57.9,7.3,11.0,6.0,75.0,84.4,18.8,57.7,7.9,18.7,52.6,30.9,11.7,35.2,,,,21.7,7.2,33.9,,9.6,,,26.3,72.4,21.0,14.4,39.5,14.7,3.8,,40.9,3.2,17.5,5.2
47119,11.2,26.6,16.2,35.4,58.0,7.2,10.7,5.5,75.0,85.6,17.0,59.9,6.8,16.4,59.2,28.6,10.8,31.9,,,,19.2,6.5,33.5,,8.4,,,23.8,76.2,19.9,13.1,34.8,13.3,3.3,,40.0,3.0,14.4,4.6
47121,13.9,28.6,16.1,37.9,58.3,7.3,11.3,6.9,74.8,82.6,21.1,56.4,9.5,22.6,58.9,32.0,12.2,39.0,,,,25.0,8.1,34.8,,11.0,,,29.0,69.6,22.6,16.5,40.4,16.4,4.3,,36.6,3.6,16.1,5.9
47123,13.7,28.4,15.9,37.9,57.4,7.4,11.4,6.8,74.8,82.8,21.1,54.5,9.4,22.2,51.1,32.6,12.2,38.7,,,,24.8,7.9,35.0,,11.0,,,29.7,72.9,22.6,16.3,38.8,16.5,4.4,,37.6,3.5,18.3,5.9
47125,11.4,26.7,15.4,36.3,58.6,6.7,10.7,5.5,77.6,86.3,16.5,60.0,6.5,15.7,59.3,27.8,11.8,32.7,,,,19.7,6.3,33.3,,8.5,,,24.5,74.8,19.3,13.7,38.5,13.4,3.5,,44.6,3.1,11.6,4.8
47127,11.7,28.0,16.4,35.7,57.5,7.4,10.9,6.2,75.1,84.1,18.8,54.1,8.1,19.1,57.6,30.6,11.3,35.3,,,,21.7,7.3,34.3,,9.6,,,26.5,72.1,21.0,14.5,38.4,14.8,3.7,,38.8,3.2,10.6,5.0
47129,13.9,29.3,16.0,37.9,57.9,7.3,11.0,6.9,74.6,82.2,20.8,55.6,9.5,22.4,50.5,30.9,12.4,38.4,,,,24.9,8.1,35.0,,10.9,,,29.1,68.0,22.1,16.3,43.0,16.3,4.4,,41.7,3.6,19.5,5.9
47131,14.1,29.7,15.0,37.7,58.7,7.1,11.4,6.7,75.4,83.1,21.0,55.4,9.3,21.7,53.4,31.7,13.0,39.2,,,,25.9,7.7,34.2,,11.2,,,30.4,72.1,22.3,16.8,40.2,16.4,4.5,,42.4,3.6,19.3,6.2
47133,14.1,30.1,15.8,37.5,57.7,7.3,11.5,7.0,75.0,82.2,21.8,52.4,10.1,23.1,53.0,32.0,12.4,38.8,,,,26.1,8.2,34.8,,11.6,,,28.9,71.8,22.8,16.8,40.6,16.8,4.6,,39.4,3.7,17.0,6.1
47135,14.9,29.8,15.5,38.1,58.4,7.2,11.5,7.2,74.6,81.7,22.3,54.8,10.4,24.0,52.6,31.9,13.0,40.7,,,,27.0,8.4,34.7,,12.0,,,31.5,69.6,23.1,17.8,39.8,17.3,4.8,,40.0,3.8,20.4,6.5
47137,14.8,30.4,15.6,38.2,58.4,7.4,11.6,7.6,74.5,81.3,22.8,55.5,11.1,24.7,49.7,33.0,13.3,41.1,,,,27.5,8.8,35.3,,12.6,,,31.6,69.2,23.4,18.2,41.9,17.7,5.2,,40.4,3.9,22.8,6.9
47139,12.5,29.4,16.5,37.0,57.6,7.5,11.3,6.5,74.8,83.4,19.9,56.2,8.9,20.8,55.4,32.1,11.7,37.5,,,,23.1,7.7,34.6,,10.3,,,28.4,72.1,22.1,15.6,43.0,15.8,4.0,,40.3,3.3,18.2,5.3
47141,12.5,27.8,14.8,35.9,58.2,7.5,10.9,6.3,75.5,84.2,18.6,54.5,8.4,18.8,56.8,29.2,11.7,34.4,,,,22.0,7.5,35.1,,9.8,,,25.5,68.0,20.8,15.0,38.8,15.1,4.0,,37.5,3.3,19.0,5.4
47143,14.4,30.3,15.3,37.9,58.9,7.4,11.2,6.9,75.5,82.6,21.2,55.2,9.6,22.0,51.5,31.5,12.8,38.6,,,,25.5,8.0,34.6,,11.1,,,29.8,75.7,22.2,16.3,42.4,16.5,4.5,,41.4,3.6,16.3,6.1
47145,11.7,29.2,16.4,35.7,57.8,7.5,11.0,6.2,75.9,83.9,19.0,58.9,8.2,19.4,58.6,31.7,11.1,36.0,,,,22.1,7.3,34.0,,9.7,,,27.3,72.5,21.0,14.9,36.8,15.2,3.8,,39.7,3.2,11.9,5.1
47147,12.8,26.3,16.1,35.0,57.6,7.2,10.8,5.8,75.0,85.0,18.0,57.1,7.3,17.7,58.4,28.8,11.1,34.7,,,,20.9,6.9,34.2,,8.9,,,26.5,71.9,20.3,13.6,36.4,14.1,3.5,,38.7,3.0,15.5,4.8
47149,11.4,26.9,15.9,34.9,58.8,7.0,10.6,5.3,76.7,86.6,16.3,58.2,6.3,14.7,57.8,26.4,11.1,31.7,,,,18.5,6.2,33.4,,8.0,,,23.3,75.7,19.2,12.9,38.1,13.0,3.2,,38.3,2.9,11.3,4.6
47151,15.5,31.2,14.9,39.8,59.0,7.4,11.9,7.9,74.1,80.5,24.1,53.1,12.0,26.7,49.6,33.7,14.0,43.0,,,,29.4,9.1,35.9,,13.6,,,34.0,69.8,24.4,19.5,43.1,18.6,5.5,,42.4,4.2,20.3,7.4
47153,14.9,29.7,15.6,38.0,58.1,7.4,11.4,7.3,74.7,81.9,22.0,52.4,10.4,23.2,49.1,33.0,13.1,40.4,,,,26.6,8.4,34.7,,11.9,,,30.5,71.6,22.7,17.5,39.2,17.1,4.8,,38.9,3.8,22.4,6.6
47155,13.2,27.9,15.8,34.7,57.3,7.5,10.8,6.2,75.4,84.3,19.0,56.3,8.2,19.0,59.0,30.7,11.5,35.7,,,,22.3,7.4,34.8,,9.7,,,25.6,70.2,21.4,14.7,38.1,15.3,3.8,,38.7,3.2,18.8,5.2
47157,12.4,25.4,14.3,41.0,62.2,5.9,11.7,5.9,80.5,86.5,18.0,59.5,7.3,17.3,54.8,25.2,14.6,35.8,,,,23.0,5.9,34.5,,10.2,,,27.1,78.3,19.7,16.3,39.6,13.8,4.7,,42.0,3.8,20.6,6.5
47159,12.2,28.1,16.7,34.6,57.5,7.4,11.1,6.2,74.4,83.9,19.4,54.3,8.3,19.6,58.4,31.0,11.2,35.9,,,,21.9,7.3,33.6,,9.7,,,26.5,74.4,21.4,14.6,38.5,15.0,3.7,,38.4,3.2,13.1,5.0
47161,11.6,27.9,16.6,35.1,57.0,7.4,10.8,6.0,75.0,84.1,18.7,55.0,7.9,19.0,57.0,30.6,11.0,35.1,,,,21.3,7.2,33.9,,9.3,,,25.8,73.2,21.1,14.0,37.7,14.6,3.5,,39.4,3.1,16.7,4.8
47163,11.7,29.4,14.7,35.5,59.7,7.6,11.3,6.2,76.4,84.7,19.1,57.3,8.3,19.7,62.1,32.3,11.9,35.9,,,,22.7,7.3,32.6,,9.8,,,27.2,73.3,21.3,15.3,37.7,15.1,3.8,,37.7,3.2,18.6,5.1
47165,10.7,27.5,16.0,33.4,57.6,7.4,10.7,5.4,76.0,86.4,16.6,61.1,6.5,15.3,63.0,30.1,10.5,32.1,,,,18.8,6.4,34.7,,8.0,,,22.7,74.3,19.4,12.4,40.2,13.1,3.1,,37.5,2.8,13.1,4.3
47167,11.9,27.9,15.3,38.6,59.9,7.0,11.3,6.1,76.2,84.8,18.7,57.5,7.8,19.0,57.1,29.4,12.3,35.9,,,,22.6,7.0,34.5,,9.7,,,27.1,75.6,20.9,15.1,43.6,14.7,3.9,,41.7,3.4,16.7,5.3
47169,14.0,27.9,16.8,37.3,58.1,6.9,10.6,6.4,74.5,82.8,19.5,58.1,8.4,20.9,54.9,28.6,12.3,36.9,,,,23.5,7.4,34.4,,9.8,,,28.5,73.7,20.9,15.3,39.3,15.2,4.0,,39.7,3.5,19.1,5.5
47171,14.0,29.1,15.5,37.7,58.5,7.5,11.1,7.0,75.0,82.9,20.7,54.9,9.6,21.9,48.8,31.7,12.6,38.5,,,,24.9,8.2,35.4,,11.1,,,29.7,65.4,22.1,16.6,39.1,16.4,4.5,,41.1,3.6,15.8,6.1
47173,13.3,28.4,16.3,35.6,57.6,7.4,11.2,6.5,74.7,82.9,20.4,55.5,9.0,21.3,54.2,31.3,11.7,37.1,,,,23.5,7.7,34.3,,10.5,,,27.9,70.8,22.1,15.5,39.7,15.8,4.0,,37.6,3.4,20.2,5.5
47175,13.2,29.1,16.1,36.8,57.0,7.4,11.2,6.7,74.8,83.0,20.6,51.7,9.2,21.6,51.7,31.7,11.8,38.3,,,,23.9,7.9,34.9,,10.7,,,28.6,68.1,22.4,15.9,38.7,16.0,4.1,,40.5,3.4,17.4,5.6
47177,15.5,29.2,15.2,37.6,57.7,7.2,11.2,6.7,75.4,82.9,20.6,54.4,9.3,21.6,48.7,30.7,13.1,38.0,,,,25.5,7.8,34.1,,10.9,,,30.6,70.7,22.0,16.4,42.0,16.4,4.4,,39.7,3.6,27.8,6.1
47179,11.3,27.8,16.8,33.8,57.5,7.5,10.9,6.1,75.4,84.9,18.1,58.7,7.8,17.9,56.1,31.8,11.2,35.3,,,,21.0,7.2,32.4,,9.3,,,24.7,71.7,20.6,14.1,36.3,14.6,3.6,,38.3,3.1,13.7,5.0
47181,14.6,29.2,16.0,37.8,59.0,7.3,11.0,7.1,74.5,82.0,21.2,53.3,9.9,23.2,48.4,29.9,12.8,39.1,,,,26.1,8.2,35.2,,11.3,,,29.9,72.2,22.1,17.0,40.2,16.5,4.7,,43.0,3.7,17.3,6.3
47183,13.0,28.8,15.3,36.8,59.3,7.3,11.3,6.7,75.6,83.4,20.4,55.3,9.3,21.1,55.4,30.8,12.8,38.0,,,,24.3,7.7,34.2,,11.0,,,28.8,72.9,22.1,16.3,41.1,15.8,4.4,,40.1,3.6,21.1,6.0
47185,13.7,29.5,15.6,37.2,57.9,7.4,11.4,6.8,75.0,82.6,21.2,53.8,9.8,22.5,51.4,32.9,12.4,39.6,,,,25.3,8.0,34.5,,11.3,,,30.2,68.2,22.6,16.8,39.4,16.6,4.4,,39.2,3.6,20.5,6.0
47187,7.4,23.5,16.3,31.1,57.1,7.6,9.8,4.4,76.6,88.4,12.4,64.4,4.5,10.1,71.8,25.6,8.5,24.6,,,,13.4,5.4,33.5,,5.7,,,17.3,80.1,16.0,9.0,28.7,10.1,2.1,,33.7,2.2,3.8,2.9
47189,9.9,25.4,16.5,32.4,57.5,7.4,10.4,5.1,77.2,86.7,15.6,58.0,6.0,14.2,61.2,27.6,9.8,30.8,,,,17.3,6.2,33.9,,7.5,,,21.1,75.4,18.6,11.9,30.7,12.4,2.8,,38.9,2.7,9.3,3.9
48001,19.2,23.2,18.5,37.0,59.6,6.3,9.9,6.4,71.9,81.9,17.2,52.3,7.3,17.2,50.7,22.1,13.0,35.2,,,,24.6,7.1,32.8,,9.7,,,30.1,70.9,18.8,15.5,39.5,14.5,4.6,,41.9,3.7,16.6,6.4
48003,26.1,21.2,17.6,32.6,57.1,5.8,9.5,5.9,71.3,82.5,17.4,52.5,6.2,14.4,49.8,21.8,12.9,34.5,,,,25.6,7.0,32.6,,9.2,,,31.5,71.6,17.9,15.3,36.6,14.7,4.5,,38.6,3.2,15.9,7.1
48005,19.4,24.9,17.0,37.9,60.0,6.3,11.1,6.6,73.3,82.9,18.2,52.5,7.7,17.4,47.1,24.9,13.0,38.7,,,,27.5,7.3,36.0,,10.5,,,32.5,74.9,20.6,18.0,41.0,16.2,4.8,,42.6,3.6,18.2,6.7
48007,17.6,22.8,18.9,33.5,57.3,6.7,10.0,5.8,72.4,83.6,16.0,52.5,6.5,14.6,50.1,24.3,11.4,31.8,,,,22.0,6.8,33.9,,8.6,,,27.6,70.8,18.3,13.7,36.4,13.6,3.9,,40.1,3.1,15.7,5.6
48009,13.1,22.8,19.8,31.7,56.8,7.1,10.3,5.5,72.3,83.6,15.8,54.2,6.4,14.8,58.7,25.3,9.9,30.5,,,,19.1,6.5,32.0,,8.3,,,24.7,73.2,19.0,12.5,34.7,13.0,3.4,,36.6,2.9,15.1,4.6
48011,12.0,22.0,20.5,30.4,56.4,7.1,10.1,5.1,72.6,84.7,14.7,57.7,5.6,13.3,58.6,24.8,9.4,28.6,,,,17.2,6.1,31.8,,7.4,,,22.8,69.9,18.4,11.4,33.3,12.2,3.0,,36.4,2.7,11.3,4.0
48013,28.0,22.3,18.2,34.6,57.5,5.4,9.2,5.9,71.8,82.5,17.3,49.9,5.8,13.8,50.2,21.0,14.0,34.9,,,,26.2,7.1,33.6,,9.2,,,34.5,71.2,17.6,15.7,42.2,14.8,4.6,,38.3,3.2,11.7,7.6
48015,18.2,22.5,18.6,33.4,58.2,6.5,10.1,5.8,72.1,83.3,16.3,54.5,6.6,14.9,53.1,23.2,11.8,32.8,,,,22.4,6.8,32.3,,9.0,,,28.6,69.2,18.4,14.1,37.5,13.9,4.1,,38.0,3.2,15.2,5.8
48017,30.6,21.6,16.6,33.4,57.4,5.5,9.5,6.3,71.0,81.9,18.6,51.8,6.4,14.9,52.8,21.6,14.3,37.0,,,,28.5,7.4,33.6,,10.1,,,36.0,69.1,18.2,16.9,39.5,15.8,5.1,,37.5,3.4,15.0,8.2
48019,15.8,22.6,19.9,31.9,57.6,6.9,10.2,5.7,72.6,83.9,15.7,55.3,6.3,14.2,57.8,24.9,10.8,31.7,,,,20.0,6.7,33.0,,8.3,,,26.8,71.8,18.4,13.2,35.4,13.3,3.6,,38.2,3.0,9.5,5.1
48021,22.3,21.7,18.1,33.1,57.4,6.1,9.5,5.7,71.7,83.4,16.2,54.5,6.1,14.0,55.0,22.2,12.0,32.5,,,,23.2,6.7,33.3,,8.7,,,30.8,69.3,17.6,14.3,40.1,13.8,4.1,,34.5,3.2,13.6,6.2
48023,15.9,23.7,18.6,34.2,57.9,6.9,10.6,6.3,71.8,82.1,17.7,57.3,7.7,16.9,57.8,25.7,11.6,34.4,,,,23.1,7.3,32.9,,10.0,,,28.6,74.9,19.8,14.9,36.5,14.6,4.4,,38.0,3.4,13.8,6.0
48025,27.4,21.0,18.3,35.6,58.0,5.3,8.7,6.3,70.9,81.7,17.1,49.3,5.9,15.0,44.9,19.3,14.6,36.0,,,,27.1,7.4,33.3,,9.1,,,33.5,69.6,17.2,16.1,39.5,14.9,4.9,,41.6,3.4,19.9,7.7
48027,16.1,23.7,15.2,34.1,58.8,6.1,10.7,5.6,76.1,84.5,16.4,56.7,6.0,13.6,56.0,24.4,13.0,34.1,,,,22.5,6.3,30.3,,8.9,,,29.8,74.9,18.6,14.8,43.5,13.8,4.2,,42.6,3.3,14.8,5.9
48029,21.9,21.9,16.5,33.5,57.6,5.4,9.0,5.4,72.0,84.1,15.5,55.7,5.0,12.3,55.1,22.0,13.8,31.9,,,,22.8,6.3,31.2,,8.2,,,30.7,72.7,16.7,14.4,34.2,13.9,4.1,,41.2,3.0,13.0,6.6
48031,13.4,21.1,20.1,29.5,56.2,7.0,9.6,4.9,72.6,85.2,13.7,55.4,5.1,11.7,58.4,23.3,9.2,27.1,,,,16.7,5.9,31.6,,6.9,,,22.0,75.4,17.0,10.8,34.3,11.6,2.8,,36.5,2.6,12.1,4.0
48033,12.5,21.4,20.1,30.1,56.2,7.0,9.9,5.1,72.5,84.7,14.4,60.4,5.5,12.8,65.8,24.4,9.3,28.1,,,,17.3,6.1,31.9,,7.3,,,22.5,77.8,17.8,11.3,33.0,12.0,3.0,,34.7,2.7,8.6,4.1
48035,16.0,22.6,19.1,31.6,57.1,6.9,10.2,5.6,72.5,83.5,16.2,56.0,6.5,14.7,50.9,24.8,10.5,31.6,,,,20.4,6.7,32.3,,8.6,,,26.0,72.0,18.9,13.2,36.1,13.4,3.6,,38.4,3.0,17.8,5.1
48037,14.4,23.8,17.4,35.5,60.4,6.5,10.9,5.9,73.2,83.3,16.8,55.3,7.1,16.3,51.9,24.2,12.1,33.0,,,,22.4,6.5,31.6,,9.7,,,28.2,66.9,19.6,14.7,36.9,13.9,4.4,,42.7,3.5,17.6,5.9
48039,16.5,20.4,17.2,33.5,59.7,6.0,9.3,4.9,75.4,85.8,13.7,58.0,4.8,11.3,57.7,19.9,11.3,27.4,,,,19.5,5.5,31.8,,7.3,,,25.4,73.4,16.3,11.8,35.8,11.7,3.3,,42.1,2.8,8.9,4.8
48041,16.1,22.3,17.5,33.9,59.2,6.3,9.8,5.9,74.2,84.1,15.4,54.6,6.3,13.8,54.1,23.0,12.5,30.8,,,,21.9,6.6,32.6,,8.8,,,26.9,71.8,17.9,14.1,32.8,13.3,4.2,,35.8,3.3,16.0,5.9
48043,16.6,19.9,19.0,29.9,56.7,6.3,9.0,4.9,72.9,85.8,13.1,55.8,4.5,10.3,59.5,21.1,10.5,27.4,,,,18.1,5.9,32.0,,6.7,,,23.8,73.2,15.6,11.3,33.6,11.5,3.1,,35.8,2.5,8.3,4.7
48045,21.7,23.9,17.7,35.1,58.2,6.4,10.4,6.7,71.8,81.5,18.7,48.1,7.9,17.3,42.0,24.6,13.3,36.6,,,,26.5,7.7,33.3,,10.7,,,31.9,67.5,19.9,16.7,39.8,15.8,5.1,,41.5,3.7,24.3,7.3
48047,38.0,21.5,15.8,36.1,58.8,4.4,8.9,7.1,70.7,79.9,20.3,44.9,6.5,16.1,40.4,19.7,18.2,41.5,,,,35.6,8.3,34.2,,11.7,,,42.0,62.8,18.1,20.7,43.2,17.9,6.9,,41.5,3.9,18.4,11.8
48049,17.5,22.9,18.5,32.8,57.6,6.7,10.2,6.0,71.9,82.8,17.1,52.8,7.0,15.7,53.6,24.6,11.4,33.5,,,,22.5,7.0,32.6,,9.3,,,28.7,70.6,19.2,14.2,35.2,14.3,4.1,,39.2,3.2,13.4,5.7
48051,16.9,22.1,18.3,33.1,58.0,6.5,10.2,5.5,72.6,83.8,15.9,52.6,6.1,14.2,53.4,23.2,11.0,31.1,,,,20.8,6.4,32.2,,8.5,,,27.1,70.3,18.3,13.3,35.8,13.2,3.7,,38.1,3.1,15.8,5.3
48053,15.8,22.4,19.2,31.2,56.8,6.8,9.9,5.4,72.3,84.2,15.2,58.6,5.9,13.5,55.0,23.6,10.3,30.1,,,,19.5,6.4,32.2,,8.0,,,25.0,72.5,18.0,12.5,35.4,12.8,3.4,,38.8,2.9,12.3,4.8
48055,26.4,21.8,17.2,33.1,58.1,5.6,9.4,5.9,71.9,82.7,17.3,50.5,6.2,14.6,49.4,21.6,13.5,34.4,,,,26.1,7.0,33.0,,9.4,,,33.0,68.3,17.9,15.7,42.4,14.9,4.6,,37.7,3.3,19.1,7.3
48057,23.1,20.9,17.8,31.8,57.1,5.8,9.3,5.6,71.7,83.6,15.9,51.7,5.6,13.3,56.1,20.9,12.2,32.3,,,,23.0,6.6,32.8,,8.3,,,30.0,71.0,17.3,14.0,35.1,13.7,3.9,,38.3,3.0,16.4,6.1
48059,13.3,22.9,19.5,32.0,57.3,7.0,10.3,5.6,72.7,83.7,15.8,57.8,6.5,14.8,56.3,25.3,10.2,30.8,,,,19.4,6.6,32.8,,8.4,,,24.8,70.6,19.2,12.7,36.0,13.2,3.5,,36.9,3.0,14.7,4.7
48061,36.3,19.0,16.1,32.9,59.0,4.6,8.7,6.5,70.8,82.3,18.4,45.8,5.9,13.6,43.7,19.1,17.5,36.1,,,,30.9,7.6,33.5,,10.9,,,36.8,72.1,16.8,17.9,41.0,16.1,6.2,,40.9,3.6,17.1,10.9
48063,20.5,24.4,16.6,36.5,59.9,6.3,10.8,6.6,73.2,82.1,18.7,51.0,8.0,17.7,49.8,24.3,13.7,36.6,,,,26.7,7.3,33.0,,11.1,,,32.7,69.1,20.1,17.1,40.2,15.7,5.2,,40.2,3.9,20.6,7.4
48065,12.0,21.8,20.5,30.3,56.3,7.1,10.0,5.1,72.4,84.7,14.5,57.5,5.6,13.2,60.7,24.5,9.3,28.3,,,,17.1,6.2,31.9,,7.3,,,22.6,73.3,18.2,11.3,33.8,12.1,3.0,,37.5,2.7,9.4,4.0
48067,14.3,24.6,17.6,35.5,59.3,6.7,11.1,6.2,73.3,82.5,18.1,53.3,7.8,17.7,49.2,25.8,12.0,34.5,,,,23.2,6.9,32.4,,10.4,,,28.6,69.4,20.8,15.4,39.3,14.7,4.5,,41.7,3.6,16.0,5.9
48069,28.4,20.8,17.1,33.0,57.1,5.5,9.1,6.0,71.2,82.6,17.2,48.0,5.8,13.8,50.1,20.7,13.7,34.8,,,,26.6,7.1,33.1,,9.1,,,33.5,68.7,17.4,15.6,38.9,14.8,4.6,,39.5,3.2,16.9,7.5
48071,16.0,21.8,19.1,31.9,57.4,6.5,9.9,5.3,72.3,84.5,15.0,57.0,5.7,13.1,57.1,23.3,10.7,30.3,,,,19.6,6.2,31.7,,7.9,,,25.1,74.5,18.0,12.6,34.6,12.7,3.4,,39.4,2.9,12.1,4.8
48073,19.7,23.7,17.8,34.8,58.4,6.4,10.5,6.3,72.7,82.0,18.2,52.3,7.6,17.3,48.1,24.3,12.6,35.7,,,,25.1,7.1,32.3,,10.2,,,30.7,68.1,19.6,15.8,35.9,15.0,4.7,,40.5,3.6,20.5,6.6
48075,20.8,22.6,18.8,34.0,57.9,6.3,9.6,5.9,71.3,82.3,16.8,52.5,6.7,15.9,48.1,22.2,12.0,33.8,,,,23.5,7.0,32.6,,9.0,,,29.8,68.5,18.4,14.5,37.3,14.2,4.2,,41.3,3.3,22.8,6.0
48077,12.2,22.9,19.9,31.5,56.9,7.1,10.3,5.5,72.4,83.8,15.6,57.8,6.3,14.7,59.5,25.4,9.8,30.0,,,,18.6,6.5,32.3,,8.2,,,24.2,72.0,19.1,12.3,34.8,12.9,3.3,,36.0,2.9,11.5,4.4
48079,33.1,24.1,15.8,37.3,59.3,5.5,10.2,7.8,71.1,79.4,21.6,45.1,8.8,19.4,39.0,23.3,17.1,42.3,,,,34.7,8.7,34.2,,13.0,,,41.0,67.4,20.3,21.1,42.8,18.5,7.0,,43.0,4.4,29.4,11.0
48081,17.9,23.4,18.4,33.3,57.7,6.7,10.3,6.2,71.8,82.6,17.4,51.9,7.2,16.2,48.5,25.1,11.8,33.8,,,,23.1,7.2,32.9,,9.6,,,29.1,68.4,19.6,14.8,37.0,14.6,4.2,,40.3,3.3,19.6,6.0
48083,15.8,23.4,18.8,33.1,57.7,6.8,10.3,6.0,72.4,82.9,16.9,54.1,7.0,16.0,53.8,25.2,11.3,32.9,,,,21.7,7.0,32.7,,9.2,,,27.5,73.0,19.5,14.1,37.2,14.1,3.9,,38.5,3.2,17.9,5.5
48085,10.3,18.5,17.5,29.7,58.7,6.3,8.8,4.3,74.6,87.2,11.2,58.4,4.0,9.0,67.1,20.0,9.1,23.3,,,,14.6,4.9,33.1,,5.7,,,19.9,78.7,14.7,9.4,31.6,10.0,2.4,,34.6,2.3,6.5,3.5
48087,21.2,23.3,17.8,34.5,58.3,6.4,10.5,6.5,72.3,82.2,18.2,52.2,7.6,16.5,49.2,24.2,12.7,35.4,,,,25.6,7.4,32.9,,10.3,,,30.8,69.0,19.4,16.1,39.1,15.3,4.8,,39.7,3.6,22.1,6.9
48089,18.8,21.9,18.1,33.0,58.2,6.3,9.9,5.5,72.5,83.8,15.9,53.8,6.1,14.1,52.3,22.4,11.6,31.8,,,,21.8,6.4,32.1,,8.5,,,28.1,74.0,18.1,13.7,36.7,13.4,3.9,,38.2,3.1,17.8,5.6
48091,13.6,20.2,20.2,29.7,56.6,6.7,9.4,4.7,74.7,86.4,12.6,58.1,4.6,10.4,60.7,21.1,9.2,24.2,,,,16.1,5.6,28.4,,6.4,,,20.8,70.3,15.7,10.1,34.5,11.1,2.7,,35.7,2.4,13.8,3.9
48093,19.3,22.5,18.7,32.6,57.2,6.6,10.0,5.9,71.9,82.9,16.8,54.0,6.6,15.1,51.9,23.9,11.4,32.7,,,,22.5,7.0,32.4,,9.0,,,28.5,67.4,18.7,14.1,37.1,14.1,4.0,,39.4,3.1,14.8,5.7
48095,24.0,21.6,18.8,35.2,57.8,6.0,9.1,6.3,70.6,81.3,17.1,54.6,6.7,16.3,45.4,20.3,12.7,34.6,,,,25.0,7.2,32.8,,9.0,,,31.0,67.6,17.7,14.9,37.7,14.3,4.4,,41.5,3.4,17.7,6.4
48097,16.0,22.8,18.9,32.5,57.4,6.8,10.2,5.7,72.3,83.5,16.2,54.4,6.5,14.8,55.5,24.6,10.8,31.6,,,,20.8,6.7,32.1,,8.7,,,26.5,67.5,18.8,13.4,36.2,13.5,3.7,,38.9,3.1,14.8,5.2
48099,15.5,23.9,17.7,32.9,59.3,6.3,10.4,5.5,74.2,83.8,16.0,56.7,6.2,14.6,52.0,23.5,11.5,31.8,,,,21.1,6.3,31.3,,8.8,,,27.8,73.0,18.9,13.7,38.0,13.4,3.9,,41.9,3.2,14.0,5.4
48101,21.5,24.2,17.1,36.0,59.3,6.2,10.7,6.8,72.5,81.3,19.1,51.8,8.2,17.8,44.8,24.3,13.9,37.1,,,,27.5,7.6,33.1,,11.2,,,32.8,70.3,20.0,17.5,40.5,16.0,5.5,,42.4,3.9,13.5,7.7
48103,31.0,21.0,17.0,33.4,57.6,5.2,9.1,6.1,71.0,82.0,17.9,53.5,6.0,14.5,48.0,20.4,14.5,36.2,,,,28.3,7.2,33.2,,9.6,,,35.9,70.3,17.8,16.6,40.0,15.5,4.9,,39.4,3.4,16.2,8.2
48105,29.6,20.8,17.4,32.1,56.4,5.4,9.4,5.9,70.4,82.1,18.0,52.0,5.9,14.4,52.0,21.2,13.4,35.7,,,,27.2,7.0,33.1,,9.4,,,33.8,69.9,18.0,15.9,37.6,15.2,4.6,,38.5,3.2,13.1,7.5
48107,28.3,22.8,16.8,34.9,58.4,5.7,9.8,6.6,71.6,81.5,18.9,51.2,7.2,16.4,45.7,22.4,14.6,37.7,,,,29.0,7.6,33.5,,10.7,,,35.7,68.0,19.0,17.6,41.0,16.2,5.4,,40.5,3.7,22.7,8.4
48109,32.0,21.7,16.4,35.4,58.3,4.8,9.3,6.7,70.6,80.3,19.7,48.3,6.8,16.9,44.8,21.0,16.2,39.3,,,,32.0,7.9,33.7,,11.0,,,38.9,70.4,18.6,18.8,40.8,16.9,5.9,,41.0,3.7,17.0,9.8
48111,27.5,22.8,17.1,35.2,58.2,5.7,9.6,6.7,71.3,80.9,18.8,50.6,7.3,17.0,48.5,22.2,14.6,37.5,,,,28.7,7.8,33.6,,10.6,,,35.8,67.9,18.9,17.5,39.7,16.1,5.3,,40.2,3.7,16.1,8.3
48113,20.6,19.7,16.5,33.5,59.8,5.4,9.7,5.4,75.5,84.5,15.0,53.2,5.5,12.5,53.9,19.1,12.5,29.8,,,,22.6,5.9,34.5,,8.5,,,30.8,73.6,16.9,14.0,35.7,12.6,4.3,,35.7,3.3,12.7,6.4
48115,29.8,22.3,17.3,36.1,58.5,5.5,9.4,6.9,70.5,80.1,19.3,47.5,7.5,17.6,42.3,21.1,15.3,38.5,,,,30.4,7.9,33.8,,10.9,,,36.8,67.0,18.6,18.2,40.0,16.6,5.8,,41.0,3.8,22.9,8.9
48117,35.1,22.0,16.1,35.0,58.2,5.2,9.4,6.8,71.0,80.7,19.8,46.7,6.9,16.1,39.4,20.9,16.0,39.3,,,,32.3,7.9,34.1,,11.1,,,39.9,65.0,18.5,18.9,41.3,17.1,6.0,,42.1,3.8,21.9,9.9
48119,14.0,23.4,18.9,33.2,57.7,6.9,10.7,5.8,72.5,83.0,17.0,56.4,7.0,16.2,58.2,25.7,10.9,32.7,,,,21.1,6.8,32.3,,9.2,,,26.7,72.5,19.9,13.9,37.0,13.9,3.9,,37.7,3.2,11.9,5.2
48121,11.4,20.7,17.8,29.3,56.9,6.5,9.3,4.4,74.1,86.4,12.0,57.5,4.2,9.5,65.1,20.7,9.6,25.3,,,,15.6,5.3,34.0,,6.1,,,21.2,79.2,15.8,10.4,33.2,10.5,2.6,,35.4,2.4,8.3,3.8
48123,22.3,22.4,18.0,34.5,58.4,6.1,9.8,6.2,72.0,82.1,17.5,51.1,6.9,16.1,51.0,22.5,13.1,35.1,,,,25.3,7.2,32.5,,9.6,,,31.3,68.9,18.7,15.5,37.5,14.8,4.6,,39.3,3.5,13.4,6.8
48125,20.3,23.0,18.3,33.6,57.7,6.5,10.0,6.1,71.8,82.2,17.3,55.4,7.1,15.9,51.8,23.7,12.2,34.3,,,,23.9,7.2,33.0,,9.6,,,29.8,70.9,19.0,15.0,38.1,14.6,4.4,,38.0,3.3,14.6,6.3
48127,41.6,24.1,14.2,39.9,60.6,4.5,9.5,8.5,71.4,78.1,23.4,39.4,8.6,19.9,33.2,21.5,21.5,46.8,,,,41.9,9.6,35.4,,14.8,,,48.9,61.6,20.0,25.2,47.7,20.8,9.2,,44.1,4.8,33.3,15.5
48129,15.4,23.3,19.2,32.8,57.5,6.8,10.6,5.8,72.0,82.9,17.0,54.7,7.0,16.0,53.9,25.3,10.9,32.6,,,,21.5,6.8,32.2,,9.2,,,27.1,73.4,19.8,14.0,35.9,14.0,3.9,,38.8,3.2,16.7,5.3
48131,35.9,21.3,16.3,35.6,58.2,4.6,9.0,6.8,70.5,80.5,19.6,48.4,6.3,15.8,40.9,20.0,17.0,39.8,,,,33.1,8.0,34.1,,10.8,,,40.2,72.1,18.2,19.2,42.2,17.2,6.2,,41.3,3.7,16.1,10.3
48133,16.7,23.7,18.6,33.1,57.6,6.9,10.4,6.1,71.8,82.4,17.4,52.3,7.4,16.5,51.0,25.4,11.4,34.0,,,,22.7,7.2,32.5,,9.6,,,28.3,70.1,19.7,14.6,36.2,14.4,4.1,,39.7,3.3,22.0,5.7
48135,27.8,21.1,17.6,32.2,57.7,5.5,9.2,5.9,70.1,82.7,17.1,51.4,5.9,14.2,49.0,20.8,13.6,34.1,,,,26.5,6.9,32.6,,9.2,,,32.5,72.5,17.5,15.6,40.1,14.7,4.6,,37.6,3.3,16.4,7.4
48137,27.3,21.9,17.4,33.9,57.6,5.8,9.6,6.5,71.1,81.8,18.3,47.2,6.8,15.6,42.4,21.9,13.7,36.3,,,,27.5,7.6,33.2,,10.0,,,33.7,65.8,18.3,16.5,38.9,15.5,5.0,,40.6,3.5,23.9,7.8
48139,16.0,21.9,17.8,32.9,57.9,6.4,10.0,5.1,73.4,85.0,14.7,59.2,5.3,12.5,58.6,22.7,10.9,29.9,,,,19.8,5.9,33.1,,7.8,,,25.7,73.8,17.5,12.6,36.9,12.6,3.4,,41.0,2.9,11.8,4.9
48141,29.1,20.0,17.0,33.0,59.5,4.6,8.6,5.6,74.7,83.8,16.7,51.2,4.8,12.5,50.0,19.9,15.3,33.4,,,,27.0,6.8,32.0,,9.0,,,33.6,71.9,17.4,15.8,34.4,15.0,5.1,,37.9,3.1,15.7,8.5
48143,15.4,23.0,18.7,31.9,57.5,6.9,10.2,5.7,72.3,83.5,16.1,54.0,6.6,14.5,52.3,24.7,11.0,31.4,,,,20.8,6.8,32.1,,8.7,,,26.1,66.4,18.9,13.5,35.8,13.4,3.8,,40.6,3.1,13.2,5.3
48145,20.0,24.3,16.3,36.8,60.5,6.1,11.0,6.5,73.5,82.5,18.6,51.0,7.8,17.4,47.1,23.9,13.8,36.6,,,,26.5,7.1,32.6,,11.0,,,32.6,70.4,20.3,17.0,40.3,15.5,5.2,,41.7,3.9,27.5,7.4
48147,15.9,23.5,19.0,33.7,58.2,6.8,10.4,6.1,72.1,82.4,17.2,55.9,7.3,16.7,53.8,25.1,11.4,33.8,,,,22.1,7.0,32.9,,9.4,,,28.0,71.7,19.4,14.3,39.1,14.2,4.1,,39.5,3.3,12.5,5.6
48149,15.4,21.2,19.2,30.6,57.1,6.7,9.8,5.1,72.9,84.6,14.7,55.8,5.6,12.9,56.8,23.1,10.1,29.4,,,,18.8,6.1,31.7,,7.6,,,24.3,72.4,17.8,12.0,34.4,12.5,3.2,,37.7,2.8,16.0,4.6
48151,16.7,21.9,19.2,32.0,57.1,6.5,9.9,5.4,72.3,84.0,15.6,55.8,5.8,13.8,53.0,23.4,10.8,30.9,,,,20.2,6.5,31.9,,8.1,,,26.5,73.7,18.3,12.9,36.1,13.1,3.5,,38.4,2.9,13.3,5.1
48153,28.8,22.1,16.7,34.1,57.8,5.6,9.6,6.5,71.4,81.7,18.6,48.9,6.9,15.7,44.1,21.8,14.4,37.1,,,,28.6,7.5,33.5,,10.4,,,35.2,68.0,18.5,17.2,39.7,15.9,5.3,,40.0,3.6,17.7,8.3
48155,19.8,25.0,17.3,36.2,59.2,6.6,11.1,7.0,72.4,81.0,19.9,49.8,8.8,19.2,47.3,26.1,13.6,38.0,,,,27.4,7.9,33.5,,11.7,,,32.6,67.5,21.3,17.6,41.0,16.5,5.4,,40.6,3.9,22.0,7.5
48157,13.0,18.3,15.6,30.3,59.6,5.3,8.9,4.4,74.5,87.0,11.7,55.6,3.9,9.5,61.6,17.6,11.1,23.6,,,,16.6,4.9,32.4,,6.1,,,24.0,77.1,14.6,10.3,29.4,10.2,2.8,,37.1,2.6,10.6,4.2
48159,13.4,22.1,19.4,31.4,56.9,7.0,10.2,5.3,72.7,84.5,15.1,60.0,5.9,13.5,61.7,24.4,9.9,29.6,,,,18.5,6.3,32.1,,7.9,,,23.8,73.9,18.3,12.1,35.5,12.5,3.3,,36.1,2.8,8.6,4.5
48161,16.9,23.1,18.8,35.2,58.8,6.5,10.3,6.0,72.7,82.9,16.9,57.0,7.0,16.2,51.0,23.8,11.9,33.1,,,,22.5,6.8,32.1,,9.3,,,28.4,70.2,19.4,14.5,38.2,14.0,4.2,,40.1,3.4,17.2,5.8
48163,36.5,20.9,16.4,35.0,57.9,4.7,8.6,6.6,69.7,79.9,19.2,47.5,6.2,15.7,41.6,19.1,16.5,39.4,,,,32.7,7.8,34.1,,10.5,,,39.5,68.0,17.5,18.7,41.5,16.8,5.9,,42.0,3.6,19.0,10.0
48165,25.8,21.8,18.2,32.2,55.9,5.8,10.1,6.0,69.6,80.8,19.1,50.8,6.9,16.7,50.3,23.4,12.3,36.5,,,,26.5,7.1,32.8,,10.0,,,32.5,69.0,19.6,15.8,36.5,15.5,4.5,,38.7,3.3,17.7,6.8
48167,15.5,21.4,19.1,32.7,58.1,6.3,9.8,5.1,73.1,85.2,14.3,57.8,5.3,12.3,60.5,22.2,10.8,28.7,,,,18.9,5.9,31.5,,7.6,,,24.8,74.4,17.3,12.3,33.8,12.2,3.4,,37.1,2.9,11.4,4.9
48169,31.0,22.1,17.6,35.0,57.6,5.6,9.3,6.7,70.1,80.3,19.0,48.2,7.2,16.9,44.1,20.8,14.5,38.0,,,,29.5,7.8,33.7,,10.4,,,35.9,69.4,18.3,17.3,39.9,16.1,5.3,,40.9,3.7,19.1,8.3
48171,15.1,21.2,19.5,29.9,56.4,6.9,9.6,5.0,72.5,85.0,14.1,56.1,5.3,11.9,57.9,23.2,9.5,28.2,,,,17.8,6.1,32.0,,7.2,,,23.1,71.9,17.1,11.4,33.7,12.0,3.0,,36.1,2.6,12.5,4.3
48173,15.8,20.1,19.9,30.0,56.4,6.6,9.1,4.9,72.6,85.6,13.2,56.6,4.7,10.6,62.5,21.3,9.9,27.5,,,,17.4,5.9,31.8,,6.5,,,22.7,73.5,15.8,10.9,33.6,11.4,2.9,,34.9,2.5,8.2,4.3
48175,19.3,22.2,18.5,32.2,57.3,6.3,10.0,5.7,71.7,83.2,16.6,51.7,6.3,14.7,54.1,23.3,11.6,32.7,,,,22.5,6.7,32.5,,8.8,,,28.1,71.1,18.5,14.0,37.1,13.9,4.0,,38.3,3.1,19.4,5.8
48177,26.9,22.3,16.9,34.5,58.2,5.8,9.9,6.3,71.7,81.8,18.6,50.4,7.0,16.1,48.4,22.5,13.7,36.8,,,,27.7,7.3,33.1,,10.3,,,34.7,69.9,19.0,16.7,39.8,15.6,5.0,,38.8,3.5,17.3,7.7
48179,20.5,23.0,18.8,34.7,58.0,6.4,9.9,6.3,71.8,82.1,17.6,51.5,7.2,16.5,48.0,23.6,12.4,35.2,,,,24.3,7.3,32.5,,9.6,,,30.8,66.4,19.1,15.3,38.5,14.7,4.5,,39.6,3.4,15.3,6.4
48181,14.3,22.7,18.5,32.1,56.9,6.9,10.4,5.5,72.9,83.9,15.9,55.4,6.3,14.6,53.7,25.0,10.6,31.2,,,,19.8,6.4,32.9,,8.5,,,26.4,69.3,18.9,13.0,33.9,13.1,3.6,,41.7,3.0,17.1,4.9
48183,16.7,23.6,17.3,35.3,59.4,6.4,10.7,5.9,73.2,83.6,17.0,56.3,6.9,15.7,51.8,24.2,12.3,33.5,,,,23.1,6.5,32.0,,9.7,,,28.7,69.0,19.5,15.1,37.2,14.2,4.4,,40.2,3.5,16.9,6.0
48185,19.2,22.9,18.2,34.5,58.5,6.3,10.1,6.1,72.3,82.7,17.1,53.4,6.9,15.9,50.2,23.3,12.3,33.8,,,,23.6,6.9,32.6,,9.4,,,29.0,71.5,18.9,14.9,37.1,14.3,4.3,,40.5,3.4,15.1,6.1
48187,17.5,22.2,19.4,31.7,58.4,6.0,9.5,5.0,73.9,85.0,14.6,57.0,5.0,12.5,58.2,22.5,11.6,30.1,,,,19.8,6.0,32.0,,7.4,,,25.4,72.1,16.9,12.4,34.4,12.5,3.4,,37.3,2.8,10.7,5.1
48189,29.3,22.2,16.6,35.5,58.3,5.5,9.5,6.6,71.5,81.3,18.8,47.1,7.0,16.1,44.3,21.4,15.0,37.5,,,,29.6,7.7,33.9,,10.5,,,36.1,66.4,18.5,17.7,39.5,16.1,5.5,,41.6,3.7,17.4,8.7
48191,23.0,23.5,17.3,35.1,58.8,6.1,10.1,6.5,72.1,82.1,18.1,52.7,7.3,16.3,50.3,23.6,13.6,36.1,,,,26.4,7.4,33.0,,10.3,,,32.5,66.5,19.3,16.6,40.0,15.4,5.0,,40.7,3.6,18.5,7.3
48193,15.6,23.4,19.0,33.1,57.4,7.0,10.2,5.9,72.0,82.6,16.8,50.7,7.1,16.0,52.2,25.2,11.0,32.8,,,,21.5,7.0,32.6,,9.2,,,27.4,72.0,19.3,13.9,36.6,14.0,3.9,,40.1,3.2,15.9,5.4
48195,24.0,21.7,17.9,32.2,57.0,6.1,9.6,5.9,71.6,82.8,17.0,55.3,6.4,14.1,55.5,22.5,12.3,33.6,,,,24.6,6.9,32.8,,9.2,,,30.5,70.5,17.8,14.9,37.4,14.4,4.4,,36.5,3.2,15.7,6.7
48197,18.4,23.4,18.2,33.6,57.9,6.6,10.5,6.1,72.0,82.5,17.7,53.3,7.2,16.5,52.6,24.7,11.9,34.2,,,,23.4,7.0,32.6,,9.7,,,29.3,71.7,19.8,15.0,38.0,14.6,4.3,,38.2,3.4,13.4,6.1
48199,13.1,23.4,19.3,32.5,57.7,7.0,10.6,5.6,72.4,83.3,16.4,55.7,6.8,15.7,55.9,25.7,10.4,31.8,,,,20.0,6.6,32.3,,8.8,,,25.7,70.3,19.8,13.3,33.7,13.5,3.6,,40.4,3.1,12.5,4.8
48201,21.5,19.6,16.8,32.9,59.3,5.4,9.2,5.5,73.3,83.8,15.7,52.5,5.5,12.6,49.8,19.5,13.2,31.5,,,,21.8,6.2,33.7,,8.4,,,26.9,73.3,16.4,14.1,37.1,12.9,4.3,,41.0,3.3,10.9,6.8
48203,15.1,23.7,17.6,35.0,59.6,6.4,10.8,5.9,73.9,83.7,16.8,56.1,6.9,15.7,53.9,24.3,11.9,33.0,,,,22.4,6.4,31.6,,9.5,,,28.7,68.5,19.6,14.6,39.2,13.9,4.2,,38.9,3.5,16.4,5.8
48205,19.0,20.8,20.0,32.2,56.7,6.4,9.1,5.5,71.2,83.5,15.0,56.4,5.6,13.4,58.5,21.1,10.8,30.4,,,,20.3,6.5,32.3,,7.5,,,25.9,73.4,16.9,12.4,34.3,12.6,3.4,,36.4,2.9,14.2,4.9
48207,20.8,23.1,18.3,34.1,57.9,6.5,10.1,6.3,71.6,81.6,17.8,52.4,7.4,16.8,48.0,23.8,12.3,34.7,,,,24.7,7.3,33.1,,9.9,,,30.6,67.7,19.1,15.4,36.9,14.9,4.5,,39.3,3.4,17.9,6.5
48209,16.7,20.8,18.4,30.5,57.3,6.4,9.3,5.1,72.4,85.4,14.0,57.9,5.0,11.2,57.9,21.5,10.8,28.0,,,,18.9,6.0,31.9,,7.2,,,23.9,74.0,16.5,11.9,35.3,12.1,3.3,,35.5,2.7,9.5,4.9
48211,17.3,20.6,19.7,29.3,55.7,6.6,9.5,4.8,71.9,84.9,14.5,57.5,5.1,12.1,55.8,22.5,9.7,28.6,,,,18.3,5.9,32.0,,7.1,,,24.3,73.8,17.1,11.4,33.2,12.1,3.0,,37.7,2.6,12.1,4.4
48213,15.7,24.0,18.2,34.0,58.3,6.8,10.6,6.0,73.0,82.9,17.2,55.0,7.2,16.6,52.3,25.7,11.3,33.5,,,,22.4,6.9,32.4,,9.5,,,28.3,68.9,19.9,14.5,35.6,14.4,4.1,,38.1,3.3,16.0,5.6
48215,37.5,20.7,16.5,34.1,59.3,4.5,8.7,6.6,71.9,81.0,19.4,52.5,6.0,13.8,39.4,20.0,17.7,39.3,,,,34.1,8.0,33.7,,11.5,,,38.0,69.8,18.0,19.7,45.0,16.8,6.7,,40.7,3.7,16.6,11.3
48217,17.4,23.2,18.4,33.3,57.9,6.7,10.3,5.9,72.3,83.1,16.9,54.5,6.8,15.6,51.6,24.5,11.5,33.5,,,,22.4,6.9,32.5,,9.2,,,29.0,69.4,19.3,14.4,37.0,14.2,4.0,,42.2,3.2,17.7,5.7
48219,23.8,21.9,18.0,32.9,57.7,6.0,9.7,5.9,71.7,82.8,17.3,50.4,6.4,14.7,50.3,22.4,12.9,34.1,,,,24.9,7.0,32.7,,9.4,,,31.6,67.9,18.3,15.3,36.4,14.7,4.5,,41.4,3.3,16.4,6.8
48221,12.5,21.9,19.8,30.0,56.4,7.1,9.9,5.0,73.1,85.0,14.3,56.5,5.5,12.4,62.9,24.4,9.2,28.2,,,,16.8,6.0,32.2,,7.3,,,22.7,68.2,17.7,11.2,33.4,11.8,2.9,,34.0,2.6,15.8,4.1
48223,16.8,23.2,18.6,33.0,57.9,6.7,10.5,5.8,72.3,82.8,17.1,52.9,7.0,15.9,53.8,25.0,11.2,33.0,,,,22.1,6.8,31.9,,9.3,,,28.4,71.1,19.5,14.3,37.7,14.1,4.0,,38.1,3.2,15.9,5.6
48225,18.8,23.8,17.3,37.2,59.6,6.3,10.7,6.6,72.9,81.8,18.4,50.3,7.9,18.1,48.2,23.8,13.5,36.6,,,,26.1,7.1,32.4,,10.7,,,31.7,72.6,20.0,16.6,38.2,15.1,5.1,,41.9,3.9,16.0,6.9
48227,23.9,21.8,18.0,33.8,57.5,5.9,9.5,6.1,71.7,82.4,17.2,51.1,6.3,14.9,49.5,22.0,13.1,34.5,,,,25.0,7.1,32.9,,9.2,,,31.9,69.0,18.2,15.3,38.2,14.6,4.5,,39.1,3.3,18.2,6.8
48229,36.9,22.2,16.7,37.7,58.9,5.0,8.9,7.8,70.4,78.6,20.6,43.2,7.9,18.7,34.3,19.8,17.4,41.3,,,,34.8,8.8,34.4,,11.8,,,40.1,66.4,18.4,20.1,41.1,17.8,6.8,,41.5,4.2,27.6,10.9
48231,16.7,22.7,18.1,33.5,58.0,6.7,10.3,5.8,72.6,83.4,16.6,50.8,6.7,15.4,53.2,23.6,11.2,32.7,,,,22.1,6.7,32.7,,9.1,,,27.7,68.4,19.0,14.0,36.9,13.9,3.9,,38.5,3.2,10.7,5.5
48233,17.3,22.4,19.1,32.0,57.0,6.6,10.2,5.7,72.1,83.3,16.5,55.4,6.4,15.0,56.5,24.2,11.0,32.2,,,,21.3,6.8,32.4,,8.7,,,27.2,76.9,19.0,13.6,35.2,13.8,3.8,,38.0,3.1,15.1,5.3
48235,15.5,21.8,19.7,31.0,56.2,6.6,9.8,5.2,72.0,84.3,15.1,56.7,5.6,13.0,57.4,23.9,10.3,30.0,,,,19.1,6.3,31.9,,7.7,,,24.8,68.5,18.0,12.2,35.0,12.7,3.3,,37.7,2.8,7.8,4.7
48237,18.6,23.6,19.0,34.4,57.8,6.8,10.2,6.4,71.4,81.3,18.0,51.5,7.8,17.7,51.8,24.5,11.8,35.0,,,,23.9,7.5,33.1,,9.9,,,29.5,69.9,19.7,15.2,37.9,14.9,4.4,,38.6,3.5,20.6,6.1
48239,20.4,22.6,18.1,33.3,57.7,6.3,10.0,5.9,72.0,82.7,17.2,55.2,6.7,15.5,50.0,23.5,12.1,33.9,,,,23.7,6.9,32.6,,9.3,,,30.2,69.6,19.0,14.8,38.1,14.4,4.2,,40.0,3.3,17.2,6.2
48241,15.9,25.1,17.4,36.8,60.0,6.6,11.2,6.6,72.7,81.4,19.1,50.2,8.6,19.5,47.0,25.9,12.9,36.2,,,,25.3,7.4,33.2,,11.2,,,31.6,71.7,21.4,16.6,41.2,15.6,4.9,,42.2,3.9,24.0,6.6
48243,19.8,23.4,17.4,33.9,58.5,6.5,10.1,6.4,73.0,83.2,17.1,51.2,7.0,14.9,49.9,24.3,13.1,34.3,,,,24.5,7.4,33.3,,9.8,,,30.0,71.6,18.7,15.6,38.0,14.8,4.7,,39.3,3.4,23.2,6.9
48245,19.3,23.4,16.2,37.4,60.8,5.6,10.6,6.2,74.2,83.0,17.3,53.2,7.0,16.2,49.3,21.5,14.2,35.4,,,,25.8,6.5,31.9,,10.2,,,31.3,69.6,19.2,16.6,41.2,14.5,5.0,,41.2,3.9,18.7,7.1
48247,41.3,22.7,14.7,38.1,59.7,4.5,9.2,8.0,70.9,78.6,22.1,42.0,7.7,18.2,39.6,20.5,20.2,44.8,,,,39.6,9.2,34.8,,13.5,,,46.6,66.0,18.9,23.5,45.7,19.7,8.3,,40.7,4.4,28.5,14.1
48249,33.5,21.6,15.9,34.6,58.5,4.8,9.1,6.5,71.5,81.6,18.9,46.4,6.1,14.9,44.6,20.5,16.2,39.1,,,,31.7,7.7,34.0,,10.5,,,39.4,68.4,17.9,18.6,40.8,16.6,5.8,,41.7,3.6,18.2,9.8
48251,16.7,22.4,19.0,32.1,57.6,6.6,10.2,5.4,71.8,83.8,15.9,54.3,6.2,14.3,52.1,23.4,11.0,30.8,,,,20.7,6.4,32.4,,8.4,,,26.7,73.2,18.4,13.0,33.1,13.1,3.6,,41.1,3.0,16.2,5.1
48253,22.1,22.6,18.9,35.9,58.4,6.3,9.5,6.5,71.1,81.1,17.6,51.6,7.3,17.3,45.6,21.3,12.9,35.4,,,,25.2,7.4,32.9,,9.5,,,30.7,68.9,18.5,15.5,38.8,14.8,4.6,,41.8,3.6,15.0,6.6
48255,27.8,21.8,17.5,35.9,58.5,5.6,9.2,6.5,71.2,81.1,18.1,50.0,6.9,16.2,47.1,20.3,14.4,37.0,,,,28.2,7.5,32.8,,9.9,,,34.5,68.6,17.9,16.9,39.3,15.5,5.2,,40.2,3.6,20.8,8.0
48257,16.8,21.9,17.8,33.3,59.1,6.3,10.4,5.4,73.8,84.6,15.5,58.4,5.9,13.7,54.4,21.9,11.5,31.1,,,,21.6,6.1,32.1,,8.5,,,27.6,73.9,18.0,13.6,37.6,13.2,3.8,,40.9,3.1,13.6,5.4
48259,12.5,20.4,19.8,29.0,55.8,6.9,9.3,4.5,73.5,86.4,12.2,58.6,4.4,10.0,65.2,21.5,8.8,24.3,,,,15.1,5.5,31.5,,6.1,,,19.9,76.7,15.8,9.7,34.1,10.6,2.6,,33.0,2.4,8.7,3.7
48261,36.5,20.1,16.9,32.6,55.8,4.6,9.4,6.4,69.1,80.3,20.0,40.1,6.0,15.5,28.8,20.5,14.9,39.1,,,,31.8,7.6,33.6,,10.3,,,38.0,61.0,18.3,17.9,37.9,16.7,5.4,,42.9,3.4,34.9,9.1
48263,13.4,21.2,20.3,29.4,55.8,6.9,9.8,4.7,72.4,85.1,14.2,58.6,5.1,12.1,58.6,24.0,9.3,28.0,,,,17.1,5.8,31.6,,7.1,,,22.4,75.4,17.6,11.1,33.1,11.9,2.9,,37.4,2.6,7.3,4.1
48265,16.9,21.7,19.3,31.2,57.3,6.7,9.8,5.5,72.7,84.2,15.3,55.1,6.0,13.4,54.1,23.3,10.8,30.5,,,,20.2,6.5,31.9,,8.2,,,25.7,69.8,17.9,12.9,35.3,13.1,3.6,,38.5,2.9,18.1,5.2
48267,18.2,23.4,18.2,33.3,57.5,6.7,10.2,6.1,72.0,82.6,17.3,55.2,7.1,15.8,51.0,24.8,11.7,33.5,,,,23.2,7.1,33.1,,9.5,,,28.7,71.5,19.2,14.7,37.5,14.4,4.2,,37.9,3.3,13.0,6.0
48269,17.0,23.8,19.0,35.0,57.7,6.8,10.6,6.7,71.8,81.5,18.4,49.5,7.9,17.8,44.2,25.5,12.2,35.4,,,,24.1,7.7,33.0,,10.3,,,29.1,70.7,20.2,15.4,37.8,15.1,4.6,,40.4,3.5,26.0,6.2
48271,25.9,21.4,18.8,33.5,57.2,6.0,8.8,6.1,71.3,83.0,16.0,53.1,5.8,13.2,48.9,20.3,13.2,33.3,,,,24.4,7.2,33.3,,8.4,,,30.5,68.2,16.8,14.6,38.4,14.2,4.3,,40.3,3.2,15.0,6.7
48273,28.2,21.6,16.4,34.1,58.6,5.1,9.1,6.3,72.1,82.8,17.3,49.7,5.8,13.9,47.7,20.7,15.4,36.4,,,,28.2,7.4,33.0,,9.7,,,35.4,67.7,17.4,17.0,40.0,15.4,5.3,,39.5,3.4,20.5,8.7
48275,20.3,22.9,18.0,34.1,58.1,6.3,10.2,6.0,72.2,82.6,17.6,50.9,7.0,16.0,50.4,23.9,12.5,34.6,,,,24.2,7.0,32.8,,9.7,,,30.6,66.9,19.2,15.2,38.0,14.7,4.4,,39.8,3.4,17.9,6.5
48277,14.7,24.3,18.0,35.2,59.0,6.8,11.1,6.1,72.9,82.7,17.7,55.8,7.7,17.2,51.6,25.6,11.9,34.6,,,,23.0,7.0,32.2,,10.1,,,28.8,70.6,20.4,15.3,38.7,14.6,4.4,,39.8,3.5,16.3,6.0
48279,28.3,22.3,16.9,34.1,57.9,5.6,9.6,6.3,71.4,81.9,18.5,45.4,6.7,15.6,45.3,22.1,14.3,37.0,,,,28.3,7.4,33.3,,10.2,,,34.9,70.6,18.6,16.9,40.4,15.8,5.1,,39.5,3.5,17.6,8.1
48281,15.6,22.5,19.0,32.2,57.3,6.7,10.2,5.6,72.9,83.6,16.1,55.5,6.3,14.3,53.3,24.9,11.0,31.8,,,,20.4,6.7,32.4,,8.5,,,26.1,73.5,19.0,13.0,34.8,13.3,3.7,,41.2,3.0,11.5,5.2
48283,39.0,21.6,16.7,35.4,57.5,4.9,8.9,6.9,69.2,79.1,20.3,43.6,7.0,17.0,38.8,19.7,16.6,40.9,,,,34.1,8.1,34.0,,11.2,,,40.9,63.1,18.1,19.7,40.9,17.6,6.2,,41.6,3.9,22.4,10.4
48285,16.4,22.9,19.0,32.8,57.8,6.7,10.3,5.7,72.4,83.3,16.6,52.9,6.6,15.1,53.6,24.6,11.1,32.4,,,,21.4,6.6,32.6,,8.9,,,27.4,70.9,19.1,13.7,36.8,13.7,3.8,,38.1,3.1,10.0,5.3
48287,19.7,23.4,17.8,34.8,58.7,6.4,10.3,6.2,72.5,82.4,17.7,52.8,7.3,16.6,51.6,24.0,12.4,34.8,,,,24.3,7.1,33.0,,9.8,,,30.4,70.7,19.4,15.4,39.6,14.8,4.5,,40.5,3.5,21.7,6.4
48289,16.8,23.6,18.5,33.5,57.9,6.7,10.5,6.0,72.2,82.6,17.4,53.8,7.2,16.5,48.9,25.0,11.4,33.4,,,,22.5,6.9,32.4,,9.5,,,28.3,69.8,19.8,14.5,36.4,14.3,4.1,,38.9,3.3,12.2,5.7
48291,24.1,23.6,17.2,35.5,58.7,6.1,10.5,6.6,71.7,81.4,19.2,52.4,7.9,17.8,45.7,23.5,13.8,37.4,,,,27.9,7.5,33.3,,11.0,,,34.8,70.2,20.0,17.3,40.0,16.1,5.2,,39.6,3.8,22.8,7.6
48293,19.0,24.0,17.6,36.2,59.6,6.3,10.6,6.3,73.3,82.5,17.9,50.2,7.5,17.0,46.2,23.8,13.1,35.4,,,,25.0,7.0,32.5,,10.3,,,31.2,68.3,19.7,16.2,39.9,15.0,4.8,,40.9,3.7,19.7,6.8
48295,21.2,22.3,18.3,32.8,57.3,6.5,9.8,6.0,71.9,83.0,16.7,52.0,6.6,14.7,52.4,23.0,12.1,33.3,,,,23.4,7.1,32.8,,9.1,,,29.2,70.5,18.2,14.5,36.9,14.2,4.2,,37.9,3.2,12.0,6.2
48297,25.6,22.8,17.9,36.0,58.7,6.0,9.7,6.8,71.4,81.1,18.5,48.9,7.4,17.2,47.9,22.0,14.2,37.1,,,,28.0,7.8,33.5,,10.3,,,33.7,67.4,18.8,16.9,40.1,15.8,5.2,,40.6,3.7,25.2,7.8
48299,13.8,22.8,19.4,31.4,57.4,7.1,10.1,5.4,72.8,84.2,15.1,57.5,6.2,13.7,55.9,24.6,10.1,30.2,,,,19.2,6.5,32.4,,8.0,,,24.5,73.5,18.2,12.5,36.7,12.8,3.4,,37.9,2.9,20.9,4.7
48303,17.8,21.8,17.8,31.9,58.1,6.3,9.7,5.6,72.6,84.0,15.6,56.2,6.0,13.7,53.7,22.4,12.0,31.5,,,,21.7,6.6,33.1,,8.6,,,28.6,75.8,17.7,13.8,37.1,13.5,4.0,,35.9,3.1,10.2,5.9
48305,22.4,22.8,17.8,34.3,58.1,6.1,9.9,6.4,72.0,82.1,17.8,50.5,7.1,16.0,45.8,23.5,13.4,35.3,,,,26.0,7.4,33.3,,10.0,,,31.6,69.6,18.9,16.1,38.5,15.2,4.8,,39.3,3.5,17.5,7.3
48307,20.0,22.8,18.3,33.0,57.5,6.4,10.1,6.0,71.9,82.5,17.3,52.7,6.9,15.7,48.9,24.2,11.9,33.9,,,,23.5,7.1,32.7,,9.4,,,30.1,70.2,19.1,14.8,36.7,14.5,4.2,,39.6,3.3,15.4,6.1
48309,17.1,23.1,17.1,33.9,59.4,6.3,10.4,5.8,73.7,84.0,16.2,55.7,6.5,14.5,50.5,23.7,12.2,32.0,,,,22.5,6.5,31.3,,9.2,,,28.1,72.5,18.5,14.5,36.1,13.9,4.2,,40.1,3.3,14.0,6.0
48311,23.0,22.9,17.8,35.2,58.5,6.0,9.7,6.7,71.7,81.6,18.0,47.6,7.2,16.7,43.9,22.8,14.1,36.1,,,,26.6,7.7,33.5,,10.1,,,33.2,67.5,19.0,16.5,39.1,15.5,5.0,,41.3,3.6,24.2,7.6
48313,21.0,23.2,17.8,35.9,59.1,6.2,10.1,6.3,72.0,81.8,17.9,53.7,7.4,17.1,49.3,22.1,12.9,35.4,,,,25.4,7.1,32.9,,9.9,,,31.5,69.4,19.0,15.9,38.0,14.8,4.7,,40.6,3.6,21.6,6.7
48315,15.0,24.7,17.6,36.7,60.0,6.5,11.3,6.5,73.4,82.2,18.4,54.5,8.1,18.5,49.9,25.4,12.8,35.5,,,,24.5,7.1,32.6,,10.8,,,30.0,73.2,20.9,16.2,39.1,15.1,4.8,,40.4,3.8,15.2,6.4
48317,22.2,20.9,18.5,31.5,56.6,6.0,9.6,5.4,71.4,83.2,16.4,52.8,5.7,13.8,50.2,22.2,11.5,32.6,,,,22.5,6.5,32.2,,8.4,,,29.3,70.9,18.0,13.7,35.6,13.7,3.8,,39.0,2.9,13.3,5.8
48319,15.7,21.5,19.3,30.3,56.4,6.9,9.7,5.2,72.4,84.6,14.6,56.2,5.6,12.4,56.6,23.5,9.9,29.1,,,,18.9,6.2,32.3,,7.6,,,23.9,73.1,17.2,12.0,34.3,12.3,3.3,,36.6,2.7,11.8,4.7
48321,23.6,22.8,17.0,35.0,59.1,5.9,10.0,6.3,72.5,82.6,17.7,52.9,6.9,15.5,46.3,22.7,13.9,35.5,,,,26.4,7.1,33.0,,10.1,,,32.7,70.3,18.6,16.4,39.5,15.1,5.0,,41.4,3.6,20.0,7.5
48323,39.0,20.8,15.4,35.0,58.5,4.2,8.9,6.6,71.2,80.8,19.8,45.2,5.7,14.8,39.2,19.6,18.1,40.6,,,,34.9,7.9,34.1,,11.1,,,42.2,67.0,17.8,20.0,44.6,17.6,6.6,,41.0,3.7,16.8,11.5
48325,22.6,20.9,17.8,33.4,57.1,5.9,9.2,5.4,72.5,83.8,15.5,54.0,5.3,12.7,52.8,21.2,12.4,33.0,,,,22.7,6.6,32.2,,8.1,,,29.6,74.8,16.9,14.0,39.6,13.5,3.8,,38.2,2.9,14.4,6.0
48327,22.3,22.2,18.0,32.5,57.2,6.3,10.0,5.9,71.7,82.6,17.4,50.3,6.6,15.0,53.3,23.5,12.1,33.9,,,,24.3,7.0,32.9,,9.4,,,30.0,69.3,18.6,14.9,37.6,14.6,4.3,,37.7,3.2,21.6,6.4
48329,19.7,20.5,18.4,31.8,57.6,6.0,9.4,5.1,72.7,84.8,14.7,55.0,5.1,11.9,57.8,21.0,11.4,31.3,,,,20.5,6.1,31.7,,7.5,,,27.0,76.6,16.8,12.9,35.8,12.7,3.5,,39.2,2.8,10.9,5.4
48331,18.7,23.1,18.4,34.1,57.7,6.4,10.2,5.9,71.8,82.9,17.0,52.1,6.8,15.7,52.9,23.9,11.9,33.3,,,,23.1,6.8,31.9,,9.3,,,29.5,68.7,19.0,14.6,37.3,14.2,4.1,,38.8,3.3,16.4,5.9
48333,14.6,22.0,19.8,30.7,56.6,6.9,9.9,5.4,72.0,83.9,15.2,55.4,6.0,13.7,56.3,24.1,9.9,29.8,,,,18.9,6.4,32.0,,7.9,,,24.3,72.9,18.2,12.2,33.6,12.7,3.3,,36.9,2.8,19.2,4.6
48335,23.9,22.4,18.4,35.9,58.6,6.0,9.3,6.5,71.2,81.2,17.5,49.2,7.0,16.7,44.8,20.9,13.5,35.6,,,,26.2,7.4,33.2,,9.6,,,32.2,67.6,18.2,15.9,39.1,15.0,4.8,,41.3,3.6,18.6,7.1
48337,15.0,23.3,19.2,32.2,57.1,7.0,10.5,5.8,71.5,82.8,16.9,53.8,7.0,16.1,55.5,25.9,10.5,32.5,,,,20.9,6.9,32.0,,9.1,,,26.6,70.1,19.8,13.6,35.0,13.9,3.7,,38.7,3.1,14.0,5.1
48339,15.2,21.4,18.9,30.1,57.7,6.6,9.5,5.0,72.8,85.5,13.8,57.6,5.1,11.6,55.5,21.7,10.4,27.0,,,,17.8,5.9,33.3,,7.2,,,23.1,79.1,16.8,11.4,31.4,11.8,3.1,,38.7,2.7,10.7,4.5
48341,29.5,21.7,16.6,34.4,58.1,5.4,9.4,6.5,71.2,81.4,18.6,47.1,6.7,15.8,44.0,21.2,14.7,37.4,,,,29.0,7.5,33.5,,10.2,,,36.0,70.6,18.4,17.2,39.1,15.9,5.2,,39.3,3.6,21.3,8.3
48343,15.5,24.3,17.5,36.1,60.0,6.4,11.2,6.1,73.8,83.0,17.8,53.5,7.5,17.2,50.9,24.9,12.5,34.5,,,,23.6,6.7,32.2,,10.3,,,29.7,70.1,20.4,15.6,39.1,14.6,4.6,,40.3,3.7,22.1,6.2
48345,16.4,22.5,19.2,32.2,57.0,6.8,10.2,5.7,71.9,83.2,16.4,56.1,6.5,15.2,56.7,24.5,10.5,31.8,,,,20.8,6.7,32.2,,8.6,,,26.3,70.2,19.0,13.2,35.8,13.5,3.6,,37.8,3.0,11.7,5.1
48347,17.4,23.7,17.0,35.1,60.0,6.5,10.9,6.4,73.0,82.6,17.8,50.7,7.7,16.6,51.6,24.4,13.0,34.7,,,,24.7,7.1,32.9,,10.5,,,30.5,72.7,19.8,15.9,35.4,14.9,4.9,,38.9,3.7,17.4,6.8
48349,21.6,23.7,17.3,35.2,58.9,6.2,10.6,6.4,72.7,82.2,18.4,52.8,7.6,17.1,49.9,23.9,13.5,35.9,,,,25.9,7.2,33.1,,10.5,,,32.3,73.3,19.7,16.4,38.5,15.3,5.0,,40.8,3.7,16.0,7.1
48351,17.3,26.6,16.9,38.4,60.5,6.5,11.6,7.4,72.6,79.6,21.4,48.1,10.1,22.9,42.2,26.8,14.1,40.1,,,,28.7,8.1,33.1,,13.1,,,34.6,71.4,22.8,19.0,42.6,17.2,5.9,,45.2,4.4,21.3,7.8
48353,23.8,23.7,17.3,35.7,58.5,6.2,10.2,6.8,71.7,81.2,19.1,47.1,7.9,17.7,46.2,24.0,14.0,37.4,,,,27.8,7.7,33.6,,10.9,,,34.5,68.9,19.8,17.4,40.8,16.2,5.3,,40.8,3.7,16.5,7.8
48355,25.0,20.0,18.9,34.0,58.4,5.4,9.3,5.7,72.9,83.7,16.2,52.4,5.5,13.4,47.8,20.4,14.5,34.5,,,,26.1,6.9,33.6,,8.8,,,31.3,73.1,17.0,15.1,40.0,14.2,4.5,,40.1,3.1,14.5,7.2
48357,26.6,22.2,17.2,33.9,57.8,6.0,9.5,6.3,71.5,82.1,17.8,51.7,6.8,15.2,50.2,22.2,13.5,35.6,,,,26.6,7.5,33.2,,9.8,,,33.5,70.2,18.2,16.2,39.6,15.3,4.8,,38.2,3.4,13.0,7.5
48359,15.5,22.9,18.8,32.3,57.7,6.7,10.2,5.8,72.6,83.5,16.3,54.4,6.5,14.9,55.1,25.0,11.3,32.2,,,,21.3,6.8,32.5,,8.9,,,27.4,70.8,19.0,13.7,35.3,13.8,3.9,,37.6,3.1,16.6,5.4
48361,13.7,23.3,18.8,33.5,58.2,6.8,10.6,5.8,72.7,83.3,16.7,57.9,6.9,15.8,55.2,25.6,10.9,32.1,,,,20.9,6.7,31.9,,9.0,,,26.7,71.3,19.8,13.7,38.2,13.7,3.8,,41.9,3.2,17.4,5.1
48363,17.6,23.6,18.4,33.0,57.9,6.8,10.4,6.1,71.6,82.2,17.6,52.0,7.4,16.7,51.7,25.1,11.6,33.6,,,,23.2,7.1,32.5,,9.7,,,29.2,68.5,19.9,14.7,39.4,14.6,4.2,,40.1,3.3,18.0,5.9
48365,14.5,23.2,18.6,34.0,58.2,6.6,10.8,5.8,73.2,83.4,16.8,56.6,6.9,16.0,52.1,24.7,11.3,32.9,,,,21.5,6.6,32.4,,9.2,,,27.3,72.8,19.6,14.1,37.5,13.8,4.0,,41.3,3.3,14.6,5.3
48367,12.7,22.5,20.9,30.4,56.2,7.1,10.0,5.1,73.0,84.8,14.4,61.1,5.5,12.7,61.6,24.7,9.2,27.8,,,,17.3,6.1,31.7,,7.4,,,22.6,72.6,17.8,11.3,35.0,12.0,3.0,,38.3,2.7,13.4,4.1
48369,29.5,20.6,17.6,32.3,56.7,5.4,9.1,5.9,70.9,82.5,17.2,48.9,5.7,13.7,47.5,20.5,13.5,34.8,,,,26.5,7.0,33.1,,9.0,,,33.2,72.4,17.3,15.5,37.4,14.9,4.5,,38.3,3.2,15.9,7.4
48371,31.3,21.3,17.0,35.5,58.3,4.9,8.7,6.7,70.6,80.9,18.3,49.8,6.2,15.7,46.3,19.6,16.0,37.6,,,,30.4,7.9,33.2,,10.0,,,37.3,71.7,17.5,17.6,39.9,16.1,5.6,,40.3,3.6,15.7,9.2
48373,18.7,24.1,18.5,35.3,58.5,6.6,10.6,6.5,71.7,81.3,18.6,53.2,8.0,18.3,49.8,25.4,12.5,36.2,,,,25.0,7.5,32.8,,10.3,,,31.1,69.5,20.2,15.9,38.3,15.2,4.6,,40.1,3.6,16.6,6.4
48375,24.0,23.7,16.7,36.3,59.2,6.0,10.1,6.7,72.1,81.4,19.0,51.0,7.7,17.5,43.9,23.1,14.4,38.3,,,,28.2,7.5,33.9,,11.0,,,34.6,65.3,19.5,17.5,42.0,15.9,5.4,,41.5,3.8,15.4,8.0
48377,35.5,21.7,15.4,35.9,58.9,4.7,9.2,7.2,71.3,80.4,20.1,43.8,6.7,16.2,37.2,20.6,17.8,40.7,,,,34.4,8.3,34.2,,11.6,,,41.0,62.3,18.3,20.2,42.5,17.7,6.7,,41.5,3.9,25.7,11.3
48379,13.5,23.0,19.4,32.0,57.3,7.0,10.3,5.6,72.5,83.6,16.0,53.1,6.5,14.9,55.5,25.2,10.3,31.0,,,,19.7,6.6,32.4,,8.5,,,25.3,72.0,19.1,12.9,35.6,13.2,3.5,,38.8,3.0,19.0,4.8
48381,14.2,21.9,19.9,31.1,57.0,6.8,9.8,5.1,73.1,85.1,14.4,58.2,5.4,12.2,58.4,23.8,10.0,29.1,,,,18.3,6.1,31.8,,7.4,,,23.2,75.6,17.6,11.8,35.4,12.2,3.1,,36.3,2.7,13.3,4.4
48383,27.5,20.3,17.5,33.1,57.4,5.3,8.6,5.7,71.5,83.3,16.0,51.8,5.2,12.9,51.9,19.6,13.7,33.7,,,,25.0,6.8,32.7,,8.3,,,32.9,72.5,16.7,14.8,38.7,14.0,4.2,,39.7,3.1,11.9,7.0
48385,20.3,23.8,17.7,34.3,58.3,6.5,10.4,6.4,72.2,82.0,18.2,49.4,7.6,17.0,47.3,25.0,12.6,35.6,,,,25.2,7.4,32.9,,10.3,,,31.5,69.7,19.8,16.0,38.4,15.3,4.7,,39.7,3.5,21.0,6.8
48387,15.3,24.6,17.8,36.1,59.5,6.6,11.2,6.5,73.1,82.0,18.5,53.3,8.1,18.4,48.9,25.8,12.5,35.7,,,,24.3,7.2,32.6,,10.7,,,29.8,70.6,20.9,16.0,38.7,15.1,4.7,,41.8,3.7,12.7,6.3
48389,37.5,20.8,16.0,35.5,58.0,4.4,8.7,6.8,70.0,80.1,19.6,47.6,6.1,15.9,41.5,19.5,17.5,40.0,,,,33.8,8.1,34.1,,10.8,,,41.6,68.4,17.9,19.5,41.0,17.3,6.3,,41.1,3.7,18.1,10.8
48391,25.7,22.3,17.2,34.3,58.2,5.7,9.7,6.2,71.9,82.2,18.0,49.7,6.6,15.5,50.5,22.2,14.0,36.1,,,,27.1,7.2,33.2,,9.9,,,34.0,72.2,18.7,16.5,40.1,15.4,4.9,,39.9,3.5,20.4,7.6
48393,11.7,21.5,20.7,29.6,55.8,7.1,9.9,4.8,72.2,85.1,14.2,56.8,5.3,12.7,57.4,24.6,8.9,27.6,,,,16.2,5.9,31.5,,7.0,,,21.9,71.4,18.1,10.7,33.8,11.7,2.7,,37.6,2.6,12.9,3.7
48395,18.3,23.0,17.4,34.6,59.3,6.2,10.6,5.9,73.2,83.1,17.3,56.0,6.9,16.0,53.0,23.4,12.3,34.0,,,,23.7,6.6,32.5,,9.7,,,29.7,72.8,19.4,15.1,38.0,14.3,4.4,,41.0,3.5,14.0,6.2
48397,11.7,19.6,19.1,29.1,57.2,6.7,9.6,4.4,73.7,86.9,12.2,60.0,4.2,9.7,63.6,22.0,8.7,25.4,,,,14.8,5.3,31.2,,6.0,,,20.1,76.5,15.9,9.7,34.4,10.4,2.5,,35.3,2.4,8.9,3.5
48399,20.3,22.2,18.4,32.3,57.2,6.3,9.7,5.8,71.7,83.1,16.6,53.0,6.3,14.7,52.7,23.1,11.8,32.7,,,,22.7,6.9,32.5,,8.8,,,29.4,70.5,18.4,14.1,36.1,14.0,4.0,,39.7,3.1,15.5,5.9
48401,17.4,23.4,18.1,35.7,59.2,6.4,10.4,6.1,72.6,82.8,17.2,56.0,7.0,16.3,53.2,23.2,12.2,34.4,,,,23.2,6.8,32.3,,9.6,,,29.0,74.9,19.2,15.0,37.5,14.3,4.4,,40.3,3.5,20.0,6.0
48403,14.0,24.2,18.5,34.1,58.1,6.9,11.0,6.2,72.4,82.4,17.7,52.4,7.6,17.3,49.1,26.2,11.1,33.9,,,,22.1,7.1,32.1,,9.8,,,27.2,69.9,20.4,14.6,35.8,14.4,4.1,,39.4,3.4,20.2,5.5
48405,19.0,26.6,16.1,40.0,61.4,6.4,11.8,7.7,73.1,79.8,21.7,51.7,10.4,22.9,44.4,26.7,15.2,41.0,,,,30.6,8.1,33.3,,13.7,,,36.0,67.9,22.7,20.0,43.9,17.7,6.5,,41.8,4.6,26.0,8.7
48407,18.8,24.3,17.7,35.6,58.5,6.5,10.7,6.4,72.5,81.8,18.6,52.2,7.9,18.0,49.7,25.4,12.7,35.9,,,,25.1,7.3,32.9,,10.5,,,30.5,71.0,20.4,16.1,39.1,15.4,4.7,,40.2,3.6,14.6,6.6
48409,25.4,22.2,16.9,35.5,57.7,5.7,9.6,6.0,71.3,82.6,17.2,52.0,6.2,14.5,49.0,21.1,13.9,35.3,,,,26.7,7.1,34.8,,9.4,,,34.0,71.3,18.1,15.8,41.3,15.0,4.6,,41.7,3.3,18.1,7.3
48411,21.0,22.8,18.7,33.6,57.7,6.5,9.7,6.2,71.3,81.8,17.2,53.0,7.1,16.1,50.6,22.9,12.0,34.4,,,,24.1,7.3,32.9,,9.3,,,29.8,67.5,18.6,14.9,37.0,14.5,4.3,,39.8,3.3,14.3,6.3
48413,23.7,20.6,18.1,31.2,56.2,5.8,9.2,5.5,71.6,83.8,15.9,51.6,5.4,12.6,48.5,21.4,11.9,32.0,,,,22.9,6.6,32.5,,8.1,,,29.1,70.4,17.1,13.7,36.4,13.5,3.9,,39.7,2.9,13.2,6.1
48415,21.8,22.0,18.2,33.0,57.5,6.1,9.6,5.9,72.1,82.9,16.7,55.2,6.3,14.6,48.9,22.5,12.4,33.3,,,,23.7,6.9,33.1,,8.9,,,30.5,67.9,18.1,14.6,38.6,14.2,4.2,,39.8,3.2,22.0,6.3
48417,12.3,22.0,20.0,30.5,56.7,7.1,10.0,5.2,72.8,84.8,14.5,57.1,5.6,12.8,58.9,24.6,9.5,28.6,,,,17.5,6.2,32.1,,7.5,,,22.5,75.4,17.9,11.5,33.8,12.1,3.1,,37.1,2.7,8.9,4.2
48419,19.7,24.8,16.7,37.2,60.2,6.3,11.0,6.8,73.2,81.4,19.3,51.9,8.5,18.9,45.6,24.8,13.7,37.1,,,,27.4,7.4,33.6,,11.4,,,33.8,70.9,20.8,17.4,41.3,15.9,5.3,,40.6,4.0,19.9,7.4
48421,21.7,20.5,18.7,30.8,56.3,6.1,9.3,5.4,71.5,83.9,15.5,53.5,5.4,12.6,53.2,21.6,11.2,31.1,,,,21.6,6.5,32.3,,7.9,,,27.7,71.5,17.0,13.1,35.7,13.2,3.6,,38.5,2.8,12.7,5.6
48423,15.6,22.5,17.4,33.4,59.1,6.5,10.5,5.5,73.9,84.4,15.7,56.2,6.2,14.0,53.2,23.9,11.7,31.5,,,,20.6,6.2,32.6,,8.7,,,26.4,70.0,18.5,13.7,37.9,13.1,3.9,,40.1,3.2,15.6,5.4
48425,14.4,21.9,19.8,30.7,56.5,6.9,9.9,5.2,72.3,84.4,15.0,57.4,5.7,13.3,63.2,24.3,9.8,29.2,,,,18.4,6.3,32.0,,7.7,,,24.2,72.6,18.1,11.9,33.9,12.5,3.2,,34.5,2.8,10.8,4.4
48427,43.7,23.0,14.3,37.5,59.0,4.2,9.3,7.8,70.7,78.7,22.7,41.9,7.3,17.6,36.6,21.0,20.5,45.3,,,,40.8,9.0,35.2,,13.8,,,47.6,66.8,19.2,24.1,45.8,20.2,8.5,,42.7,4.4,24.2,14.7
48429,19.1,23.0,19.0,33.5,57.5,6.6,9.9,6.1,71.5,82.0,17.1,51.2,7.1,16.3,48.4,23.6,11.8,33.7,,,,23.2,7.2,32.7,,9.3,,,28.9,65.3,18.9,14.6,37.0,14.4,4.2,,40.1,3.3,14.4,5.9
48431,16.0,19.9,20.2,28.7,55.5,6.3,9.3,4.5,71.8,85.5,13.7,57.2,4.4,11.2,58.3,21.9,9.4,27.1,,,,17.1,5.6,31.7,,6.5,,,23.2,73.8,16.7,10.6,33.2,11.5,2.7,,37.6,2.4,11.7,4.1
48433,18.4,22.9,18.4,33.1,57.6,6.6,10.2,5.9,71.9,82.5,17.3,51.4,7.0,16.1,50.6,24.4,11.5,33.6,,,,22.7,6.9,32.5,,9.3,,,29.1,68.1,19.4,14.4,36.7,14.3,4.0,,39.4,3.2,21.2,5.8
48435,28.6,21.2,17.2,33.1,57.0,5.4,9.2,6.1,71.2,82.2,17.7,51.0,6.0,14.4,45.5,21.2,14.0,35.5,,,,27.1,7.2,33.0,,9.4,,,34.1,66.5,17.8,16.0,38.6,15.2,4.7,,39.7,3.3,17.7,7.7
48437,26.8,23.6,16.7,37.5,59.8,5.9,9.8,7.2,71.9,80.4,19.4,47.3,8.2,18.3,46.3,22.3,15.5,38.9,,,,30.2,8.1,33.6,,11.4,,,36.5,66.4,19.2,18.5,41.4,16.6,5.9,,41.1,4.0,20.1,9.0
48439,17.0,21.1,16.7,31.1,57.2,6.0,10.0,5.1,72.5,84.9,14.8,56.1,5.3,12.6,57.2,22.6,11.4,30.1,,,,20.7,5.7,30.9,,7.9,,,27.8,79.2,17.5,13.5,33.1,12.7,3.6,,39.5,3.0,14.6,5.3
48441,15.8,22.5,18.3,33.0,58.1,6.6,10.0,5.5,72.9,84.2,15.6,53.8,6.1,13.9,55.1,23.4,11.3,30.5,,,,20.5,6.4,32.9,,8.5,,,26.5,71.4,18.3,13.3,35.7,13.2,3.7,,37.9,3.0,10.0,5.3
48443,17.5,18.9,19.2,29.4,56.3,5.8,8.7,4.6,72.3,85.9,13.0,54.5,3.9,10.0,59.9,20.3,10.4,27.0,,,,17.6,5.7,31.7,,6.2,,,23.8,75.7,15.5,10.7,34.3,11.2,2.8,,37.3,2.4,7.6,4.5
48445,29.7,23.0,16.8,35.5,58.4,5.6,9.7,6.8,71.2,80.7,19.5,49.4,7.5,17.1,42.5,22.2,15.1,38.7,,,,30.3,7.8,33.9,,11.1,,,36.8,67.4,19.1,18.3,41.2,16.7,5.7,,42.0,3.8,22.9,8.9
48447,14.2,23.5,19.0,33.2,57.7,7.0,10.3,6.0,72.4,82.9,16.6,51.2,7.0,15.9,56.5,25.6,11.0,32.3,,,,21.0,7.0,32.6,,9.1,,,26.9,70.8,19.5,13.8,36.3,13.8,3.9,,37.8,3.2,20.5,5.3
48449,25.5,23.1,16.8,35.1,59.0,6.0,10.2,6.5,72.3,81.7,18.9,50.8,7.5,16.9,47.6,22.9,14.0,37.0,,,,27.9,7.4,33.1,,10.8,,,34.5,68.0,19.4,17.2,38.8,15.9,5.2,,41.7,3.7,18.2,7.9
48451,19.6,22.4,18.2,32.7,57.3,6.2,9.6,5.6,72.6,84.0,15.9,57.6,5.8,13.3,52.4,23.4,11.9,32.2,,,,22.0,6.6,32.3,,8.4,,,28.6,75.0,17.9,13.8,37.5,13.5,3.9,,39.1,3.0,10.7,5.8
48453,13.6,18.9,18.6,28.0,56.2,6.3,9.1,4.6,73.7,87.1,11.9,59.6,4.2,9.3,60.5,21.6,9.5,23.8,,,,16.1,5.3,32.4,,6.3,,,20.3,75.7,15.5,10.3,30.1,10.5,2.8,,31.8,2.5,9.0,4.1
48455,15.9,24.4,18.2,34.6,58.7,6.8,10.9,6.2,72.5,82.4,17.9,53.5,7.7,17.4,52.5,25.9,11.8,34.3,,,,23.1,7.1,32.4,,10.1,,,29.1,70.4,20.5,15.1,37.8,14.7,4.4,,39.3,3.5,19.3,5.9
48457,17.8,24.7,18.2,37.0,59.6,6.7,10.8,6.8,72.1,80.5,19.1,52.6,8.8,20.3,50.7,25.3,12.7,37.4,,,,26.0,7.7,33.7,,11.1,,,31.6,67.6,20.8,16.7,39.4,15.7,5.0,,39.5,3.9,14.7,6.7
48459,14.8,24.2,18.5,33.7,58.4,6.9,10.8,6.1,72.4,82.6,17.7,54.0,7.5,16.8,49.7,26.0,11.4,33.8,,,,22.3,7.0,32.6,,9.8,,,28.2,68.4,20.4,14.7,37.3,14.4,4.2,,39.4,3.4,12.8,5.6
48461,27.8,22.7,16.9,34.9,58.5,5.6,9.8,6.6,71.1,81.2,19.1,48.6,7.2,17.0,45.4,22.6,14.8,38.1,,,,29.2,7.8,33.1,,10.7,,,36.3,72.2,19.3,17.7,41.2,16.3,5.4,,40.4,3.7,16.6,8.5
48463,28.9,21.3,16.6,33.7,58.0,5.4,9.2,6.1,71.8,82.6,17.6,48.4,6.0,13.8,47.4,21.0,14.6,35.8,,,,27.7,7.2,33.0,,9.6,,,34.1,70.5,17.5,16.5,41.0,15.4,5.1,,39.5,3.3,19.4,8.3
48465,32.3,20.5,16.6,33.3,57.8,4.7,8.8,6.2,70.8,81.8,17.9,47.0,5.5,13.7,45.7,19.4,15.7,36.6,,,,29.8,7.4,33.4,,9.7,,,36.7,67.0,17.1,17.4,38.8,15.7,5.4,,39.4,3.4,14.1,9.1
48467,14.8,23.4,19.1,32.9,57.3,7.0,10.5,5.8,72.2,83.1,16.8,55.8,6.9,15.9,52.5,26.1,10.7,32.6,,,,21.0,6.8,33.0,,9.0,,,27.0,72.9,19.8,13.7,35.9,13.9,3.8,,37.8,3.1,20.2,5.1
48469,22.9,21.5,17.8,32.4,57.9,5.9,9.7,5.8,71.8,83.4,16.7,54.5,6.1,14.2,50.2,22.1,12.9,33.4,,,,24.3,6.8,32.0,,9.1,,,30.9,72.8,18.2,14.9,37.6,14.3,4.3,,39.4,3.2,19.3,6.7
48471,18.6,23.1,17.8,37.7,59.8,6.2,10.0,6.6,72.8,82.1,17.4,52.1,7.4,17.2,47.4,22.3,13.8,34.9,,,,24.9,7.2,32.9,,9.9,,,30.5,65.8,19.0,15.8,40.6,14.6,4.9,,42.9,3.8,21.4,6.8
48473,18.7,21.7,16.9,33.7,58.8,6.0,10.0,5.6,73.7,84.4,15.9,56.0,5.8,13.6,53.4,21.4,12.2,32.2,,,,22.4,6.3,32.4,,8.7,,,28.3,74.1,18.0,14.0,38.6,13.3,4.0,,38.7,3.2,13.2,5.9
48475,26.4,21.6,17.7,33.3,57.2,5.5,9.4,5.9,71.5,82.4,17.5,50.5,6.0,14.7,47.7,21.5,13.5,35.1,,,,26.1,7.0,33.0,,9.3,,,33.6,70.5,18.2,15.7,37.8,14.9,4.5,,40.2,3.3,20.9,7.2
48477,14.1,22.2,18.5,32.9,58.7,6.6,10.2,5.2,74.0,85.0,14.8,58.0,5.7,13.0,56.1,23.0,10.7,29.8,,,,19.3,6.0,32.0,,8.0,,,25.2,74.8,18.0,12.6,37.0,12.5,3.5,,38.7,3.0,12.4,4.8
48479,36.3,19.7,15.7,33.0,58.0,4.4,8.6,6.2,71.5,81.9,18.4,45.3,5.2,13.1,49.1,18.8,16.8,38.8,,,,32.0,7.5,32.8,,10.1,,,40.0,70.8,16.8,18.9,42.8,16.4,5.9,,37.5,3.4,15.3,10.3
48481,22.0,22.2,17.3,34.1,58.6,5.9,10.0,5.9,72.8,83.3,17.0,50.9,6.3,14.7,49.5,22.2,12.9,34.0,,,,24.4,6.7,32.5,,9.4,,,31.1,72.2,18.4,15.2,40.5,14.4,4.5,,40.5,3.4,21.5,6.7
48483,18.3,23.4,18.4,33.5,57.9,6.7,10.4,6.1,72.2,82.5,17.5,54.6,7.3,16.3,50.1,24.7,11.8,34.0,,,,23.2,7.2,32.6,,9.7,,,29.2,67.9,19.6,14.9,37.3,14.6,4.3,,39.5,3.3,18.3,6.1
48485,16.1,22.8,18.4,34.1,58.5,6.5,10.3,5.8,73.4,83.2,16.4,53.7,6.7,15.3,53.1,24.1,11.6,32.6,,,,21.9,6.6,31.8,,9.0,,,27.0,71.1,18.8,14.2,36.2,13.7,4.0,,39.5,3.2,13.7,5.6
48487,22.0,24.6,16.9,36.2,59.2,6.2,10.5,6.9,72.5,81.1,19.4,50.3,8.4,18.6,45.4,24.4,14.2,38.0,,,,28.0,7.8,33.1,,11.5,,,34.7,65.4,20.4,17.9,39.9,16.3,5.5,,40.6,3.9,22.5,8.0
48489,40.7,22.2,15.4,36.9,58.9,4.5,8.9,7.5,70.2,78.9,21.1,45.6,7.1,17.4,40.7,19.4,19.0,42.8,,,,37.5,8.7,34.1,,12.4,,,44.5,68.8,18.3,21.7,44.4,18.7,7.4,,41.9,4.2,17.3,12.6
48491,12.3,19.2,17.1,28.6,57.0,6.6,9.0,4.5,75.0,87.1,12.1,62.4,4.2,9.6,64.3,20.4,9.5,25.3,,,,15.8,5.3,31.0,,6.1,,,22.4,77.4,15.6,10.0,32.1,10.4,2.6,,32.9,2.4,8.5,3.8
48493,18.5,21.0,19.8,30.0,56.5,6.2,9.4,5.2,72.9,84.5,14.7,54.7,5.2,12.3,53.4,21.7,11.0,29.9,,,,20.2,6.2,32.5,,7.5,,,25.6,70.6,17.0,12.5,34.9,12.6,3.4,,38.4,2.8,11.2,5.1
48495,28.4,20.7,17.8,32.6,56.5,5.4,9.1,5.8,70.8,82.5,17.2,53.0,5.7,14.0,47.6,20.7,13.3,34.6,,,,25.9,6.9,32.8,,8.9,,,33.0,73.6,17.6,15.2,37.5,14.7,4.4,,38.6,3.2,13.5,7.1
48497,16.0,22.5,19.2,31.2,56.3,6.8,10.0,5.5,72.1,83.5,15.9,55.4,6.3,14.6,52.8,24.0,10.3,30.6,,,,20.1,6.6,32.1,,8.4,,,25.9,67.7,18.7,12.9,33.8,13.3,3.5,,43.2,2.9,12.5,4.9
48499,14.7,23.3,19.5,32.5,57.6,7.0,10.4,5.8,72.5,83.1,16.5,54.3,6.9,15.7,54.6,25.2,10.6,31.6,,,,20.8,6.8,32.4,,8.9,,,26.2,73.7,19.3,13.5,34.8,13.6,3.7,,36.9,3.1,17.2,5.1
48501,27.6,20.8,17.8,32.0,56.6,5.6,9.2,5.7,71.2,83.1,16.9,49.0,5.6,13.3,44.3,21.0,13.0,34.1,,,,25.2,6.9,33.0,,8.7,,,32.2,66.4,17.4,15.0,38.2,14.5,4.3,,40.4,3.1,17.8,6.9
48503,15.9,22.9,19.2,32.5,57.2,6.9,10.1,5.7,72.2,83.4,16.1,54.8,6.6,14.9,51.9,24.6,10.8,31.3,,,,20.7,6.7,32.5,,8.6,,,27.0,73.2,18.8,13.3,37.3,13.5,3.7,,39.2,3.1,14.0,5.2
48505,43.3,22.5,14.4,37.4,59.3,4.4,9.3,7.9,70.8,78.8,22.4,43.1,7.5,17.8,33.9,20.6,20.1,44.7,,,,40.0,9.0,34.7,,13.6,,,47.1,64.7,19.0,23.5,44.5,19.9,8.3,,42.5,4.4,25.1,14.2
48507,42.8,23.4,14.2,39.4,60.2,4.3,9.4,8.3,71.3,78.5,23.0,42.8,7.9,18.7,38.3,21.1,21.4,46.4,,,,41.6,9.5,35.1,,14.3,,,48.2,63.6,19.5,24.8,48.2,20.6,9.0,,42.3,4.6,26.9,15.3
49001,10.8,22.7,12.8,27.7,50.3,7.5,10.6,5.1,69.5,80.3,15.5,58.4,5.0,9.7,67.6,25.7,8.9,29.3,21.1,12.2,6.2,16.2,7.0,29.2,10.3,7.1,6.9,31.7,19.1,72.5,17.4,10.8,29.0,12.7,2.9,6.7,35.8,2.7,13.6,4.1
49003,10.4,22.5,11.0,28.2,51.5,7.5,11.1,5.2,73.4,80.0,16.2,58.8,5.4,9.9,67.8,26.6,8.9,29.4,20.4,12.7,7.0,16.5,7.1,28.4,10.1,7.5,7.1,32.0,19.4,65.2,18.1,11.2,32.7,13.1,3.1,7.0,37.9,2.8,9.8,4.3
49005,9.7,24.0,10.8,28.7,50.5,7.6,10.4,5.2,70.6,80.1,15.5,55.8,5.3,9.1,65.9,26.6,9.5,28.6,18.4,12.2,7.1,16.2,7.2,29.5,9.6,7.4,7.2,31.5,16.9,71.2,16.6,11.1,30.3,12.8,3.2,7.3,32.8,2.8,16.8,4.4
49007,12.1,26.1,12.1,29.6,52.4,7.4,11.7,6.0,71.0,78.1,18.4,57.9,6.6,12.3,59.9,29.6,10.8,34.4,21.7,17.1,10.1,19.4,8.1,27.2,13.0,9.2,8.9,32.8,21.1,72.3,19.1,13.4,35.1,15.1,4.0,9.1,35.6,3.3,19.9,5.5
49009,10.8,24.0,13.0,30.0,50.2,7.6,10.9,5.7,70.1,78.7,17.1,59.4,5.9,11.4,65.9,26.7,9.4,31.9,21.7,13.5,7.5,17.8,7.8,29.4,10.9,8.0,7.6,32.7,20.5,70.2,18.5,11.9,32.8,13.7,3.3,7.5,35.3,3.0,10.1,4.5
49011,8.7,21.9,10.5,27.4,49.5,7.6,10.9,4.7,73.5,82.6,14.4,61.5,4.3,7.4,73.0,28.7,8.4,27.3,18.8,9.5,4.9,14.5,6.4,28.8,8.5,6.3,5.8,32.3,17.2,72.2,17.0,9.4,32.7,11.0,2.6,5.5,33.6,2.5,9.2,3.6
49013,11.4,24.5,11.9,29.6,50.2,7.5,11.3,5.9,70.3,78.4,17.9,51.9,6.5,11.8,63.4,26.0,10.2,30.7,21.6,15.5,9.5,19.5,7.8,26.9,12.0,8.9,8.5,31.4,23.8,61.6,19.1,12.5,31.6,14.4,3.7,8.5,32.0,3.2,16.3,5.2
49015,10.1,23.9,12.7,30.0,50.2,7.6,11.3,5.5,69.5,79.0,17.1,57.5,5.9,11.3,63.5,28.2,9.4,31.5,19.7,13.4,7.8,17.6,7.5,28.9,10.7,8.0,7.5,30.7,19.3,70.8,18.5,12.1,30.7,13.7,3.3,7.5,37.9,3.0,15.9,4.5
49017,9.4,23.3,12.8,28.3,50.4,7.7,10.8,5.2,71.8,80.5,15.4,56.3,5.2,9.8,65.7,26.4,8.9,29.2,19.6,12.1,6.7,16.3,7.2,29.4,9.9,7.3,7.0,31.9,18.1,68.9,17.3,11.1,28.9,12.7,3.0,6.9,36.8,2.8,15.2,4.2
49019,10.4,24.2,13.0,28.8,51.5,7.6,11.0,5.4,69.7,80.5,16.0,57.4,5.6,10.4,64.8,26.4,9.3,30.4,19.2,13.7,8.0,17.5,7.4,28.3,10.9,7.8,7.8,31.5,19.2,62.7,17.7,11.6,28.2,13.1,3.3,7.8,36.7,2.9,9.6,4.7
49021,10.1,24.3,11.6,28.4,50.1,7.6,11.0,5.6,71.7,79.2,16.6,54.2,5.9,10.8,66.8,27.2,9.7,31.3,20.2,14.1,8.5,17.9,7.6,29.8,11.3,8.2,7.9,31.8,18.9,67.7,18.1,12.4,36.9,13.7,3.5,8.0,32.7,3.0,15.9,4.8
49023,9.7,23.3,12.9,28.5,50.5,7.7,11.0,5.3,69.2,79.2,16.4,57.3,5.6,10.6,70.0,26.4,8.9,29.8,21.2,12.7,7.0,16.8,7.2,29.5,10.2,7.7,7.0,30.7,18.8,71.1,18.3,11.4,32.9,13.1,3.1,6.9,35.2,2.8,11.2,4.2
49025,8.8,23.8,12.7,28.7,51.3,7.8,11.0,5.2,70.9,80.5,15.5,57.7,5.3,9.7,67.6,26.8,8.9,29.3,19.5,11.8,6.6,16.0,7.0,29.7,9.5,7.3,6.8,31.5,17.9,72.5,17.5,10.9,33.4,12.6,3.0,6.7,35.1,2.8,15.5,4.1
49027,12.0,22.6,11.6,29.9,51.5,7.6,10.9,5.7,71.6,78.9,17.6,51.9,6.0,11.2,60.7,26.4,10.1,33.0,20.7,15.0,8.6,19.2,7.6,28.7,11.9,8.5,8.1,32.0,22.5,67.6,18.3,12.6,34.5,14.2,3.5,8.1,32.3,3.0,17.6,5.0
49029,6.8,21.6,13.3,26.4,49.9,7.9,10.5,4.4,70.7,82.7,13.2,63.3,4.1,7.7,72.0,25.2,7.5,24.9,18.7,7.9,4.0,12.4,6.2,28.0,7.3,5.8,5.0,31.5,14.9,71.9,16.1,8.7,25.1,10.7,2.2,4.9,35.8,2.3,7.1,3.0
49031,14.0,25.9,12.0,31.5,51.8,7.5,11.8,6.5,69.6,77.0,19.7,51.0,7.6,13.4,55.8,28.6,11.0,35.8,21.7,19.1,12.3,22.4,8.5,30.4,14.0,10.2,9.9,34.9,23.7,66.3,19.9,14.9,34.0,15.8,4.4,9.9,37.4,3.5,19.0,6.1
49033,9.1,24.2,12.8,28.8,50.9,7.8,11.1,5.6,71.2,80.1,16.1,56.0,5.7,10.5,66.3,27.5,9.4,30.8,19.4,12.3,7.2,16.7,7.6,28.8,10.2,7.7,7.2,31.7,18.2,74.3,18.1,11.5,33.0,13.2,3.3,7.4,34.9,2.9,9.3,4.3
49035,11.5,21.8,15.3,28.1,49.6,7.3,10.9,4.6,69.7,82.2,14.6,63.0,4.5,8.3,68.6,27.5,8.7,28.3,22.6,13.8,6.2,16.3,6.4,29.3,11.0,6.6,7.0,35.4,18.9,73.5,17.2,10.9,29.9,12.6,2.8,7.0,35.0,2.6,8.7,4.2
49037,12.4,26.0,10.3,34.6,53.8,7.0,13.3,6.9,71.8,76.6,21.5,51.0,8.0,16.2,59.0,27.0,13.7,39.9,25.3,26.2,16.7,25.7,9.8,29.4,18.5,11.7,14.1,34.8,24.6,60.9,21.3,17.9,34.4,17.9,5.0,14.0,38.8,4.2,21.2,8.1
49039,12.1,25.0,11.8,28.6,50.5,7.5,11.2,6.0,69.5,77.6,17.7,53.5,6.6,11.9,61.5,26.7,10.3,32.9,20.4,16.0,9.6,18.9,8.1,28.2,12.5,9.0,8.7,32.5,20.9,65.4,18.5,12.9,30.2,14.2,3.9,8.9,37.7,3.3,18.6,5.3
49041,9.9,24.9,12.3,29.7,51.2,7.6,11.2,5.4,71.2,79.5,16.5,56.5,5.8,10.6,64.0,28.4,9.1,30.9,21.9,12.8,7.3,17.5,7.3,29.9,10.1,7.9,7.2,33.5,20.4,72.5,18.6,11.7,36.6,13.8,3.2,7.1,36.7,2.9,20.1,4.3
49043,7.8,21.0,15.3,24.2,50.2,7.8,10.0,4.3,73.0,83.6,12.0,63.1,3.7,6.5,74.5,23.4,7.2,22.4,17.2,7.9,3.8,11.7,5.9,27.4,7.2,5.3,4.9,28.7,13.7,76.6,14.5,8.0,19.3,9.8,2.1,4.7,25.8,2.2,9.2,3.0
49045,10.7,24.4,12.9,30.3,51.0,7.2,11.3,4.8,70.6,81.0,16.1,55.6,4.8,9.3,67.3,27.3,9.4,31.7,19.8,12.4,5.9,16.4,7.1,29.1,9.7,7.1,6.8,33.6,21.3,69.0,16.8,11.4,37.3,12.5,2.8,6.4,39.2,2.6,10.0,4.1
49047,11.4,25.8,12.9,30.2,51.9,7.5,11.5,5.7,69.0,77.3,17.9,51.7,6.3,12.5,60.8,27.2,10.2,34.6,22.2,15.9,9.1,19.2,8.0,29.7,12.0,8.9,8.4,33.4,21.4,63.1,18.8,13.4,35.4,14.2,3.6,8.6,37.3,3.1,17.2,5.1
49049,9.5,21.6,8.2,27.9,48.2,7.9,9.8,4.9,71.3,81.7,13.9,61.5,4.4,7.0,75.7,25.1,8.8,26.5,18.5,10.4,5.6,13.9,6.7,29.3,9.1,6.5,6.2,32.9,15.6,69.1,15.7,10.0,31.6,11.9,2.7,6.2,31.8,2.6,8.4,3.9
49051,8.7,20.8,12.7,24.9,50.9,7.6,10.0,4.5,72.4,82.8,13.0,64.5,4.1,7.3,75.9,22.8,7.4,24.0,16.7,8.9,4.5,12.9,6.2,27.6,8.1,5.9,5.4,27.3,16.5,72.2,15.1,9.0,24.1,10.9,2.4,5.3,28.3,2.3,12.2,3.4
49053,10.3,23.3,11.3,29.2,50.1,7.6,10.9,5.1,69.1,80.4,15.3,57.8,5.1,8.7,70.4,26.8,8.8,30.7,18.7,12.2,6.6,16.5,7.3,29.1,9.7,7.3,6.9,31.2,15.9,71.8,17.0,11.0,34.1,13.0,3.0,7.1,34.9,2.8,10.7,4.3
49055,9.6,25.1,12.1,30.7,51.7,7.8,11.3,5.9,70.8,79.4,16.9,55.8,6.3,11.1,64.1,27.3,9.9,31.5,19.7,14.1,8.8,18.0,7.9,29.8,11.1,8.4,8.0,31.6,20.5,70.0,18.7,12.3,34.2,14.0,3.6,8.3,34.5,3.1,14.4,4.8
49057,11.2,24.7,11.5,29.5,49.9,7.4,11.4,5.0,73.2,81.7,16.8,58.7,4.9,9.2,70.5,28.0,8.9,32.1,21.7,13.8,6.5,16.8,6.8,31.1,11.0,7.3,6.9,33.3,20.5,74.5,18.5,11.3,34.8,12.9,3.0,7.0,33.7,2.7,13.1,4.3
50001,6.3,23.0,18.7,26.9,53.5,7.5,11.0,4.5,75.3,84.4,12.5,63.2,4.9,10.7,72.6,26.2,6.5,22.0,,,,12.8,6.1,27.7,,6.3,,,17.0,78.0,16.5,8.3,28.1,11.0,2.6,,29.4,2.5,9.6,3.3
50003,6.6,24.0,18.9,28.2,53.2,7.7,11.7,5.0,73.2,83.2,13.6,62.4,5.6,12.6,67.7,31.5,7.3,26.3,,,,14.2,6.3,26.4,,7.0,,,18.3,75.5,18.3,9.7,30.8,12.4,2.9,,33.4,2.7,11.2,3.7
50005,7.1,24.1,19.7,28.7,53.3,7.5,11.5,5.2,73.2,82.1,15.0,57.5,6.2,14.1,61.0,28.3,7.7,27.0,,,,15.7,6.8,28.2,,7.5,,,22.3,72.9,19.0,10.2,31.1,12.5,3.1,,36.0,2.9,14.7,4.1
50007,5.4,21.1,18.7,24.3,53.8,7.9,10.9,4.4,74.7,84.8,12.1,64.5,4.6,9.2,70.3,27.2,6.2,21.5,,,,11.3,5.6,25.9,,5.8,,,14.1,74.5,16.1,7.8,23.6,10.6,2.5,,26.5,2.4,6.8,3.2
50009,8.9,24.9,18.7,30.1,55.8,7.5,11.9,6.0,72.4,80.4,17.0,59.1,7.5,17.0,62.0,29.0,8.6,30.6,,,,19.0,7.6,28.6,,9.2,,,24.2,72.7,19.9,12.2,34.1,14.5,3.9,,32.3,3.3,20.2,5.1
50011,7.1,24.4,19.1,29.5,54.8,7.7,11.5,5.5,73.4,82.7,14.5,64.6,6.1,13.0,68.2,26.4,7.9,26.2,,,,14.9,6.5,27.9,,7.4,,,20.3,72.7,18.3,10.3,36.4,12.5,3.1,,33.6,2.8,8.8,4.0
50013,6.1,23.3,19.5,27.9,52.6,7.7,11.0,4.7,72.6,83.8,12.6,66.5,5.0,11.4,68.1,26.9,6.9,22.9,,,,12.7,6.1,26.3,,6.2,,,17.1,78.7,17.1,8.4,29.9,10.8,2.5,,30.6,2.5,6.7,3.4
50015,6.4,24.1,20.2,25.2,54.0,7.5,11.3,4.8,70.2,83.5,13.4,60.8,5.2,12.0,65.3,28.6,6.8,26.4,,,,13.9,6.2,25.0,,6.6,,,18.3,79.8,16.9,9.1,28.9,11.7,2.7,,30.8,2.6,8.2,3.5
50017,6.6,24.2,18.3,27.5,54.8,7.6,11.4,4.9,72.3,83.1,13.3,59.7,5.5,12.4,70.7,28.1,7.2,24.0,,,,14.6,6.2,27.5,,6.8,,,20.5,74.1,17.5,9.3,32.3,11.9,2.8,,28.7,2.7,11.7,3.6
50019,7.6,23.3,18.4,29.4,56.5,7.4,11.7,5.5,75.1,81.8,15.7,60.1,6.5,14.3,63.3,26.5,8.1,27.7,,,,16.7,6.9,28.0,,7.9,,,21.7,76.9,19.1,10.6,33.0,13.2,3.3,,35.9,3.0,13.4,4.3
50021,7.1,24.6,19.2,29.3,55.9,7.6,12.0,5.2,73.8,82.4,14.5,59.0,6.1,13.5,64.8,27.2,7.6,27.8,,,,15.2,6.7,26.5,,7.3,,,20.4,74.7,18.5,10.2,35.5,12.8,3.0,,31.5,2.8,12.1,3.9
50023,6.1,22.9,18.6,25.3,54.8,7.7,10.8,4.6,71.4,83.5,12.7,60.3,5.1,11.8,68.1,29.0,7.1,24.0,,,,12.7,6.2,27.6,,6.3,,,17.1,75.6,17.0,8.3,27.1,10.8,2.6,,26.4,2.5,12.7,3.4
50025,6.8,22.6,18.7,25.5,54.2,7.5,11.0,4.9,70.6,83.0,13.6,61.4,5.7,12.7,65.6,28.1,7.2,25.9,,,,14.7,6.5,26.3,,7.1,,,18.1,79.0,17.9,9.4,26.0,11.9,3.0,,29.7,2.7,13.2,3.9
50027,6.2,22.0,18.5,25.8,54.3,7.6,11.0,4.6,69.3,83.9,13.1,65.2,5.0,11.5,70.1,28.8,6.9,23.2,,,,12.8,6.1,25.9,,6.4,,,17.7,76.3,17.1,8.3,28.7,10.8,2.6,,31.8,2.5,12.3,3.5
51001,13.0,26.5,14.5,38.5,61.7,6.5,11.7,6.4,77.8,83.7,18.5,57.9,7.8,17.1,55.1,23.4,13.4,35.5,24.2,21.3,19.8,24.2,6.7,35.0,17.3,10.5,11.3,36.5,31.0,74.5,19.4,16.0,40.3,14.8,4.7,11.6,38.1,3.7,24.3,6.4
51003,6.7,21.7,16.7,28.5,57.7,7.3,10.1,4.5,77.7,87.5,12.0,66.1,4.4,9.6,72.3,21.8,8.7,25.1,18.9,8.8,6.6,13.3,5.3,32.7,8.3,5.9,5.5,32.8,18.6,80.9,15.2,9.5,29.0,10.5,2.4,5.2,33.5,2.4,5.7,3.2
51005,9.4,26.8,16.8,33.8,58.3,7.3,11.3,6.1,76.2,83.5,17.9,58.2,7.5,17.5,61.8,26.7,11.0,34.0,22.1,14.5,13.0,20.0,6.9,33.7,11.8,9.4,8.3,35.9,25.7,76.8,20.1,14.1,39.1,14.5,3.7,7.9,36.5,3.2,12.4,4.9
51007,11.0,26.1,15.9,36.1,60.1,6.7,11.5,6.3,76.8,83.3,18.4,60.0,7.7,18.0,59.5,24.9,12.8,35.1,23.2,18.0,16.7,22.4,6.7,34.8,14.4,10.0,9.9,35.5,28.2,76.2,19.9,15.5,38.8,15.0,4.3,9.7,37.8,3.6,18.9,5.7
51009,9.6,25.7,15.9,34.9,59.5,6.9,11.5,5.9,76.9,84.5,17.0,63.2,7.0,16.3,63.6,24.8,11.8,32.8,22.8,15.8,14.1,20.1,6.4,32.8,13.2,9.3,9.0,33.8,27.1,76.5,19.3,14.0,39.6,14.1,3.8,8.9,37.7,3.3,13.1,5.1
51011,9.4,25.9,16.0,35.2,60.1,6.9,11.3,6.0,77.1,84.3,17.2,60.8,7.1,16.2,59.4,25.0,11.7,33.0,22.4,15.8,14.3,20.1,6.5,35.0,13.1,9.2,9.0,34.9,26.4,75.2,19.2,14.0,38.8,14.1,3.8,9.0,38.7,3.3,14.0,5.1
51013,6.2,20.4,16.4,27.2,56.7,6.8,9.0,4.1,77.5,88.9,10.0,66.7,3.4,7.0,72.5,20.6,8.5,21.0,18.0,7.1,4.9,11.7,4.8,34.0,6.9,4.8,4.7,32.2,15.1,79.4,13.0,8.1,25.2,9.0,2.0,4.3,28.1,2.1,5.0,2.9
51015,9.1,24.6,16.5,31.7,57.4,7.2,10.5,5.5,76.8,84.3,16.3,61.1,6.4,15.0,64.0,26.2,10.3,31.9,21.8,12.5,10.2,18.0,6.4,33.2,10.7,8.1,7.3,34.5,23.8,72.6,18.7,12.5,40.8,13.3,3.2,6.8,37.0,2.9,14.6,4.2
51017,11.4,27.5,16.1,36.2,58.8,7.3,11.6,7.2,75.6,81.6,20.1,56.2,9.3,20.3,57.3,27.8,12.6,37.5,22.1,18.9,18.5,24.1,8.0,34.7,14.2,11.3,10.4,35.2,29.5,71.8,21.2,16.6,38.7,16.5,4.7,10.0,38.9,3.8,22.0,6.2
51019,7.8,24.2,17.2,30.4,57.3,7.4,10.7,5.4,75.7,85.4,14.9,60.3,5.9,13.6,67.7,25.0,10.1,29.7,20.4,11.2,9.1,16.7,6.2,33.4,9.8,7.6,6.7,32.4,24.4,73.7,18.0,11.7,36.7,12.5,3.0,6.4,36.6,2.8,9.5,4.0
51021,9.4,25.3,17.7,32.9,57.7,7.3,10.5,6.0,75.2,83.4,16.7,61.0,6.9,16.4,65.3,25.1,10.5,32.2,22.1,12.8,10.8,18.7,6.9,33.6,10.8,8.4,7.6,34.5,24.3,73.7,18.8,12.9,36.2,13.7,3.4,7.2,36.4,3.1,19.2,4.4
51023,7.8,23.8,17.8,31.3,57.4,7.4,10.6,5.2,76.5,85.5,15.1,63.2,5.8,13.4,68.1,25.6,9.5,29.1,20.5,10.3,8.3,16.0,6.1,33.0,9.2,7.4,6.4,32.1,21.8,75.8,17.9,11.3,34.8,12.4,2.8,5.9,35.0,2.7,9.1,3.7
51025,12.7,26.6,13.6,40.6,63.0,5.8,11.8,6.6,78.5,83.5,18.9,58.9,7.9,18.6,55.2,21.6,15.1,37.9,28.4,25.3,24.1,25.8,6.3,34.2,20.6,11.2,13.3,38.5,32.3,76.9,19.6,17.8,43.7,15.4,5.4,14.3,46.2,4.3,23.6,7.2
51027,12.5,28.4,15.7,36.6,59.7,7.2,11.7,7.5,75.8,80.5,21.4,54.1,10.2,22.2,51.6,28.4,13.2,40.2,23.7,21.4,20.8,26.4,8.3,35.0,15.1,12.1,11.2,36.5,31.8,69.6,22.0,17.7,38.8,17.4,5.1,10.8,40.2,4.0,19.7,6.8
51029,11.6,25.9,15.4,38.3,60.9,6.3,11.3,6.5,77.2,83.2,18.4,61.3,7.7,18.5,56.4,23.7,13.6,36.5,26.0,20.5,18.5,23.7,6.6,34.9,16.6,10.2,11.0,37.6,29.2,76.2,19.6,16.2,43.1,15.1,4.6,11.2,41.6,3.9,23.8,6.1
51031,9.1,25.1,16.4,33.5,59.3,7.0,11.2,5.8,77.3,84.7,16.5,61.7,6.8,15.8,62.2,24.4,11.3,31.7,21.5,14.8,13.2,19.1,6.4,34.0,12.4,8.9,8.5,33.7,25.2,73.5,18.9,13.5,35.6,13.6,3.7,8.4,36.2,3.2,13.8,4.9
51033,10.5,25.0,15.8,35.4,59.7,6.4,11.1,5.6,77.2,85.0,16.5,62.3,6.4,15.1,64.1,23.5,12.0,31.8,24.3,16.4,13.9,20.0,5.9,33.9,13.9,8.8,9.1,36.4,26.8,77.6,18.4,13.8,41.3,13.5,3.7,9.0,39.1,3.3,16.4,5.1
51035,10.9,27.0,16.4,34.1,58.0,7.4,11.3,6.6,75.8,82.5,18.9,58.8,8.3,18.6,58.6,28.1,11.5,34.9,21.9,16.2,15.0,21.8,7.4,35.1,12.8,10.1,9.1,35.5,27.7,73.9,20.6,15.0,41.3,15.5,4.1,8.6,40.2,3.4,15.2,5.4
51036,10.5,26.3,14.7,37.7,61.5,5.9,12.0,6.0,78.4,84.7,17.9,60.1,6.9,17.1,60.1,23.2,13.7,35.6,26.8,20.6,18.3,22.5,6.1,33.0,17.2,10.1,11.2,37.8,28.8,76.2,19.5,15.9,41.6,14.6,4.4,11.6,41.2,3.8,17.3,6.0
51037,12.0,27.8,14.6,37.4,60.8,6.6,12.1,6.9,77.7,82.5,20.0,59.0,8.9,19.8,56.2,25.8,14.0,38.1,24.8,22.7,22.5,25.6,7.2,34.3,17.5,11.8,12.2,36.2,31.0,73.2,21.0,17.5,42.5,16.4,5.3,12.5,42.2,4.1,19.8,7.0
51041,8.6,24.1,14.8,33.4,59.9,6.6,10.6,4.9,77.8,87.3,13.8,63.7,4.9,11.4,70.5,21.8,10.8,27.1,22.7,12.4,9.8,16.1,5.3,34.8,11.5,7.0,7.3,33.9,21.9,81.7,16.9,11.2,36.1,11.8,2.9,7.4,34.5,2.7,9.9,4.0
51043,8.1,23.0,17.7,29.5,56.8,7.4,10.2,4.9,76.6,86.2,14.0,63.6,5.2,11.9,69.0,25.1,9.1,27.8,20.4,9.9,7.4,15.2,5.7,33.5,9.0,6.8,6.1,33.3,21.0,78.2,16.9,10.7,32.6,11.8,2.6,5.6,36.5,2.5,7.3,3.6
51045,9.1,25.6,17.4,32.0,57.2,7.5,10.9,5.8,75.5,83.7,17.1,61.6,7.0,16.1,61.4,26.5,10.2,32.4,21.2,12.6,10.6,18.8,6.8,33.5,10.4,8.7,7.4,34.2,24.0,75.4,19.3,12.9,36.2,14.0,3.3,6.7,37.9,3.0,20.6,4.4
51047,11.0,24.2,16.6,33.3,58.2,6.8,10.7,5.4,76.5,85.3,15.8,59.5,5.9,13.8,63.6,23.3,10.9,30.1,22.6,14.1,11.2,18.6,6.1,34.2,12.4,8.0,8.0,34.4,24.9,75.0,17.8,12.5,38.2,13.0,3.3,7.6,38.6,3.0,11.6,4.6
51049,9.8,25.4,15.3,35.6,60.6,6.5,11.6,5.9,77.1,84.7,17.3,60.4,6.8,15.9,63.1,24.5,12.1,33.2,24.1,17.2,15.4,20.7,6.1,32.9,14.5,9.3,9.5,35.5,26.3,78.6,19.3,14.4,39.4,14.0,4.0,9.7,39.4,3.5,16.3,5.3
51051,11.7,28.7,16.2,36.1,59.1,7.3,11.6,7.3,75.3,80.9,20.9,57.3,9.8,21.3,57.5,28.5,12.6,38.7,22.9,18.9,18.6,24.9,8.3,34.4,13.9,11.7,10.3,36.4,31.2,68.0,21.9,16.9,39.0,17.1,4.8,9.8,39.2,3.8,17.2,6.3
51053,9.3,25.0,15.9,35.2,59.7,6.5,11.3,5.4,78.0,85.5,16.1,62.1,6.1,14.7,61.0,23.8,11.8,31.4,24.3,15.6,13.1,19.2,5.7,33.1,13.8,8.5,8.8,37.6,26.3,74.4,18.8,13.4,40.1,13.2,3.6,8.9,39.7,3.3,15.9,4.8
51057,11.2,26.4,14.4,37.8,61.6,6.3,12.0,6.2,78.6,84.3,18.3,58.9,7.4,17.4,55.6,24.5,13.5,35.2,25.6,21.4,19.7,23.3,6.3,34.1,17.5,10.4,11.4,37.1,28.9,74.8,20.1,16.0,42.5,15.0,4.6,12.0,42.3,3.8,20.2,6.2
51059,7.6,19.3,14.8,27.2,57.6,6.3,9.1,4.4,76.5,88.4,11.0,63.1,3.7,8.0,74.1,18.8,9.5,22.2,21.7,9.4,6.1,13.3,4.8,34.1,8.3,5.3,5.5,33.3,18.9,81.4,12.7,8.8,23.8,9.8,2.2,5.0,34.6,2.3,7.4,3.4
51061,8.7,23.2,17.8,29.4,57.2,7.1,10.1,4.9,76.8,86.5,13.9,67.4,5.0,11.5,71.2,23.1,9.5,27.6,20.0,10.4,7.8,15.5,5.7,33.6,9.5,6.8,6.3,32.6,20.1,79.5,16.5,10.7,32.4,11.6,2.7,5.9,32.4,2.5,12.4,3.7
51063,8.6,25.2,17.3,31.2,57.3,7.4,10.7,5.7,75.7,84.3,16.3,62.8,6.6,15.5,66.8,25.7,9.9,30.4,20.4,12.0,10.3,17.6,6.5,33.4,10.2,8.3,7.2,33.8,23.9,73.1,18.7,12.4,32.5,13.4,3.2,6.7,35.4,2.9,15.2,4.2
51065,7.7,24.5,16.4,31.5,59.0,7.2,11.1,5.1,78.0,86.6,14.6,64.8,5.5,12.6,65.9,24.8,9.9,28.5,20.7,11.8,9.7,16.2,5.7,32.8,10.6,7.4,7.1,33.4,21.4,75.6,17.6,11.5,38.8,12.3,2.9,7.0,37.7,2.8,6.7,3.9
51067,9.4,25.5,17.2,32.9,59.1,7.3,11.3,5.9,76.5,84.4,16.7,60.5,6.9,15.7,67.7,26.0,11.0,31.8,20.9,13.9,12.3,19.0,6.7,34.9,11.7,8.8,8.2,33.2,25.1,73.8,19.0,13.2,34.9,13.8,3.5,7.8,36.3,3.1,11.4,4.7
51069,9.9,22.4,16.9,30.3,57.1,7.2,10.4,5.2,76.5,85.5,15.1,63.7,5.7,13.0,66.0,23.3,9.6,28.0,21.7,12.0,9.1,16.7,6.0,32.6,10.5,7.4,7.0,33.6,22.9,78.7,17.4,11.4,37.3,12.4,2.9,6.4,36.1,2.7,7.4,4.1
51071,9.1,25.7,17.3,33.0,57.8,7.3,11.0,5.8,75.3,83.8,17.1,59.3,7.1,16.4,63.4,26.6,10.6,32.6,21.7,13.2,11.4,18.9,6.7,34.1,10.8,8.8,7.7,35.6,24.9,76.2,19.5,13.3,36.0,13.9,3.4,7.1,36.7,3.1,14.6,4.5
51073,8.3,24.7,16.9,31.9,57.9,7.2,10.8,5.2,76.8,85.6,15.3,60.3,5.8,13.6,67.9,25.6,9.9,29.5,20.8,11.2,9.1,16.4,6.0,32.7,10.1,7.6,6.8,33.4,22.1,75.3,18.0,11.8,35.4,12.8,3.0,6.4,32.6,2.8,7.0,3.9
51075,6.7,22.3,18.1,30.0,58.0,7.2,10.2,4.5,77.2,87.5,12.6,67.5,4.5,10.5,73.6,22.8,8.7,25.2,19.7,8.8,6.7,13.7,5.1,31.9,8.5,6.1,5.6,33.4,18.9,80.7,15.9,9.6,32.8,10.6,2.3,5.4,36.1,2.4,7.8,3.2
51077,12.4,27.9,15.8,36.8,60.1,7.2,11.4,7.2,75.8,81.5,20.1,57.4,9.2,20.5,55.6,26.6,13.1,38.1,23.5,20.4,19.5,24.9,7.9,35.2,15.2,11.3,11.0,36.6,31.3,72.4,20.7,16.7,41.2,16.5,4.8,10.7,39.7,3.8,23.2,6.4
51079,9.5,24.8,17.0,32.4,58.3,7.2,10.8,5.5,76.3,85.0,16.0,63.0,6.3,14.3,65.7,24.8,10.4,30.6,21.5,13.3,10.9,18.2,6.3,33.2,11.3,8.2,7.7,34.3,24.5,76.4,18.1,12.6,37.5,13.2,3.3,7.2,35.8,2.9,9.2,4.4
51081,13.2,25.5,14.4,42.2,62.3,5.5,11.1,6.8,78.3,83.1,18.4,58.1,7.7,19.0,54.7,19.6,15.6,37.1,30.0,25.7,23.3,26.2,6.2,33.9,20.5,10.7,13.5,37.7,30.9,76.8,18.9,17.4,44.9,15.1,5.4,14.3,43.1,4.4,18.8,7.2
51083,11.9,26.8,14.0,38.7,61.6,6.3,12.0,6.7,76.8,83.1,19.5,59.7,8.5,19.5,58.8,24.4,14.3,36.6,25.0,23.3,23.0,24.9,6.6,34.5,18.1,11.6,12.4,37.5,30.9,75.0,20.6,17.4,40.6,16.0,5.3,12.9,39.6,4.2,19.3,7.0
51085,7.1,22.2,17.1,29.8,57.4,7.2,10.1,4.8,76.4,86.5,13.5,66.1,5.0,11.9,69.5,22.9,9.3,27.1,19.8,9.6,7.4,14.4,5.5,34.0,8.8,6.6,5.9,32.5,20.1,78.6,16.4,10.4,32.7,11.3,2.6,5.6,35.1,2.5,8.8,3.5
51087,8.0,22.8,14.4,33.3,60.5,6.4,10.6,4.9,78.8,87.2,13.6,65.3,5.0,11.4,69.0,21.3,10.8,28.4,22.5,13.0,10.4,16.6,5.2,31.3,11.9,7.2,7.6,34.8,20.6,76.8,16.2,11.5,32.5,11.4,3.0,7.6,37.0,2.9,10.0,4.2
51089,12.1,27.6,14.9,37.5,60.9,6.7,11.9,6.6,77.5,83.0,19.3,57.6,8.4,18.7,54.0,25.7,13.4,36.7,24.5,21.2,19.8,24.5,6.9,33.8,16.6,11.0,11.3,36.1,30.4,75.6,20.6,16.5,42.2,16.0,4.9,11.5,41.0,3.9,17.6,6.5
51091,8.1,24.3,17.9,30.2,57.1,7.5,10.6,5.3,76.3,85.0,15.4,59.1,6.0,14.1,68.3,25.4,9.4,29.2,20.2,11.0,8.9,16.4,6.2,33.1,9.3,7.6,6.5,33.8,21.8,76.7,18.1,11.3,33.4,12.5,2.8,5.9,33.7,2.7,9.7,3.8
51093,8.3,24.7,16.0,32.9,59.2,6.8,10.9,5.2,77.9,86.1,15.1,62.7,5.7,13.3,67.5,23.6,10.8,29.8,21.8,12.9,10.7,17.3,5.6,32.3,11.6,7.7,7.6,33.9,22.4,77.5,17.7,12.3,36.1,12.4,3.2,7.5,37.2,2.9,11.3,4.2
51095,7.1,22.5,16.9,30.0,57.6,7.2,10.5,4.6,78.4,87.6,12.7,66.5,4.6,10.3,73.0,23.4,9.1,25.9,20.4,9.7,7.2,14.3,5.2,33.5,9.2,6.3,6.0,33.4,19.0,78.9,16.1,10.0,32.5,10.9,2.5,5.8,30.9,2.4,7.3,3.4
51097,10.3,26.4,15.5,36.7,60.2,6.7,11.5,6.2,77.4,84.1,17.6,62.4,7.3,16.8,59.0,24.5,12.6,34.5,23.9,18.0,16.2,21.6,6.5,33.9,14.7,9.7,9.9,36.4,27.4,74.9,19.5,15.1,40.3,14.6,4.2,10.1,40.6,3.6,16.7,5.6
51099,8.6,23.8,16.6,31.5,58.3,6.9,10.7,5.2,77.1,86.0,14.8,62.4,5.5,12.9,68.0,23.5,10.3,29.2,21.9,12.2,9.8,16.8,5.8,33.4,10.9,7.4,7.2,34.2,22.5,77.5,17.3,11.6,35.5,12.2,3.0,6.9,34.9,2.8,10.2,4.1
51101,8.2,24.6,17.3,32.5,58.2,6.9,10.9,5.3,76.6,85.5,15.3,60.3,5.7,13.7,65.0,24.7,10.3,30.0,21.8,12.2,9.9,17.2,5.8,32.8,10.8,7.8,7.2,35.9,22.8,74.5,18.2,12.1,34.3,12.7,3.1,7.0,38.0,2.9,12.7,4.1
51103,9.4,25.9,15.2,35.5,61.3,6.8,11.4,5.8,77.5,85.4,16.2,61.8,6.6,14.9,63.4,23.9,11.6,31.4,23.1,17.0,15.2,19.9,6.0,33.9,14.1,9.0,9.4,34.6,25.2,75.0,18.3,13.8,36.5,13.5,3.9,9.6,38.7,3.3,11.4,5.1
51105,12.6,28.7,15.5,37.8,60.2,7.3,11.6,7.5,75.9,80.8,20.9,56.1,10.1,21.7,56.5,27.2,13.6,39.9,22.8,20.9,21.0,25.9,8.4,35.5,15.6,12.1,11.4,35.1,31.8,72.1,21.4,18.2,42.2,17.5,5.2,11.3,39.5,4.0,25.1,6.9
51107,7.1,19.9,14.4,28.6,58.3,6.4,8.9,4.2,78.3,88.6,10.8,64.0,3.6,8.0,74.5,18.7,8.9,22.7,19.7,8.5,5.2,13.1,4.8,33.8,7.4,5.1,5.1,33.0,18.7,79.2,13.3,8.5,27.3,9.6,2.1,4.4,30.1,2.1,7.5,3.1
51109,9.2,24.9,16.7,33.3,58.4,7.0,11.0,5.6,76.8,84.9,16.1,59.5,6.4,14.9,66.9,24.4,10.9,31.8,21.6,13.9,11.9,18.5,6.2,34.0,11.9,8.4,8.1,35.3,23.7,75.0,18.4,12.9,36.1,13.4,3.4,7.8,37.4,3.1,14.1,4.6
51111,13.2,26.6,15.1,38.8,61.4,6.3,11.6,6.9,77.0,82.5,19.5,58.4,8.4,19.3,57.2,24.2,14.7,36.5,26.3,22.9,21.2,25.5,6.9,34.3,18.2,11.2,12.2,36.1,31.3,72.2,20.0,17.2,45.8,16.1,5.2,12.5,41.5,4.2,17.7,6.8
51113,9.1,24.6,17.0,31.9,58.0,7.2,11.0,5.4,76.4,84.9,16.1,61.9,6.3,14.6,66.0,25.2,10.2,30.4,21.6,12.7,10.5,17.9,6.2,33.5,10.8,8.2,7.4,34.6,23.6,76.4,18.5,12.4,37.7,13.1,3.2,6.9,35.4,2.9,11.2,4.3
51115,8.3,24.5,17.0,31.5,58.0,7.3,10.9,5.4,76.9,85.2,15.6,62.7,6.1,14.1,70.0,26.1,10.1,30.8,21.1,12.0,10.0,17.3,6.2,33.5,10.3,7.9,7.1,34.2,22.8,76.8,18.3,12.2,35.3,13.0,3.1,6.7,34.1,2.9,8.0,4.1
51117,10.9,26.8,14.4,37.7,61.3,6.5,11.7,6.3,78.0,84.0,18.0,59.6,7.6,17.2,59.9,24.7,13.6,34.1,24.8,20.0,19.0,22.7,6.5,33.9,16.5,10.3,11.1,36.2,28.6,73.1,19.4,15.7,41.5,14.9,4.6,11.5,41.8,3.8,18.4,6.1
51119,8.6,25.5,16.4,32.6,58.7,7.1,11.1,5.6,77.9,85.4,16.0,66.2,6.3,14.3,66.5,25.0,10.8,31.4,21.0,13.4,11.6,18.2,6.2,33.3,11.6,8.3,7.9,33.2,23.6,82.7,18.1,12.7,38.3,13.1,3.4,7.8,40.9,3.1,12.7,4.5
51121,8.0,24.5,16.4,33.1,58.7,7.5,10.5,5.9,76.6,84.8,15.4,62.9,6.6,14.2,64.4,24.9,11.0,29.2,19.5,12.6,11.4,17.7,6.6,34.8,10.4,8.1,7.6,33.1,23.1,77.4,17.7,12.5,31.4,13.1,3.4,7.4,33.9,3.0,16.9,4.5
51125,9.1,24.9,16.3,32.7,58.3,7.2,10.9,5.6,76.9,85.0,16.0,60.8,6.4,14.4,66.4,25.1,10.7,31.5,20.8,13.6,11.7,18.2,6.3,33.4,11.4,8.3,7.9,33.8,24.4,72.1,18.2,12.9,35.2,13.1,3.4,7.5,35.7,3.0,12.5,4.6
51127,7.5,23.3,17.2,31.2,58.0,7.1,10.6,5.0,76.9,86.5,13.9,66.6,5.1,12.1,73.0,23.2,9.9,26.8,21.7,10.7,8.4,15.4,5.6,32.6,9.8,6.9,6.6,34.7,20.5,81.0,16.9,10.7,34.4,11.6,2.8,6.3,36.2,2.7,9.1,3.7
51131,11.1,24.8,14.8,36.3,61.4,6.5,11.4,6.0,78.0,85.0,16.9,60.9,6.9,15.3,61.6,23.0,12.9,33.5,24.2,19.2,17.5,21.7,6.2,34.3,15.8,9.6,10.5,35.0,28.2,76.4,18.6,15.1,40.1,14.2,4.3,10.8,36.8,3.5,14.4,5.9
51133,8.8,24.0,16.1,33.4,59.5,6.8,11.1,5.3,78.1,86.2,15.2,64.4,5.8,13.2,64.2,23.0,10.8,30.2,22.6,14.0,11.7,17.9,5.8,32.4,12.6,7.9,8.0,35.0,22.8,79.5,17.5,12.4,37.2,12.5,3.3,8.2,35.0,3.0,11.5,4.4
51135,12.0,26.4,14.9,39.4,61.5,6.2,11.4,6.5,78.0,83.5,18.3,59.0,7.7,18.2,54.7,22.7,14.5,36.2,26.4,21.7,20.4,24.4,6.5,35.0,17.7,10.4,11.8,36.4,29.7,76.9,19.3,16.4,43.4,15.1,4.8,12.3,40.1,4.0,20.4,6.5
51137,9.2,24.6,16.1,32.5,58.7,7.0,10.8,5.3,77.7,85.5,15.6,59.9,6.0,13.9,64.4,24.7,10.2,30.7,21.5,12.9,10.6,17.4,6.0,33.5,11.3,7.9,7.5,35.2,23.3,73.6,18.2,12.2,36.9,12.8,3.2,7.2,39.2,2.9,10.8,4.3
51139,10.2,26.0,17.0,32.8,57.6,7.2,11.1,6.0,75.3,83.1,18.1,61.5,7.5,17.5,63.3,26.9,10.7,34.1,22.4,14.3,12.3,20.1,7.0,34.7,11.5,9.3,8.1,35.8,26.9,72.9,20.0,13.8,34.4,14.6,3.6,7.4,36.9,3.2,16.4,4.8
51141,10.8,26.9,16.5,33.2,58.6,7.2,11.2,6.5,75.1,82.7,18.5,59.6,8.0,17.9,61.9,26.2,11.4,34.3,22.3,16.0,14.6,21.5,7.2,33.3,12.8,10.0,9.1,35.3,27.1,76.1,20.3,14.8,39.8,15.2,4.1,8.6,38.1,3.4,17.6,5.4
51143,11.0,26.9,15.6,37.6,60.2,6.8,11.4,6.5,77.3,82.9,18.5,59.8,8.2,18.8,56.1,24.8,13.0,36.3,23.9,19.6,18.1,23.2,6.9,35.2,15.3,10.5,10.6,36.0,30.6,79.6,19.9,16.2,41.6,15.5,4.5,10.6,37.4,3.7,24.0,6.0
51145,7.7,23.8,18.2,31.3,57.5,7.3,10.5,5.1,76.8,86.0,14.3,62.4,5.4,12.6,72.3,23.6,9.4,28.3,21.0,10.1,7.9,15.6,5.8,33.7,9.1,7.0,6.2,33.4,20.9,80.9,17.5,10.8,35.5,12.0,2.7,5.8,31.2,2.6,9.6,3.6
51147,10.9,27.3,14.8,38.4,62.3,6.4,11.7,6.5,77.7,83.8,18.5,60.6,7.8,17.4,58.0,25.0,14.3,36.1,24.9,21.0,20.4,23.5,6.5,34.6,17.3,10.6,11.5,36.1,29.3,76.4,20.0,16.3,41.3,15.2,4.9,12.5,41.6,4.0,15.7,6.4
51149,10.7,24.7,15.8,36.1,59.9,6.4,10.7,5.8,77.4,85.1,15.9,64.9,6.2,14.7,59.6,21.8,12.3,31.8,24.4,16.6,13.9,20.0,6.0,32.4,14.6,8.4,9.4,35.4,25.8,75.3,17.9,13.6,39.7,13.2,3.8,9.6,42.0,3.4,13.0,5.1
51153,10.7,21.0,15.3,31.9,59.7,6.1,9.7,4.7,78.9,87.5,13.0,63.2,4.5,10.9,68.9,20.1,10.8,28.3,22.3,13.2,9.3,16.4,5.3,34.0,11.8,6.7,7.3,34.1,23.0,78.3,15.1,11.6,33.7,11.4,2.9,7.1,38.1,2.7,10.0,4.3
51155,9.0,26.0,16.6,32.4,58.2,7.4,11.0,6.0,76.4,83.9,17.0,61.4,7.1,16.2,63.3,25.6,10.8,32.6,21.4,13.8,12.1,18.7,6.7,34.9,11.3,8.8,7.9,34.4,25.8,76.8,19.4,13.5,35.5,13.9,3.5,7.6,37.6,3.1,14.9,4.7
51157,8.6,24.8,17.2,31.8,57.6,7.4,10.6,5.6,76.2,84.9,15.5,61.3,6.3,14.2,63.1,25.3,10.1,29.8,20.2,12.0,10.1,17.4,6.4,33.6,10.1,7.9,7.1,33.8,22.5,73.2,17.9,12.1,35.2,13.0,3.2,6.7,37.7,2.9,10.4,4.3
51159,12.8,24.5,16.2,37.7,59.1,6.5,11.0,6.2,76.1,83.3,17.8,59.3,7.3,17.8,53.1,22.7,12.7,35.8,26.9,19.4,16.5,23.0,6.6,33.7,15.8,9.6,10.5,37.2,28.3,75.2,18.8,15.3,37.4,14.5,4.3,10.3,39.8,3.6,19.7,5.8
51161,7.5,23.6,16.2,30.4,58.3,7.3,10.5,5.1,77.7,86.2,14.3,62.7,5.4,12.3,69.5,26.0,9.5,26.5,20.9,10.7,8.6,15.2,5.7,32.4,9.6,7.1,6.4,33.7,21.1,75.6,17.4,10.8,34.4,12.1,2.8,6.1,32.4,2.6,11.3,3.7
51163,8.3,25.6,17.1,32.0,57.5,7.5,10.7,5.7,75.9,84.7,15.9,61.1,6.5,14.6,63.4,25.6,10.1,30.6,20.3,11.9,10.3,17.7,6.5,34.0,10.1,8.1,7.2,33.8,23.4,77.0,18.5,12.3,34.3,13.4,3.2,6.7,35.8,2.9,8.2,4.2
51165,10.2,24.6,16.6,31.7,57.8,7.3,10.7,5.6,76.1,84.4,16.2,60.0,6.4,14.5,67.0,25.1,10.1,31.9,20.9,12.8,10.5,18.3,6.4,34.0,10.8,8.3,7.4,35.1,24.6,72.7,18.4,12.8,33.5,13.4,3.2,6.8,33.2,2.9,15.4,4.4
51167,10.7,27.6,16.1,35.1,58.4,7.4,11.6,6.7,75.1,82.0,19.6,58.1,8.9,19.5,56.6,28.3,11.8,37.7,21.7,17.3,16.2,22.9,7.6,35.0,12.8,10.7,9.4,36.0,28.8,68.5,21.0,15.8,39.3,16.2,4.3,8.9,38.9,3.5,22.4,5.6
51169,10.8,27.9,16.2,35.2,58.7,7.4,11.5,6.8,75.9,81.8,19.7,54.9,8.9,19.4,59.6,28.9,12.1,36.9,21.3,16.8,16.2,22.8,7.7,35.3,12.8,10.7,9.5,34.9,28.7,71.7,21.0,15.8,38.3,15.9,4.4,8.9,38.3,3.6,13.3,5.7
51171,11.1,25.3,16.4,32.1,57.8,7.2,11.0,6.0,76.0,83.6,17.6,58.0,7.2,16.4,63.2,25.1,11.0,33.3,21.5,15.0,13.0,20.3,6.9,32.9,12.4,9.1,8.5,34.0,26.9,73.0,19.3,13.7,36.3,14.2,3.7,8.0,38.1,3.2,11.7,5.1
51173,10.5,26.8,16.3,34.0,59.0,7.3,11.5,6.7,75.9,82.3,19.1,57.1,8.7,18.8,54.8,27.7,11.8,35.1,21.4,16.8,16.0,22.7,7.5,34.0,12.8,10.6,9.4,35.5,28.4,74.8,20.8,15.5,38.0,15.9,4.3,8.9,39.6,3.5,19.9,5.6
51175,9.4,25.1,16.0,35.8,60.0,6.4,11.3,5.7,77.8,85.1,16.5,59.5,6.2,15.2,65.2,23.2,12.1,32.2,24.8,16.0,13.6,19.6,5.8,33.3,14.0,8.7,9.0,35.9,25.1,78.1,18.7,13.6,37.9,13.3,3.7,9.1,40.5,3.4,13.9,4.9
51177,9.8,23.3,16.1,33.6,58.7,6.7,10.7,5.1,76.8,86.1,14.7,63.1,5.4,12.7,66.9,23.2,11.1,28.7,21.9,13.4,10.2,17.8,5.6,33.2,11.8,7.5,7.5,34.4,23.9,79.2,17.1,12.0,40.0,12.4,3.1,7.3,41.1,2.8,9.9,4.3
51179,9.1,22.6,16.0,30.7,59.6,6.6,10.2,4.8,77.0,87.0,13.3,66.6,4.6,10.8,69.5,22.1,10.2,27.3,21.7,11.7,8.5,15.9,5.3,33.4,10.9,6.6,6.9,34.0,22.0,75.2,15.9,10.9,35.2,11.5,2.8,6.7,37.6,2.6,9.6,3.9
51181,9.3,25.4,15.2,36.5,60.8,6.3,11.5,5.7,78.3,85.5,16.2,61.2,6.3,14.9,61.7,23.1,12.4,32.4,23.8,17.2,15.3,20.3,5.7,33.5,14.7,8.9,9.6,35.5,26.5,78.2,18.5,14.1,39.5,13.5,4.0,10.0,39.4,3.5,17.7,5.2
51183,11.8,25.9,14.5,40.6,62.3,5.7,11.3,6.3,78.6,84.1,17.6,60.6,7.1,17.6,58.9,20.6,14.4,34.7,28.4,22.4,20.0,23.9,6.0,33.3,18.6,10.0,12.0,37.6,29.9,79.7,18.6,16.0,45.7,14.3,4.8,12.7,44.3,4.0,19.0,6.4
51185,10.6,28.3,16.1,36.3,59.1,7.3,11.6,6.8,76.7,82.3,19.3,58.5,8.7,18.8,59.8,28.6,12.4,37.7,21.9,17.3,16.8,23.3,7.5,34.8,13.3,10.7,9.6,37.0,28.9,72.7,20.8,16.1,40.5,16.0,4.4,9.2,40.9,3.6,14.8,5.7
51187,10.0,24.9,17.0,32.2,57.7,7.2,10.8,5.8,75.6,84.4,16.5,59.8,6.6,15.0,63.8,25.1,10.7,32.0,21.8,13.4,11.2,18.7,6.5,32.9,11.6,8.4,7.8,34.5,24.7,73.4,18.6,12.9,37.7,13.7,3.4,7.3,39.0,3.0,15.4,4.6
51191,8.6,24.9,16.9,32.4,57.5,7.5,10.9,5.8,76.1,84.2,16.4,57.8,6.8,15.5,63.5,26.2,10.3,31.1,21.3,12.2,11.0,17.9,6.7,34.0,10.1,8.5,7.4,35.1,24.7,77.5,18.7,12.4,38.4,13.6,3.3,6.8,36.5,3.0,10.3,4.3
51193,12.2,27.4,15.0,35.9,60.8,6.5,11.7,6.5,78.0,83.6,18.6,58.6,7.8,17.9,59.2,25.1,13.2,36.4,24.4,20.9,19.2,23.9,6.7,34.1,16.5,10.5,11.2,35.7,30.2,75.9,19.7,16.4,41.2,15.3,4.6,11.3,40.1,3.8,16.5,6.3
51195,11.2,27.9,15.7,37.4,58.9,7.4,11.5,6.9,76.0,82.0,19.6,60.4,9.0,19.9,57.3,27.2,12.7,37.0,22.8,18.4,17.2,23.2,7.6,34.4,13.9,10.8,10.1,37.5,30.2,71.5,21.1,15.9,43.5,16.1,4.5,9.7,36.8,3.7,17.5,6.0
51197,9.2,26.8,16.8,33.4,58.1,7.4,11.3,6.2,75.9,83.3,17.8,58.7,7.6,17.0,67.4,26.8,11.0,33.9,20.9,14.2,13.1,20.3,7.0,34.3,11.5,9.4,8.3,35.7,26.1,70.7,20.0,14.1,38.4,14.6,3.7,7.9,34.5,3.2,22.7,4.9
51199,7.0,22.9,16.2,29.5,58.6,7.0,10.0,4.6,78.6,87.6,12.4,67.0,4.4,10.1,71.5,22.0,9.4,24.9,19.9,9.5,7.0,13.9,5.2,33.4,9.0,6.1,5.9,34.0,18.3,78.6,15.5,9.8,31.5,10.6,2.4,5.6,33.9,2.4,9.3,3.4
51510,7.8,21.6,15.9,30.1,58.3,6.6,9.9,4.5,78.2,88.3,11.8,65.4,4.0,8.6,73.8,20.6,9.8,24.8,20.2,10.4,7.7,14.6,4.9,34.1,9.5,6.0,6.2,33.0,19.4,81.5,14.4,9.9,31.2,10.4,2.5,6.0,33.9,2.4,6.5,3.6
51520,10.0,27.2,15.9,34.8,59.4,7.3,11.4,6.4,76.5,83.1,18.5,60.2,8.2,17.8,60.2,27.1,11.8,35.4,21.7,16.7,15.8,21.7,7.2,34.3,13.0,10.1,9.4,34.5,27.6,76.6,20.1,15.3,39.3,15.2,4.2,9.2,37.5,3.5,12.9,5.5
51530,10.3,27.1,16.2,34.5,58.8,7.3,11.6,6.4,76.2,83.2,18.5,56.7,8.1,17.8,56.6,27.5,11.9,35.2,21.6,16.4,15.2,21.6,7.2,34.4,12.9,10.2,9.3,35.1,27.5,73.2,20.3,15.3,39.0,15.4,4.2,8.9,38.3,3.5,19.1,5.5
51540,7.7,24.6,15.5,33.0,60.0,7.0,10.7,5.5,78.3,86.1,14.3,62.7,5.8,12.3,63.1,23.9,11.5,29.2,19.9,13.0,11.7,17.7,5.9,34.4,11.0,7.9,7.8,33.6,23.1,74.9,16.8,12.6,35.2,12.4,3.4,7.8,36.6,3.0,10.7,4.6
51550,8.5,24.0,15.7,34.2,60.7,6.4,11.0,5.1,79.5,86.6,14.3,64.0,5.3,12.4,67.2,21.9,11.6,28.8,21.9,13.8,11.2,17.9,5.3,31.7,12.3,7.5,8.0,33.6,22.2,79.8,17.0,12.5,39.6,12.2,3.2,8.2,39.8,3.0,15.5,4.4
51570,9.0,24.2,15.9,32.5,59.4,6.9,10.9,5.1,77.6,86.1,15.2,63.7,5.7,13.1,66.1,23.7,10.5,29.3,22.6,13.5,11.0,17.5,5.7,33.4,12.0,7.8,7.8,34.8,24.0,80.3,17.7,12.0,37.7,12.5,3.1,7.7,39.2,2.8,12.5,4.3
51580,11.6,27.9,15.5,36.8,59.9,6.8,11.8,6.8,76.3,81.9,20.2,60.0,9.1,20.5,61.3,26.9,13.4,38.3,24.1,20.8,20.1,24.6,7.4,34.6,15.8,11.6,11.2,37.1,31.1,73.5,21.4,17.2,40.7,16.5,4.9,11.1,37.7,3.9,20.2,6.5
51590,12.9,28.0,12.5,42.6,64.0,5.8,12.6,6.9,79.5,83.4,20.3,55.0,8.9,20.0,52.2,23.1,16.6,38.8,26.9,29.1,29.7,27.9,6.5,34.2,22.7,12.9,15.2,38.3,34.0,76.5,20.8,19.4,42.3,16.5,6.2,16.9,46.6,4.6,21.4,8.3
51595,14.0,27.2,12.1,42.1,64.1,5.4,13.0,6.7,80.1,84.1,20.2,56.0,8.3,19.3,50.6,22.1,16.6,39.1,29.6,30.3,29.6,28.1,6.0,33.2,24.3,12.6,15.5,40.0,34.7,76.7,20.7,19.4,44.9,16.3,6.1,17.1,46.1,4.6,24.3,8.2
51600,8.5,20.8,15.2,29.5,58.2,6.4,9.2,4.6,77.8,87.4,11.9,65.2,4.2,9.2,68.8,19.7,10.2,24.3,20.6,10.6,7.3,14.6,5.2,33.8,8.9,5.9,6.1,33.0,20.4,76.9,14.2,9.9,31.6,10.5,2.5,5.4,34.9,2.4,7.5,3.7
51610,5.2,20.3,17.1,26.5,56.7,7.2,9.1,3.8,78.1,89.2,9.6,67.3,3.2,6.7,78.3,20.8,7.8,20.4,17.1,5.9,3.8,10.4,4.5,32.8,5.9,4.4,4.1,30.4,15.3,81.6,13.0,7.4,28.6,8.7,1.7,3.7,32.1,1.9,4.0,2.5
51620,11.1,27.1,12.8,40.3,63.6,5.9,12.6,6.3,80.0,84.8,18.7,56.7,7.8,17.5,57.2,23.4,15.1,36.8,26.3,25.2,24.8,25.0,6.0,33.1,20.4,11.4,13.4,37.8,31.2,75.2,20.1,17.6,44.2,15.3,5.3,14.7,42.8,4.2,18.5,7.1
51630,9.0,24.5,15.4,33.5,60.5,6.7,11.1,5.4,78.1,86.3,15.0,64.6,5.7,12.8,63.3,23.8,11.6,31.2,21.6,14.4,12.3,18.3,5.8,33.7,12.7,8.1,8.3,33.4,24.2,78.6,17.3,13.0,41.5,12.9,3.5,8.6,40.5,3.1,14.0,4.8
51640,13.8,27.7,15.1,36.6,59.2,7.1,11.7,7.0,76.4,82.1,20.3,58.4,9.2,19.5,55.6,27.4,13.9,38.8,22.2,21.8,20.9,25.5,7.7,34.5,16.5,11.8,11.6,35.7,31.8,71.5,20.9,17.7,39.4,17.0,5.2,11.5,38.1,3.9,27.4,7.1
51650,9.8,25.7,13.6,38.1,62.3,5.8,11.9,5.7,80.6,86.1,16.5,63.8,6.3,14.6,63.9,21.3,13.8,34.7,26.2,20.1,18.0,20.9,5.5,33.3,17.3,9.3,11.0,36.6,26.1,81.0,18.6,15.3,40.9,13.5,4.3,12.0,44.0,3.7,9.5,5.9
51660,14.3,25.9,14.8,35.5,59.7,6.7,10.8,6.7,76.9,83.4,18.2,57.4,7.7,16.3,58.0,24.8,13.9,35.6,21.9,20.4,18.5,23.7,7.3,34.8,16.1,10.2,10.9,33.9,29.6,74.1,18.7,16.1,39.1,15.5,4.8,10.9,40.2,3.6,21.2,6.8
51670,13.8,28.2,12.8,41.1,63.6,5.9,12.6,7.1,78.7,83.1,20.8,55.7,9.1,20.5,51.9,24.4,16.1,40.6,27.3,29.4,29.4,28.3,7.0,34.6,22.9,13.0,15.2,39.0,34.9,74.1,21.4,19.7,45.9,17.0,6.1,16.6,46.3,4.6,22.1,8.3
51678,8.3,24.6,16.7,32.3,58.2,7.2,10.7,5.3,77.0,85.7,14.9,65.5,5.9,13.2,70.2,24.7,10.5,29.5,20.5,12.1,10.0,17.0,6.0,33.6,10.6,7.7,7.2,33.6,22.8,78.2,17.7,12.0,35.7,12.6,3.1,7.1,35.0,2.9,10.1,4.2
51680,9.1,26.0,14.4,36.5,60.7,6.6,11.7,5.8,78.5,85.3,16.4,60.4,6.7,14.9,65.8,24.1,12.5,32.1,22.7,17.2,16.0,20.2,6.0,33.6,14.4,9.3,9.6,36.3,25.3,74.2,18.6,14.5,40.4,13.8,4.1,10.3,37.7,3.5,18.0,5.4
51683,15.5,21.3,15.5,30.9,58.4,5.9,9.6,5.1,75.9,85.7,14.8,61.0,4.9,11.7,67.3,19.8,11.8,29.6,23.8,16.1,11.1,19.8,5.7,34.3,13.9,7.4,8.4,35.2,26.4,78.9,15.7,12.5,35.3,12.7,3.3,7.7,37.0,2.8,17.0,5.1
51685,18.1,22.3,14.2,33.6,59.0,5.3,9.7,5.7,76.1,84.4,16.4,57.8,5.6,13.5,60.1,20.1,13.9,33.7,25.6,20.7,14.9,23.4,6.3,34.7,16.7,8.5,10.2,36.1,31.0,75.2,16.5,14.8,38.0,14.0,4.1,9.5,39.0,3.2,11.5,6.4
51690,12.8,28.0,13.0,40.8,63.7,6.1,12.5,7.0,78.9,83.7,19.9,58.3,8.8,19.3,53.1,23.9,15.9,38.7,25.9,27.5,28.0,27.4,6.7,34.0,21.6,12.4,14.5,37.3,32.9,75.3,20.6,19.0,44.7,16.5,6.0,16.1,44.1,4.5,20.1,8.0
51700,10.3,26.3,13.7,37.6,61.4,6.1,11.6,5.7,79.3,85.8,16.0,62.1,6.3,14.7,61.3,22.2,13.3,32.2,24.4,19.1,17.0,21.2,5.7,34.3,16.2,9.1,10.3,36.6,28.3,80.0,18.1,14.9,41.5,13.6,4.2,11.2,41.6,3.5,13.3,5.7
51710,10.6,25.0,16.1,38.5,63.1,6.0,11.1,5.8,79.7,85.3,16.3,62.1,6.5,14.6,62.2,21.3,13.6,33.3,24.1,19.2,17.6,21.0,5.8,34.3,16.1,9.4,10.8,37.3,27.1,82.3,18.2,15.4,41.6,13.7,4.3,11.5,41.7,3.7,15.5,5.9
51720,10.6,28.3,15.6,36.7,60.0,7.2,11.8,6.9,76.5,82.1,19.8,59.5,9.3,20.1,56.5,27.8,13.1,37.3,21.8,19.2,19.5,23.9,7.6,34.9,14.4,11.4,10.7,35.3,30.2,74.8,21.2,16.9,40.7,16.4,4.8,10.6,38.5,3.9,24.5,6.4
51730,12.0,26.7,11.8,43.4,65.0,4.9,13.0,6.3,81.6,85.6,18.7,58.9,7.5,17.3,56.7,21.4,17.0,38.8,28.7,29.5,29.6,27.1,5.2,32.7,23.9,12.0,15.3,40.0,33.2,79.4,20.4,19.3,46.6,15.4,6.0,17.5,48.6,4.7,25.2,8.1
51735,6.7,23.3,18.2,29.4,56.6,7.5,10.1,4.8,76.6,86.6,13.2,65.4,5.0,11.3,73.2,24.5,8.8,25.8,19.0,8.6,6.6,14.0,5.7,33.1,7.9,6.4,5.6,33.3,19.1,74.9,16.5,9.9,32.9,11.2,2.4,5.1,33.2,2.4,5.2,3.3
51740,10.9,26.3,14.1,39.3,63.6,5.8,12.3,6.1,79.2,85.3,17.8,61.0,7.1,16.7,58.9,22.9,14.9,35.7,25.6,22.9,21.5,23.5,5.9,34.4,19.0,10.5,12.3,38.4,29.7,75.3,19.7,16.5,41.0,14.4,5.0,13.6,43.4,4.1,16.7,6.6
51750,9.7,28.6,15.2,37.5,60.4,7.4,11.7,7.2,77.3,83.3,19.0,58.2,9.0,18.5,62.1,27.9,13.7,36.9,20.7,19.0,19.8,23.4,7.7,35.7,14.7,11.2,10.9,34.6,29.0,75.2,20.7,16.6,40.5,16.1,5.0,11.4,36.7,3.9,14.8,6.4
51760,9.8,25.1,15.2,37.6,60.9,6.0,11.4,5.8,78.9,85.9,16.1,61.0,6.3,14.6,61.8,22.3,13.5,33.2,23.8,18.3,17.1,20.1,5.6,33.7,15.6,9.1,10.2,37.3,25.9,78.3,17.8,14.9,38.3,13.2,4.3,10.8,37.5,3.6,15.4,5.8
51770,10.9,26.7,15.6,36.1,60.3,6.5,11.5,6.2,76.5,84.4,17.7,63.1,7.3,16.7,58.9,24.1,13.2,33.4,24.2,19.7,18.4,22.0,6.3,32.3,15.8,10.0,10.7,36.8,28.9,76.9,19.1,15.3,41.9,14.5,4.4,11.1,41.1,3.6,10.6,6.1
51775,8.2,25.4,16.9,31.9,58.5,7.3,10.9,5.4,76.9,85.5,15.5,64.9,6.1,13.9,68.3,25.7,10.4,30.2,20.2,12.4,10.3,17.1,6.2,33.8,10.6,8.0,7.3,34.1,23.2,78.2,18.2,12.3,36.2,12.9,3.2,7.1,38.2,2.9,12.8,4.2
51790,8.3,25.5,16.5,32.4,59.0,7.3,11.2,5.5,77.3,85.6,15.7,64.3,6.3,13.9,63.9,25.6,10.7,30.7,20.6,13.1,11.4,17.9,6.1,33.4,11.2,8.3,7.8,34.4,23.8,77.3,18.5,12.7,36.6,13.2,3.3,7.6,37.2,3.0,9.5,4.5
51800,8.8,26.8,13.9,36.4,61.1,6.2,11.6,5.2,79.6,86.8,15.0,65.2,5.6,13.1,66.0,21.6,12.1,30.2,23.7,16.2,13.9,18.6,5.3,35.1,14.5,8.2,9.1,35.0,25.2,80.9,17.6,13.1,42.0,12.6,3.6,9.7,40.5,3.2,9.9,4.8
51810,8.3,23.3,16.2,33.1,59.4,6.7,10.6,5.0,79.1,86.5,13.7,63.2,5.1,12.0,72.6,23.6,11.2,27.6,21.7,12.5,9.7,16.8,5.5,35.9,11.2,7.2,7.3,36.1,21.7,80.2,16.8,11.6,36.6,11.7,2.9,7.1,37.3,2.8,8.5,4.1
51820,10.5,25.6,15.8,33.8,59.2,7.0,11.1,5.8,76.7,84.5,16.9,58.5,6.8,15.4,62.5,25.0,11.4,32.9,22.2,15.7,13.6,20.0,6.5,33.5,13.0,9.0,8.8,35.0,26.3,73.9,18.8,13.7,38.6,14.0,3.7,8.6,37.7,3.2,18.0,5.1
51830,8.5,24.7,16.0,33.8,59.3,7.0,11.0,5.5,78.1,86.1,15.0,63.4,5.9,13.1,66.2,23.7,11.3,29.8,21.2,13.7,11.8,17.8,6.0,34.1,12.2,8.0,8.1,33.6,23.5,77.7,17.8,12.6,37.2,12.9,3.4,8.4,38.2,3.0,11.1,4.6
51840,13.1,26.0,15.5,35.1,59.7,6.8,10.9,6.4,77.0,83.7,17.8,61.0,7.5,16.3,64.0,24.7,12.9,35.0,22.2,18.9,16.8,22.6,7.0,34.6,15.0,9.9,10.2,34.8,28.5,74.6,18.9,15.3,38.3,14.9,4.4,10.0,36.4,3.5,11.0,6.1
53001,24.2,23.2,15.8,32.2,52.8,6.0,10.6,6.6,67.1,77.5,20.1,52.9,6.7,14.5,52.9,22.3,13.1,36.5,,,,27.9,8.0,31.4,,10.8,,,30.1,65.8,18.3,16.3,38.3,16.8,5.7,,29.8,3.7,16.9,8.8
53003,8.7,24.9,19.2,29.6,52.3,7.5,12.0,5.4,71.3,80.1,16.8,60.2,6.2,13.9,62.1,27.6,9.3,32.1,,,,17.4,6.9,29.4,,8.7,,,19.5,71.4,19.6,12.3,35.5,13.6,3.6,,31.8,3.0,10.6,4.5
53005,10.8,22.1,17.9,26.9,50.1,7.3,10.9,5.1,69.6,82.1,14.5,59.0,5.1,10.5,63.4,24.3,9.4,28.1,,,,18.0,6.4,32.5,,7.4,,,20.1,72.4,16.7,11.2,36.3,13.0,3.3,,31.9,2.7,11.0,4.4
53007,12.2,22.2,17.8,27.3,50.0,7.0,10.6,5.1,67.9,81.3,15.6,60.5,5.1,11.7,64.4,25.6,8.7,28.4,,,,17.8,6.3,29.7,,7.6,,,19.5,68.8,17.5,10.8,29.4,12.8,3.3,,28.9,2.8,17.3,4.6
53009,8.1,25.2,18.4,28.6,51.4,7.5,11.8,5.1,65.6,80.7,15.7,60.5,5.4,12.7,64.1,27.2,8.2,28.8,,,,16.8,6.4,31.0,,7.7,,,17.9,71.3,18.3,11.0,31.3,13.2,3.2,,31.2,2.9,12.2,4.2
53011,8.2,22.6,17.6,28.2,52.0,7.3,11.6,4.8,66.9,82.2,14.3,64.4,4.9,11.0,68.7,27.5,8.4,26.9,,,,16.2,5.9,29.3,,6.9,,,19.1,74.6,19.0,10.5,35.0,12.5,2.9,,30.6,2.6,11.6,3.8
53013,8.7,23.5,18.5,27.8,51.4,7.4,11.7,5.2,67.9,80.9,15.6,60.8,5.5,12.6,64.0,27.9,8.7,28.9,,,,17.1,6.5,30.0,,7.9,,,18.5,64.4,18.6,11.3,32.7,13.2,3.3,,30.8,2.8,11.9,4.2
53015,9.5,27.8,18.3,30.4,51.1,7.5,12.4,5.6,68.3,80.1,17.0,58.3,6.2,13.7,59.0,28.7,9.3,31.8,,,,19.4,6.9,28.7,,8.6,,,21.3,75.4,20.2,12.2,40.3,14.5,3.6,,36.5,3.0,15.6,4.7
53017,14.5,22.0,18.1,28.7,50.1,6.8,10.6,5.3,68.5,80.3,16.4,58.9,5.3,12.0,61.7,23.2,9.5,32.6,,,,20.0,6.7,29.1,,8.0,,,22.3,66.2,17.5,12.3,36.1,13.9,3.6,,29.9,2.9,12.8,5.1
53019,9.4,27.2,18.3,30.7,51.5,7.3,12.7,6.3,66.4,78.9,18.6,55.8,6.9,16.7,55.1,27.6,10.4,34.7,,,,21.6,7.9,30.7,,9.8,,,22.4,61.6,20.8,13.8,40.0,15.6,4.3,,37.5,3.5,14.4,5.7
53021,19.4,21.4,16.1,29.1,52.4,6.1,10.5,5.8,68.7,79.0,17.1,57.0,5.6,12.2,54.8,20.9,11.3,31.9,,,,23.8,7.1,30.3,,9.1,,,25.5,69.3,17.4,13.9,35.4,15.2,4.5,,35.9,3.2,15.1,6.7
53023,7.7,23.1,18.8,29.0,51.5,7.5,11.3,5.0,68.6,81.6,14.9,59.1,5.1,11.9,63.6,25.6,8.3,27.1,,,,16.0,6.3,29.8,,7.2,,,17.9,72.5,18.0,10.3,30.9,12.5,3.0,,32.8,2.7,10.0,3.8
53025,17.6,23.8,18.4,31.1,52.4,6.5,10.8,5.9,68.5,78.9,17.8,54.2,5.9,13.0,56.2,23.9,10.8,33.3,,,,22.9,7.2,30.6,,8.9,,,25.2,67.3,18.2,13.5,39.2,14.7,4.2,,33.1,3.2,11.1,6.1
53027,10.5,24.7,18.3,32.4,52.0,7.3,11.6,5.9,65.7,79.3,17.7,60.3,6.4,15.4,58.3,28.4,10.5,33.0,,,,20.2,7.2,31.4,,8.9,,,22.2,72.8,20.5,12.9,36.8,14.5,3.8,,40.2,3.2,14.1,5.0
53029,7.3,22.4,17.2,27.8,51.1,7.6,10.6,4.7,69.2,82.4,13.6,63.2,4.4,10.2,68.9,24.8,7.7,25.7,,,,14.3,5.7,29.3,,6.4,,,14.7,71.7,16.8,9.5,31.8,11.6,2.7,,31.0,2.5,7.8,3.5
53031,6.6,23.9,19.9,27.5,49.4,7.7,11.0,4.9,69.5,82.6,14.1,61.6,4.6,10.5,68.2,27.4,8.0,27.3,,,,14.8,6.0,30.4,,6.8,,,14.7,65.9,17.4,9.8,29.1,12.0,2.8,,29.4,2.6,7.9,3.6
53033,6.8,18.9,17.2,26.2,50.7,6.6,9.7,4.0,69.9,85.4,11.1,62.1,3.3,7.1,71.9,23.4,7.2,20.8,,,,12.4,4.6,32.1,,5.2,,,13.8,75.4,14.7,7.2,22.4,9.6,2.3,,29.1,2.3,4.5,3.2
53035,7.1,23.2,18.8,29.5,52.0,7.7,11.3,4.7,69.6,82.4,13.8,61.6,4.6,10.7,70.3,25.9,8.3,25.1,,,,14.2,5.8,29.3,,6.6,,,16.0,71.5,17.0,9.7,32.0,11.8,2.8,,32.4,2.6,10.5,3.6
53037,8.5,24.7,19.1,28.5,50.2,7.5,11.3,5.3,67.9,80.9,15.8,60.3,5.5,12.2,64.9,26.8,8.9,28.6,,,,16.8,6.5,28.9,,7.8,,,19.4,70.9,18.5,11.1,36.3,13.3,3.3,,30.9,2.9,13.0,4.3
53039,9.8,23.5,18.7,26.8,52.0,7.3,11.4,5.4,66.3,80.1,15.5,57.7,5.5,12.4,59.2,25.7,8.7,27.8,,,,17.3,6.7,28.5,,7.7,,,18.8,71.0,18.3,11.0,32.7,13.2,3.4,,33.3,2.9,13.2,4.4
53041,9.9,25.1,18.4,30.6,51.9,7.4,11.4,5.4,64.6,79.4,16.9,54.9,6.0,14.7,59.1,27.9,9.6,30.9,,,,19.0,7.1,32.0,,8.6,,,21.0,64.8,19.4,12.0,38.8,14.7,3.6,,37.4,3.1,15.3,4.7
53043,7.8,24.7,20.5,28.3,50.9,7.7,11.5,5.3,69.7,81.4,15.8,56.6,5.4,12.3,60.6,25.2,8.3,30.2,,,,16.6,6.6,30.5,,7.7,,,18.5,69.7,18.4,11.4,37.8,12.9,3.2,,33.3,2.9,5.9,4.0
53045,9.7,25.1,19.1,29.7,51.7,7.3,11.2,5.4,67.6,80.1,16.1,62.0,5.7,13.3,61.4,26.9,9.2,30.7,,,,19.1,6.8,31.1,,8.0,,,19.8,70.5,19.0,11.9,35.8,14.0,3.4,,34.1,3.0,7.3,4.5
53047,13.1,24.7,17.5,30.9,51.3,7.0,11.7,6.2,68.2,78.4,18.1,55.0,6.7,15.8,55.6,25.9,10.4,33.7,,,,21.5,7.6,29.4,,9.5,,,23.3,70.7,19.2,13.6,32.7,15.0,4.4,,35.8,3.4,18.0,6.1
53049,9.5,25.1,18.0,30.5,52.5,7.3,11.4,5.5,66.9,80.1,16.6,57.2,5.7,13.8,60.0,28.1,9.9,30.6,,,,19.1,6.7,31.4,,8.2,,,19.6,71.7,19.6,11.9,36.4,13.7,3.5,,36.8,3.0,8.7,4.6
53051,8.5,25.0,18.2,29.3,50.8,7.6,11.7,5.7,66.8,79.4,16.9,59.5,6.3,14.0,60.7,27.0,9.3,31.4,,,,18.7,7.1,30.0,,8.6,,,20.8,70.8,19.7,12.2,38.6,14.4,3.6,,32.3,3.1,13.3,4.7
53053,8.7,24.2,17.7,30.8,52.6,6.9,10.8,4.9,69.5,82.1,15.9,61.0,4.9,11.6,65.1,26.7,9.9,30.4,,,,16.9,6.3,32.3,,7.5,,,18.7,74.2,18.5,11.2,36.8,13.3,3.1,,37.2,2.8,14.5,4.2
53055,6.7,21.9,19.5,25.6,50.0,7.6,10.8,4.6,65.4,83.1,12.6,57.4,4.2,9.5,68.2,25.5,7.0,23.5,,,,13.3,5.7,28.2,,6.1,,,13.6,71.7,16.3,8.9,24.8,10.9,2.6,,28.9,2.4,10.5,3.3
53057,10.4,23.9,18.3,27.4,50.9,7.1,11.1,5.0,67.0,81.2,15.0,56.9,5.2,11.7,64.3,26.8,8.5,28.2,,,,16.7,6.5,27.9,,7.4,,,18.3,76.4,17.4,10.9,33.2,13.1,3.2,,32.2,2.8,12.0,4.3
53059,7.9,23.4,19.4,28.4,51.2,7.6,11.7,5.1,68.5,81.1,15.2,61.7,5.3,12.2,64.6,27.2,8.2,28.8,,,,16.1,6.5,28.8,,7.5,,,17.5,68.6,18.5,10.8,32.3,12.7,3.1,,33.2,2.8,10.3,4.0
53061,7.8,21.8,16.7,27.6,52.3,7.0,11.1,4.5,70.7,83.5,12.9,63.1,4.4,9.8,65.9,25.2,8.3,25.3,,,,14.9,5.7,31.9,,6.3,,,17.4,74.2,16.2,9.8,30.1,11.6,2.7,,34.8,2.5,6.2,3.6
53063,7.4,23.7,18.6,28.5,50.0,7.3,11.6,5.1,71.2,81.6,15.2,63.5,5.4,12.0,64.7,27.1,9.1,27.9,,,,17.0,6.4,30.5,,7.7,,,18.7,76.4,18.2,10.7,34.8,12.6,3.3,,33.5,2.8,9.9,4.1
53065,8.7,26.1,18.8,29.3,50.1,7.6,12.2,5.9,67.2,78.8,16.8,55.5,6.4,14.5,61.3,26.4,9.1,31.6,,,,18.4,7.2,29.4,,8.9,,,19.6,63.6,18.5,12.7,34.1,14.1,3.7,,32.1,3.1,16.4,4.8
53067,7.4,24.9,15.9,30.8,51.4,7.4,11.3,4.8,66.7,82.0,14.5,64.7,4.6,10.3,68.4,28.0,8.9,27.8,,,,15.8,5.9,31.7,,7.2,,,16.4,75.1,17.9,9.9,31.1,12.7,2.9,,35.3,2.6,7.2,3.8
53069,8.9,26.9,18.3,31.0,51.3,7.6,11.9,5.9,67.6,79.8,17.1,56.5,6.2,14.3,60.3,28.6,9.7,31.8,,,,19.1,7.2,31.9,,8.7,,,19.0,69.4,19.6,12.2,39.4,14.3,3.7,,34.2,3.2,13.7,4.8
53071,11.2,22.5,17.7,28.4,50.8,7.0,11.1,5.2,67.9,80.1,15.6,57.7,5.2,11.9,61.8,25.6,9.2,29.3,,,,18.6,6.5,30.3,,7.7,,,19.0,73.9,17.7,11.0,35.4,13.7,3.4,,30.4,2.9,11.2,4.6
53073,8.0,22.1,19.1,26.4,51.2,7.4,10.8,4.9,68.7,81.8,15.1,63.3,4.9,11.6,65.6,30.1,7.9,28.3,,,,15.9,6.3,29.4,,7.3,,,16.5,72.3,18.5,10.0,27.3,12.6,3.1,,30.1,2.7,10.1,4.0
53075,8.1,24.2,16.3,30.3,55.4,7.7,11.9,5.8,70.1,80.3,16.1,59.3,6.2,12.7,61.9,27.1,9.9,31.0,,,,18.2,7.2,30.5,,8.9,,,18.9,72.5,19.0,12.3,32.9,14.0,3.9,,31.1,3.2,9.3,5.0
53077,19.0,21.7,16.3,31.2,53.3,6.2,10.7,5.9,67.4,78.7,17.9,51.4,6.0,13.2,54.6,22.8,12.1,33.1,,,,26.1,7.4,31.2,,9.7,,,27.7,67.2,18.2,14.6,40.2,15.2,4.8,,31.4,3.4,17.4,7.1
54001,9.8,32.8,15.4,41.1,61.3,7.4,12.7,7.2,78.0,83.2,21.5,58.8,10.0,22.5,50.0,33.5,13.8,39.5,24.7,19.7,22.5,26.6,7.9,37.2,15.4,11.8,10.7,36.0,34.7,73.8,24.4,16.9,43.8,17.3,4.4,13.5,44.2,3.6,20.8,5.8
54003,8.9,29.4,15.5,36.9,59.2,7.2,12.2,6.0,78.7,85.6,18.1,64.7,7.5,17.2,60.6,29.9,12.0,34.2,23.8,15.5,15.9,21.5,6.5,35.6,13.5,9.3,8.8,34.0,30.4,79.3,22.4,14.3,38.1,14.9,3.5,11.5,36.4,3.1,15.5,4.7
54005,9.7,33.2,16.2,40.4,60.7,7.4,12.6,7.0,77.5,83.2,21.2,57.1,9.8,22.4,49.3,32.9,13.1,39.3,24.8,18.6,20.7,25.9,7.6,36.8,14.5,11.4,10.1,34.6,34.5,70.4,24.1,16.7,46.2,17.0,4.3,12.5,44.0,3.5,24.5,5.5
54007,11.0,32.9,15.7,40.8,61.1,7.3,12.6,7.7,77.8,81.7,22.8,58.3,11.2,24.9,48.1,32.4,14.4,41.0,24.9,21.6,25.9,28.1,8.5,36.0,16.1,12.9,11.7,35.0,35.6,75.1,24.8,18.0,41.3,18.1,5.0,14.7,44.0,3.9,29.5,6.5
54009,7.9,30.2,17.1,37.0,60.1,7.5,11.9,6.0,78.0,85.1,17.9,59.2,7.6,17.9,55.2,30.8,11.7,33.8,22.7,13.9,14.6,21.2,6.7,35.2,11.9,9.2,8.1,34.7,27.6,79.5,21.9,13.6,40.3,14.7,3.3,10.3,45.7,3.0,19.1,4.3
54011,8.5,33.5,15.3,37.1,62.5,7.6,12.9,6.6,79.2,84.7,19.7,63.0,8.8,19.4,51.7,33.4,13.2,37.6,24.0,17.2,19.4,24.2,7.1,36.1,13.9,10.8,9.9,36.3,30.4,74.1,22.9,15.9,45.7,16.3,4.1,13.1,42.5,3.4,21.3,5.3
54013,11.5,35.1,15.2,41.3,61.9,7.3,13.0,8.3,77.1,81.0,24.1,55.6,12.2,27.0,45.5,33.8,15.1,43.9,25.0,24.5,29.8,30.6,8.9,36.6,17.7,14.0,12.9,35.8,37.8,71.8,25.7,19.6,40.4,19.3,5.6,16.4,43.5,4.2,28.9,7.3
54015,10.9,33.9,15.4,40.4,61.3,7.4,12.8,7.7,77.4,82.0,23.0,60.5,11.1,24.8,47.9,33.8,14.2,41.9,25.0,21.9,25.5,28.5,8.4,36.8,16.2,12.9,11.6,37.2,36.6,71.2,25.0,18.2,41.6,18.5,5.0,14.5,44.0,3.9,27.8,6.5
54017,10.2,32.2,16.6,39.8,60.6,7.3,11.9,7.1,77.0,82.8,20.5,58.2,9.5,22.1,51.5,30.5,13.2,37.6,25.1,18.0,19.7,25.3,7.8,36.6,14.3,10.9,10.0,35.7,32.6,75.9,22.9,16.0,41.0,16.5,4.3,12.5,44.8,3.5,18.4,5.5
54019,9.6,32.4,15.5,38.3,60.6,7.4,12.7,7.1,77.0,83.4,21.0,57.5,9.7,22.2,48.7,33.2,13.8,40.1,25.3,18.8,21.5,26.7,7.8,37.6,15.2,11.4,10.5,37.7,33.4,78.4,24.3,16.7,40.3,17.1,4.3,13.3,48.2,3.5,27.9,5.7
54021,11.6,31.6,16.1,42.0,61.9,7.1,11.7,7.3,78.3,83.2,20.1,58.8,9.3,21.5,52.1,28.6,14.5,39.1,27.3,20.6,22.1,26.7,7.7,37.5,16.7,10.9,11.2,34.9,34.2,74.8,22.0,16.6,43.8,16.6,4.5,14.6,42.7,3.7,17.9,6.0
54023,8.8,31.5,16.2,36.9,60.2,7.4,12.1,6.5,78.0,84.2,19.5,61.8,8.5,20.2,50.0,31.4,12.2,36.8,23.6,16.0,17.6,22.9,7.3,35.3,13.0,10.1,9.0,34.7,30.8,73.6,22.9,15.0,43.3,15.8,3.7,11.2,47.3,3.2,18.4,4.9
54025,9.8,32.8,15.7,38.5,60.6,7.4,12.6,7.0,78.0,83.7,20.3,56.2,9.6,21.4,52.3,31.6,12.9,36.1,24.2,18.7,21.3,24.8,7.5,35.1,14.5,11.3,10.2,34.7,32.4,72.8,23.6,16.1,40.2,16.9,4.3,13.1,39.6,3.5,24.1,5.7
54027,9.1,31.7,16.3,37.4,61.0,7.4,12.1,6.5,76.8,84.0,19.7,58.9,8.6,20.7,52.0,31.9,12.4,37.0,24.5,15.9,17.3,23.3,7.3,36.2,13.3,10.1,9.0,34.0,31.2,77.4,22.9,15.0,38.8,15.6,3.8,11.2,40.5,3.2,24.3,4.9
54029,8.6,31.5,16.1,38.2,60.5,7.4,12.3,6.4,78.8,84.5,19.2,66.4,8.4,19.3,53.7,31.7,12.5,36.3,22.6,16.0,17.4,23.0,7.0,34.9,13.1,10.2,9.1,34.1,29.7,71.7,22.7,14.8,43.9,15.6,3.7,11.4,39.8,3.2,18.9,4.9
54031,10.6,32.4,15.8,40.0,61.3,7.2,12.5,7.2,78.3,83.2,21.0,58.0,9.7,22.1,49.4,32.0,14.2,39.0,24.5,19.7,22.0,26.4,7.8,36.5,15.4,11.5,10.7,35.2,33.5,73.7,23.7,16.6,41.5,17.3,4.5,13.5,43.9,3.6,24.0,5.9
54033,8.5,31.5,15.2,37.1,61.1,7.4,12.4,6.5,79.2,84.9,19.2,62.7,8.4,19.2,57.7,31.1,12.6,34.5,22.8,15.8,17.2,22.7,7.0,36.7,12.7,10.1,9.0,34.0,28.6,74.3,22.1,14.4,40.1,15.1,3.8,11.2,40.1,3.2,16.4,4.9
54035,8.7,31.8,15.9,39.5,61.9,7.6,12.4,6.8,78.6,84.1,19.7,58.6,8.9,20.1,57.9,32.4,13.4,38.1,23.3,16.6,18.5,23.9,7.5,37.1,13.2,10.7,9.4,34.2,32.2,73.5,22.8,15.5,42.5,16.1,4.0,11.9,43.9,3.3,22.7,5.1
54037,8.2,28.6,15.2,35.9,57.9,7.2,11.9,5.6,78.7,86.4,16.2,61.5,6.5,15.1,61.8,28.8,11.2,30.6,22.2,13.0,12.7,18.9,6.1,34.9,11.7,8.1,7.6,32.0,25.3,78.8,19.9,12.4,37.9,13.3,3.1,9.6,37.4,2.8,14.3,4.1
54039,8.1,30.9,16.6,39.9,61.0,7.5,12.1,6.5,79.2,85.5,19.3,60.8,8.0,19.6,58.8,31.8,12.4,36.9,25.1,17.9,18.2,22.3,7.0,36.6,14.6,10.4,9.2,35.5,30.4,71.7,23.0,15.2,40.3,15.1,3.8,12.8,40.5,3.2,15.6,5.0
54041,9.5,32.5,16.0,37.8,60.8,7.4,12.3,6.9,77.5,83.4,20.5,59.6,9.5,21.6,51.8,32.7,13.4,38.0,24.5,18.2,20.4,25.2,7.7,36.0,14.1,11.1,9.9,35.5,32.6,73.9,23.7,15.9,39.9,16.7,4.2,12.5,44.7,3.4,19.7,5.5
54043,11.1,34.4,15.0,40.3,62.0,7.4,13.0,7.8,78.2,81.9,23.0,57.2,11.2,25.1,46.7,34.4,14.4,41.3,24.8,21.9,26.1,28.8,8.4,35.6,16.6,13.1,11.7,36.6,34.0,71.6,24.9,17.9,45.2,18.8,5.1,14.8,44.7,3.9,27.6,6.6
54045,10.6,34.5,15.2,41.0,62.0,7.4,12.8,7.6,77.7,82.4,22.9,54.7,11.0,24.6,45.2,36.2,14.2,42.3,26.1,21.4,25.5,29.5,8.3,37.5,16.4,13.2,11.8,39.0,37.1,68.1,25.4,18.7,44.7,18.8,5.0,15.0,45.9,3.8,26.4,6.5
54047,14.3,35.1,14.3,44.6,63.4,6.9,13.3,8.9,76.9,79.6,25.7,54.6,13.6,29.3,40.7,32.6,17.4,46.6,27.8,30.2,36.2,34.8,9.2,37.1,21.6,15.6,15.7,38.6,42.6,69.8,26.0,22.0,46.1,20.4,6.7,19.7,47.5,4.7,34.2,8.8
54049,8.0,32.0,17.5,38.1,60.8,7.5,12.3,6.4,79.0,85.2,18.5,62.2,8.1,18.9,56.7,31.4,12.6,35.0,21.9,15.3,16.6,22.0,6.8,36.6,12.9,9.7,8.8,34.5,28.7,77.2,22.7,14.4,43.0,15.0,3.6,11.2,41.1,3.1,19.8,4.7
54051,8.6,31.9,17.0,38.0,61.1,7.6,12.1,6.7,77.9,83.9,19.6,63.2,8.7,21.1,55.5,32.0,12.4,36.7,23.3,16.0,18.1,23.1,7.4,34.6,13.1,10.3,9.1,32.6,30.8,77.4,23.0,14.9,37.3,15.9,3.9,11.8,44.9,3.3,22.3,5.0
54053,9.6,32.6,15.0,38.6,61.6,7.6,13.0,7.1,78.3,83.3,21.3,57.0,10.0,22.5,51.7,33.7,13.2,39.0,23.7,18.9,21.7,25.8,7.7,37.2,14.8,11.7,10.3,35.8,34.3,75.4,24.0,16.6,41.2,17.2,4.4,13.1,43.2,3.5,11.3,5.7
54055,9.2,34.6,15.3,38.7,62.4,7.2,12.9,7.0,79.1,83.7,21.1,62.4,9.8,22.1,54.8,33.0,13.6,40.0,23.8,18.8,22.1,25.9,7.7,37.5,15.1,11.7,10.6,37.1,32.9,77.8,23.5,17.5,41.0,16.8,4.5,13.9,43.9,3.6,24.5,5.8
54057,7.8,31.2,17.4,36.2,60.3,7.4,12.1,6.1,77.8,85.1,18.0,60.7,7.8,18.3,55.7,32.3,11.7,33.8,23.1,13.9,15.0,21.6,6.8,33.9,12.1,9.5,8.2,33.5,28.8,78.2,21.8,13.9,39.4,15.0,3.4,10.4,38.7,3.0,14.2,4.5
54059,12.4,35.0,14.5,42.8,61.8,7.3,13.4,8.5,77.8,80.6,25.2,51.5,13.0,28.0,46.2,36.0,15.8,46.9,25.8,26.6,31.6,32.5,9.0,37.9,18.8,15.1,13.8,37.4,41.5,72.4,26.6,21.0,43.0,20.4,6.0,17.3,48.7,4.4,31.9,7.8
54061,7.2,28.7,17.5,35.1,61.7,7.5,11.5,6.1,78.2,86.2,16.1,61.1,7.3,15.6,58.9,28.7,12.1,29.7,20.7,13.2,14.4,19.5,6.6,35.2,11.4,8.8,8.1,33.3,24.3,82.2,20.0,13.0,34.2,13.7,3.4,10.5,40.1,3.0,15.2,4.4
54063,9.5,33.1,15.9,38.7,61.0,7.4,12.5,6.9,78.2,83.5,20.5,58.8,9.3,21.5,52.7,32.9,13.1,38.6,24.6,17.9,19.9,24.7,7.7,37.0,14.0,11.0,9.9,36.3,32.7,73.9,23.4,16.0,41.2,16.5,4.1,12.5,42.4,3.4,24.0,5.4
54065,8.9,31.2,16.1,37.7,59.4,7.4,12.1,6.4,77.7,84.2,19.3,59.7,8.4,19.9,57.9,31.5,12.2,36.0,24.3,15.6,16.7,23.0,7.2,35.7,13.0,10.1,8.9,35.1,30.6,72.0,22.7,14.7,38.8,15.6,3.7,11.1,41.6,3.2,18.6,4.8
54067,9.2,32.7,15.8,38.4,60.4,7.5,12.3,6.9,77.1,83.7,20.3,60.6,9.2,21.3,54.7,33.1,12.6,38.3,24.1,17.6,19.3,24.7,7.6,36.0,14.0,10.9,9.6,36.6,32.4,76.7,23.5,15.9,40.3,16.4,4.1,12.3,42.3,3.4,25.7,5.3
54069,7.8,31.4,17.5,36.7,60.8,7.6,12.1,6.2,78.1,85.3,18.2,61.0,7.7,17.3,60.7,31.2,12.0,34.7,22.3,14.3,15.6,21.3,6.8,34.9,12.2,9.5,8.4,34.9,28.1,77.8,22.1,13.9,40.1,15.0,3.5,10.8,41.3,3.0,17.3,4.6
54071,9.3,31.2,16.4,37.5,60.4,7.4,12.2,6.7,77.7,83.8,20.0,62.6,8.8,20.5,54.1,31.9,12.6,36.5,24.2,16.9,18.6,23.9,7.3,36.6,13.7,10.5,9.5,36.0,30.9,73.3,23.0,15.2,36.8,16.0,3.9,11.7,41.8,3.3,18.6,5.1
54073,8.9,31.5,17.0,38.2,60.0,7.5,11.8,6.5,77.1,84.0,19.1,63.0,8.4,19.9,53.3,31.8,12.2,36.1,24.5,15.4,16.1,23.1,7.2,36.4,12.7,9.7,8.8,35.1,31.2,78.7,22.4,14.5,43.5,15.5,3.7,10.9,43.4,3.2,17.6,4.7
54075,10.7,32.5,15.7,39.8,61.1,7.4,12.5,7.4,76.6,82.3,21.8,56.3,10.3,23.2,46.2,32.2,13.7,39.5,24.9,20.3,23.2,27.1,8.1,36.5,15.4,12.0,10.9,35.9,34.5,72.4,24.0,17.1,40.6,17.6,4.7,13.8,42.7,3.7,17.0,6.1
54077,9.6,32.0,17.6,37.7,59.8,7.5,12.0,6.7,77.0,83.5,19.9,60.8,8.8,20.8,51.7,31.7,12.6,37.8,25.2,16.9,17.9,24.0,7.4,36.3,13.5,10.3,9.2,36.1,30.2,75.6,22.8,15.3,37.3,15.9,3.9,11.7,39.6,3.3,26.9,5.1
54079,7.3,30.2,16.6,37.7,59.7,7.5,11.8,5.8,79.7,85.7,17.0,61.5,7.2,16.5,61.4,31.6,11.3,32.2,22.5,12.6,13.0,19.7,6.5,36.5,10.9,8.8,7.5,32.7,26.9,74.2,21.4,12.8,37.8,14.0,3.1,9.6,41.5,2.8,14.0,4.1
54081,9.9,32.7,15.3,41.2,62.2,7.4,12.7,7.2,79.3,83.7,21.7,55.7,9.9,21.1,53.1,32.2,14.2,40.3,25.9,20.5,22.8,27.7,7.7,37.4,16.0,11.8,11.1,38.5,34.5,73.9,24.3,17.2,43.1,17.9,4.6,14.3,44.1,3.7,21.5,6.0
54083,9.4,32.4,16.6,39.6,60.6,7.4,12.1,6.8,76.8,83.5,19.7,57.8,8.9,20.8,52.8,32.3,12.7,37.6,24.5,17.2,18.5,24.0,7.5,35.3,13.5,10.6,9.5,36.9,31.4,72.7,22.7,15.3,46.2,16.0,4.0,12.0,44.8,3.3,21.3,5.2
54085,10.4,33.4,15.9,39.1,61.3,7.4,12.6,7.4,77.7,82.4,21.8,56.3,10.4,23.7,45.9,32.8,13.3,39.2,24.6,19.8,22.8,26.9,8.1,37.5,15.2,12.1,10.8,35.9,35.5,74.9,24.3,17.1,42.4,17.4,4.6,13.5,44.8,3.7,22.1,6.0
54087,11.1,34.1,15.0,40.7,61.2,7.3,12.8,7.8,76.8,81.9,22.9,52.3,11.2,24.6,44.8,33.9,14.5,41.5,24.2,21.8,25.8,29.1,8.3,36.8,16.1,12.9,11.6,34.8,36.9,72.3,24.7,18.4,41.3,18.4,5.1,14.5,44.8,3.9,30.7,6.6
54089,10.6,33.8,14.6,39.7,62.0,7.3,13.4,7.3,78.4,83.0,22.3,58.6,10.6,23.4,50.7,33.2,14.3,40.2,24.9,22.3,26.1,28.1,7.8,36.1,17.4,12.8,12.0,35.8,35.9,75.1,24.8,17.9,39.8,18.1,4.9,15.5,43.4,3.8,31.5,6.5
54091,9.4,31.6,16.4,38.4,60.8,7.4,12.4,6.8,77.3,83.6,20.3,60.8,9.1,20.8,49.5,31.9,12.6,37.3,24.8,17.1,18.7,24.4,7.4,37.1,13.6,10.7,9.5,34.5,32.5,75.9,23.1,15.4,41.6,16.3,4.0,11.8,43.6,3.3,17.8,5.2
54093,8.5,31.8,16.5,37.9,60.1,7.5,12.2,6.4,78.0,84.6,18.8,63.9,8.3,19.1,58.7,32.2,11.9,35.7,23.0,15.2,16.3,22.5,7.2,36.0,12.4,9.8,8.6,35.9,30.0,74.9,22.3,14.4,39.0,15.5,3.6,10.8,38.8,3.1,20.0,4.7
54095,8.8,32.2,16.0,38.9,61.1,7.5,12.3,6.7,78.0,84.0,19.9,56.7,9.0,20.9,54.5,32.4,12.8,37.0,23.8,16.8,18.8,23.6,7.5,37.2,13.6,10.6,9.4,34.8,31.8,72.7,23.4,15.4,42.5,16.1,3.9,12.0,42.6,3.3,17.9,5.1
54097,9.4,32.2,16.2,39.0,60.8,7.4,12.4,7.0,78.2,83.4,20.7,57.3,9.5,22.1,49.3,32.1,13.3,38.4,24.3,18.2,20.9,24.9,7.7,37.1,14.2,11.2,10.1,35.4,33.2,74.8,23.6,16.1,37.1,16.6,4.2,12.7,40.9,3.5,22.8,5.5
54099,9.5,33.0,16.2,39.4,61.5,7.5,12.7,7.0,78.4,83.5,20.8,63.8,9.6,22.3,49.5,33.3,13.1,39.6,24.5,18.2,20.7,25.7,7.7,35.9,14.4,11.5,10.1,34.9,33.3,75.2,24.1,16.5,42.6,17.0,4.3,12.8,46.0,3.5,22.2,5.6
54101,11.2,34.5,15.5,40.2,61.4,7.4,12.9,7.7,77.5,81.7,23.2,54.8,11.2,24.9,49.9,34.1,14.1,41.9,25.6,21.6,25.4,28.6,8.3,37.2,16.3,13.0,11.6,37.6,37.9,69.4,25.0,18.2,42.6,18.5,5.0,14.4,41.3,3.9,27.3,6.5
54103,9.1,32.6,16.2,38.0,60.7,7.4,12.4,6.8,77.5,83.8,20.5,60.6,9.2,21.5,52.2,32.8,12.8,38.2,25.5,17.3,19.6,24.6,7.5,37.2,13.9,10.8,9.6,36.5,34.2,71.1,23.9,15.7,42.4,16.4,4.0,12.1,46.2,3.4,18.3,5.2
54105,9.3,32.6,16.2,38.6,60.7,7.5,12.6,7.2,77.5,83.2,20.9,59.6,9.7,21.9,46.9,32.9,13.3,38.3,23.8,18.3,20.9,25.3,7.8,36.5,14.3,11.3,10.1,35.7,33.1,74.7,23.9,16.3,42.4,16.7,4.3,12.7,43.8,3.5,27.0,5.5
54107,8.3,32.0,17.0,38.7,60.5,7.6,12.1,6.7,79.3,84.8,19.6,66.4,8.7,19.5,53.8,33.9,13.0,36.0,22.3,16.5,18.4,23.5,7.0,35.8,13.2,10.4,9.3,34.3,31.0,77.6,22.9,15.1,43.4,15.9,3.8,11.6,42.4,3.2,22.5,4.9
54109,11.1,34.3,15.4,42.1,61.0,7.3,13.0,7.8,77.3,81.8,23.4,56.1,11.1,25.2,44.4,33.7,14.3,43.8,25.9,22.1,25.0,29.5,8.3,37.8,16.5,13.1,11.7,38.7,37.4,68.3,25.0,18.8,44.1,18.7,5.0,14.5,45.7,3.8,28.3,6.5
55001,10.5,24.2,20.6,32.3,57.7,7.0,11.0,6.4,74.1,81.5,15.7,57.9,7.0,18.3,63.8,25.0,11.2,32.6,22.8,16.4,17.6,20.3,7.0,30.3,12.8,9.1,8.6,32.4,30.3,76.2,18.0,13.4,40.3,13.9,3.9,7.5,33.6,3.2,16.4,5.0
55003,8.8,23.1,19.7,30.1,58.4,7.1,11.6,6.2,74.5,81.8,15.4,58.6,6.9,18.0,59.8,26.8,10.8,31.3,21.9,15.6,17.6,19.6,7.1,28.1,12.6,9.4,8.9,34.3,29.7,76.1,18.4,13.3,41.4,14.0,3.9,7.7,34.4,3.3,17.0,5.1
55005,8.6,22.6,22.0,29.3,57.7,7.1,11.1,5.7,74.3,82.6,14.9,63.8,6.3,16.0,61.7,25.6,9.8,28.9,21.3,13.5,14.5,17.9,6.3,28.8,10.8,8.4,7.4,32.2,27.3,78.6,17.7,11.9,38.3,13.1,3.4,6.3,33.8,3.0,15.0,4.4
55007,7.1,23.1,21.3,29.9,57.8,7.4,11.2,5.5,74.4,83.9,13.5,62.3,5.4,14.0,67.2,25.9,9.2,28.3,19.9,11.5,12.1,16.2,6.2,31.7,10.0,7.7,7.1,31.4,24.1,81.1,17.1,11.1,38.9,12.2,3.0,5.9,33.9,2.8,10.7,3.9
55009,8.5,22.4,19.9,28.7,57.7,7.2,10.7,5.3,76.1,83.9,13.5,66.5,5.4,13.6,68.5,23.7,9.3,27.2,18.9,12.2,12.2,16.5,5.8,29.8,10.5,7.7,7.0,30.0,26.4,81.8,16.2,11.3,41.1,11.9,3.1,5.9,31.5,2.8,6.8,4.0
55011,8.4,23.2,21.9,29.0,56.9,7.1,10.9,5.5,74.6,82.9,14.3,63.1,6.0,15.4,68.0,25.4,9.4,29.1,20.5,12.3,12.9,17.0,6.3,29.3,10.1,8.0,7.0,31.7,27.5,79.3,17.4,11.8,39.4,12.7,3.2,5.8,34.3,2.8,10.9,4.1
55013,8.7,23.9,21.3,29.4,57.0,7.2,11.3,5.9,73.5,82.5,15.3,59.6,6.6,17.0,60.0,25.2,10.0,30.7,20.4,13.9,15.2,18.2,6.8,29.2,11.3,8.8,7.9,32.0,28.2,80.8,18.1,12.3,38.8,13.4,3.5,6.8,34.2,3.1,10.4,4.6
55015,7.5,21.8,22.5,26.8,57.4,7.2,10.7,5.0,75.0,84.6,12.5,64.3,5.0,12.8,69.4,24.3,8.5,25.8,19.3,10.0,10.2,14.4,5.7,28.5,8.8,6.9,6.0,30.3,24.2,78.4,16.2,10.1,32.8,11.2,2.7,4.9,33.3,2.5,10.4,3.5
55017,8.0,23.2,22.3,29.5,57.3,7.2,11.2,5.6,73.0,82.8,14.4,61.4,5.9,15.8,66.3,25.3,9.4,30.7,20.9,11.8,12.9,17.5,6.4,29.3,10.1,8.1,7.0,31.4,26.6,77.6,17.2,11.4,41.4,12.7,3.2,5.9,33.7,2.9,14.8,4.1
55019,11.9,23.9,20.4,28.9,56.4,6.9,11.5,6.4,71.5,80.3,16.7,59.7,7.5,18.9,59.8,23.7,10.2,32.1,22.4,16.4,17.7,20.6,7.1,30.0,12.6,9.8,8.6,32.5,32.0,75.9,18.4,13.8,38.1,14.5,4.0,7.1,32.9,3.3,12.8,5.2
55021,7.9,22.5,21.8,27.6,57.7,7.3,10.9,5.3,72.8,83.6,13.6,62.0,5.6,14.4,67.8,24.5,9.0,27.6,19.8,11.1,11.6,15.7,6.0,28.1,9.7,7.5,6.5,31.7,24.6,77.9,16.9,11.0,33.2,12.1,3.0,5.5,32.9,2.7,9.2,3.8
55023,8.9,23.9,21.3,30.4,58.4,7.1,11.1,6.0,73.8,81.9,15.2,61.2,6.6,17.2,61.0,25.2,10.1,30.2,21.5,14.2,15.5,18.7,6.7,28.9,11.4,8.7,7.8,32.1,27.5,76.0,18.2,12.5,37.6,13.3,3.6,6.7,37.3,3.1,17.5,4.6
55025,6.7,19.3,21.0,25.5,56.9,7.0,9.9,4.7,73.5,85.5,11.2,66.4,4.3,10.4,70.2,24.2,8.1,23.9,18.7,9.5,9.2,13.3,5.2,27.4,8.6,6.3,5.7,30.4,20.8,79.6,14.7,9.3,33.4,10.5,2.6,4.8,29.2,2.4,4.4,3.4
55027,9.0,23.4,21.4,28.8,57.9,7.1,10.8,5.5,76.2,83.1,14.2,62.1,5.8,15.0,61.8,23.8,9.2,29.6,21.6,12.8,12.6,17.0,6.2,30.9,10.7,7.7,7.1,31.3,27.0,78.3,17.2,11.6,42.5,12.4,3.1,5.9,36.9,2.8,10.6,4.1
55029,7.1,22.5,21.7,27.9,56.4,7.3,10.8,5.1,75.2,84.7,12.6,62.1,5.1,12.7,64.3,23.4,8.6,25.9,19.4,9.8,10.2,14.7,5.8,28.9,8.7,7.0,6.0,29.9,23.9,79.1,16.0,10.2,36.8,11.3,2.8,5.1,33.8,2.6,9.6,3.5
55031,7.4,23.2,21.0,30.3,57.6,7.2,11.1,5.5,75.1,83.7,13.8,61.4,5.7,14.7,68.2,25.1,9.4,28.8,19.9,11.9,12.5,16.3,6.3,30.1,9.8,7.8,6.8,31.3,25.8,79.3,17.5,11.3,40.9,12.5,3.1,5.8,33.9,2.8,11.8,3.9
55033,7.7,22.8,20.9,29.0,57.6,7.2,10.9,5.5,74.5,83.4,13.8,61.5,5.9,15.2,65.3,25.3,9.3,29.3,20.3,11.8,12.7,16.6,6.3,29.0,10.0,7.9,7.0,31.5,26.9,78.7,16.9,11.5,40.7,12.4,3.2,5.9,34.9,2.8,10.0,4.0
55035,7.3,22.6,20.7,28.1,57.0,7.3,10.7,5.2,74.5,83.8,13.2,59.1,5.4,13.8,66.4,26.2,8.9,27.6,21.4,11.0,11.6,15.5,6.0,29.3,9.4,7.5,6.5,32.1,24.5,80.1,17.0,10.8,31.4,11.7,2.9,5.4,37.3,2.7,13.6,3.8
55037,8.0,23.3,22.1,29.2,56.6,7.3,11.0,5.5,74.5,83.1,13.9,62.4,5.7,14.9,60.7,25.3,9.2,29.1,21.2,11.5,12.1,16.4,6.3,30.3,9.8,7.7,6.7,31.4,25.9,76.5,17.3,11.2,36.8,12.6,3.1,5.6,34.6,2.8,12.3,3.9
55039,8.6,23.9,21.1,29.5,57.3,7.0,11.1,5.3,75.4,83.2,14.1,59.8,5.7,15.2,65.4,25.6,9.3,29.6,21.3,12.2,12.6,16.5,6.1,30.2,10.4,7.9,6.9,32.7,27.7,77.4,17.0,11.9,43.8,12.6,3.1,5.8,31.9,2.8,8.5,4.1
55041,10.1,26.1,22.5,33.9,59.9,7.3,12.5,6.6,75.3,82.0,17.3,59.7,7.6,20.6,60.8,27.6,12.0,35.2,22.5,17.4,19.0,22.3,7.6,32.8,13.8,10.4,9.8,33.9,32.4,78.2,20.4,14.7,45.8,15.5,4.2,8.4,35.8,3.5,11.4,5.7
55043,8.7,23.5,21.4,29.4,58.1,7.2,11.1,5.9,74.6,82.5,14.9,61.5,6.5,16.5,61.4,25.2,10.3,30.0,20.8,13.6,15.2,18.1,6.6,29.6,10.9,8.8,7.6,31.2,30.8,77.8,18.0,12.7,42.7,13.4,3.6,6.7,35.9,3.1,17.5,4.5
55045,7.7,22.5,21.4,29.6,57.0,7.2,10.7,5.2,74.2,83.8,13.4,65.9,5.4,13.8,65.8,24.5,8.7,27.8,19.7,10.7,11.1,15.7,6.1,30.1,9.3,7.4,6.3,30.2,24.7,80.0,16.7,10.6,39.9,11.8,2.9,5.3,33.3,2.7,12.0,3.7
55047,9.6,24.6,20.8,30.0,57.8,7.1,11.3,5.9,73.8,82.2,15.3,61.3,6.7,16.5,59.2,25.4,10.1,31.6,21.4,14.6,16.1,18.8,6.8,29.3,11.7,8.9,8.0,32.4,29.8,74.1,18.0,12.8,40.4,13.4,3.6,6.8,35.0,3.1,13.0,4.7
55049,7.2,22.4,21.9,27.2,57.0,7.2,10.6,5.2,73.9,84.1,13.1,62.0,5.3,13.9,69.2,25.0,8.6,26.9,19.6,10.5,10.7,15.5,5.9,29.1,9.1,7.3,6.2,31.1,26.5,77.0,16.8,10.4,38.2,11.8,2.8,5.2,32.4,2.6,12.0,3.6
55051,7.8,23.4,22.3,27.8,57.4,7.3,11.2,5.7,73.8,83.1,14.4,58.9,6.1,15.6,67.1,24.5,9.6,28.1,20.0,12.3,13.5,17.2,6.4,28.5,10.4,8.2,7.2,32.3,26.6,77.8,17.7,11.6,34.6,12.7,3.3,6.2,30.2,2.9,10.3,4.2
55053,9.6,24.1,20.4,32.1,57.8,7.0,11.2,6.2,74.3,81.7,15.6,58.7,6.8,18.1,61.3,24.8,10.6,31.8,22.0,15.5,16.7,19.8,6.9,30.0,12.4,9.0,8.5,32.0,29.5,78.1,18.3,13.1,40.2,13.9,3.8,7.3,36.4,3.2,16.4,4.9
55055,8.5,22.3,21.1,27.2,56.5,7.1,10.9,5.3,74.0,83.7,13.1,60.9,5.4,13.8,68.5,23.7,8.9,26.9,20.2,11.2,11.2,15.9,5.9,27.9,9.9,7.4,6.5,31.9,26.7,77.2,16.5,10.8,40.9,12.2,2.9,5.5,31.7,2.7,13.0,3.8
55057,9.9,24.1,21.5,32.8,58.5,7.0,11.2,6.3,73.8,81.4,16.0,56.8,7.2,18.8,60.5,25.7,10.9,32.4,22.8,15.5,17.6,20.5,7.0,30.4,12.4,9.4,8.6,32.5,30.0,75.0,18.3,13.7,41.7,14.2,3.9,7.4,34.3,3.3,14.0,5.1
55059,9.9,24.4,20.7,30.6,58.7,7.0,11.0,5.5,75.1,84.3,13.7,63.7,5.7,14.7,61.4,24.7,10.0,29.1,21.7,13.4,13.9,17.7,6.0,29.1,11.9,7.8,7.5,31.5,26.7,78.6,16.7,11.7,40.1,12.3,3.3,6.3,36.6,2.8,16.0,4.4
55061,8.1,22.7,21.8,28.5,56.3,7.2,10.7,5.4,75.1,83.4,13.8,63.5,5.7,15.1,66.9,24.3,9.2,28.4,20.2,11.4,11.7,16.2,6.2,29.4,9.8,7.6,6.6,31.1,26.2,77.0,16.9,11.0,41.1,12.1,3.0,5.5,36.4,2.7,9.5,3.9
55063,6.8,23.6,20.9,28.4,57.9,7.3,11.2,5.3,77.4,84.7,13.2,65.5,5.5,13.8,68.3,25.4,9.3,28.7,19.7,10.8,11.6,16.1,6.0,31.1,9.3,7.5,6.5,32.2,25.0,79.9,16.8,11.3,39.0,12.1,3.0,5.5,33.0,2.7,10.4,3.8
55065,9.4,24.0,21.1,30.3,57.2,7.1,11.0,5.8,74.8,82.3,15.1,60.4,6.4,16.3,65.0,25.4,9.8,30.9,21.1,13.9,14.8,18.8,6.6,30.3,11.2,8.7,7.6,32.7,28.8,77.4,18.1,12.7,41.9,13.4,3.5,6.4,35.1,3.0,12.1,4.5
55067,9.4,24.5,21.4,30.3,57.8,7.1,11.3,6.0,73.8,81.5,15.6,62.0,6.8,17.9,64.6,23.9,10.0,31.2,21.9,14.5,16.2,19.2,6.7,30.8,11.4,9.1,8.1,32.7,30.1,77.2,18.4,12.9,37.1,13.8,3.6,6.7,33.9,3.1,13.7,4.7
55069,8.5,25.1,21.8,30.2,56.4,7.1,11.1,5.8,74.5,82.5,15.0,63.1,6.4,16.3,66.1,25.9,9.5,31.4,20.6,13.4,14.3,18.3,6.7,30.0,10.9,8.6,7.4,32.7,27.6,78.3,18.1,12.3,42.1,12.9,3.4,6.2,34.3,3.0,13.7,4.4
55071,8.7,23.1,22.2,29.9,55.8,7.1,10.8,5.4,74.5,82.9,13.9,61.1,5.9,15.3,66.6,23.1,9.2,27.0,20.3,12.6,13.1,16.8,6.1,28.8,10.3,7.9,7.0,31.4,28.1,75.9,16.7,11.5,38.9,12.5,3.2,5.9,36.4,2.8,15.6,4.1
55073,8.1,22.2,21.1,29.4,56.3,7.1,10.3,5.4,74.2,83.6,13.3,58.7,5.5,14.5,68.6,25.1,8.8,27.9,20.9,11.9,12.2,16.7,6.1,31.0,9.8,7.5,6.7,29.8,26.4,76.1,16.1,10.9,36.0,12.0,3.0,5.4,31.2,2.7,5.1,3.9
55075,8.4,23.7,21.8,29.6,57.8,7.3,11.2,5.8,74.5,82.8,15.0,62.6,6.3,16.6,61.4,25.4,9.9,30.7,21.1,13.4,14.5,17.8,6.5,30.1,10.8,8.4,7.4,31.1,27.5,76.3,17.7,12.2,37.6,13.1,3.4,6.3,33.1,3.0,13.7,4.3
55077,9.4,24.0,20.8,30.8,58.1,7.0,11.2,6.0,74.6,82.0,15.4,60.4,6.8,17.4,59.1,25.7,10.1,31.8,21.6,14.3,15.8,19.3,6.7,30.2,11.7,9.0,7.9,33.4,29.8,79.2,18.1,13.0,43.0,13.7,3.6,6.7,35.3,3.1,12.2,4.7
55078,10.3,25.8,18.0,34.4,59.6,6.1,14.1,7.0,75.7,81.5,18.2,55.9,7.5,23.9,53.2,24.1,15.3,39.1,27.5,28.9,28.3,26.1,8.7,29.1,21.4,12.1,15.7,36.2,35.8,73.9,20.7,17.9,45.4,17.2,4.9,13.4,39.5,4.2,17.8,8.1
55079,10.8,23.9,17.2,34.1,61.7,6.2,11.8,5.8,77.9,84.6,14.5,65.9,6.3,14.9,63.6,23.7,12.4,30.1,25.1,19.5,21.0,21.9,5.6,30.4,15.1,9.7,10.2,35.0,27.7,82.6,17.2,14.2,38.8,13.4,4.5,8.9,36.4,3.4,13.7,5.7
55081,9.6,25.7,20.5,31.0,57.9,7.1,11.3,6.1,74.5,82.3,15.3,58.6,6.8,17.1,64.8,26.4,10.4,31.8,21.6,14.9,16.3,19.2,6.8,30.0,11.8,9.0,8.2,32.2,30.5,77.2,18.1,13.4,44.0,13.9,3.7,7.0,32.1,3.2,10.3,4.8
55083,8.2,23.5,21.3,29.2,57.3,7.2,11.2,5.6,75.2,82.9,14.5,62.0,6.0,15.8,63.3,25.1,9.4,30.7,21.1,12.6,13.2,17.0,6.4,30.1,10.5,8.1,7.0,32.4,27.3,77.8,18.1,11.7,42.0,12.8,3.2,5.8,32.9,2.9,16.6,4.1
55085,7.3,22.7,22.3,29.1,56.0,7.4,10.7,5.4,74.8,83.6,13.5,59.5,5.6,14.6,66.3,26.1,9.3,28.3,20.0,11.0,11.8,15.9,6.1,29.0,9.6,7.5,6.5,33.7,23.9,77.7,17.4,11.3,34.9,12.6,3.0,5.5,34.2,2.7,9.2,3.8
55087,7.4,23.4,23.2,30.0,57.8,7.0,10.6,5.1,77.0,84.5,12.7,63.7,5.2,12.8,67.2,24.3,8.9,25.7,19.8,10.7,10.6,15.4,5.6,30.5,9.1,7.0,6.1,32.2,24.7,80.5,16.3,10.4,36.4,11.6,2.8,5.1,32.7,2.6,8.7,3.7
55089,5.9,20.6,22.3,24.6,57.0,7.3,10.3,4.5,76.8,86.2,11.0,65.2,4.2,10.7,71.9,23.3,7.8,23.0,17.7,8.0,7.8,13.0,5.2,30.6,7.2,5.9,5.0,27.8,20.5,83.5,15.0,8.8,30.4,10.1,2.3,4.1,29.8,2.3,7.7,3.0
55091,7.7,23.1,22.2,28.3,57.3,7.2,10.8,5.3,74.8,83.5,13.6,63.2,5.6,14.6,64.8,24.7,9.0,27.4,20.4,11.1,11.4,15.8,6.1,29.4,9.6,7.5,6.4,31.4,25.4,77.7,17.1,10.7,36.4,12.1,2.9,5.4,33.3,2.7,10.2,3.8
55093,7.1,23.2,22.0,28.9,56.8,7.3,10.7,5.2,73.7,83.8,13.1,61.4,5.3,13.9,67.1,23.9,8.9,26.3,19.5,10.4,10.9,14.6,6.0,29.7,9.1,7.3,6.2,31.2,24.5,75.5,16.2,10.2,34.3,11.6,2.9,5.3,35.0,2.7,8.6,3.7
55095,7.8,23.9,22.2,28.8,57.2,7.2,10.9,5.3,73.8,83.4,13.9,62.2,5.6,14.5,63.3,24.4,9.2,28.4,19.8,11.4,11.6,15.9,6.2,31.1,9.6,7.6,6.6,31.8,24.8,79.2,17.0,11.2,35.2,12.0,3.0,5.5,30.5,2.8,11.4,3.9
55097,7.6,22.3,21.5,27.0,57.5,7.2,10.7,5.4,76.1,84.0,13.1,63.6,5.5,14.0,66.2,25.1,8.7,27.6,19.1,11.9,12.0,16.2,6.3,30.3,9.5,7.5,6.4,30.6,24.4,80.2,16.7,10.5,36.5,11.7,3.0,5.6,34.7,2.7,10.0,3.9
55099,8.8,23.8,21.6,29.6,58.7,7.1,11.1,6.0,74.9,82.1,15.0,58.7,6.7,17.2,62.3,24.6,10.0,28.8,20.8,14.2,15.7,18.6,6.7,29.5,11.2,8.8,7.8,31.2,28.3,75.4,17.9,12.3,42.2,13.4,3.6,6.7,37.9,3.1,13.7,4.6
55101,10.1,23.8,19.1,30.3,58.9,6.9,11.3,5.4,75.0,84.1,14.2,60.6,5.6,14.8,60.8,23.1,10.4,28.9,21.5,15.0,14.2,18.1,5.9,28.1,12.0,8.0,7.8,29.3,30.1,82.8,16.4,12.2,42.2,12.3,3.3,6.8,37.3,2.9,10.3,4.5
55103,9.3,24.0,20.7,29.4,57.6,7.1,11.1,6.0,73.7,81.8,15.4,57.9,6.8,17.2,64.0,24.5,10.1,31.2,21.4,14.5,15.9,18.8,6.8,28.4,11.4,9.0,7.9,31.9,29.2,75.4,17.9,12.8,37.6,13.4,3.7,6.7,34.9,3.1,9.9,4.7
55105,9.2,22.9,18.7,29.3,57.3,7.0,11.2,5.5,74.5,83.3,13.9,61.6,5.8,14.9,63.6,24.1,10.3,29.4,22.1,13.4,13.9,18.4,6.1,29.4,11.2,8.1,7.4,32.3,28.4,73.6,17.0,12.0,41.7,12.9,3.3,6.2,38.2,2.9,11.3,4.3
55107,9.2,24.8,20.6,30.6,58.4,7.1,11.3,6.3,75.3,81.7,16.0,60.0,7.2,18.2,63.5,25.0,10.6,31.9,21.5,14.9,17.3,19.8,7.0,29.3,11.8,9.4,8.3,33.0,28.5,77.1,18.5,13.3,40.9,13.9,3.8,7.1,33.1,3.2,19.3,4.9
55109,6.4,21.2,22.6,28.2,57.4,7.3,10.4,4.8,73.9,85.0,12.2,65.0,4.7,12.4,74.0,23.3,8.1,25.4,19.1,9.1,9.1,13.9,5.5,28.1,7.9,6.6,5.5,29.6,23.1,80.2,15.5,9.6,35.5,10.8,2.5,4.5,31.3,2.4,8.4,3.2
55111,8.4,23.1,21.7,28.6,57.9,7.1,10.9,5.4,74.4,83.5,13.9,60.5,5.7,15.2,63.9,25.5,9.8,29.7,19.9,12.2,12.6,17.3,6.1,29.2,10.3,7.8,6.9,31.8,28.2,79.7,17.2,11.8,40.2,12.7,3.1,5.8,35.3,2.8,8.0,4.0
55113,8.5,24.0,20.4,31.0,57.8,7.1,11.4,6.0,75.1,82.3,15.2,57.7,6.6,18.1,61.5,25.2,10.4,32.0,21.3,15.6,16.7,20.3,7.0,28.9,12.4,9.1,9.0,30.8,28.3,77.3,18.0,13.2,34.2,14.1,3.7,7.6,36.4,3.2,9.9,5.1
55115,8.8,23.9,21.5,28.9,58.4,7.1,11.4,5.8,75.2,82.3,15.2,59.6,6.4,17.1,65.8,23.7,9.7,29.1,21.7,14.3,15.2,18.3,6.6,29.5,11.6,8.7,8.1,33.0,27.8,75.3,18.0,12.3,40.2,13.1,3.5,6.8,35.4,3.0,9.0,4.6
55117,8.3,21.9,22.1,30.3,56.9,7.0,10.3,5.3,75.2,83.6,13.2,59.2,5.3,14.0,68.1,22.9,9.3,27.5,20.8,12.0,12.0,16.8,5.9,29.2,10.1,7.4,6.7,31.3,27.6,81.1,16.7,11.2,36.4,12.3,3.0,5.6,32.6,2.7,8.1,4.0
55119,9.1,23.8,20.8,30.0,58.5,7.1,10.8,5.8,75.2,82.2,15.1,59.4,6.5,16.7,63.6,23.3,9.5,31.2,20.6,13.1,14.8,18.6,6.7,29.9,10.7,8.7,7.6,32.8,29.7,79.9,18.2,12.9,44.1,13.4,3.5,6.3,34.4,3.0,13.8,4.5
55121,9.6,23.5,22.0,29.6,56.8,7.1,10.7,5.7,74.5,82.8,14.5,61.6,6.1,16.0,65.0,24.5,9.8,28.7,20.9,13.4,13.9,17.3,6.4,29.4,11.0,8.2,7.4,30.0,27.4,76.5,17.4,12.0,41.1,13.0,3.3,6.2,35.4,2.9,12.9,4.4
55123,8.7,24.1,22.3,29.5,57.5,7.1,11.2,6.0,74.1,82.2,15.1,58.0,6.7,16.6,62.3,24.7,9.7,29.8,20.3,13.5,15.3,18.5,6.6,29.5,10.9,8.9,7.6,30.9,27.5,77.7,18.0,12.6,38.7,13.3,3.6,6.5,32.3,3.1,12.8,4.6
55125,7.3,22.9,22.7,29.6,56.5,7.3,11.3,5.5,73.7,83.7,13.7,62.0,5.6,15.0,63.9,25.4,8.9,28.0,20.3,12.4,12.8,16.1,6.2,30.3,10.3,7.8,7.2,31.4,25.3,79.2,17.1,10.9,38.3,12.4,3.1,6.0,30.9,2.8,9.7,4.1
55127,9.1,22.1,22.3,28.5,57.1,7.0,10.5,5.4,74.7,84.0,13.3,63.8,5.4,13.6,68.1,22.8,9.2,27.8,20.8,11.8,11.9,16.3,5.9,29.5,10.2,7.5,6.8,31.6,25.2,77.2,16.3,11.3,39.3,12.3,3.1,5.6,33.1,2.7,6.1,4.0
55129,8.3,24.0,22.1,29.9,57.6,7.1,11.3,5.8,74.7,82.7,14.6,61.4,6.3,16.1,62.9,24.1,9.7,29.2,20.1,13.0,14.5,17.4,6.5,30.8,10.7,8.5,7.4,33.2,27.7,74.9,17.7,11.9,35.1,12.9,3.4,6.3,35.2,3.0,11.4,4.4
55131,6.7,20.7,23.5,27.2,57.3,7.3,10.6,4.9,75.9,85.0,12.3,64.0,4.7,12.2,72.5,23.6,8.1,24.1,19.7,9.3,9.1,13.9,5.6,29.4,8.3,6.5,5.6,30.4,21.2,79.5,16.2,9.5,35.9,10.8,2.6,4.6,33.4,2.5,9.0,3.3
55133,6.1,21.1,23.6,28.0,56.7,7.3,10.3,4.6,76.4,86.1,11.1,66.2,4.1,10.4,72.3,21.4,8.2,24.1,17.1,8.2,7.5,12.7,5.2,29.4,7.5,5.9,5.1,30.5,19.6,83.6,14.2,9.1,33.1,10.4,2.3,4.2,31.5,2.3,6.1,3.0
55135,8.8,24.2,23.0,30.0,57.6,7.0,11.2,5.6,74.6,82.9,14.5,61.0,6.1,15.9,65.5,24.5,10.0,29.4,20.9,12.8,13.6,17.8,6.4,30.0,10.5,8.2,7.1,31.1,26.7,82.7,17.5,12.0,37.8,12.8,3.3,5.9,34.3,2.9,11.8,4.2
55137,10.0,23.2,21.8,30.2,58.1,7.0,10.6,5.9,74.1,82.3,15.1,63.0,6.3,16.9,59.1,24.1,10.2,29.8,22.8,14.4,15.0,18.3,6.6,28.5,11.7,8.6,7.8,31.5,29.2,77.4,17.7,12.4,39.5,13.0,3.5,6.6,33.5,3.0,12.9,4.6
55139,8.0,24.4,22.8,29.8,58.5,7.2,11.0,5.4,76.6,83.6,13.6,65.1,5.7,14.8,67.3,23.9,9.9,27.6,20.6,11.6,12.3,16.7,6.1,29.9,10.4,7.7,6.9,29.7,27.1,81.8,16.7,11.7,40.6,12.0,3.2,5.7,32.7,2.8,9.6,4.1
55141,8.5,23.6,22.6,29.4,57.0,7.0,11.1,5.6,73.9,83.1,14.4,60.4,6.0,15.9,62.0,24.2,9.7,28.9,21.4,12.8,13.3,17.1,6.3,28.8,10.3,8.1,7.1,30.3,26.1,80.1,17.5,11.7,39.9,12.7,3.3,5.9,33.3,2.9,8.9,4.2
56001,10.5,22.6,17.6,30.1,51.9,7.4,10.3,5.6,70.0,81.2,13.9,53.6,5.9,12.9,61.3,22.7,9.2,27.0,,,,16.7,6.8,30.4,,7.4,,,19.5,64.4,15.9,11.2,30.6,12.3,3.3,,32.0,2.9,12.4,4.4
56003,13.9,22.7,16.8,29.4,52.3,7.3,10.5,6.0,64.4,78.4,16.4,47.5,7.0,16.1,58.9,23.0,9.8,31.7,,,,19.4,7.3,28.9,,8.6,,,26.2,60.4,17.7,12.8,33.9,13.4,3.6,,31.9,3.1,18.8,4.9
56005,12.8,22.2,16.7,28.1,52.4,7.3,10.3,5.3,66.2,79.8,15.4,50.3,6.1,15.0,56.9,23.0,9.1,30.8,,,,17.9,6.9,30.3,,8.0,,,25.7,63.2,17.0,11.8,35.3,12.8,3.1,,34.3,2.8,16.9,4.2
56007,15.2,21.6,16.7,30.2,52.5,7.1,10.0,6.0,66.3,78.7,16.0,47.8,6.7,15.7,57.1,20.6,10.7,31.3,,,,19.7,7.4,29.9,,8.5,,,29.2,60.1,17.0,12.8,38.3,13.7,3.7,,32.9,3.1,12.0,5.2
56009,12.6,22.3,18.0,29.4,52.7,7.3,10.4,5.6,67.6,79.3,15.6,52.7,6.5,15.4,58.7,22.0,9.3,29.7,,,,17.9,7.2,28.8,,8.1,,,25.1,65.5,17.4,11.7,36.9,12.9,3.3,,34.0,3.0,17.4,4.5
56011,10.2,22.0,19.2,26.9,51.0,7.5,10.3,5.1,67.2,80.6,14.2,52.4,5.7,13.7,60.4,21.8,8.4,28.2,,,,15.7,6.7,28.3,,7.1,,,22.4,67.1,16.9,10.3,32.1,12.0,2.8,,31.4,2.6,10.5,3.7
56013,12.3,21.4,16.2,30.3,51.2,7.1,11.1,5.8,63.1,78.9,16.5,47.8,6.8,16.9,60.0,21.7,10.1,33.6,,,,19.4,7.6,27.7,,8.8,,,25.9,63.0,17.8,12.9,34.1,13.6,3.6,,32.5,3.1,14.9,5.1
56015,12.7,22.9,17.2,29.6,51.7,7.3,10.1,5.7,67.6,79.5,15.3,51.9,6.4,14.8,61.8,22.4,9.7,29.2,,,,18.1,7.1,28.7,,8.0,,,25.2,67.7,16.7,11.7,37.5,13.0,3.4,,32.4,2.9,12.4,4.5
56017,11.8,23.3,16.9,29.1,52.6,7.5,10.8,5.9,67.4,78.9,16.0,49.9,7.0,15.9,59.0,23.2,10.0,29.8,,,,19.3,7.4,30.2,,8.7,,,25.2,67.1,17.6,12.5,35.5,13.5,3.7,,31.9,3.1,18.2,4.8
56019,11.3,22.3,16.9,28.2,52.6,7.5,10.4,5.7,65.6,79.3,15.4,48.5,6.6,15.3,63.3,21.8,9.3,30.6,,,,18.0,7.2,30.1,,8.2,,,25.7,66.3,17.2,11.9,35.6,13.0,3.4,,31.3,2.9,12.4,4.5
56021,12.2,21.8,15.4,27.5,52.5,7.4,10.1,5.0,68.4,80.7,14.1,55.6,5.9,13.5,64.5,21.7,9.3,28.3,,,,17.5,6.6,30.0,,7.3,,,26.8,68.5,16.7,11.6,33.9,12.7,3.1,,34.4,2.7,12.9,4.2
56023,10.7,21.4,17.4,28.7,50.6,7.5,10.1,5.2,65.8,80.3,14.7,52.0,5.9,14.1,64.9,21.2,8.9,26.7,,,,15.9,6.6,28.0,,7.4,,,23.0,66.8,16.6,10.6,34.8,12.1,3.0,,32.1,2.7,13.0,3.9
56025,11.9,21.6,17.4,27.1,52.9,7.3,10.4,5.2,68.6,80.2,15.1,54.2,6.3,15.0,60.3,23.9,9.6,31.0,,,,17.6,7.0,28.1,,7.7,,,25.5,68.8,17.2,12.0,36.4,12.1,3.2,,35.2,2.8,14.5,4.3
56027,12.0,23.8,15.9,28.9,53.3,7.5,11.3,5.9,66.9,79.0,16.9,50.0,7.3,16.8,54.9,24.4,9.8,31.8,,,,19.3,7.3,29.1,,9.3,,,27.9,62.9,18.8,13.1,36.6,13.9,3.7,,32.8,3.2,17.2,4.9
56029,10.6,22.1,16.6,26.9,51.6,7.6,10.0,5.1,66.2,80.9,13.9,56.4,5.6,13.1,63.5,22.7,8.7,26.9,,,,15.9,6.6,28.8,,7.0,,,22.9,70.4,16.2,10.5,31.8,11.9,2.9,,31.8,2.6,10.7,3.8
56031,13.0,22.9,17.0,29.6,51.6,7.3,10.5,5.7,65.5,79.0,15.7,50.9,6.6,15.8,59.0,22.0,9.6,30.4,,,,19.0,7.1,28.7,,8.4,,,26.5,60.8,17.9,12.3,36.0,13.4,3.5,,34.5,3.0,12.0,4.7
56033,10.2,21.5,17.7,27.8,52.1,7.5,10.2,5.1,67.8,81.0,13.9,59.4,5.6,13.2,64.2,24.6,8.4,27.6,,,,15.7,6.5,26.5,,7.1,,,21.3,71.5,16.5,10.1,30.5,11.8,2.8,,30.8,2.6,9.4,3.8
56035,10.1,22.0,19.0,27.2,51.0,7.5,10.0,5.1,67.3,81.4,13.7,52.2,5.4,12.8,64.9,21.9,8.4,27.7,,,,15.5,6.6,30.1,,6.9,,,22.3,66.4,16.1,10.3,32.9,11.8,2.8,,33.1,2.6,12.8,3.7
56037,14.4,21.7,17.5,28.8,51.1,7.2,10.3,5.6,67.5,78.8,15.9,51.9,6.4,15.9,60.2,24.0,10.0,30.6,,,,19.4,7.2,28.9,,8.2,,,26.8,64.6,17.8,12.4,36.0,13.4,3.5,,39.0,2.9,13.0,4.8
56039,9.3,19.5,18.3,24.3,50.4,7.6,9.0,4.3,67.1,83.5,10.8,57.4,4.0,9.0,70.2,18.4,7.3,20.9,,,,11.8,5.6,26.6,,5.2,,,17.7,69.5,13.3,7.9,23.5,9.6,2.1,,27.2,2.2,5.2,3.0
56041,12.2,21.8,16.8,27.9,52.4,7.4,10.3,5.4,65.1,79.5,15.6,54.0,6.2,14.9,60.9,21.5,9.3,29.6,,,,18.0,6.9,28.8,,7.9,,,25.0,68.7,17.2,11.5,34.1,12.8,3.2,,35.7,2.8,13.3,4.3
56043,14.6,23.1,16.5,28.7,52.3,7.2,10.3,5.8,64.7,78.5,16.4,51.3,6.8,15.9,56.6,22.0,10.3,31.4,,,,19.8,7.4,28.7,,8.6,,,27.9,64.6,17.3,12.8,33.4,13.8,3.7,,33.1,3.1,11.9,5.1
56045,12.9,22.7,17.7,28.4,51.5,7.2,10.0,5.9,64.5,78.4,15.6,48.8,6.5,15.9,58.1,20.7,9.7,31.3,,,,18.5,7.3,29.6,,8.1,,,26.4,64.2,17.3,12.0,35.5,13.2,3.3,,31.7,3.0,16.3,4.5
